106,20,12,-69,-9,44,90,40,-96
-62,98,74,117,2,13,64,-102,-96
-18,90,100,-19,30,-55,6,18,-90
110,60,14,59,-62,30,-102,50,-112
70,-90,-60,-128,14,55,-40,32,-112
-22,32,-24,116,66,-71,-60,60,16
-16,24,32,-63,34,123,-100,-66,62
-128,-84,24,-26,-38,82,20,108,-84
104,-94,28,50,-70,85,114,80,-92
-22,-32,-26,53,-63,105,18,42,-34
-24,-84,-86,23,15,3,-122,-84,-84
2,-88,-88,97,73,37,116,-56,-112
76,80,78,-20,-8,11,-40,-26,-96
-108,0,110,30,-7,-13,26,-4,20
-126,10,32,-71,93,-126,-100,76,-30
106,-86,-66,5,39,-87,-108,-76,-78
-118,126,12,76,48,76,-114,-28,126
-76,-122,56,113,106,-108,4,80,-74
-58,50,92,79,-110,73,-60,60,-72
-88,120,72,-96,68,-60,58,-18,84
-40,-122,10,-65,118,-94,-26,16,-114
42,-26,82,44,-96,-11,-34,-106,22
126,28,42,-115,108,-68,-28,70,-70
-58,82,-50,-111,-2,-15,-102,62,122
126,-64,96,52,-124,-113,-106,-112,-96
-90,-18,-86,60,-69,111,88,-52,104
2,-4,-54,107,96,-128,-18,-44,-32
-46,-110,-122,117,118,26,-96,-12,82
-16,-98,72,-106,38,4,-2,-48,-80
-28,-114,-90,-112,34,-6,-4,-44,-84
112,-28,8,-70,68,-97,-34,-8,98
24,20,-112,-24,34,-97,-88,66,-70
-102,96,-92,-121,91,78,88,-56,-96
20,88,-20,-63,74,64,-112,-14,-72
72,-18,-14,-100,-49,-32,-126,-16,108
-36,-8,80,-81,-73,-8,-54,-128,114
8,42,-2,80,52,66,112,-44,-120
48,56,16,116,62,72,124,-120,-84
102,20,-86,-5,69,95,100,34,102
-116,-108,86,-28,-29,83,118,28,-82
-108,-66,38,-70,3,-81,12,106,-82
-98,24,-98,-27,95,-80,16,-68,14
-50,-42,106,-24,121,-8,-88,114,-48
28,42,-34,-13,-25,-17,-114,42,-62
-2,2,108,-59,-82,61,-12,116,48
-90,-46,-30,-67,-58,30,20,106,58
114,-16,28,-70,11,-35,-62,-48,-26
-128,96,36,75,21,-86,-54,-10,-66
38,-16,44,-46,-119,-2,-32,30,50
-12,116,28,-64,-43,-10,100,88,4
38,-20,14,-51,79,-47,-14,18,20
-78,-90,58,-111,-81,-47,82,48,46
-34,34,-28,1,8,-118,-4,84,10
10,-40,-112,-80,6,-87,-70,18,-82
18,28,-104,66,96,45,72,-46,-10
-18,68,102,-2,53,75,-82,-124,32
74,-28,124,-5,48,-12,-68,0,-122
-42,-34,76,-70,-31,-64,4,-62,24
-26,106,-118,89,28,-18,-110,-74,-6
114,-52,42,-118,104,126,50,-96,-44
28,72,-28,80,107,-74,86,-112,-118
58,30,22,10,-125,50,98,-22,-88
-48,96,-12,-73,63,18,-16,-16,-12
-18,46,-36,-93,-30,-5,72,30,18
-96,-98,16,53,-94,62,32,-60,-80
-96,6,110,-74,-86,61,-114,-118,-66
-46,86,70,-6,96,-123,72,-38,-54
-52,-42,108,-1,60,-82,96,-26,-124
-64,-72,-2,9,-95,-95,94,-82,122
4,-122,48,-23,-77,74,38,-46,26
28,42,-48,33,31,-103,70,26,24
14,50,32,99,-53,108,100,-126,-64
-110,-56,-68,85,9,-106,-32,-6,80
-66,-6,-80,33,67,-80,-114,6,-104
-44,104,-2,70,-59,57,112,-72,-60
66,-28,-122,63,-36,101,-30,-94,122
-94,60,-42,-72,-68,-4,118,-102,-70
-106,-36,126,-54,75,-23,-128,104,-44
24,-44,-118,26,109,-17,-30,16,56
-96,60,60,126,-109,8,56,102,-128
96,112,110,71,-31,28,-116,34,-108
-114,-102,-126,-113,56,106,-8,-58,-106
46,42,-94,-15,54,-112,-106,-86,-32
-30,-110,-116,13,126,-8,24,46,-14
-126,-106,94,-126,-61,-18,-116,72,-106
24,34,-90,-104,-123,40,-72,-54,-10
0,40,-82,121,-60,31,-46,108,-12
-82,-66,-126,77,4,29,-30,-90,-18
82,-120,72,111,-102,-8,78,40,78
98,-108,98,11,-29,-43,-90,8,-128
-70,120,-10,-61,71,70,114,-92,-104
-102,76,-64,-71,-106,7,46,98,-92
110,-98,-126,-114,68,115,122,-126,-124
52,-112,44,63,85,84,-76,22,-48
48,64,-20,-27,-70,-17,-98,-98,78
36,-68,22,-72,-32,-15,-78,-52,94
-78,116,106,92,-9,-115,58,-22,-46
18,-128,34,125,-23,-110,82,58,-38
-82,-62,66,-122,75,80,16,102,118
-90,-92,22,-95,28,111,10,26,120
106,-60,122,-100,-14,-61,-88,-68,64
-96,16,124,-60,48,-70,-26,-102,-128
-60,10,-72,-87,98,-111,26,-2,94
-16,-60,-104,-111,116,-96,118,-14,-42
-10,-112,92,86,90,25,-76,-70,66
-72,-76,36,-112,29,51,-74,68,98
-28,98,-96,37,-56,126,94,58,-88
68,-114,-116,15,-49,109,116,24,-108
-24,102,-88,8,-25,21,68,108,116
90,-46,118,53,9,3,122,-120,124
8,-128,104,-123,-13,-4,18,-36,-102
100,-70,-90,-103,37,16,8,-10,118
-120,-32,94,126,-28,7,-70,-68,24
124,-86,28,118,10,-10,20,-74,72
52,-96,46,-93,105,102,20,-18,-4
68,52,80,-9,36,-118,104,-110,-14
50,-76,-122,99,20,-9,0,-128,78
4,-96,64,-128,124,72,-4,-72,-40
-58,66,-8,85,61,0,90,64,6
42,-84,86,-22,115,79,48,-28,-102
68,0,120,-12,-61,58,94,-1,2
70,0,-38,88,109,18,26,-1,-50
-30,56,-18,-44,-46,-60,-118,-124,-66
-12,110,-98,-79,-3,91,-104,84,-118
-32,0,70,33,-124,-27,32,-72,-26
-120,0,86,-45,-106,-60,-62,110,116
18,-82,80,15,77,-19,92,-1,76
-74,-118,62,31,77,-105,8,-1,-112
-38,120,108,13,18,-10,108,22,98
-122,-76,-30,36,98,68,-14,74,-80
30,50,112,69,51,127,122,90,40
50,-14,-118,21,-46,-93,-26,-96,-40
64,-116,44,-89,-115,-45,-52,-18,106
-124,114,-88,123,3,35,8,120,-16
30,122,-32,34,39,-8,102,-106,-78
84,-76,-56,-22,13,10,-50,-68,-90
-100,24,-92,-19,100,-76,34,-48,-70
88,108,-42,-17,-27,-14,30,60,-80
-112,-52,42,69,22,-17,74,28,122
72,100,44,-113,71,33,-58,120,-124
92,-4,46,59,121,70,20,-6,-26
122,-118,-94,75,-70,-59,-10,-92,-36
42,-98,0,13,-33,-84,-92,0,52
-68,76,-46,41,-8,39,-104,-30,42
-112,118,-108,91,19,52,-94,66,124
78,-76,-14,91,77,118,-12,-116,24
-50,-24,-48,102,-4,93,52,110,118
-76,-52,62,17,-69,119,-8,-32,6
20,64,-126,-91,50,-70,-78,-116,40
90,18,82,84,-43,114,94,-108,66
52,-2,-4,-66,98,96,24,-86,82
-22,-80,-4,-45,104,-22,10,-22,70
-128,102,22,-10,-22,126,-100,90,-30
126,-128,-12,-32,-46,127,114,-106,-112
96,-50,-106,4,-104,-2,34,78,-88
58,-58,-54,19,-128,22,18,56,84
-42,126,52,34,68,-78,102,52,-88
-114,62,-100,37,34,-68,82,84,92
76,-104,10,71,-49,69,-102,-30,-16
8,82,126,123,-54,85,2,-102,56
120,-116,-106,-65,-78,14,-18,0,-76
-122,70,12,-70,-95,19,0,50,-96
-66,80,118,96,-28,-73,-40,-122,24
-46,102,88,102,-4,-68,-42,-94,-128
-32,62,0,123,3,-45,124,-20,26
0,-28,-86,-107,73,-29,-116,74,116
-14,6,-28,-71,2,72,80,-120,12
22,96,74,-74,66,92,60,-108,-2
-84,-90,20,120,61,-3,-22,10,-24
-114,106,46,116,90,-5,-22,22,-68
-80,-60,-4,55,-82,-94,-98,32,116
94,-50,-32,84,-12,-105,-62,96,74
110,102,112,111,-37,-103,114,-2,52
94,-72,6,122,-11,-123,98,22,52
60,-48,80,-10,41,75,78,48,-18
82,-108,38,-43,-66,62,10,30,28
-100,-112,-92,-2,-6,-78,-84,76,-106
124,100,16,-32,19,-35,34,18,110
-96,74,-78,-29,29,94,-70,32,124
46,58,58,33,-94,102,84,-60,-72
6,-44,-30,110,7,81,64,-58,-80
24,-44,-128,-83,-41,88,-92,-38,86
38,-46,-52,69,127,-123,-88,102,-64
-26,-70,-40,-104,-35,53,-112,-100,-32
32,0,68,-3,-12,84,70,-1,-118
30,0,120,43,25,-86,-62,-1,64
20,-104,-86,-75,91,116,34,88,118
-80,-126,22,17,56,-87,-6,-12,-114
6,-38,-48,-64,-57,102,80,-14,4
-116,-34,88,82,122,31,-10,50,-128
6,-116,94,100,46,-7,0,-1,116
58,-32,18,-18,-101,105,82,-1,58
-44,-80,-28,-57,-14,62,-4,0,-98
46,-60,-24,55,13,-118,-74,70,-20
112,-76,80,66,-11,-59,118,50,78
-72,16,-78,-95,-44,-32,-50,-28,78
-68,32,-64,68,-72,96,126,-40,44
-52,-98,-100,83,30,71,-46,80,-18
54,-62,16,6,98,90,-90,108,34
18,42,10,-83,24,-83,-80,50,-40
-52,122,108,121,85,53,24,6,76
30,62,-48,-120,-41,101,44,-6,-88
-100,122,54,58,-81,-122,2,80,-112
-70,70,-76,112,108,-96,92,-108,-22
-86,58,-54,125,123,-78,-94,-74,116
-74,40,108,-103,123,0,16,108,-92
74,-56,-72,-18,-53,-12,-96,34,72
-122,80,124,14,-80,82,60,-100,108
-94,-102,-106,-19,-30,64,100,-16,-84
106,8,38,-69,121,-120,-122,66,36
-112,-54,-2,-122,-64,-48,-12,50,24
-64,-70,90,91,34,3,-14,60,-102
78,50,-72,110,-28,68,-110,14,114
-46,90,-2,97,28,40,102,52,-96
-4,94,-54,-43,89,28,-126,74,40
0,70,14,-5,-18,-42,-18,90,24
80,-12,-28,19,-94,-13,-24,-58,-34
-110,-26,30,18,-102,-9,-62,-68,-116
-14,-84,-40,72,91,-5,-30,-120,-34
-110,118,-98,53,80,-10,-44,-120,-92
92,-50,-44,112,-55,54,58,76,-124
-128,-98,-88,116,44,49,98,28,116
86,-82,90,6,-87,-119,-40,104,62
-104,-28,10,-3,119,-97,78,44,30
22,-44,82,113,5,-23,-66,16,-30
120,8,124,126,2,-25,-14,8,-4
70,-4,90,112,99,-20,-72,34,54
-78,0,-92,-48,-26,-14,54,-24,78
-116,90,98,-106,31,6,38,-64,68
104,-14,-98,115,41,-1,80,-100,48
-2,42,114,20,66,88,-88,-120,76
58,42,48,21,119,73,-82,48,-110
-118,-44,36,-124,92,100,18,62,-116
2,2,-68,-122,121,79,28,-6,120
34,76,-108,104,112,123,82,-116,-6
-12,-94,-64,93,95,102,22,-104,62
22,14,116,-112,33,109,24,74,96
-34,-76,116,-108,52,100,32,-104,18
116,-10,-78,-70,52,27,82,22,106
6,10,-38,-53,110,16,-80,52,24
-52,108,-50,-106,4,-96,-32,-90,-118
46,46,-120,-91,-120,-113,6,-2,-66
-74,116,-110,-68,-53,-66,82,-86,-52
76,-86,92,86,17,-66,18,72,84
-62,68,96,-24,88,-73,-106,-36,-122
14,-120,12,43,80,62,106,10,-42
-24,96,98,-119,60,-117,-84,48,-64
32,-10,-114,-67,53,-61,-108,80,-8
112,-6,110,19,73,-71,-4,-1,-66
52,50,-104,-116,7,20,12,-1,-82
14,-68,-102,-33,113,-113,-106,-68,-56
82,36,52,126,-55,105,28,-84,-58
-54,-50,46,-114,102,-56,112,74,100
-122,0,120,87,26,30,90,-72,34
-34,0,32,86,51,124,-26,36,70
12,0,56,-113,12,-114,40,62,-76
60,76,120,62,-110,110,92,44,-128
-88,-32,-58,79,-87,-28,-102,106,-36
26,124,-20,96,-109,108,-18,-70,-106
110,-44,78,-53,106,-18,112,-94,-126
84,16,36,8,57,47,10,90,12
-62,-28,40,-47,45,104,-22,-122,-66
-48,94,-36,-64,-50,94,-124,120,34
-14,-90,-92,37,-3,-79,52,-8,24
-56,64,118,-79,5,-96,-76,66,118
80,-26,-8,-51,-101,-57,-52,-78,8
4,-48,-108,-31,-90,87,4,-16,84
62,76,112,2,-53,-71,-64,6,32
92,-116,-108,45,80,-107,-114,-54,2
-126,70,76,95,112,1,82,50,-42
50,-16,-102,-13,42,-52,-108,-94,32
76,88,100,-11,3,-42,-106,32,108
38,-120,88,-95,-50,-50,42,-10,-2
-36,-128,36,46,80,-20,-100,-50,-78
38,-120,88,-95,-50,-50,42,-10,-2
-36,-128,36,46,80,-20,-100,-50,-78
72,-16,-84,-80,-33,48,-6,50,102
86,126,2,-114,1,-27,-90,70,82
104,66,-98,-85,34,115,84,-64,-90
-120,-10,-38,2,-15,42,38,-12,-20
20,60,48,31,25,-123,-56,96,110
118,106,-20,-7,-9,95,26,120,-70
-76,-30,26,127,-10,35,-64,4,-2
12,100,70,109,-53,45,36,2,70
-20,26,-108,102,-52,-12,-76,-44,20
36,110,-48,119,-87,1,32,-78,86
16,68,60,118,-84,75,84,120,94
-84,-68,28,-109,-79,68,-108,30,-102
102,-24,-74,116,-113,-82,-82,8,-88
-12,-12,100,-107,-122,-58,-88,-42,28
-120,94,120,-93,-52,-66,-74,12,-100
-56,40,-34,-81,30,-57,-40,-68,-84
56,18,-50,-80,114,60,22,52,-46
90,108,4,-59,76,59,106,-124,20
-20,30,50,-1,52,-110,-40,94,36
56,8,52,-58,-100,-117,44,64,4
8,22,-40,4,123,-100,-18,-80,82
-32,38,-88,-11,104,-110,98,-40,16
-76,62,120,-87,-15,-104,-98,76,14
124,-80,-84,106,20,113,-40,102,-22
120,6,-20,119,46,-18,118,-120,-52
-50,58,36,65,44,-46,82,-38,-28
34,-62,34,-102,-51,93,16,-64,-30
-94,-32,54,107,-27,51,16,-18,-4
92,108,92,121,-70,-125,-42,74,122
22,42,-56,83,36,124,-100,-128,-120
58,64,52,52,88,-108,-64,-128,-78
-12,-76,78,-41,59,-37,94,-94,2
78,-22,-110,-96,53,2,-78,30,-74
26,-74,-128,36,67,85,80,52,98
-64,0,-74,85,100,-67,30,-1,-122
-24,0,-40,-23,31,16,-38,106,4
-76,0,-60,9,20,48,-60,-128,78
-94,0,-2,34,-62,-126,-114,-10,66
80,0,22,78,84,21,-94,-1,-92
96,-90,-62,14,118,47,-86,-1,-36
4,0,-66,-14,-86,-87,62,-1,34
-58,0,32,101,-10,-30,84,-70,-38
0,-104,-62,-127,79,44,-82,-22,96
-10,-66,48,-50,120,-49,-108,56,-20
64,48,112,-103,12,-14,64,4,76
82,-74,76,-90,-36,2,126,116,-114
-14,92,-76,4,-59,11,-4,24,86
118,-52,68,-67,-126,-61,118,-84,-26
120,-66,-120,67,99,66,46,4,46
54,30,-14,-15,0,125,60,-84,68
-92,-70,-50,-25,-67,-41,96,126,-30
24,-42,-34,32,-5,-29,-8,-94,16
-100,30,-72,51,-51,79,-48,-72,-16
20,-14,-86,23,112,69,-96,26,-6
92,50,-72,-68,-120,-37,-6,-84,90
92,-28,-106,-25,-52,8,30,-114,86
2,-26,48,-9,70,-9,80,-106,-2
108,-110,-96,-46,109,-127,-112,-66,16
34,-54,104,-31,-101,60,-64,-82,70
50,80,-48,-1,-57,-27,100,30,72
-46,-10,70,-22,37,-81,54,-114,-100
90,78,106,-70,33,22,70,-46,120
-82,40,-82,-124,-67,73,-118,-66,96
-50,-52,70,36,-117,71,58,-68,72
40,122,16,-40,83,43,76,-42,80
10,-68,70,-68,59,-13,50,-74,-30
-116,-50,-54,-100,49,-31,-14,22,102
-128,-14,-82,-78,46,-59,118,76,76
120,-20,68,84,77,88,-74,44,-110
34,40,-72,50,80,59,8,72,102
-22,14,-96,-2,67,121,120,42,-12
54,96,72,-31,58,90,-74,40,76
-50,100,62,107,24,58,-88,-30,-104
100,74,-32,-71,76,54,-58,-2,-102
-46,-24,-122,-123,-50,127,84,-30,-44
78,-2,-90,-23,-59,126,118,-78,14
32,-74,-84,-50,61,0,-34,30,-104
124,-108,-30,-29,15,5,32,-84,-62
72,14,-32,-11,68,3,88,124,34
6,22,84,-41,73,6,118,116,0
102,-48,68,-38,125,-30,94,-112,92
-98,-62,46,-30,62,-27,-120,-108,54
110,-108,120,113,35,-41,50,60,-16
76,-18,-78,117,112,-36,44,92,-98
112,72,-42,95,48,-18,30,-128,-46
10,42,-98,21,94,-33,-60,-36,-38
44,34,-28,-41,13,98,96,108,114
58,-12,-8,-71,-8,86,-124,-86,98
42,-8,24,-41,18,-49,-68,-122,74
-120,-18,102,-106,89,-74,114,52,-90
116,68,6,115,-88,91,4,-88,66
64,-126,100,88,-53,94,32,-20,64
34,-70,124,-99,81,123,-86,-74,60
52,-76,-4,75,-121,-82,-108,-54,106
-74,84,-126,73,56,111,2,110,68
-16,106,94,-26,0,29,-100,-44,-112
78,-114,42,-106,33,46,-112,-34,24
100,-28,44,-126,1,83,10,-22,46
0,0,50,-57,88,94,-98,-1,86
-56,0,-1,75,-92,-110,88,-1,-24
6,0,-50,-107,-86,39,-92,-34,44
80,0,-1,-21,113,-97,-52,92,-60
36,0,16,50,-60,-5,122,60,-76
28,0,-96,104,-104,-27,60,38,-48
110,0,116,-125,84,39,-108,-1,-124
-72,0,22,-50,-72,-45,108,-1,-106
14,100,-90,34,109,14,88,78,-120
-78,-90,38,-9,-104,-38,4,14,-64
-110,34,56,-66,124,103,-62,78,-84
12,-92,94,-95,78,-120,-58,6,96
-38,-110,-62,70,88,22,104,38,62
102,-20,90,6,-27,-21,24,-36,-116
-110,-110,24,30,114,13,88,124,88
-64,-90,82,68,113,49,100,98,-116
-122,-88,60,110,-35,11,-52,14,80
94,38,-86,52,-67,7,-102,50,54
-32,-112,22,94,-10,32,-64,8,-2
86,126,-6,-78,-46,15,46,-76,-80
-30,54,78,-40,-103,-72,44,86,28
-110,80,54,17,94,-41,-82,76,-50
106,-86,80,51,-96,-113,-28,-84,54
-80,-108,-28,52,61,-59,40,52,96
-16,54,-42,-115,-77,-4,52,-128,86
-88,50,16,-24,-22,-93,-96,44,-100
48,86,-70,-121,93,62,-42,106,60
-118,122,102,-94,-57,-48,-106,-52,0
-122,68,-82,93,127,-105,-122,-126,-32
10,32,-104,75,117,-71,-128,-34,-42
8,-92,60,-36,30,-121,-56,26,82
12,-36,-62,-40,-50,-120,-80,44,-46
108,80,124,-11,-2,-24,110,-50,-52
80,-88,-104,-60,12,-67,92,-10,38
-128,58,64,32,-14,21,42,68,6
-22,-74,28,34,-11,-17,18,94,78
-12,0,-46,29,1,106,30,20,-8
30,-102,-50,-13,-5,120,66,-60,86
-32,74,-108,-15,-114,19,-104,-28,-78
70,102,108,-8,93,12,-84,-70,-22
-116,-84,56,47,-70,-87,54,100,-98
0,-24,-38,111,-37,-93,26,106,-114
66,88,-74,121,-108,70,56,-50,-92
68,-76,32,-99,-41,75,76,-74,112
-58,30,-82,-64,50,54,24,-2,-104
-20,112,-6,-54,56,66,102,4,-48
-32,-124,-6,-1,122,45,104,2,-106
-30,-58,-84,-31,27,25,54,36,56
10,8,92,-60,-58,88,54,-94,54
126,-16,96,-59,3,75,58,-92,110
38,52,62,23,-4,-96,-100,-118,-6
-18,-102,6,6,42,123,-72,104,70
-80,-8,-110,107,-35,108,-4,118,10
70,-116,-26,88,3,74,-32,116,-60
-62,80,122,-120,-89,35,14,98,108
78,-100,46,116,-90,13,-88,0,-22
-32,68,-128,124,-124,-100,28,-10,96
-84,-30,-92,87,-30,127,16,-58,-92
-6,48,120,121,-84,17,-20,36,-108
48,6,-106,65,49,52,-124,12,28
98,-88,-94,-22,93,46,-78,-78,98
-102,-74,-124,73,57,-53,108,92,76
-106,0,-124,9,-52,-39,78,-1,10
-50,0,-32,-18,-41,-27,-16,-1,-26
112,12,-104,-114,-124,-70,-116,-1,34
-86,0,68,-46,-52,-95,-6,-1,88
-44,0,22,68,-38,96,-118,-44,98
-78,0,-18,-98,-15,-65,-64,-68,78
38,0,110,66,-45,-103,-74,38,-86
0,0,68,-36,63,96,-70,-20,-96
-22,0,120,-44,-112,-41,-112,-1,56
76,0,90,120,-128,66,-28,-1,-124
-74,-34,-112,-109,50,-59,-100,-88,90
-62,-82,-86,17,-1,-20,78,-98,102
-46,-66,-102,117,57,-103,-94,-6,10
-86,88,-92,-34,-39,81,-70,116,12
-10,-120,20,64,58,-102,-12,-28,82
70,-4,-94,117,-83,-92,106,50,32
0,98,22,-28,-128,31,-78,76,-126
-34,-126,-124,-33,-63,81,2,-72,-56
-40,-60,2,21,20,-28,62,12,-6
12,-14,-46,-6,122,-43,68,-122,-56
-28,30,-62,-54,-29,81,-122,-14,120
6,16,98,-46,-87,75,72,102,92
-22,-42,112,97,32,61,36,-16,-22
112,-100,-48,-86,63,-103,-66,-26,92
22,120,-124,76,-89,-96,76,-104,112
62,-98,118,24,2,-2,-80,-58,124
-34,-40,2,61,-20,125,-32,114,-104
-4,50,-114,26,83,-57,-44,96,70
56,66,14,11,110,26,82,32,-126
-44,98,-2,-13,-28,51,-20,12,-112
-30,84,4,53,76,-120,90,84,124
48,-52,76,-50,-73,83,84,-30,14
-26,104,-88,-50,-32,44,-12,10,110
48,-106,96,6,111,-57,-68,-48,-14
86,-28,-18,-66,87,-67,-114,-86,120
-48,-110,106,-93,-52,-62,-56,-12,116
12,-110,90,23,56,-41,-112,-14,54
50,6,68,7,-3,-37,-54,0,8
92,-82,-102,-99,88,-46,-56,100,90
-120,-100,90,-89,106,-58,10,92,-34
54,72,-100,117,-107,-91,74,-76,76
68,66,96,-94,-93,-94,102,-32,26
100,0,-46,-93,-50,-1,34,-102,-28
88,100,-68,-62,-50,15,-124,-84,84
86,-76,-120,31,-80,17,90,122,-14
-74,-34,112,15,-17,47,-118,124,64
38,110,52,-48,-49,-4,86,-92,-52
58,34,-28,-45,-1,5,-110,80,-50
52,-94,34,119,-57,86,30,106,-24
0,-22,26,-114,-33,80,-78,56,64
-68,50,-114,110,71,-16,-26,58,38
-46,-56,0,-116,33,3,2,32,-24
108,-14,-90,-105,62,92,-4,102,-118
-42,-120,36,120,13,82,-42,122,18
16,-124,-94,-113,-46,-57,-74,94,-64
-88,30,-100,-125,-24,-73,108,112,86
108,94,70,7,-14,82,-42,-12,2
114,12,30,53,48,65,-44,0,-60
14,24,114,88,-9,54,104,2,-122
-76,36,-54,73,39,14,-34,100,116
96,-120,78,55,-101,112,-34,-108,-64
-54,-72,-14,-43,78,116,68,-10,114
50,50,-86,98,-43,64,-4,40,44
-90,-86,-48,57,86,116,-68,-104,110
20,20,24,-61,101,-20,86,-30,-124
120,-30,84,-17,-1,-82,-92,6,-106
-28,32,70,6,-99,-37,-118,98,36
8,-40,-46,107,27,-60,80,124,120
-24,94,86,82,85,116,126,16,40
10,104,84,-63,117,-122,6,-46,-14
-52,-14,44,111,26,-45,-68,86,116
12,100,126,84,-83,-38,-6,-22,-122
64,32,-54,-33,-10,-17,88,-96,-40
-82,56,38,97,-45,-2,-46,-56,120
-106,30,-24,115,-116,27,22,70,-124
64,-34,-40,78,4,12,96,-70,-52
-18,-112,-100,27,-75,-20,-120,22,64
-88,-72,42,-27,-116,-24,-112,-114,-122
110,66,66,-10,-92,109,66,116,84
-22,-14,-22,-15,-94,117,94,-38,64
-14,14,114,112,115,41,-18,-84,104
90,38,-28,-119,113,118,106,-52,-4
-104,122,-66,-34,-116,-86,-116,-112,26
-96,98,-54,-19,-30,-116,-42,-54,84
-100,42,30,-78,46,97,66,-20,-82
38,6,-112,103,23,-106,62,30,-18
-20,28,58,-47,103,-59,50,-72,26
-112,122,-118,-84,-119,-18,-98,-30,-68
-36,90,-120,-92,77,18,118,54,-20
38,-88,-54,-68,-63,75,18,-20,-42
22,-50,88,125,70,59,-128,-124,72
-22,112,-74,122,-29,-105,92,-82,112
48,-68,8,117,-104,-114,48,-100,-20
12,68,-16,124,-107,-97,60,4,-6
98,-36,-16,27,18,126,-28,66,82
-116,54,-78,9,57,59,-72,-74,16
38,-66,-122,-65,31,72,-46,44,-72
-18,-50,-84,-52,-118,-1,-76,98,-90
-18,46,80,102,-63,-65,-28,24,74
90,54,36,96,60,-73,-34,-8,-124
-14,-72,-102,-62,-26,-124,108,46,90
10,34,10,-82,-64,-110,-126,30,-80
-80,74,-4,127,86,-69,102,-30,-24
-110,-52,-122,-123,66,-49,-126,54,66
90,-128,108,-23,37,17,34,94,-12
-8,-92,124,-5,66,32,-20,80,-28
34,-56,76,-95,59,126,-76,-118,58
-120,-18,8,-106,72,116,4,-48,48
126,38,58,-43,28,30,-44,-8,-56
-54,-48,-50,-104,48,8,106,92,98
120,82,122,79,-94,79,-100,100,-114
-68,-34,120,44,-72,76,-100,48,120
60,-86,94,41,15,84,-82,120,-48
-40,-32,-56,10,7,79,-86,76,6
18,-98,110,-63,-18,122,-122,36,34
16,-82,86,-11,-5,113,-98,98,42
124,66,54,51,-43,-53,-126,98,86
32,-10,66,98,-42,-74,22,98,-126
-54,12,-118,1,-35,-26,64,-42,-76
112,120,-46,-13,-53,-81,-104,-6,-102
84,-54,-36,57,106,61,-38,16,4
-6,-74,-14,113,-87,41,-128,-72,118
-4,52,120,124,-71,-66,-80,-4,-74
70,-58,44,63,32,-28,-32,-84,46
-80,-70,-34,17,-42,107,-36,56,-32
118,-6,-116,79,-65,-65,14,-46,94
54,54,50,90,113,68,36,-14,-126
50,-126,-112,35,12,-89,30,-70,-118
30,28,-88,-64,-98,-33,30,96,-16
18,-56,122,-50,-104,16,-2,0,-46
-124,70,-44,-115,-108,-53,120,-126,122
86,-60,10,-4,14,-93,-46,-48,96
-28,-50,20,-62,-120,-1,-6,-94,116
-30,100,-8,109,-22,-112,118,88,34
-78,-22,22,107,21,48,126,70,-28
-90,-84,-80,-84,-39,105,102,-42,118
-100,-110,-38,109,16,-75,26,92,-54
30,30,38,-19,70,-35,6,84,60
-46,-92,-82,121,-45,69,-78,-36,78
-118,80,76,82,31,-104,-74,34,-84
44,-62,80,26,107,-86,-54,26,-106
2,12,-56,-118,8,114,62,70,-52
-60,12,-76,73,82,-77,-38,-76,120
-76,-94,48,8,114,-19,-98,-108,56
36,76,-26,19,43,114,126,-94,-120
-18,82,78,40,75,-81,-72,124,6
-84,-32,84,-86,-92,-82,-102,-114,-90
-110,124,98,48,-84,-125,-10,-44,122
54,72,-90,74,71,-53,-94,-86,-92
-14,-8,80,71,-68,41,54,92,104
0,-90,20,6,-32,16,-112,42,-62
58,-120,-84,-110,80,60,16,-64,76
-82,62,68,96,-57,74,-98,110,-54
46,126,36,-55,-80,-125,108,6,-24
-74,-126,122,65,124,46,70,-52,60
-110,-56,-46,123,-32,123,80,104,-50
46,-92,68,89,94,-66,-76,6,98
-98,112,-52,67,-74,-96,-96,-124,-48
-46,-78,-108,-39,2,82,-118,108,34
-106,62,-40,-15,103,-18,118,4,64
-114,-24,12,100,75,121,90,-106,-2
6,-14,-48,110,32,73,-74,-28,-26
2,-54,-44,-103,-53,-29,36,-128,108
88,-38,114,-75,-28,16,44,48,-50
2,-112,-44,43,-113,125,-68,78,-28
8,-92,-38,4,40,-107,-86,-114,44
84,98,-96,-51,3,-33,82,62,4
108,90,18,-56,-67,-40,70,68,-124
-28,-86,24,12,-63,-1,-54,40,-26
-120,-92,96,-17,-51,2,-104,116,-96
-52,78,46,55,-4,-99,110,104,74
-44,-108,86,75,-37,-85,94,72,68
124,52,-82,-32,2,98,-86,90,76
30,-100,122,-11,38,115,2,-126,66
-18,-28,96,-98,-13,93,28,-88,-22
32,28,-66,-89,51,86,44,-120,-116
-40,12,-74,-121,-77,-33,108,-86,-74
-98,92,12,-49,-31,-59,-16,90,-2
58,-2,88,-109,118,-38,-68,120,14
-62,-6,-88,-97,116,-56,-60,-24,-26
16,-50,-96,-56,66,-36,46,64,-18
-78,112,-68,-29,5,-69,108,-124,50
54,4,22,-119,109,84,38,50,-74
-22,6,122,124,93,67,86,-30,-4
-116,120,-120,101,97,-39,-40,112,-124
-116,-100,96,44,-86,-27,72,-24,42
-70,76,98,-126,-18,123,-66,-60,-60
118,122,-124,67,77,-85,84,-122,70
90,-6,124,17,-49,35,-114,12,-42
-22,90,78,-122,-5,113,90,34,-80
-38,34,124,-112,78,-65,-110,2,124
-40,10,-20,-58,-108,50,34,16,102
60,0,-126,0,-84,103,54,-104,48
-58,0,-6,-36,43,-26,-2,-12,48
62,62,102,-41,-2,-37,-96,-108,74
14,0,48,-74,-114,116,100,-128,-80
-86,-4,6,51,118,-59,-86,96,112
14,24,50,125,-14,77,70,94,8
-14,-86,-100,126,10,28,106,30,114
-18,24,84,63,112,56,-92,52,-46
32,56,-6,115,118,82,-8,-56,-46
60,-58,26,58,63,80,-118,28,-20
-8,-10,48,-97,15,-25,-118,-78,126
112,-2,-68,-121,-121,-48,-16,24,-46
-118,-110,-120,97,-107,52,90,44,-112
-4,-28,86,42,-110,47,-118,-34,-48
-128,-10,102,-21,-111,87,-106,14,116
-122,72,102,-66,-79,-124,54,98,-28
98,118,-22,-38,63,104,-10,100,-92
-84,-110,-114,-95,-20,115,-98,64,126
86,-74,64,95,54,54,36,-122,122
-96,14,-8,67,-77,108,20,118,100
6,-124,-106,-70,14,-115,14,-34,-82
70,98,82,-87,-31,-31,-110,-116,-58
118,90,-124,110,-81,-6,-60,-120,32
-98,44,-60,-110,93,59,-128,-8,-4
112,-94,118,77,18,76,-36,70,-2
-112,60,40,78,21,-115,122,-94,-78
-80,20,122,-122,7,-41,10,-14,-22
-74,56,60,-124,2,-17,-56,-76,-72
-102,-120,6,-91,-90,-73,-30,2,-128
-118,-20,-22,93,53,71,-116,16,40
82,12,-12,1,-38,-104,-72,92,-66
10,-40,66,-1,-32,86,-98,104,46
-118,-88,-72,-80,117,30,38,6,118
96,-90,100,-57,77,40,-48,78,66
-26,-104,-38,86,-100,33,86,70,126
26,-12,78,100,120,48,-102,90,-74
-110,46,70,-34,79,122,-120,120,-42
-126,-86,90,-10,81,120,124,102,-74
-56,-64,86,120,122,-33,-24,64,14
-44,-94,-102,96,125,-22,2,42,82
-104,100,-34,60,-50,121,16,94,-66
-76,98,-108,11,-3,113,100,-70,-98
-86,78,-70,84,-106,-61,104,-32,96
96,-60,-124,110,-78,-53,-56,4,-96
-52,94,-106,126,-10,53,100,46,-20
114,-64,-122,-127,17,62,110,18,2
-54,36,-128,1,31,22,-36,42,18
-44,-76,114,-10,41,10,-100,-24,22
-36,-10,2,-34,13,40,16,-88,98
46,-28,0,-49,18,1,6,-114,76
66,58,-54,-89,106,-51,4,-56,-20
12,-66,-102,-89,107,-73,-34,-22,12
74,22,-34,11,0,-44,-22,-114,-54
-26,8,20,-4,-28,-54,-62,-20,-12
68,94,30,-99,120,-83,122,-18,74
52,0,-68,-97,-92,-70,38,-66,-2
46,-30,12,85,76,-78,54,-44,0
-120,76,-48,88,-106,-52,-22,104,-18
18,56,-86,41,-80,-76,-28,-60,106
-26,-8,-88,-34,-63,-53,92,108,70
-82,24,26,41,21,-86,-66,104,-52
48,38,-102,-62,63,-49,-74,96,110
102,4,-92,-67,86,-52,-52,-16,62
20,-64,-122,60,-68,99,80,48,-12
38,46,-80,-56,-120,38,-116,-22,74
124,-50,-6,81,112,70,120,24,86
50,20,114,82,-44,-82,-6,-42,-56
-48,6,-8,125,93,115,74,10,86
-82,-68,-128,114,-70,-12,-114,-112,-6
24,98,22,-97,126,121,58,36,48
-128,48,-102,85,-47,121,-94,-6,-98
98,-26,18,89,-92,111,50,118,22
-114,112,-124,-15,-30,39,50,8,14
14,10,-114,-3,-59,35,44,-24,-102
118,-28,42,61,31,-110,-8,-82,-104
-56,-8,50,-61,-66,-113,108,26,-44
14,-128,-42,-17,53,32,8,12,72
-56,98,-82,110,35,-4,-100,106,-104
46,76,-10,-9,38,5,-122,116,58
-80,92,86,-9,-56,78,84,120,2
52,0,-88,-58,-10,-115,-28,64,-92
-66,-24,-30,-36,-114,-120,116,-74,-72
62,-100,-74,124,50,-92,28,58,-50
-78,78,16,-73,37,-15,-40,-10,-82
16,-14,-128,-71,-58,86,16,-110,6
-70,48,86,-70,-35,-72,48,22,66
112,-34,-100,-20,98,-124,40,12,118
-50,-122,0,50,121,-7,62,40,6
-116,-46,-56,52,-102,62,76,-110,0
-124,126,-38,38,-95,-70,-122,-20,-84
-114,18,-108,-11,-37,-112,112,40,-24
64,-44,-54,-30,-109,-71,-38,10,48
52,-14,-68,-84,79,77,-76,126,-48
-16,-2,44,-103,50,-13,-96,-32,-10
-86,-40,-28,120,-21,124,26,-110,28
16,-98,52,99,-116,-5,-4,14,-82
-106,106,-20,102,-72,-65,-14,20,-82
-110,-18,-32,67,-49,-83,22,-88,-48
-40,6,56,3,-2,39,88,18,-104
102,0,-96,-52,-125,45,40,54,110
-116,64,-112,-3,10,-39,-32,104,-88
106,96,-66,24,-18,-19,-120,-104,44
-14,58,-76,-65,36,-68,70,-74,-56
-102,44,114,-41,62,-47,-100,-56,-22
56,50,86,14,-119,86,122,122,88
82,-8,82,39,-85,104,-52,-46,24
84,4,54,38,56,-39,0,66,-50
-52,48,16,57,38,-36,58,-34,-106
-110,-22,-78,-106,-61,14,-66,-98,-58
14,36,-110,-90,-4,-5,-18,-34,-88
26,-90,-94,12,82,-38,-30,84,-66
2,-108,46,-51,-69,-49,42,68,-42
46,20,120,-46,-12,12,118,-40,106
-38,-88,-48,-66,12,-8,112,-20,-68
-52,52,-64,17,91,-117,20,-112,28
-10,44,30,27,103,99,0,88,-14
48,-22,82,87,-125,-14,84,28,112
56,-26,36,75,-76,-59,98,56,88
-6,-56,54,-93,-39,-68,-94,54,-42
28,0,104,-97,44,-105,-60,-32,120
-54,20,54,126,78,34,112,-72,124
10,12,54,76,-69,6,22,10,-36
14,40,-44,79,74,-99,32,10,-52
-102,-90,84,-122,108,-120,34,-28,-104
44,34,-114,69,-33,22,-92,12,74
-76,74,-112,-13,63,93,88,60,18
44,0,98,104,-1,-103,-34,-44,-54
-22,0,38,-99,-123,-120,32,102,76
-126,118,78,109,97,6,-102,22,78
104,72,-106,-122,4,53,50,8,-58
88,-118,-122,-81,-77,-48,102,-122,26
-126,6,64,-18,-103,-110,-114,40,-54
100,-24,38,-34,2,47,62,-16,-102
42,0,-104,-108,32,-99,98,124,-82
-72,-72,112,122,-61,101,20,94,106
-58,92,84,83,-45,16,58,10,22
-22,36,98,72,120,-11,48,-76,-60
-122,-98,78,-91,32,95,-2,100,-26
102,36,-118,-55,116,-127,-20,-72,-88
94,-18,-36,120,55,82,-74,-98,118
20,-108,-124,-121,-107,-72,22,-58,126
90,76,-46,-101,19,-6,-22,-16,-8
22,32,-124,75,114,10,-120,114,-122
32,22,-6,123,-68,58,40,-24,-108
-118,92,-34,60,-95,-121,24,-4,124
64,-98,-62,21,-24,66,26,42,22
108,-122,-24,26,-122,-109,6,-112,-86
14,40,106,98,-83,8,-128,50,0
50,-70,124,-96,48,-83,-48,54,-30
106,-18,-6,-9,-120,-123,58,-30,-30
-42,124,-122,126,73,-97,88,-88,106
-22,-124,80,-61,-41,44,96,32,-48
-114,90,122,38,72,18,-88,16,78
52,-112,-16,-4,123,46,-50,-8,90
-84,-102,82,-97,-52,-59,-36,92,-32
80,14,120,49,-120,100,-46,-98,-70
-20,-50,18,114,116,29,72,-122,-48
100,110,-124,122,75,-59,6,-4,-100
-66,-28,10,-18,-87,-67,-122,44,72
-124,-24,-56,17,120,-85,96,-30,-126
34,-12,90,-92,79,-117,-128,108,26
24,-38,18,-23,43,-112,52,-14,-98
108,-14,92,-128,25,67,94,-68,126
10,114,60,-118,-18,45,116,14,-42
16,88,102,121,13,-5,-50,-124,-22
-40,54,80,-118,-50,-11,-62,-60,80
-110,24,118,76,67,19,18,-76,-116
86,118,-88,90,22,20,116,-72,40
-100,112,-36,112,-113,-11,-102,-110,-20
-96,24,-84,103,112,2,110,70,-76
60,-40,-114,-94,-38,-22,82,86,-76
-52,122,-74,-78,5,-19,102,34,48
24,14,50,39,83,-25,-124,-82,-74
56,-102,126,37,83,-29,-128,108,2
110,-108,106,-92,-3,67,-110,62,-82
38,-108,-114,-99,-15,56,-74,118,68
72,-90,18,27,-75,62,2,-4,88
96,-30,-76,-16,-78,32,-4,-48,-58
20,102,-18,-43,120,97,-6,-76,22
-66,-56,2,-48,-85,84,-2,-108,50
40,-26,-128,-13,-8,44,6,-16,-4
-110,58,-80,44,100,46,-26,20,60
-50,-38,-100,-55,61,95,-116,-108,-98
-66,70,-38,64,89,-109,80,16,116
-128,54,-74,-39,42,26,-30,-64,-32
50,-128,22,54,-111,-26,28,-110,24
52,-88,44,31,104,108,-28,108,-86
68,-32,32,-38,-33,-55,-26,-8,-90
0,0,-32,91,112,100,74,52,122
0,0,-70,58,98,-71,-42,32,100
-102,108,-72,118,10,-73,98,-48,-52
-40,112,-124,64,-112,112,108,114,-124
120,38,-30,-89,-82,49,56,120,-100
-118,36,126,-27,125,6,90,-22,76
122,-122,20,28,-117,-13,-12,-106,90
-10,-24,30,-13,58,-59,-82,122,-84
-116,76,-66,37,95,-117,18,-48,-66
-98,-98,-42,42,5,102,-82,-124,62
106,78,-94,-128,94,-27,-26,24,-62
-80,-106,-90,48,126,74,-6,32,112
-82,54,74,-17,66,54,20,70,124
66,-114,-124,10,-92,41,-10,-54,46
44,-128,20,60,-58,47,110,-24,96
-12,-112,34,-104,-75,60,-28,-86,-106
64,-78,-126,53,-67,22,-54,-26,-8
-82,82,-60,-21,-85,21,74,-18,14
-124,-96,116,-37,-104,112,-12,0,22
-108,26,14,-43,97,-100,86,82,58
44,90,-42,62,-110,-49,-54,-12,118
4,0,40,-114,18,93,-126,66,-10
66,10,-114,-64,-3,-27,10,30,98
-128,-124,-62,112,-68,109,60,-90,-64
-84,-90,48,28,42,104,-64,108,8
28,74,22,39,77,-86,72,-126,78
-90,64,110,39,11,34,118,2,-62
74,30,44,66,64,114,-92,82,56
112,-90,84,90,-46,-94,96,10,88
64,-108,-124,-54,25,87,102,-104,58
72,-40,-76,50,-123,-26,88,54,-128
-22,-44,-24,27,54,123,22,124,-94
-56,-90,8,114,23,48,-82,88,104
-110,-104,26,116,35,-7,-86,-76,120
16,-56,120,127,46,-122,-118,-66,6
-106,-88,-108,118,-42,-118,96,-50,74
-82,-52,-26,-120,99,35,-20,64,-112
-66,36,108,-76,67,38,-90,86,72
-42,-98,58,88,-19,97,-102,88,40
-114,120,94,111,5,96,34,-50,14
58,30,-66,-122,-98,7,-2,118,72
62,-50,-10,-115,-66,4,26,62,66
-42,122,44,34,105,-6,-34,-30,-4
8,-60,-6,47,95,-11,-122,58,8
-106,-72,-14,-56,57,-59,114,56,108
0,68,-108,-39,69,-43,-128,82,120
90,46,-48,95,52,-74,104,-16,50
-112,104,-8,73,57,-85,76,-56,92
64,-114,-52,33,-67,79,-94,-8,-10
28,-126,54,48,18,65,-94,44,50
-128,4,42,-77,-56,-50,66,46,6
70,114,-62,-101,4,-61,62,54,54
-4,-74,14,-46,91,115,80,-84,6
-86,120,-52,-87,76,91,122,64,38
112,6,-92,-122,23,114,-4,52,42
24,-10,-70,64,64,124,-8,54,62
-16,100,104,-10,55,97,110,126,-82
36,-128,-2,-83,-65,79,-102,106,116
56,-50,-42,-72,19,30,-18,124,-16
-122,-50,30,92,90,27,-18,-98,-124
-70,98,-102,-72,-36,-119,-116,-54,114
-20,106,92,-62,-59,-98,80,118,-18
-86,0,44,127,44,89,0,-1,-56
-74,0,68,-114,-65,47,0,-1,-66
-52,-120,94,-22,-62,-97,-128,-96,-40
66,-42,30,75,-44,110,122,-46,112
-20,-64,62,123,-59,-124,-94,26,-92
-74,74,-14,118,110,94,108,-46,-110
-62,-60,16,122,13,88,0,68,-60
36,88,-88,106,-4,30,0,-98,28
6,0,-126,-88,82,117,-68,22,76
-50,0,0,-105,82,-10,-88,-106,-72
48,-48,-8,4,125,0,-6,12,98
110,42,120,-82,121,74,-12,44,52
124,-52,34,101,-43,-106,-26,100,22
-8,-86,126,-12,-70,14,-74,-64,-78
34,44,96,-30,-72,67,46,-6,90
-32,-96,-112,77,79,34,-4,18,108
34,-84,-78,40,127,112,122,106,0
-100,-112,90,113,-50,-78,-102,-56,82
-94,108,-2,-33,-87,-50,-6,-104,-18
-80,-88,46,99,108,-47,-34,80,80
-8,-46,-86,54,83,-126,46,-114,52
-50,-60,-100,-54,5,-13,112,48,-48
60,74,-34,-25,48,80,102,-52,36
-6,60,-6,101,58,-11,-90,122,-124
104,-90,-114,-12,51,-114,8,14,-38
-120,66,-60,29,80,23,-8,0,8
26,70,-20,104,64,71,-16,-116,-38
34,102,26,-61,-46,-40,8,0,98
-68,-80,-60,42,-57,-49,50,-108,-14
18,106,110,112,26,-57,-54,-8,-10
-30,60,-92,-119,-22,-19,-90,10,34
98,-42,0,106,87,-114,34,22,112
-94,74,14,126,-67,-40,-32,126,-126
-50,4,0,-101,31,-121,-12,54,36
22,92,-18,-33,-60,-99,8,106,-104
24,102,84,-67,-84,-111,22,-98,-66
78,66,10,67,1,-101,-58,-68,96
50,98,108,52,-21,-112,32,104,-22
18,102,-18,-49,16,-116,-40,30,14
72,108,38,-15,-56,-94,-38,20,-82
2,60,38,-31,97,-98,-122,-80,118
92,-30,-104,-26,117,-75,-28,-122,80
-56,126,-10,93,121,-18,82,20,-68
-12,72,-66,99,122,17,72,-60,-44
32,38,-24,-88,-122,22,-128,72,-6
-50,-46,30,-123,-107,42,-100,28,-62
-92,34,124,44,123,-115,112,94,50
88,-4,-118,109,-67,-70,48,58,24
-10,-30,-116,-122,-34,-117,-86,-38,102
70,68,-122,4,-96,114,-72,-14,-78
44,90,-102,91,38,6,-92,-116,-10
-114,108,-8,73,3,-13,-122,-34,16
80,94,122,14,110,70,102,-54,-86
-110,8,-44,-73,-101,50,98,16,72
82,50,116,-104,90,124,-116,-8,38
-30,-28,-106,105,90,104,54,76,-116
90,-30,66,50,35,-50,6,24,-72
-112,-20,60,21,5,-55,-38,-90,-72
36,-86,-24,30,38,-11,26,-86,-98
82,26,-68,53,53,-4,120,-60,6
8,-52,62,-86,-49,-99,100,-28,28
102,20,50,27,-58,-60,-64,78,88
64,-10,84,-24,-18,-72,-118,-18,122
94,-106,-54,-73,-32,-60,60,-68,62
70,0,70,-73,-1,-127,70,-102,6
42,-46,0,50,-103,-26,34,0,86
16,0,36,-121,-46,-60,104,-1,-64
26,0,-30,23,-96,102,-88,-1,-54
126,76,26,56,-99,-12,0,-84,-104
88,-62,-32,103,-49,125,0,40,-14
-78,-42,94,100,120,-29,0,-124,28
42,66,100,5,-27,42,0,72,-78
4,76,84,10,18,-66,98,108,-124
68,-122,-8,116,-28,12,-4,-82,-114
88,-82,-70,-1,96,-46,94,2,32
-56,-74,-116,95,122,-41,-12,114,-86
-6,36,86,-30,-16,-94,26,100,122
82,22,8,55,-123,-90,54,-86,-112
-62,-44,92,-108,15,-106,12,-116,-58
82,44,72,28,1,-41,-22,110,4
-74,-4,-104,81,-23,-5,112,-68,-42
104,100,-4,49,-13,53,68,20,-104
-78,20,124,25,-7,-108,-104,-20,-62
100,64,72,-86,114,-42,-72,58,-48
74,12,42,-24,-52,-125,-48,-62,126
26,-118,98,-24,74,-72,-116,102,42
-104,-52,-124,-98,101,-94,104,-94,-54
-46,-60,-56,122,-83,13,-52,-54,12
94,4,-64,8,1,21,58,44,-52
114,104,-70,19,-123,-67,70,-26,8
-10,-64,-120,114,-28,-33,120,120,22
124,96,-48,-27,-68,101,-38,-124,-116
122,-116,-112,126,121,-40,-14,-88,24
-8,-114,-96,99,52,-17,-118,6,-124
40,88,80,22,-66,15,126,4,70
-118,106,98,-54,-82,-101,54,88,-120
74,-104,60,45,102,-102,-104,126,-106
60,-4,-4,84,-75,57,70,96,114
12,-114,-52,-93,-74,-23,56,-18,-40
116,52,58,123,-97,-42,50,-72,-10
-72,106,-36,-81,-48,38,-84,92,-110
-72,106,-48,114,115,16,36,80,-32
74,-10,34,-115,73,93,-72,-14,-30
-118,-66,-38,112,-28,86,-44,62,-68
-126,-42,104,114,-106,118,80,26,-96
98,-52,-46,-116,110,116,-88,96,-58
-68,-72,-44,-112,124,-22,82,124,-104
-8,-128,-50,-57,-88,-27,-30,-50,58
46,4,-62,45,120,11,-82,114,-82
4,-48,-102,-120,109,22,34,-118,98
28,114,-84,52,-4,-70,-100,60,-72
-46,2,-4,113,40,-71,-28,14,98
-94,84,-18,-68,91,-106,-4,80,-62
-122,24,-12,-52,60,-125,32,-2,58
-110,32,24,118,119,89,-54,-22,-26
74,106,112,114,-125,59,-56,-110,-112
48,-10,-94,-98,13,126,122,-104,-68
68,50,-104,110,-14,74,-62,-118,-120
94,122,38,-25,35,65,116,-78,-8
42,14,22,-84,31,33,-122,-58,106
-78,84,4,121,8,52,-92,-6,0
-70,-74,106,70,-101,-4,-24,44,-100
-76,28,-72,-89,-73,89,10,98,-36
84,54,-18,-86,-58,47,112,98,-98
40,52,68,-86,31,-73,40,34,48
126,60,24,52,66,-103,-36,-90,-20
-28,-16,78,-81,53,-32,62,-36,-80
58,-124,-94,-75,-51,41,-124,-100,96
16,0,-78,-116,-1,96,-22,46,-122
-80,0,100,41,123,65,-16,36,6
-40,0,-78,-88,80,92,-50,94,-34
-104,0,-104,-80,-73,-8,-68,-106,86
-110,44,-118,63,97,11,0,-112,58
-128,0,-82,116,42,-106,0,108,38
-36,118,74,-82,72,64,32,74,82
-66,0,-86,-90,-91,-99,-76,-90,92
4,94,28,37,58,55,-94,18,60
118,96,84,23,110,22,42,-108,-116
-72,-16,-126,115,0,-35,12,46,-32
-54,-58,-82,-41,72,-89,86,70,-42
-64,74,-110,-23,61,12,44,-4,-72
94,108,-80,-10,-88,-45,10,66,88
-34,-58,-106,-71,2,-101,-120,-16,-114
-80,-72,80,60,92,-106,12,-102,-44
-66,32,24,6,111,98,64,76,88
-62,92,24,76,36,-99,-22,-54,48
24,-86,4,18,-123,87,90,-36,-4
22,36,98,-100,-61,100,-118,-26,72
116,90,50,120,-15,-31,50,-110,118
-122,92,-90,-86,93,59,52,10,54
-80,-100,-38,23,71,10,40,-64,-78
116,-66,12,114,-123,73,8,32,4
-74,-20,92,92,-25,96,-84,-46,120
110,-10,66,-99,45,-32,106,-32,46
64,-16,24,51,80,42,68,-114,104
96,-50,-92,100,30,-106,-90,14,76
38,-100,122,43,-88,-84,-66,-80,-10
64,-40,-124,-61,-94,-111,48,0,-88
50,112,64,2,-52,119,-54,-4,-86
-84,114,22,-81,89,9,58,-66,8
90,50,-98,11,-105,8,108,-76,-10
116,76,126,-40,-66,-28,-52,34,38
-48,-34,-50,-54,-33,77,-28,4,-92
-30,-46,-88,-101,-20,78,-68,54,-94
62,48,-106,27,50,-69,78,32,68
116,100,-90,-7,-9,-64,64,52,60
-100,-90,-78,38,-106,66,-120,36,-18
-62,-46,-8,-128,99,68,-98,-38,-8
58,-44,-76,-51,-55,-92,72,-38,-74
50,-92,-96,17,-31,-64,126,-50,20
58,54,20,50,2,-21,-76,-96,-30
-58,84,30,51,-2,-9,104,-98,84
100,-90,100,111,-112,-27,-112,-50,-30
-104,52,-82,54,-114,-49,-128,126,-68
-88,-58,-32,-72,-35,-22,-84,108,58
-122,-76,62,-72,9,1,-34,106,114
106,-54,54,-44,72,116,-36,10,42
110,-72,122,-91,49,105,-66,-56,28
-108,12,-86,120,-40,10,-30,-10,-52
106,-42,-114,106,-63,-10,14,-4,-40
-96,22,56,-66,-51,71,-22,-88,-6
6,78,98,-127,100,93,-38,-94,16
-22,-94,64,108,65,11,116,-38,-98
94,78,110,37,87,4,124,-52,-36
-104,-106,-70,-7,-97,6,-6,-40,126
88,-10,-14,20,-12,65,-8,-26,-48
-116,-100,-38,-53,6,119,-60,40,-88
16,12,90,38,46,-128,116,42,4
-66,8,94,-5,-70,24,40,-30,-26
110,-122,-94,102,25,96,38,-78,106
-58,-126,-82,6,-57,109,-58,-98,-122
-98,120,-98,-72,-79,-28,30,-122,-72
70,0,108,9,87,19,-64,-1,34
-88,-120,46,-4,-1,-24,44,124,58
30,124,-84,-101,-76,95,-108,-120,-4
24,-46,14,-114,-39,-114,80,-62,-126
28,-12,122,-99,118,-56,0,-30,-64
-18,20,-84,107,-121,-17,0,-66,-56
114,0,42,-93,15,-21,-46,12,44
-14,0,-84,-9,-55,27,-52,-12,-30
56,-94,-100,-78,-126,65,-14,0,-44
-24,2,-18,107,-106,6,-86,-104,-26
32,-86,102,100,-89,103,-26,118,120
94,-78,-90,-31,49,121,22,80,-96
104,74,-96,114,91,88,76,118,74
124,-22,118,-64,82,-74,62,-66,-86
68,-82,76,103,54,-19,-112,-84,-56
-34,-30,-34,-67,29,-9,96,-66,52
-52,-88,42,-75,-34,107,30,-26,110
-104,82,-38,-10,-26,75,-112,-66,-40
30,18,-82,-128,-53,-61,-40,22,-16
-76,-64,-4,88,-95,-9,124,28,50
-66,86,98,109,-78,83,-86,-98,-94
100,-34,-98,-80,-84,-1,-104,-90,-32
86,-94,-24,10,70,65,2,-12,12
52,-76,38,-125,-124,-82,110,-96,-16
88,106,112,54,-82,-20,50,-118,106
-28,50,-52,74,-35,-113,-108,-128,-40
-34,-62,36,-108,32,-5,-86,98,-26
-44,-68,-122,-45,45,-42,30,-60,78
76,86,114,-90,-4,-128,24,20,-126
18,110,-76,95,41,17,16,-106,-104
-96,-82,74,-19,122,-38,36,-74,-108
-46,-20,90,3,118,103,62,118,-92
-112,-58,8,-59,-66,-16,-126,0,48
-56,-110,4,-44,6,12,118,-72,-118
126,106,80,-40,106,88,-8,-92,106
76,4,50,-27,58,-127,-36,72,-82
-84,-2,2,9,-92,29,96,118,28
50,10,16,9,28,-21,78,100,20
72,92,84,-32,43,-121,98,56,36
-114,76,4,14,66,111,116,42,46
114,-104,-26,39,-50,106,-114,68,-80
-28,-16,-112,63,-22,112,-86,18,-118
-58,-62,44,-106,14,-118,116,8,106
58,44,-2,123,22,127,-72,2,40
110,-116,74,-86,-109,-75,-44,24,-80
122,-72,-32,-52,-73,-79,40,62,-98
106,78,-120,-99,99,-34,118,86,-100
-28,-80,-102,-79,-30,-39,-64,-30,122
58,18,-4,-113,52,75,110,32,18
86,78,-8,69,86,86,-88,-72,-34
-34,-44,12,-39,-16,46,-4,92,28
-124,114,98,-98,47,35,-12,32,28
38,92,44,-59,-66,-115,118,-28,-4
-128,90,88,102,-22,-119,68,-18,-86
-62,-122,-80,43,-83,26,110,-12,-30
114,58,-40,-6,-53,14,-72,48,118
18,-4,116,-83,-24,-74,118,-46,-84
-22,90,-24,-100,50,-76,36,102,88
14,-68,38,-109,-7,14,10,82,-44
70,16,66,127,-79,41,-4,16,20
-26,-66,108,-79,113,84,46,-122,26
20,104,72,124,-7,108,116,38,114
-82,-36,-30,87,61,-7,122,4,74
-60,-48,12,117,95,-82,14,8,42
-80,-4,-48,63,19,-8,92,34,86
-118,-2,-110,8,74,8,92,-40,18
60,-4,-112,32,-41,35,-90,6,-80
30,16,52,85,-93,13,44,-84,-56
6,0,108,-12,-46,40,0,42,50
-106,46,94,10,99,-9,0,-68,8
8,24,82,-17,-56,-36,66,-90,-100
72,-106,-44,-63,29,-13,0,-96,124
56,-70,-6,78,-120,120,120,-38,58
40,120,38,-125,-95,-84,-34,-82,20
108,10,62,35,-94,85,90,-84,26
-40,118,36,-101,33,8,60,110,-114
8,60,86,-87,-74,54,-116,52,102
30,-94,-98,3,31,-128,62,94,16
-70,-34,-62,-93,-47,-82,114,-14,-84
42,126,10,-79,-80,-42,-54,-16,-112
-122,-74,-26,-70,86,-44,-44,96,70
124,52,90,-69,-4,38,-22,108,-48
-124,124,-108,24,-86,-125,-10,116,-48
74,42,-22,87,-125,95,60,96,104
110,-114,-106,2,-29,0,100,30,60
-108,0,6,82,53,69,18,88,-70
-18,68,100,-94,109,-84,-112,30,-44
-18,48,-86,-100,113,44,-12,28,-46
-8,-8,-62,122,-82,-63,-124,-30,14
-128,8,-22,-100,-65,-123,-64,10,-116
-126,34,36,109,-86,7,10,108,-84
-98,-104,-114,-69,125,78,-70,106,-120
-16,-2,-62,-78,23,75,-114,58,-36
-26,-128,40,67,44,77,36,28,112
38,-82,-8,-56,30,-5,68,64,120
40,24,122,-121,-75,-113,2,54,-30
-22,52,34,-46,52,-117,-52,54,102
-54,2,-10,92,113,31,-60,-68,108
-68,-20,44,115,-95,-106,4,14,114
-92,-64,-106,97,-68,-91,70,-116,16
-128,-76,-64,-34,-20,59,-118,48,34
112,-78,-50,-102,81,102,102,-120,16
120,-14,-72,-65,-86,-65,26,98,66
-104,4,106,-29,-1,-63,96,120,12
-68,-4,-16,-91,9,-29,-2,120,-2
-110,120,-60,-25,-8,-37,22,-78,22
122,68,0,-17,-123,-63,52,24,-20
-112,-22,34,83,-104,-57,84,2,34
98,-60,22,61,41,99,92,42,-62
-12,46,2,62,-100,99,-54,40,0
-84,-66,-116,49,-123,77,-86,-100,98
-38,112,74,-106,-84,93,54,30,62
60,68,54,103,-104,91,46,84,-4
-86,122,56,93,-61,82,88,-14,-40
64,-126,20,98,16,15,84,12,68
24,-18,74,26,49,3,-100,-22,-58
100,-112,2,86,47,-120,-32,20,84
-82,-92,-126,18,90,-128,6,24,54
114,42,44,-23,64,71,-128,52,86
80,22,-106,-32,-116,88,118,118,62
-122,-108,98,91,-14,4,86,-64,-108
84,106,-98,-123,-124,-5,-48,10,-112
120,-54,58,16,118,80,90,-10,-58
4,58,-94,8,-17,41,-62,-2,-26
-2,80,-94,55,40,-126,-2,80,-128
-56,112,-60,53,-22,107,-2,-76,-48
-48,-80,-84,41,-77,-72,-122,2,102
76,26,110,-21,-15,-74,-52,106,-100
84,84,-44,-126,-113,21,108,104,56
34,-88,-118,116,-107,-87,-62,-108,8
14,0,-54,-45,-1,98,112,114,28
-112,84,-60,127,-1,29,114,-82,-44
-70,0,-92,28,-116,66,68,-1,120
-96,0,82,107,76,126,34,-1,54
-22,-60,58,-80,-107,5,0,-34,-74
-30,114,-50,-77,-88,-55,0,6,-110
-100,44,88,39,-4,-97,-8,58,10
82,74,10,123,16,22,-18,44,-108
100,56,-22,-45,82,8,76,-60,8
102,-10,-24,32,15,-2,-54,-48,-30
-86,-84,44,35,-82,-64,-96,-90,-104
-118,-98,14,80,-1,67,-126,106,-86
-114,-24,102,-57,-26,7,100,22,-114
-38,110,18,90,-112,-2,46,122,54
-108,-106,8,80,82,25,62,-18,-128
-52,120,-58,-93,-55,122,-54,-8,-108
-108,68,-32,-27,108,-67,-44,-4,50
92,-120,90,105,-55,-120,-52,-86,-38
72,-94,84,30,115,126,-66,24,-18
-84,20,-32,-19,-116,-20,44,-74,66
-32,-120,70,-128,-23,-14,92,-124,110
-90,4,-28,-94,93,101,-22,102,-56
40,116,124,109,-119,39,64,-48,42
-42,-8,12,42,35,92,-92,-54,-56
80,-116,-14,-27,63,-81,-40,58,72
-36,-78,-10,-43,-104,35,126,-6,16
-96,46,22,70,-6,-27,-16,-14,50
-72,-72,-96,21,-103,-17,102,94,106
-126,60,-116,6,-23,127,112,-38,-44
80,-128,124,37,-65,41,34,-52,-44
-90,-88,32,38,-118,-38,-38,36,-92
-76,-82,-92,-111,86,126,120,-126,80
-80,-84,-52,73,-19,-40,-94,-114,-30
90,104,-118,-15,52,-29,112,-28,-60
-2,-64,-96,90,-93,90,-122,-56,34
92,-50,-6,40,-85,107,-72,-102,-4
60,76,-100,21,66,-116,-34,-74,-42
76,-112,-68,53,37,109,-48,106,-126
-2,-106,-78,-36,-21,95,112,-16,2
102,-70,-70,-11,39,86,108,16,72
-40,-94,78,28,51,13,100,-4,-92
-10,-6,-116,-12,15,-9,-28,-32,-78
20,-24,-62,-9,119,-60,-22,-122,-28
122,-20,-100,-55,85,-55,110,-76,-96
90,106,98,-50,65,-61,-82,98,22
-38,-50,18,-65,11,-51,-26,14,26
56,32,-106,125,-94,-33,68,68,-48
-116,16,60,106,-13,-9,62,46,10
100,-68,-12,125,79,122,16,-96,70
-82,44,84,25,-125,106,38,108,-96
-44,114,86,-69,-27,-98,-54,46,108
-20,16,84,-112,-19,-86,-86,10,-116
-62,52,-106,67,-108,-2,122,-80,84
-46,100,72,26,13,9,-90,-2,38
66,110,-112,-52,101,-88,-90,-68,116
-94,78,126,-65,66,-56,-68,0,90
78,-70,-114,-35,-94,-20,-20,36,122
22,-126,24,-20,-107,2,-82,94,22
-60,-78,-10,126,18,5,50,-126,54
-16,84,-4,-123,-98,44,-120,10,-62
116,0,68,-83,-105,-58,-64,10,82
-50,-110,72,-121,109,-36,50,-120,76
-30,-116,-36,89,-3,-31,-102,-104,6
-52,98,-16,54,-36,-27,-6,64,74
66,84,-30,106,101,50,-94,114,-104
30,68,-34,-96,-115,31,74,98,2
88,0,-110,10,-90,2,-122,14,-86
2,20,64,19,32,-34,-90,44,90
-124,-122,68,-31,7,103,-80,54,86
82,-12,102,118,-120,66,34,84,38
-116,-102,-108,9,2,10,-92,46,108
-128,-100,-14,120,40,-44,8,92,-10
106,-72,120,87,113,-57,-10,-12,44
-102,36,32,-91,-106,37,-122,40,-102
-62,74,102,-1,112,98,-24,60,-90
-112,116,42,127,-87,87,-14,8,88
34,-90,78,-62,17,36,66,94,-74
40,8,2,-64,66,116,-78,96,2
-94,80,-80,45,-11,-60,90,-126,102
-60,-76,-4,-52,39,-72,-2,-14,94
114,64,110,29,56,11,26,52,70
-64,-108,30,110,-115,5,-82,-128,72
86,124,-118,-86,-79,113,-92,-44,14
-102,-126,62,114,70,104,-96,-26,-78
-84,-92,-6,-20,110,-77,80,98,8
28,-68,-84,35,-15,-52,-126,-88,118
10,114,-118,-123,-101,96,78,-110,96
2,-62,-126,72,76,-83,12,30,-26
-56,-112,-46,-17,68,-23,-114,-52,-82
22,-44,-126,-72,-45,47,-24,-72,14
-108,-38,44,118,61,-37,-78,-42,74
60,10,24,1,-91,-98,60,10,-96
-30,88,92,-4,-6,31,96,122,-80
72,-6,88,-96,113,103,38,-16,124
26,-92,-50,-127,12,76,-96,-110,34
-116,-104,24,-109,8,79,-124,10,-102
-54,-74,-88,56,-93,104,44,50,50
-84,-32,-98,41,-127,8,38,-14,22
26,40,-16,-34,55,-88,-40,96,-40
-14,-120,36,-114,-55,-102,-92,-44,-46
90,-124,-34,93,62,-27,88,-68,-24
28,-42,-36,118,4,-58,-36,48,-54
90,-80,-120,47,102,116,-14,-112,90
24,38,0,77,28,65,28,-64,88
8,-48,14,53,104,-21,-24,70,102
66,-62,-88,110,72,-87,62,-124,18
80,-20,96,98,86,-101,-98,112,-28
-112,-88,118,-125,110,-125,-60,56,8
112,60,44,113,122,5,-68,28,-24
90,120,68,-121,-122,4,-58,4,68
16,-54,-40,10,-91,86,-82,-90,72
56,-36,86,5,-20,78,-76,-44,106
86,94,26,-10,124,-13,48,-62,52
-66,-66,68,21,-105,-20,54,-118,60
12,104,10,-14,87,38,-82,-96,106
122,-120,-118,-35,-111,52,-104,94,56
58,78,102,81,42,-25,-108,-2,-108
102,-100,-108,50,78,-25,100,-32,-68
-70,-70,-2,-77,-65,-106,-2,-96,-120
-6,124,10,-105,-81,-78,-58,-34,-24
-8,-20,24,75,119,81,28,-2,-2
-92,30,22,38,66,126,102,-112,-60
-124,-94,-64,72,70,90,50,-80,14
-58,64,-128,32,-85,-117,60,106,-70
-28,-116,-70,-22,63,125,-122,-106,-12
64,-14,-56,124,-12,-85,58,-32,108
54,-34,-96,28,88,5,-14,32,112
-56,86,32,-90,12,45,114,-74,-52
38,54,92,-11,66,-65,-116,-64,-108
104,22,32,-18,-106,14,48,-6,114
-122,0,-108,-112,60,46,36,-22,-40
-50,-124,114,-24,-74,-125,-54,80,18
-108,-124,-46,81,118,40,34,96,-92
-86,12,72,-56,-121,39,8,66,-46
-112,-24,120,-63,14,74,-86,-116,40
-124,-126,-118,-39,13,-119,10,2,98
84,106,-80,71,12,77,-96,-126,-6
12,82,-116,-83,-47,-27,0,-98,102
84,48,-124,-46,-125,-49,-12,-58,36
120,-28,82,71,-60,69,-102,-24,76
-30,12,-84,85,-115,12,38,26,-96
90,88,-8,106,66,36,-110,-92,30
14,4,8,96,61,109,126,-98,52
-88,110,-90,94,-81,77,-12,32,-74
26,30,-88,0,-25,-78,66,110,40
-34,54,58,-52,-16,-70,-96,110,96
50,-102,-26,-36,44,-28,-24,-22,64
-120,4,118,44,-54,117,-126,-108,8
-66,18,90,43,-25,-99,-114,112,-60
8,-62,-68,108,117,-47,-44,-52,-54
-42,84,-40,-77,-81,-114,114,76,54
42,-6,-100,117,-13,-67,22,26,-20
-120,22,-20,-27,-8,40,116,-32,-64
-106,-114,48,27,-80,68,74,46,-8
88,124,-114,-10,19,-23,48,-112,60
12,-78,24,-61,8,79,-56,-126,-84
-70,16,-116,-1,11,35,-68,-108,-34
48,-80,98,22,33,118,-44,116,62
42,80,86,-17,-122,-69,-4,80,110
88,-66,-72,23,110,-44,14,-66,62
-80,120,-128,-128,31,116,-32,-64,-18
12,-20,108,69,-8,30,-72,-40,122
-36,-18,-10,86,9,-98,110,-42,-36
-12,-8,32,94,-45,67,88,-66,20
-56,-128,-78,-100,8,106,60,-26,-78
-24,-74,110,104,5,115,18,-38,8
-114,10,120,65,-75,30,86,68,-46
-58,32,-36,39,-108,32,-76,-118,100
-98,-10,14,59,35,-75,-52,-118,-30
72,-8,20,72,29,-95,-12,76,-48
98,-118,-6,-117,115,-117,-60,-28,-30
-84,-118,-108,118,-112,127,-52,-58,58
102,-16,116,86,-123,82,-46,-68,124
34,-94,-120,-103,-74,79,-16,-74,42
-120,114,-62,54,63,-99,-126,62,18
-6,-100,-30,72,122,-88,24,32,-64
6,94,32,-28,48,-127,80,-50,-116
-70,72,104,-23,57,122,-128,110,-48
-128,76,-80,15,73,86,36,108,0
20,-118,36,-40,84,83,-8,68,46
26,102,-12,-92,-93,-77,48,18,30
50,-56,26,120,-14,-80,-112,70,78
72,0,-128,-10,66,-54,68,66,122
4,-84,60,-51,8,-55,32,76,-68
-76,-50,-124,125,-97,-44,-2,64,-24
100,-118,6,99,-97,-37,108,126,28
22,-28,56,-102,-34,65,-120,28,28
70,-116,82,-84,11,79,-96,-50,110
80,-8,30,-97,-55,9,-118,42,-122
-30,-52,74,-116,17,60,104,-26,104
-92,54,-18,86,18,-16,4,-122,-82
-50,-92,92,44,85,17,-32,-36,102
-2,36,90,86,92,-103,40,-80,-46
104,118,-2,-67,46,-76,-82,66,-20
108,-90,-8,6,-45,70,72,16,-128
-108,-78,46,96,-103,-39,44,-1,122
4,0,-106,65,111,-40,110,48,-42
-54,0,-56,-38,34,-11,-46,32,-88
-100,0,106,-102,107,-34,-88,116,52
-74,0,-72,22,-116,-66,-68,-1,26
-62,-62,-40,112,-30,57,88,50,-16
72,0,92,120,58,-81,-118,74,42
84,54,24,-90,-126,106,-2,-52,-12
-84,16,-118,6,-8,103,-100,120,-78
-68,-80,114,123,82,120,-86,50,78
84,-4,-50,-49,16,63,28,78,54
72,8,100,-102,-117,66,98,-118,-22
-78,52,-116,77,-72,22,126,-44,100
-12,-110,112,-33,56,-22,36,-86,-104
-66,-14,-38,34,-27,-11,126,114,-90
116,-28,16,-53,24,99,-8,44,88
-26,2,60,59,54,-89,72,98,-12
-68,-62,-38,-62,-125,-96,88,-128,-86
-78,-16,-116,91,88,-16,104,68,14
-128,-22,20,-54,-80,-28,6,-30,-34
40,86,82,-6,62,-90,96,-40,100
116,56,54,24,-75,-30,-32,-48,-78
100,-16,-8,67,47,63,4,-100,-82
-24,62,46,17,39,54,72,72,-42
56,-2,-120,30,112,-101,24,4,84
68,50,-56,-48,39,-50,-124,-82,-110
-34,-8,-14,-103,-9,23,-2,-104,70
56,-56,-34,57,-68,3,108,60,-54
-52,36,-22,-69,-70,-81,-78,-94,-96
-56,-106,-54,79,-43,17,0,96,52
-14,-72,-26,12,46,-115,94,-86,126
86,-38,70,-16,17,-83,108,-84,114
8,24,-90,-55,114,-115,-18,104,-72
40,-24,112,-80,-107,5,-92,-12,-48
-116,-22,72,-52,112,-17,82,-64,18
2,122,124,106,52,-58,-74,50,8
118,-14,92,-52,-96,-37,86,112,118
-16,-70,92,-105,44,9,-8,-118,92
78,-26,-106,-65,-35,20,70,-92,12
-116,30,-128,-128,123,-72,-16,-72,24
-92,90,106,111,-115,-84,24,-42,82
-80,-84,-128,42,-112,106,-74,-62,104
116,-122,-84,33,-80,93,-12,-114,84
16,-70,84,29,82,-108,-78,-12,20
102,-76,74,64,-103,-118,8,-40,48
112,-80,-124,116,38,-58,-118,114,-68
18,-108,10,43,70,-85,-70,58,-40
-4,-118,-68,-57,-124,-7,124,86,-48
-58,124,-102,-74,-70,-10,-92,-8,-54
48,112,36,-54,126,122,-86,88,-98
34,118,-56,-26,-78,114,-110,6,116
82,28,56,6,46,114,-34,98,6
-28,64,24,-24,-107,68,-16,92,46
-98,8,-20,-116,-127,-41,52,-2,0
-106,-6,50,-27,-31,-34,42,4,-116
-86,-118,-26,-1,90,48,76,112,72
112,18,52,80,-75,69,-76,-116,-92
-14,36,16,-124,-55,-94,-22,22,48
72,62,-48,113,-128,-92,84,-58,54
96,124,118,-72,-121,-67,82,44,-122
36,-96,-64,126,69,-32,126,62,62
-10,86,102,124,65,-34,50,-108,40
-48,2,-44,-88,-1,6,-44,94,-10
14,0,26,46,51,13,-24,-1,40
-42,0,-40,56,-30,4,100,-1,80
-38,0,-26,-15,-106,42,78,-128,-44
104,0,80,-102,-53,21,-38,-30,20
88,92,80,-84,-110,16,82,-98,-82
-52,4,114,-35,20,34,-78,88,74
-12,42,92,107,2,65,84,120,-56
96,-52,-8,-62,44,-73,82,-1,8
-28,-4,-120,11,35,103,42,110,22
-124,20,-102,4,-22,42,84,24,18
-54,-104,26,42,94,22,-80,2,-128
96,-68,-100,-106,-99,-123,-94,-28,-40
126,-70,-78,74,91,45,-78,-82,124
-88,-108,96,-90,102,-104,-120,68,88
-44,-86,20,-64,119,-81,-110,16,-86
-80,-30,70,-8,39,10,38,-86,60
118,74,72,-8,-60,-62,98,82,104
-40,-40,-80,-89,-109,-44,100,-2,-54
84,-6,-46,-55,-34,110,68,46,118
-122,-78,-64,37,108,-126,120,122,-108
116,-78,-110,-18,18,-120,-52,34,-90
-90,28,-80,-80,-62,6,100,2,76
104,100,-44,75,50,-55,-60,-74,94
94,76,82,16,102,80,84,-58,74
106,-82,64,42,89,76,-62,94,-56
-108,-34,-60,97,-43,-95,58,84,90
-66,-90,-56,-81,86,86,-94,-22,-110
56,-20,32,-40,-22,44,-88,-114,-56
-32,-92,-84,10,-94,42,-92,-76,74
78,-2,-80,-17,-28,-127,42,52,32
104,28,112,-101,28,-41,-114,-86,-116
78,-80,40,-123,-39,57,-12,-50,6
-10,50,14,-27,30,-34,-124,116,-36
24,-64,16,-37,80,-91,-104,86,58
34,-46,30,0,36,-53,114,-20,-98
56,-106,86,16,-65,-45,-36,88,6
112,18,-10,-83,81,-128,48,92,10
40,84,-100,-91,-7,-122,70,82,-52
-74,38,28,8,92,-61,-94,122,-118
2,90,-40,78,68,-63,-10,110,-126
-68,74,-62,-34,105,14,-82,-104,-72
102,38,-122,-11,107,36,-76,-34,-50
-8,-42,-64,-47,9,-48,-68,98,-40
50,-96,72,-28,-9,-37,-100,68,-98
76,12,100,-69,54,-104,18,-42,4
38,-28,-44,-24,-80,-64,108,94,80
120,116,-78,-44,-120,-103,-92,18,-86
-72,-36,88,-81,83,-94,104,-28,-34
20,28,-60,-4,80,87,64,-128,64
-118,0,-46,13,73,76,22,104,102
72,-128,-62,109,66,-115,66,-8,22
-92,-6,82,93,86,-128,60,-18,-10
78,-62,-12,127,-61,43,-124,-54,-116
122,-108,-116,114,-41,59,-108,-38,82
-116,-108,20,73,-110,29,66,-24,102
112,-18,20,98,89,67,26,70,108
-88,58,38,32,105,-106,116,14,0
116,88,70,60,63,-47,58,-2,102
86,98,-78,126,-15,102,-26,100,118
-18,-48,76,104,-3,-44,40,76,10
-122,12,116,7,50,97,60,30,120
-22,-4,-24,0,125,-112,-46,-52,-4
-30,70,-34,-61,21,74,110,-22,-2
-84,-48,96,25,-67,-118,4,-106,-58
14,0,74,-12,-1,122,-12,-1,-14
-124,0,62,-91,-1,-19,16,-1,20
34,0,-58,96,78,17,18,-1,2
-14,0,-128,28,-82,43,-2,-1,18
10,36,-22,95,15,-128,-108,32,-84
-96,-94,-96,0,84,116,46,44,74
-114,72,70,56,-46,100,46,-66,74
-126,-30,-72,-104,-59,-92,-46,4,-46
78,-128,88,127,-102,-6,-50,110,-64
54,-54,-4,-45,69,86,-116,70,114
116,-122,92,30,55,124,56,26,-34
-8,-60,-106,-63,53,-50,62,10,-108
-98,-58,36,7,12,84,30,-46,-72
20,-68,-72,-47,49,-37,-88,-98,4
40,-12,-16,9,-113,-69,98,42,82
-54,-82,118,55,-83,-51,-78,-116,-22
106,-72,30,1,-101,-75,42,20,-18
-114,-34,66,-46,-1,-89,120,82,124
-70,98,-28,23,116,119,-34,-74,-126
-46,-18,-4,111,57,-32,-6,12,-118
118,118,118,15,124,75,78,-60,54
-28,-18,46,-75,-72,-60,66,-98,66
22,48,-110,11,11,-61,-92,16,-26
116,12,-56,114,42,34,74,-114,-22
-16,22,72,-73,-74,38,-116,-106,76
10,38,90,63,-99,-107,-54,-66,62
-126,-84,-82,5,-16,117,-26,-120,-32
50,46,-38,15,3,-74,114,46,42
104,60,-128,-100,114,120,106,-36,-12
-28,-34,70,76,-29,-117,86,-98,8
42,80,-62,42,44,46,-40,-120,-14
-2,-52,-22,-101,-97,-22,-14,-116,2
120,-108,36,114,-59,-57,-120,112,-26
-114,62,52,51,-15,-106,112,-18,24
22,126,66,-122,39,-23,-82,76,-124
-128,112,30,84,-127,-53,-26,-8,118
-70,-34,-94,60,58,52,84,72,-2
78,76,4,-4,58,54,-30,-54,2
-102,82,68,-82,126,-122,68,-74,-94
8,-128,-114,106,122,120,-122,-58,-126
-38,-76,94,36,-11,62,96,-64,-116
-14,-92,-36,-1,19,61,102,-46,-46
-92,6,-52,93,31,54,48,44,-34
-52,110,-50,45,97,63,92,-26,-62
-94,-24,26,62,127,-6,64,-70,-30
-64,-104,-12,38,77,-21,-98,-124,-62
-24,-100,88,-46,61,-40,66,-94,-116
-62,54,-4,-15,49,-35,60,8,-62
50,56,98,-69,28,24,62,-50,46
-90,78,-80,-8,-99,39,96,-60,66
-2,50,126,-70,-63,-127,58,42,112
44,30,-70,-37,-35,-127,18,-112,-110
118,92,-118,46,50,85,-128,56,-24
64,82,92,66,54,104,-90,-86,28
-22,0,96,-11,-39,37,62,-64,-26
-124,-62,-78,30,29,84,110,-26,-52
-58,-74,104,38,-124,-47,-48,26,-36
72,-44,74,66,126,25,-102,110,-4
122,-116,-106,-64,-59,12,68,-108,-128
-86,50,-120,-23,-109,109,0,-122,-56
-42,-96,48,-1,117,126,-102,56,82
66,-96,-78,-31,58,70,24,96,-48
-94,42,60,112,1,12,8,-110,-50
54,30,-40,-17,-45,-14,102,126,80
0,0,118,123,-100,-65,46,28,12
-78,0,12,78,-1,89,28,20,0
-30,0,8,-118,116,122,38,108,-60
116,0,76,124,-28,81,44,-26,66
-32,104,-2,-53,70,46,0,-64,44
14,-98,98,-75,-13,16,0,-30,-58
-118,-72,92,-1,125,-121,122,-1,8
-58,-52,-36,8,106,49,92,-1,114
-116,126,44,57,-85,56,-116,-12,8
96,-54,-66,-43,-73,109,-114,68,10
92,108,-118,44,-72,16,80,-88,46
84,70,24,24,22,-124,-64,8,90
92,74,94,-20,77,-73,120,-78,40
-42,-10,-102,-5,-62,-47,-54,-34,104
-58,-116,-100,91,-78,65,30,-46,-120
-50,120,118,-37,109,22,-66,-108,56
118,-100,-26,9,-2,112,8,56,36
78,-14,-24,-40,101,125,16,4,-98
-48,-54,-116,-24,-88,5,126,-16,34
-42,82,-18,-26,-36,36,34,-62,38
-38,88,12,23,7,53,46,86,-24
-122,-56,-108,49,-101,31,114,16,0
-62,56,-100,-83,20,-47,-42,-112,46
-128,-6,90,50,-93,-96,-42,-2,-6
-8,106,-14,-3,9,-55,122,-20,-28
4,-20,-32,84,-79,61,-106,30,-124
66,-54,114,-104,34,57,54,20,16
-118,72,-86,68,2,91,62,-52,-120
12,-100,-42,107,-98,30,90,-76,-8
88,108,-90,-5,-112,-42,118,-18,76
-106,-56,52,-24,-58,42,-48,-90,18
-14,70,-40,-92,57,-40,76,-128,12
-116,-38,14,44,33,110,120,-122,-70
96,-22,46,-53,76,86,112,-62,106
-80,-18,120,-26,-5,106,-18,-86,-6
-122,-70,42,28,-121,101,-70,-2,-64
24,-86,-56,68,-10,-13,6,-52,-116
-50,26,46,-63,-119,15,18,-62,-126
62,80,90,50,104,24,78,124,-80
-78,-114,-54,32,106,-3,82,-78,70
8,-108,-96,82,-47,69,-104,26,58
36,-66,-46,98,-26,50,98,6,76
-90,-74,62,-96,124,5,-84,-54,-20
-46,-94,40,-112,-116,-11,-32,126,-22
-8,-94,46,92,-49,-36,-58,0,-38
-92,-66,14,-101,-5,-59,4,-26,-66
74,-128,114,-81,-67,105,-18,-44,-22
-8,122,-44,-118,-94,77,28,-98,-80
88,-40,-30,-13,-16,68,102,-14,-34
54,70,52,-7,-40,38,-108,66,-14
-70,124,-128,-80,79,-67,54,48,-86
-92,-14,-96,115,37,124,-2,112,-126
-96,116,-10,-15,66,114,90,-104,-120
98,4,74,10,40,81,112,48,116
-74,-70,102,-41,82,22,-100,88,-66
118,-58,-72,22,-116,22,48,118,72
66,12,74,123,-56,48,-110,36,-116
108,84,8,88,27,81,0,-108,78
92,72,-26,29,105,49,-26,0,92
10,60,-62,-86,9,20,92,-94,-60
-126,116,-54,-90,34,-47,32,60,-94
-50,100,104,-109,40,121,44,-98,-60
82,38,28,-44,37,65,0,8,-44
98,66,-80,-76,-72,60,124,-1,58
58,-44,-122,-21,-53,-66,-10,24,42
-80,60,-60,-77,89,77,-84,-128,-60
-106,0,-52,-56,82,90,-72,66,-108
120,0,96,-89,74,-95,-94,116,-114
26,76,50,29,-4,53,62,-1,-50
78,-126,-78,83,91,-73,-108,-1,92
10,86,66,-45,-118,56,78,-1,-62
-54,98,36,-110,-20,-51,32,-1,-90
120,114,-58,-38,-15,33,-64,116,12
-56,68,16,-88,126,-125,118,-116,-28
88,74,106,12,-53,-127,-86,-28,-128
50,54,76,-77,-113,-62,68,16,-76
-24,40,116,-46,-9,123,-94,-28,6
-42,-24,92,-20,103,38,68,-68,70
-68,82,58,49,-29,-5,112,20,92
58,18,-116,-11,85,58,28,26,32
-68,-100,-12,-123,-39,63,-72,-74,44
34,-30,-110,80,12,87,58,-124,-60
-54,114,-32,126,-2,-1,-122,34,-116
64,100,60,120,-93,44,-56,-8,-108
-96,16,66,29,36,-106,-112,-104,124
88,-70,68,-113,92,19,-74,-4,-74
34,-6,114,-1,115,-38,70,106,96
10,30,84,69,-56,103,-94,-60,-70
42,16,-30,-88,30,-7,94,6,62
-46,94,122,-82,-78,70,-56,58,124
92,-96,-64,84,44,-90,-74,-18,-74
-4,104,12,-1,-80,-98,88,-78,6
60,-32,-108,123,-61,-70,64,96,4
-38,-40,8,57,-98,-108,118,-66,-22
62,0,-40,114,50,-99,124,68,-86
18,52,-52,78,-101,77,-68,22,38
-94,-114,92,-94,-40,-19,104,16,82
-36,-24,40,43,-104,-35,104,-8,94
20,48,110,48,73,55,-122,124,68
42,-82,-38,96,18,94,-36,-74,-32
-86,-2,-4,-9,125,101,-116,100,-24
-40,-42,68,21,107,98,54,50,-8
24,122,-102,73,-28,108,-82,68,-14
48,-122,-52,63,-85,96,-76,22,92
84,28,0,-37,-46,-83,-72,0,118
10,-52,-34,17,-69,-96,-64,-68,-70
24,114,-76,119,-18,25,0,126,-6
44,-102,76,-106,-14,11,44,-118,-10
-38,54,42,-43,-71,-101,80,-42,-36
118,4,126,-50,-61,-108,-12,86,64
-48,-110,120,18,-88,90,-96,-76,72
-68,-90,-44,17,-91,96,-80,-104,102
-54,-126,-112,110,18,-20,60,-98,-34
-56,110,58,120,34,-28,-106,-22,106
-72,-104,-80,-73,86,4,-30,-40,108
-96,88,-58,-65,111,-42,4,86,14
114,-72,24,26,-102,100,-52,-76,-2
-26,42,106,-14,-32,73,-86,96,28
100,-32,8,115,-87,117,30,16,-20
94,-124,36,-105,-122,-116,-58,14,-42
70,108,-88,-67,2,34,-110,-122,30
-92,-98,26,-96,-51,77,-14,16,48
-12,106,-54,5,66,-85,10,58,-32
-92,-54,86,63,-82,-41,-30,90,-54
90,-18,118,80,48,38,0,-8,62
42,-24,-88,119,76,112,0,-104,-92
122,126,52,63,-1,45,-98,-6,-54
36,26,38,-83,87,24,110,16,0
60,-106,-108,31,-116,125,-74,-116,106
86,68,62,18,87,15,100,82,70
32,-92,110,115,-101,-29,-68,54,-92
86,-16,64,79,-51,-73,20,36,64
108,0,88,-59,115,9,74,-1,-54
66,0,-120,53,13,89,28,-1,110
66,6,60,-14,-91,-14,28,86,108
-52,-78,-92,-47,-9,-122,100,-52,-106
68,62,-16,-55,-38,-5,42,-84,-90
88,-118,72,1,63,34,34,-120,116
-16,34,16,-52,-47,0,38,114,-96
120,2,94,118,-60,-36,-120,58,126
94,-52,-94,47,40,97,50,-80,2
64,88,72,-111,53,113,112,102,108
72,-44,84,-9,120,-88,-96,98,-48
-112,102,88,-88,0,-36,110,-106,-118
-76,-78,-92,22,18,-125,82,-12,-112
-6,-50,-52,-66,62,-48,-106,38,-102
-4,-110,-14,66,76,109,-110,-90,24
56,28,-126,83,32,-44,78,28,-28
122,-60,-120,-17,-90,16,76,74,-2
-12,-128,124,98,-101,107,96,46,-16
-48,24,26,21,-20,-90,-54,-58,56
-20,102,-96,20,32,17,46,8,38
10,-70,108,-14,41,-36,-128,-102,-110
-98,24,-52,-85,-112,80,-52,-126,-86
92,40,6,-61,93,-90,-96,-110,8
4,114,-78,51,98,121,-86,6,72
-26,94,126,-73,-40,11,-34,-50,-58
-110,-58,-6,-97,24,-106,-88,-128,36
-4,-102,122,94,-127,77,108,52,10
124,-100,-20,45,-45,-32,-22,50,28
20,4,10,114,37,-81,60,-104,-26
42,112,-74,108,88,-64,36,-114,-50
-96,126,-90,-84,18,115,-104,-20,94
-128,78,122,-99,45,-103,108,-40,-120
-58,-48,60,-108,5,0,-32,78,-36
46,-106,-34,-72,-23,-1,-76,-86,120
6,-22,-90,64,-69,-32,94,-4,80
68,-18,-58,-111,-74,-10,-110,36,98
-76,-20,66,47,2,-121,110,122,-98
-76,2,-62,102,39,127,-26,-98,96
-88,-114,-46,82,57,-49,2,-38,62
-70,-48,-62,92,124,-29,-100,-42,-86
48,-62,118,18,-23,-25,66,-108,8
108,-44,-114,37,11,-23,122,70,56
14,-18,114,10,110,-66,102,122,-52
36,-62,-110,9,-115,-61,76,92,66
-34,92,-112,93,-36,44,-94,-46,-70
-110,-90,-4,112,14,25,-88,-122,-76
46,44,-104,124,-65,47,26,44,50
-12,28,14,111,-65,-14,26,50,-36
116,-66,-118,69,-103,60,76,22,32
126,124,28,-86,7,50,100,-8,-2
-120,12,-108,-92,-64,-60,-54,100,122
-100,-50,78,-80,85,-39,44,-36,34
-38,-106,124,-56,-114,-100,-46,112,-66
78,-70,4,-128,-40,126,86,14,52
-20,84,-80,-83,120,45,-46,-58,98
82,124,-64,-94,-121,92,0,92,118
76,104,-74,-45,-3,-87,36,24,90
-112,-18,-32,-47,-87,-24,-66,-76,-68
30,-42,-90,82,-37,-86,124,-1,30
108,54,40,-6,32,59,-108,112,66
28,0,-60,49,-1,98,6,-112,48
124,0,20,6,-1,-49,-108,-34,16
36,68,-82,31,-17,-126,-114,-1,56
30,14,64,-125,111,-4,-38,-1,6
56,-118,118,-5,22,127,-12,-42,26
14,-44,-92,-59,-51,74,-10,-80,-116
-4,-68,68,-91,71,24,84,32,4
-114,-6,-46,-21,15,-57,-76,-68,-18
-70,-94,108,119,-40,-108,74,88,-86
40,-24,14,-100,-114,19,8,-52,54
32,-6,36,45,63,-89,102,-6,-18
102,-104,88,-38,-5,-18,74,108,62
-108,36,96,120,-56,-64,94,96,-120
-112,-76,-26,-120,119,-65,-46,-28,-28
42,-88,22,95,39,-111,-128,-114,122
-80,-104,-10,64,40,-124,-62,-44,-84
2,110,-48,12,-76,-29,52,-38,64
114,-16,42,27,-90,38,-122,16,86
-18,-100,30,21,31,-13,8,-6,124
50,98,116,-121,117,35,6,0,-12
-36,96,64,31,111,108,-86,-116,-84
50,20,40,19,-17,27,0,20,74
102,46,-96,82,-116,65,94,40,-4
-26,-10,80,-126,-113,-58,-12,118,10
-64,114,-112,-78,-53,111,-24,122,108
10,82,-68,-66,84,-93,-72,10,56
120,-104,102,1,93,-97,48,-38,-108
62,-128,-90,89,-3,-104,78,20,92
-118,-28,102,40,19,-3,-44,-90,112
118,70,-34,-56,28,102,14,98,-32
76,-122,26,26,-84,-107,-58,-32,22
-22,-26,2,-5,-15,88,118,-110,-8
114,2,102,-55,-95,66,-68,-108,-94
42,-106,-2,-87,122,67,-86,118,-98
96,22,-58,-41,47,-16,-26,-90,-8
48,-6,8,-44,-69,22,10,-94,8
2,-40,-16,-15,51,39,66,92,-60
-62,-106,-76,15,10,58,50,-128,-74
-72,-86,-2,11,58,-40,-28,78,-34
-74,-94,-38,49,61,-45,-36,68,-2
-60,-16,12,101,0,-80,48,80,122
-96,114,-100,75,46,-72,74,44,46
60,-54,2,12,-95,0,56,-78,24
104,116,0,25,-80,28,-122,-50,-24
68,72,-44,-3,-51,100,126,126,8
98,72,58,-30,-45,83,-52,114,-94
-22,-108,8,-31,-11,-4,-54,-54,66
-10,92,-6,-71,-45,-22,-24,-122,30
84,-80,18,-88,118,64,-46,48,-70
-108,90,-78,-120,113,42,-2,-22,40
-46,-34,-114,69,56,76,-76,-72,-74
50,-22,28,74,-1,65,-124,58,-102
-104,-70,-128,24,-105,-3,32,-38,84
-16,-114,-92,52,85,-2,48,60,26
-120,-108,-106,-57,95,101,-64,88,-62
-60,-64,-14,88,21,123,66,94,58
88,-62,-90,-98,8,46,-100,-112,88
-74,34,-28,-23,-100,60,78,42,-94
-82,104,-12,88,-75,111,100,88,-66
4,30,108,110,74,-53,-114,4,-10
-16,0,-54,73,-77,95,106,-104,-82
106,-90,106,-117,-12,-76,-88,92,-44
88,102,-68,-38,2,-67,70,-112,-108
82,38,-14,1,94,-26,22,12,18
36,-74,12,-56,64,30,38,-2,78
80,-106,36,-16,39,18,92,54,-54
-26,-40,126,-15,27,85,102,124,-40
-100,0,84,-78,-122,-114,4,92,64
6,0,-44,-53,-67,28,-86,68,38
72,0,56,23,17,-103,32,-1,-70
-16,-28,-28,-13,99,-76,32,-120,32
40,-100,-22,121,-29,-125,-34,-90,102
-68,-62,-126,-122,45,107,-76,-78,94
-100,62,66,8,30,-33,70,-50,76
-108,-4,120,-23,123,72,80,60,-122
-38,-94,50,10,40,75,26,-120,110
-58,108,-28,99,-102,-111,-28,-40,62
62,-56,-106,72,-110,76,38,-52,52
-64,50,-8,102,-52,-85,-110,106,-60
-38,46,94,-41,-99,109,90,4,-124
40,48,44,79,42,116,-94,-94,-44
48,-122,-2,-82,-45,-36,-124,-86,96
70,82,-114,-55,-11,-86,-26,-116,122
-88,-70,-22,79,3,19,122,-44,-44
58,102,44,22,-76,92,12,-82,-88
-120,100,34,12,66,-36,78,56,-46
-8,26,-6,-80,99,-79,84,40,-76
-4,-68,106,62,58,-3,20,48,78
0,48,92,45,-41,3,126,22,-58
114,44,66,35,-26,61,-112,86,-104
-108,-56,122,76,116,101,-70,122,-64
86,-4,-44,-44,20,52,72,-74,40
-66,28,0,-128,-36,-82,-36,-80,50
106,8,-70,41,53,-104,-92,-104,84
-114,6,-28,-65,-106,89,88,72,50
64,90,-26,11,-118,84,-82,-102,-42
-108,48,68,-15,-105,117,-120,-76,114
-110,-118,-62,-42,-16,-117,112,-82,126
-68,-120,-22,122,-105,-121,14,-110,28
78,48,-106,92,-73,-104,16,-88,46
82,8,-124,-77,44,87,82,-12,-86
52,4,-46,116,-30,103,118,-32,-124
-44,-24,50,62,-6,-18,44,22,-90
-44,-72,68,107,116,-11,86,104,-62
-66,-44,-38,125,-118,-107,14,36,44
112,-110,-78,118,-94,-105,-94,52,10
18,62,112,34,-59,119,-104,-12,80
40,4,22,-31,-108,102,-72,52,48
-98,102,-98,77,80,-78,-114,-48,70
-22,18,-18,-19,51,-97,96,-42,-94
-68,-88,-20,114,39,-109,2,92,8
-106,68,112,73,-82,125,-82,30,-98
-112,44,-18,68,36,87,-90,64,76
74,-16,-24,122,111,51,-114,46,20
-110,-14,-96,-90,-7,-90,32,32,-22
-50,4,106,-13,-25,-55,-68,-110,-6
2,28,124,-119,67,-118,-126,-30,44
26,-6,64,118,79,52,20,46,104
24,84,64,-60,65,-36,12,-94,82
24,60,-80,59,-10,9,-6,92,-50
68,-120,-48,58,103,-24,-42,84,32
-30,-114,16,60,28,-102,62,-108,18
50,36,-42,-96,63,107,0,-1,0
0,0,2,75,-21,29,0,-1,0
-70,-34,-108,20,10,-55,58,86,102
-110,68,50,-32,-1,98,54,84,100
-114,68,40,68,59,-110,-78,4,-98
72,0,94,-30,-92,60,-14,-34,-52
-104,48,8,100,-18,12,48,-16,-2
-66,-40,8,22,38,-32,120,36,12
-16,0,-54,-73,-11,50,-72,-1,-36
26,0,-66,-46,45,81,62,-1,-66
-6,-4,-94,-24,121,21,74,62,-128
-46,-106,-116,-40,4,57,58,-94,-64
20,30,-106,88,-4,75,18,-8,-76
24,70,-30,8,88,-1,-120,106,-26
116,-20,-104,48,-58,103,-4,14,60
-88,-62,126,4,24,78,-28,-102,-104
-94,-56,36,-25,25,-35,-2,-126,66
30,-32,30,-115,-41,-62,102,-86,96
68,100,-94,94,76,10,82,34,52
-16,32,-68,-95,41,11,-82,-10,126
8,-62,28,40,-27,13,-122,108,76
52,-112,44,51,-112,39,44,108,44
-60,50,-82,-104,-94,-43,36,-10,62
-24,-10,-118,-55,81,29,-80,12,54
-126,38,58,30,48,119,96,82,-94
-118,-8,-6,85,53,-20,14,-62,18
-22,-116,-126,-97,-10,75,-64,50,-128
56,-42,-10,125,-90,-29,-120,-86,-66
64,-12,-116,-31,-98,115,-22,-80,-90
-56,-104,106,-26,91,-46,-52,-12,104
-28,62,12,-125,74,97,-110,-98,126
-42,90,74,-86,98,-110,-90,-26,60
32,112,-32,8,38,9,-28,-92,52
-56,-34,94,-20,50,-12,56,-6,-52
108,-74,-6,15,91,-109,-82,86,-66
52,4,-124,-30,99,68,-50,56,-64
118,-46,2,104,102,70,84,72,-104
-4,52,-48,95,89,55,-30,6,70
20,-70,104,84,60,-17,18,76,10
108,-118,-72,65,81,-40,-56,-80,34
-94,-92,14,127,-85,-74,8,112,124
38,-36,24,77,-125,-115,-68,24,126
44,116,-4,30,33,101,-110,108,56
52,106,-42,25,-51,98,108,-54,70
28,-20,-62,85,93,46,32,118,82
-30,-18,-122,92,62,53,-98,-64,-78
-80,-12,-80,89,-116,18,-122,20,-48
-120,-22,12,69,122,8,44,-36,-56
-12,96,10,72,-54,110,-64,100,114
-58,-120,4,64,-5,125,-86,58,116
0,40,-14,18,92,-45,66,-126,112
96,-10,6,42,123,-40,28,82,90
-74,-126,76,-14,-116,-15,-34,-78,2
10,-38,-94,22,-90,-11,-96,88,114
-106,44,-126,27,-100,40,-110,-22,-68
22,-116,-126,-111,-117,34,60,58,112
38,36,-66,-52,-13,-52,52,10,84
112,126,-26,52,34,-46,26,-114,56
-72,48,-80,-15,-73,127,-118,118,-104
32,-76,-122,-17,86,93,52,-44,-86
30,-44,64,-113,-1,47,112,-12,-82
-44,-10,32,18,67,72,14,-112,-12
-28,-102,-110,56,-113,-17,-20,28,80
-12,106,-110,39,106,-64,-118,68,42
-18,-2,-42,-86,-29,97,-110,-70,88
-94,-4,78,-44,-71,10,48,38,-84
120,-104,-72,-91,-44,-22,42,-88,36
40,66,66,-35,118,101,104,-80,-22
68,-122,-46,16,67,107,12,118,74
-54,-62,-100,-17,122,17,-114,-78,-64
114,-98,-56,81,42,112,-104,-46,-12
38,0,-102,-111,77,-46,124,12,-14
114,106,-62,-114,94,-60,120,-1,30
16,104,-110,-122,16,46,-84,-1,2
34,-74,-14,83,31,-25,26,122,-120
2,50,78,-124,-18,39,-100,64,-76
-50,92,92,0,-30,-69,-108,-108,-28
-98,-114,-128,94,112,12,-16,-92,-40
-80,-54,8,-105,6,58,-54,42,74
-34,12,16,-20,-66,-16,-110,10,-70
-78,122,-76,-42,61,92,-98,116,34
-46,78,-118,-38,119,-117,-34,20,116
-20,-16,-36,-88,75,113,50,-92,48
36,84,42,36,-119,-105,-8,124,-68
42,44,-100,15,-118,-3,120,-94,-126
-64,72,-112,-40,114,-21,-58,110,-16
76,6,62,-7,-88,23,-6,-126,-104
42,10,28,114,59,-68,56,60,18
10,-78,48,-107,59,-101,-72,56,-70
-40,-118,-122,-92,66,48,106,-52,18
-8,118,-88,-35,-125,9,100,118,-22
90,-56,124,-29,-54,91,110,18,28
78,88,24,117,-73,-15,44,108,98
-36,88,-46,-28,-9,91,86,82,72
70,-78,4,-84,-93,-89,24,102,-10
6,-94,-74,90,30,-100,50,74,-82
64,114,50,-102,-28,-73,36,80,8
70,118,10,-60,-85,114,-70,126,-46
-60,-116,8,1,98,-108,92,94,60
94,28,-76,39,-2,82,-58,56,-118
32,-80,-106,-17,-98,-111,-108,72,-38
-68,-118,44,-118,99,-101,-106,-50,-94
120,-78,-38,-123,39,-128,-56,30,8
-58,62,-28,76,2,108,70,-28,118
18,-44,10,22,4,-68,-70,-126,32
-106,60,32,9,53,-84,-116,-44,-30
-110,-102,24,61,98,84,66,-10,-10
-46,-82,38,28,70,86,52,-92,-66
-80,70,122,31,19,-119,-18,38,-92
50,106,28,15,-55,-119,-6,-112,30
36,-102,-24,-18,-25,-20,120,-100,-56
16,122,-44,44,3,-67,46,122,22
-86,-10,-46,-52,-22,-27,-94,-42,-106
58,-120,114,-39,-19,-68,62,-126,-54
92,-104,-106,-30,36,-93,10,62,100
92,-114,110,51,111,-92,18,-20,94
-46,-118,-28,-54,-95,101,-66,42,110
102,-24,-2,-44,-82,105,-102,-38,-116
-110,-8,-8,64,120,74,14,-14,-92
-106,-120,68,4,-83,-17,-54,16,122
2,-34,106,-73,-21,-43,98,84,64
40,-76,100,-45,0,-47,108,114,-32
108,100,-84,-55,36,-49,-110,-116,-18
-92,82,-10,-35,111,-10,-82,-2,98
118,-48,20,-15,124,-103,42,-66,-50
-22,96,64,-3,-89,-53,-102,-110,110
120,-22,-114,22,-57,77,8,-108,-10
-74,2,-76,-64,-45,-107,-102,-32,84
-46,78,-42,-119,9,7,-54,84,38
-6,-4,14,52,50,-119,12,110,-60
24,-14,-118,92,29,29,-76,10,62
50,-34,18,26,-50,40,-58,4,26
80,4,-118,33,-1,-11,108,70,-100
54,-32,-60,-33,-21,-115,78,-2,-82
-126,-12,100,-10,-102,-16,8,8,-94
-106,-86,120,-102,67,-18,22,92,-4
-92,-100,-54,-114,90,75,-56,-78,122
-52,-18,18,115,-108,62,-110,18,56
50,-124,92,-107,-106,118,-64,30,100
96,26,-58,42,-32,-20,-68,-16,-4
8,34,-114,-60,107,-16,-64,-16,98
-74,-34,-98,10,92,61,94,92,20
76,-68,56,88,73,77,14,58,84
56,18,84,101,-118,-43,-22,-8,28
24,84,70,-72,56,-73,-44,78,14
104,26,-74,53,77,-56,-106,48,-28
30,-36,76,-19,27,-20,-102,-100,-20
-122,-30,-66,118,19,-23,-124,66,84
-6,38,4,-111,65,10,-4,8,-34
-118,-82,-42,-120,115,23,80,62,58
98,24,102,-78,-91,-97,-60,56,-120
68,-56,-86,-30,77,-21,4,68,62
-30,-120,-128,52,10,-92,96,-80,32
88,92,-80,106,-127,-78,-114,-122,-34
52,112,6,-64,-23,-5,42,94,-60
-26,-120,44,26,-39,115,-32,10,92
-40,-90,98,-73,79,34,-72,50,-30
96,-122,124,-73,13,101,40,64,86
76,94,6,31,50,68,-88,-56,-90
-82,-76,28,85,-38,110,82,-78,-42
106,-24,-90,-2,-44,-116,90,120,-118
-40,80,-16,31,-18,118,20,92,104
4,22,36,-68,-85,0,-18,-22,124
-62,-48,112,24,-101,-117,-74,-36,-124
76,-32,-38,53,93,-41,-82,-100,-102
12,-50,-78,-48,-90,-40,-114,-44,108
18,-86,-90,-26,-10,49,0,-14,86
120,-100,-12,-1,-56,57,4,-60,-126
-94,-66,-110,22,-62,-29,124,-8,-44
-60,40,38,56,119,-28,-86,-56,-112
-98,70,-120,100,18,110,-102,-108,-14
-40,86,-74,-128,19,113,104,106,62
-30,-76,-4,-76,-31,-4,82,100,28
-42,34,-20,-36,-25,-9,-124,10,50
-74,78,80,56,64,-17,-72,66,-6
-112,86,122,35,-127,-23,-50,-116,40
30,-124,-32,102,14,3,-12,-48,76
82,120,46,109,3,13,-106,-56,8
22,-98,-112,-109,2,96,-76,48,114
-110,-2,-60,119,-2,111,-24,50,92
-114,36,94,102,66,27,-100,50,84
-40,124,122,118,79,35,-6,18,-62
-82,-90,118,94,-51,110,58,-116,64
-102,-68,-26,89,-62,117,-20,-112,-108
28,-88,-28,-41,9,116,-56,-98,-114
-126,122,112,-13,-20,126,8,-42,-80
74,88,96,-101,107,-125,-56,88,68
26,-52,56,73,-51,-82,-92,-118,98
10,-78,38,-54,-4,24,-24,-30,74
118,4,100,-117,37,89,86,-44,-94
50,76,96,-70,44,-55,6,-76,38
-94,100,-8,-93,-86,8,-126,94,-92
34,38,-16,99,37,11,-78,-66,2
-118,104,56,-62,44,108,-20,-2,18
44,-50,-56,91,40,-65,66,94,64
-108,50,-90,-107,69,75,-44,58,-32
-104,78,-58,-40,-35,-17,-30,-126,58
60,-58,88,74,-15,-40,-110,96,62
-18,-14,84,30,121,-64,82,-76,-24
-20,-24,-8,-16,-43,-58,-44,-118,32
90,46,-42,-79,109,117,-20,74,-2
-88,4,-6,36,34,-61,-110,84,-44
70,-16,40,44,-62,-82,120,106,-106
70,-72,58,-74,37,-17,-48,48,-84
-20,-26,-52,-20,-54,-56,116,8,-70
54,-90,56,40,-18,-47,84,-72,42
14,36,-108,-66,45,-39,-66,48,34
30,-56,90,52,3,-50,74,70,-30
82,106,-52,33,93,97,-128,-46,78
70,-82,120,-33,-29,-95,-22,-80,-104
72,22,-128,-89,33,2,34,122,-22
98,-42,0,75,-95,31,34,-94,112
26,-108,20,-73,0,-59,-124,-76,-62
-30,126,-88,10,60,33,74,-124,110
-14,50,-20,-123,28,98,100,122,-30
52,50,-8,38,67,-4,-90,-124,-80
74,-116,-70,123,-109,-56,12,-18,-74
-36,80,-62,-82,-12,55,112,4,70
110,-118,-104,-70,37,58,-10,-118,-64
-68,-44,-12,-56,68,114,-108,-12,-92
-124,-102,-92,62,-43,52,58,4,106
72,124,98,-1,97,109,48,-114,-66
70,-48,72,-76,-73,7,-100,-56,-48
-78,122,-66,18,118,-59,62,66,-34
36,-44,-16,31,88,-22,122,-108,-66
36,86,-90,-13,37,-103,98,-104,124
-14,14,56,52,-15,-72,-38,-40,-106
-18,68,12,65,71,-82,-50,-80,64
18,-100,-82,25,27,-16,-30,0,-106
40,-94,-20,47,30,33,8,6,-46
30,-116,38,-37,-128,-79,-86,94,8
-30,-40,8,-17,127,-75,-56,48,72
112,-72,-16,-57,-125,-117,42,-34,82
-120,-106,30,-41,66,-119,56,-48,-112
84,-22,-8,75,126,17,-90,90,-94
-58,-86,4,73,32,7,18,48,-48
-102,-116,80,102,97,-116,102,-120,60
106,116,-128,101,81,-111,-20,-94,-52
90,66,4,-4,-88,-31,106,98,-66
48,64,-16,40,-127,-54,-54,-10,-80
50,20,56,-62,-9,83,34,-38,-24
6,24,84,-90,-27,73,-102,98,-40
18,4,74,-125,-67,3,-94,-6,94
6,-72,-88,-118,-55,-11,100,-116,122
-62,-108,-10,-101,-37,-121,32,-126,22
18,8,74,117,-51,95,70,-18,2
78,36,122,57,17,0,-8,-80,-28
48,64,-20,101,17,-38,-40,122,-8
-14,-56,-34,-66,50,-31,80,28,14
-16,-26,34,1,-127,-57,-2,-38,-84
10,-120,-2,56,13,-111,26,92,-22
10,78,-28,50,-81,-93,68,30,4
106,-34,58,6,-97,117,-120,-104,-6
-68,-8,112,-29,-80,-101,-58,-76,50
74,0,120,19,-70,45,0,-1,0
-88,0,-54,41,90,-103,0,-1,0
-92,-122,24,79,-1,-13,-32,12,108
20,124,-38,89,94,-92,-90,50,-110
92,-80,72,-20,-91,-128,-124,-106,-66
-4,-110,-14,-5,-32,-39,118,48,64
104,-40,-72,25,-19,6,-58,-4,-74
16,102,88,-11,89,-116,40,-18,-80
44,70,48,112,126,48,-4,-104,56
58,120,78,13,115,43,66,120,46
-54,104,64,97,-105,42,112,118,104
40,66,70,107,58,91,-84,10,-10
-82,62,-86,-108,69,71,6,-20,-108
-24,-66,-98,-102,-74,46,100,-88,12
6,-108,22,-15,-63,-26,16,112,-96
78,-92,30,-33,104,0,-118,-26,-22
24,12,-26,31,16,81,-8,126,-116
116,-106,-44,0,-114,97,-4,-58,-106
30,52,96,9,-108,4,70,-118,88
-48,96,88,-8,45,-12,0,-78,110
-32,30,2,42,17,-120,62,-76,8
22,-68,52,-119,28,-3,-24,-24,108
-22,-28,-18,-120,-72,-3,66,74,76
8,-34,54,69,-26,-127,114,-90,120
-86,-18,-38,29,-81,11,-76,-78,30
20,-4,18,108,12,126,-84,12,42
80,-74,-52,-77,-101,125,90,20,28
20,-66,-32,-93,-123,-113,112,86,88
126,32,38,-10,108,-29,-4,10,116
96,-8,52,-24,-86,-33,10,104,-114
-76,-104,126,-58,25,42,-122,108,-2
-102,68,84,-119,113,-70,28,50,22
-38,-22,90,1,12,-8,100,60,-108
56,-70,-60,-28,-98,-97,56,-122,-110
86,2,-104,48,55,-5,-4,50,-126
58,56,-118,-34,101,4,104,92,-116
122,58,58,64,55,-36,-42,-36,78
0,-114,-116,90,30,-3,16,-86,0
-18,-120,0,19,65,79,42,108,50
-100,-68,18,45,-16,120,26,42,64
-48,118,-76,9,-77,55,102,126,104
64,88,38,56,-80,104,-108,-106,-30
-72,-16,-16,41,-28,-14,8,114,56
74,-2,4,78,-69,16,24,80,98
-36,-12,-70,23,51,-79,-80,-124,-86
4,2,-42,51,108,-81,68,80,10
-8,-90,-44,4,-40,-24,-18,8,-30
-112,40,-24,43,-10,-3,40,-46,4
12,28,104,-72,30,-112,58,-76,-82
-32,-118,82,-122,45,-103,46,114,-66
106,56,-12,-5,-66,-59,122,2,108
22,72,38,-9,-74,-44,120,60,96
-88,-10,-44,97,-71,91,-54,-128,52
82,62,70,109,-105,102,-54,-110,62
56,16,74,71,-126,109,84,118,110
-84,-86,-38,100,29,108,-6,94,-98
58,-78,-22,-17,-23,-24,116,14,-90
118,94,36,57,20,7,48,124,-74
-100,-16,-22,49,-1,30,120,-74,108
16,118,16,111,117,111,-118,8,18
-110,-28,-110,22,-52,-110,-128,-22,38
86,-2,-36,-125,-92,121,34,-88,-54
-62,0,92,18,-110,-74,-8,-72,-24
104,0,122,78,13,-58,66,-1,0
-88,16,0,-93,86,65,-94,-1,0
18,-112,114,84,5,127,-108,-1,0
-106,-48,104,-59,24,-110,96,-1,66
60,-110,-20,73,113,-21,22,-1,2
110,92,104,84,-84,30,28,68,56
124,-40,50,93,115,118,122,-28,-60
66,28,94,-5,-47,-13,-98,-54,4
-90,82,36,51,126,-10,42,-2,-82
8,6,-26,92,-108,-14,-80,-2,-12
-110,-12,-88,97,81,-65,116,94,0
-24,26,-80,-15,-63,20,-90,-82,-64
74,-98,-118,-111,-95,89,-58,50,18
98,50,-124,-87,56,-52,76,0,-68
-94,-46,24,-11,27,-43,-102,8,-46
-22,-82,14,-76,45,-67,-58,100,102
-54,52,-100,27,-93,-27,-42,92,20
116,-48,106,-20,18,-87,-126,90,-108
4,56,-22,59,96,-38,-6,90,30
-100,-68,-62,102,88,127,-46,2,124
-84,-18,-40,20,114,-35,102,104,-22
-48,-98,36,34,93,-89,-120,74,92
-66,122,-16,39,-125,51,40,-20,30
-66,26,126,84,103,-14,92,108,-58
80,64,-70,-98,-89,118,-26,-14,22
-96,88,16,14,-84,53,4,62,20
14,-120,-2,-44,-8,-124,-26,10,70
-42,92,-6,4,-125,-60,-94,-76,14
22,98,-78,-51,45,-84,68,-4,4
30,74,36,-2,-76,104,-66,-54,102
78,-118,80,9,-86,-2,68,-68,108
76,62,-108,106,27,116,84,-102,112
-42,-90,48,104,-97,58,40,-70,-110
-2,-66,-42,-107,34,94,26,54,0
88,114,30,77,82,76,0,112,-68
72,112,-54,-125,121,-120,24,24,72
108,94,42,-124,102,-100,50,42,0
108,-82,32,119,29,119,-72,-22,-22
116,-60,28,-85,-97,94,-104,-30,-66
66,70,-16,10,-123,81,-110,-52,38
70,-66,-34,-116,92,90,-102,98,80
-42,38,60,37,4,70,70,-80,58
90,-2,-118,19,-31,81,0,42,-40
22,-124,120,-47,-2,-119,42,54,56
-124,-80,64,-49,111,-123,54,-44,26
24,-30,-100,34,-27,-20,-114,-38,84
-14,102,0,38,-68,-47,34,-64,72
-64,-102,118,21,55,59,-30,112,-24
-78,-18,54,-43,30,48,-26,22,-2
94,-12,-34,-101,11,-51,52,-106,38
-120,-66,-66,-87,-62,-73,-128,68,72
12,6,60,-107,19,94,-116,-74,16
56,-42,116,-52,-9,59,-68,-36,-102
-58,-8,-88,8,-13,121,-94,88,-74
64,-16,10,115,9,113,-86,44,-60
-78,60,-122,-124,40,-103,-76,-10,88
-100,120,-52,-48,97,-80,-14,-18,50
-114,-50,-50,4,45,-47,-70,-14,24
-24,52,-34,-7,-97,-24,112,4,-16
-90,-98,74,51,-40,-126,-44,88,-12
-74,-36,-60,125,-82,-117,-108,86,10
-48,-34,104,32,-65,-6,98,-102,46
40,-112,-108,23,-37,124,-12,-96,-90
0,0,68,71,-102,-12,0,-1,0
0,0,106,101,52,-70,0,-1,0
-12,0,-10,50,-1,25,102,-1,22
-16,0,58,59,-1,-113,-50,-1,56
58,-82,-40,-61,38,-16,-58,-1,44
-40,126,-114,-64,-126,74,40,-1,116
-40,0,38,-45,-37,10,-2,-1,-18
-4,0,-68,72,-54,38,30,-1,-82
68,0,82,79,-22,-114,54,56,22
-6,0,6,126,13,-25,54,-112,68
-26,-32,98,99,-106,-92,-62,-120,-52
4,-34,88,7,-55,-102,-80,64,68
-26,-24,-88,-124,118,-44,68,42,70
22,66,42,112,-80,-18,-70,124,-28
-96,26,20,57,15,62,84,-86,102
-70,-64,100,-2,-61,-41,-24,-46,104
-44,66,16,90,-3,-15,-76,24,-20
-20,24,6,73,99,-38,26,-86,-58
94,22,-10,95,77,25,-120,108,10
-86,-26,-124,15,-63,13,-108,-126,20
-36,88,-48,45,-99,56,46,-64,-34
0,-24,-8,115,108,117,-28,-70,24
-118,120,-36,-70,-8,-7,-34,-4,-26
24,-40,122,-45,-7,-65,86,24,28
106,104,42,31,59,7,44,8,28
-52,92,4,29,78,-62,-126,108,-104
-72,-78,-14,-6,96,22,60,-120,-58
-78,18,-42,-29,-78,82,-28,56,-28
-102,82,36,-33,69,18,36,116,124
78,-86,-28,16,113,-74,124,26,62
70,-34,-88,46,5,-69,66,-24,118
24,-66,62,83,90,42,12,28,106
82,-40,-24,-71,27,-113,22,-56,-64
-94,52,-76,-54,-12,121,18,4,-108
60,48,108,-11,49,-15,44,-48,-44
10,100,86,-107,-78,21,-46,92,-68
52,-106,-50,5,-123,-28,28,50,-120
56,66,-16,-63,-12,31,-108,54,-108
118,-126,50,105,-77,103,-104,58,-52
-100,98,36,98,-112,115,60,74,-42
-70,-52,-66,-30,-19,15,40,78,58
-96,-46,62,17,-13,23,-124,-44,-18
88,-90,38,-79,112,-18,-26,82,80
54,116,32,9,-53,4,48,-70,122
56,-98,98,-123,60,-17,114,-90,-96
-86,42,118,-23,-126,-6,-98,108,84
74,122,42,-23,-52,-88,82,114,-100
-76,-96,10,-18,-22,-97,-104,-14,86
-18,64,28,32,-51,-98,72,-48,-20
-2,-54,54,-122,54,-79,-128,-26,-50
14,50,-72,77,-22,-118,88,96,74
-106,96,-32,46,38,123,20,-10,-100
96,30,-30,-119,86,67,-8,10,-54
84,-122,38,-91,100,44,-68,-44,-76
-10,-18,52,30,-7,68,-28,-108,-14
72,-122,68,51,29,58,88,-62,10
104,-10,-114,-36,-30,-114,-120,74,-48
116,-6,-10,-10,-28,121,52,10,14
-54,64,122,-17,9,121,28,4,14
100,-92,54,10,74,90,8,-70,46
-40,32,-76,53,-77,31,80,106,88
-20,-40,74,24,59,8,28,-32,36
112,48,66,-103,-102,23,-102,-74,-30
12,98,-92,28,86,-105,-12,60,28
44,-50,38,9,-108,-46,0,-26,-6
-108,72,50,1,-67,-99,22,-1,-76
16,0,66,-124,-65,71,-50,-6,-88
80,0,-32,2,-119,-114,8,42,88
-14,-82,118,-41,0,-120,78,72,50
66,-88,-4,-32,-106,-118,-52,-1,-36
-116,46,-66,99,-128,-121,46,-1,-116
82,-16,46,26,-56,2,-14,-1,76
-56,0,-34,18,99,-79,10,-1,26
16,0,-122,64,-54,-61,-84,-1,-58
114,-74,94,56,-66,-6,92,-76,-8
-20,28,-54,127,93,-37,-66,2,-72
-62,110,76,79,-80,9,-118,80,-88
-12,-118,12,104,113,119,66,-92,2
-10,-38,62,123,79,-20,58,-48,112
12,72,54,-53,39,-124,36,-12,74
102,102,-46,-49,-14,58,16,4,-116
-78,44,26,-14,-92,-81,-116,34,-70
92,-70,-10,-19,-27,78,-88,28,-114
-110,-52,52,90,-112,-109,118,-2,38
2,100,-48,46,-99,86,120,-68,-76
-78,-90,118,94,-86,101,58,-72,-66
-112,-76,-120,71,86,-48,-110,92,-66
-112,94,70,32,71,-48,40,-54,48
-52,-16,-86,-15,53,-34,-62,-126,-58
118,4,60,-14,-27,96,40,102,-102
-8,-40,-96,-44,101,-99,14,18,-78
102,-44,42,-21,45,66,122,86,32
-52,-64,-110,-29,-29,75,106,-12,-112
20,-108,12,-125,111,61,-6,-64,-62
-112,54,-124,106,-45,-16,38,-118,-40
30,72,-102,-75,50,-107,52,30,-16
8,-88,-34,-21,110,114,-26,72,-76
120,-94,102,-42,-12,-31,66,36,-10
58,-82,62,-13,-34,99,-52,-94,62
-126,-30,12,-28,71,110,-18,-60,14
-8,30,30,67,125,-65,-50,-60,82
16,32,-64,99,-86,-27,40,-98,-126
-128,80,-76,-45,-40,124,-86,-20,82
-50,-76,26,1,110,-104,92,66,-72
-24,-44,-86,57,127,118,-8,72,26
-14,100,-50,-111,106,-121,28,80,46
48,86,-48,42,88,-114,34,-128,6
-104,10,86,87,-116,-74,52,54,-118
26,100,-16,125,-73,-23,122,114,50
-18,68,26,-110,80,20,-52,-112,-72
-94,14,30,17,-17,14,30,-42,28
-88,-104,-96,4,12,-15,72,-54,114
64,-74,92,12,15,-20,-104,-104,-38
74,76,4,106,-121,-46,-110,-46,78
-94,-128,-66,-63,69,24,68,-96,2
10,110,108,-108,18,2,90,-64,26
36,-12,58,47,38,83,84,-58,-62
20,-96,-58,97,3,56,-4,82,118
-124,118,96,-31,87,56,-8,-126,52
8,98,-74,10,52,-3,-64,-110,-62
94,-62,14,59,3,114,-4,32,106
38,-2,-18,114,-23,73,-50,-122,-80
-12,116,42,-43,83,10,-20,-86,82
-90,-80,54,-32,56,-57,-102,-4,8
64,46,108,-47,125,-40,-80,-120,-58
8,108,-26,-59,-74,-116,-128,44,74
-36,80,-104,23,73,1,-112,-110,78
-116,-96,64,-92,-7,-23,122,-34,-116
62,-54,24,-121,61,-39,104,-118,56
42,-56,-116,77,97,-106,-32,2,32
-70,-64,84,117,-43,94,12,22,-86
68,82,34,16,-32,111,-22,-86,82
122,-76,-92,68,-81,-47,0,-1,-32
46,-32,-72,-127,25,-6,88,-1,-40
86,-82,-116,-57,-60,108,78,-1,-16
20,-20,-34,32,17,5,-60,-1,-114
100,58,-36,-3,78,121,-68,-1,48
-24,112,110,126,62,-104,42,-1,-52
-108,118,122,35,-43,-107,-62,-54,-36
38,24,106,-79,88,56,-38,96,54
122,-100,66,25,86,-48,-82,-24,-80
124,74,-110,-92,-78,46,-6,-36,-102
40,34,8,-67,72,66,-44,-36,-94
-116,-100,-6,127,100,38,26,6,-24
-126,-2,94,-72,-81,123,82,70,116
94,70,-20,107,37,81,-62,-46,-6
-26,-2,-126,32,-111,-110,104,-98,56
-44,94,10,46,-128,-51,124,112,66
106,-116,-124,7,-36,-13,48,110,-24
96,-82,6,106,-34,14,-50,-40,-76
-54,24,-30,-32,-61,-108,-44,-100,72
86,32,88,-27,-121,-99,-26,114,-30
-24,62,26,-93,92,-111,-80,-12,-106
6,-46,-20,-63,108,-46,76,12,-38
16,-72,-124,123,-34,109,-22,86,-48
88,-122,52,-37,-13,-22,-58,-92,-58
48,-38,-64,-76,-83,-86,-8,-98,-36
14,20,-58,-63,-103,-10,60,-92,106
-4,126,-48,17,65,-48,78,56,102
86,-32,-12,66,-88,-2,28,-124,-10
-66,-54,32,-29,75,117,14,-62,86
120,22,20,99,-25,12,-76,98,-50
94,-124,86,-19,21,83,-20,12,-110
-112,32,-20,-45,27,28,-54,-4,16
-2,-76,96,-123,95,73,-54,44,-78
102,58,10,-125,-26,99,114,6,-28
74,-70,-50,-27,127,-73,98,-110,122
62,-4,-32,-35,-80,-42,-90,122,-70
62,-40,124,53,8,-110,62,120,-58
-78,-78,8,99,-78,-97,2,114,82
-88,-94,-54,121,16,-61,18,114,-50
-44,-82,-114,-71,23,-52,4,36,56
-46,-14,0,108,102,-115,-26,-34,-24
-56,-90,88,127,36,-93,48,88,38
-86,90,-120,-77,103,11,36,-42,2
-110,-62,-68,-60,109,11,42,-120,12
44,-4,104,-11,107,-112,-74,46,-8
46,68,36,10,-97,-86,74,18,-42
-22,24,76,-93,34,15,-30,-54,106
-44,-38,-72,-115,95,4,12,-28,88
-110,54,-36,-78,-85,-2,-42,96,102
-78,10,-6,-12,28,-14,-70,-48,-116
-44,48,-86,-62,86,62,20,112,-34
64,-68,66,-38,50,26,16,-16,-24
-14,98,76,26,28,-72,-42,-46,60
100,78,112,89,-10,-106,-68,114,0
74,52,104,54,7,106,-94,-8,108
-38,-76,-44,77,-30,51,124,-2,0
62,112,40,-68,109,-39,112,-50,-120
122,16,34,-80,-127,-95,74,22,98
-68,28,106,9,-77,-89,12,100,106
120,-40,-118,0,-7,112,-22,-64,-2
84,-122,44,86,38,68,102,-102,22
-6,-122,106,-44,-96,4,92,70,-98
-118,70,46,22,107,-17,58,12,84
86,-12,98,-96,-10,-120,-60,68,-44
22,0,106,-71,-118,71,-2,-1,-18
-90,0,-76,113,59,102,-16,-1,-16
8,0,-14,-31,-31,123,-52,-1,-18
-62,0,28,-27,-98,-26,94,-1,-40
-76,102,-106,79,51,90,76,-1,108
74,114,70,64,70,-118,102,-1,-102
124,0,124,107,-7,80,102,-1,-74
26,0,24,66,115,55,0,-1,-122
-20,48,84,37,80,-127,-10,-96,-32
-14,60,-94,35,-27,100,46,32,58
-10,112,34,-123,-92,40,72,116,30
76,42,-58,24,6,-86,114,126,76
-54,-26,-114,122,80,6,16,-72,74
106,-14,52,45,-41,23,72,100,122
12,70,-88,122,-5,34,-60,-12,-80
-34,96,22,-39,119,-123,-94,-36,72
24,-94,58,56,116,12,64,110,-44
104,80,-14,-104,71,78,94,-128,-44
-90,8,-104,-83,111,-101,-22,-28,-86
-114,-128,-92,14,89,-65,108,62,-124
96,-42,-118,90,-14,98,-38,-56,-30
-128,38,92,-31,76,-107,-102,-64,56
30,98,-112,-78,35,14,-92,108,100
96,70,38,50,-56,27,6,28,-32
46,120,2,-82,6,47,28,52,0
102,-72,-56,2,-106,80,52,34,70
-68,96,26,91,45,118,-106,-46,-74
-44,-12,12,-67,3,37,86,-92,108
-22,10,-128,2,80,-20,24,94,106
-72,-16,-126,24,121,43,2,-126,-16
-100,-14,-82,-15,11,106,58,12,96
-16,32,-42,-98,84,32,-22,70,82
-114,52,-4,62,65,23,-56,-102,-92
-46,58,-8,33,-28,53,-108,28,96
92,-80,120,-119,89,-47,30,50,-10
-126,20,74,-103,-32,-17,2,-80,60
40,-78,74,-70,8,-99,-128,40,-34
68,-58,-108,-21,2,-85,-56,-40,-62
50,54,-94,99,-58,-33,-126,-24,40
122,-48,100,-38,-36,-18,-8,4,72
68,72,30,-81,38,-117,-32,-124,14
6,66,-116,-3,-48,-101,-2,116,-6
-4,-86,-66,-59,-83,89,14,108,-32
108,6,38,11,-20,110,-36,54,6
36,-30,-100,-92,0,36,-62,-46,50
-108,-72,42,-113,-51,31,22,-84,-98
104,-48,-118,25,18,11,16,-122,88
-40,-94,2,51,-22,7,42,-90,-104
-62,-16,30,-128,-50,9,-86,-92,58
-24,104,104,126,-43,-2,-14,38,126
88,26,-66,127,-84,-73,-86,-92,100
50,-94,86,-114,-121,-84,-78,-74,76
-4,-124,76,-25,39,-94,-34,96,102
-104,64,48,38,16,-80,-104,-106,-94
114,10,18,-44,89,12,4,-6,-24
2,-24,14,-15,23,35,-20,110,-58
-34,112,100,44,-31,-117,-20,56,-26
114,82,-86,70,-76,-105,104,82,48
-48,-12,-102,-93,39,108,-2,74,78
4,116,-58,-107,50,101,-124,62,18
104,-62,106,-38,-39,-114,-122,2,-26
-38,0,-2,108,90,-100,-18,110,98
-78,84,-116,-60,14,119,-126,4,34
68,-98,42,-109,111,-116,-50,-48,120
-14,0,76,21,-91,-126,-20,38,92
-86,0,-14,12,-66,-11,-8,-38,36
118,0,104,29,-1,55,64,-1,70
20,0,-104,-98,-1,-58,46,-1,-94
2,-98,82,-55,10,75,82,-1,-90
64,-110,8,-66,22,-98,-84,-1,-48
-92,-78,86,-3,98,-96,-106,-1,-102
94,116,74,-84,-70,-47,-58,-1,-50
16,0,-30,-122,69,-2,98,-108,-78
-70,0,50,33,32,-102,116,58,-80
-120,-112,120,92,-86,81,86,40,30
-6,22,40,-52,-46,-2,14,2,-56
-66,-22,4,-83,-69,-25,40,62,120
80,18,96,-10,88,23,-12,-12,-78
-64,-48,-50,-9,64,106,54,-128,22
96,-84,76,75,-118,81,44,-66,-66
-2,-26,-90,-11,60,-85,118,-56,90
6,-28,120,63,-5,-37,90,114,-30
54,66,16,95,-70,-55,-76,16,92
-44,46,-116,-128,-93,85,-36,-112,118
-14,114,88,40,-91,35,-88,80,-10
-48,-36,40,84,-102,102,-82,46,-30
100,24,-48,-92,-106,-93,-118,116,74
-20,-30,-56,85,6,-11,64,-112,-28
72,-34,-94,39,-12,-14,-82,78,12
-38,42,-104,-91,107,38,124,110,62
56,100,-120,-96,65,126,-46,100,-96
90,106,-42,-33,31,110,124,84,-6
-80,22,36,-37,-67,-68,50,-56,-126
-42,64,-2,78,58,47,-4,66,42
-18,82,-104,79,-61,105,40,12,-52
126,14,-102,-43,-105,-23,-16,-30,-92
34,-18,-126,-106,48,-49,-90,-66,34
30,20,-48,127,77,-72,108,-52,-104
46,66,68,-114,-24,68,-112,58,-8
116,2,-64,-114,-114,92,108,-118,0
-18,-54,-104,34,-102,10,108,72,62
32,46,122,65,109,21,90,82,12
-28,80,-10,-45,-46,-29,-42,112,24
76,-122,-36,75,-93,-8,-8,26,-114
-64,24,-66,-26,-121,-61,76,82,62
36,88,114,79,97,-25,-122,10,4
38,-52,52,-58,-68,-20,46,-90,22
-54,20,-36,-50,-110,-49,-118,-92,-30
108,-48,10,-84,63,-108,6,112,-68
26,-28,-58,-110,3,-104,92,-68,-74
28,114,-96,106,-19,-99,102,-92,-32
94,18,-84,99,91,-106,-52,90,-106
58,84,76,-122,-126,96,-106,118,-6
84,-12,-98,73,-65,76,20,12,-34
-122,76,-124,-109,55,111,84,112,4
-108,16,-20,-98,35,126,-8,-70,-28
18,-28,110,-21,-94,-63,80,-42,94
38,34,-52,32,-57,-53,54,-40,56
-80,124,-48,39,-87,74,24,12,-42
-38,80,-78,32,-109,72,62,-38,-108
-64,52,50,17,-26,-47,70,-12,8
60,28,18,-61,32,-81,-40,-74,-124
66,-100,82,-45,71,33,64,-70,78
6,40,58,114,85,9,0,60,-64
-120,-120,-78,-23,-120,17,-116,44,54
-84,34,78,-61,-62,-8,-112,94,-104
74,-8,-104,86,101,-43,90,108,78
-2,-66,30,-90,-97,127,-32,-1,-80
42,0,-1,-98,-82,-94,-70,-1,24
-24,0,-1,-63,31,107,18,106,10
34,0,-70,-77,-1,54,0,-1,6
52,0,-116,104,-1,14,0,-80,22
-24,36,34,93,7,116,100,-98,-8
116,-126,16,-28,-76,117,66,-1,-62
114,-118,86,57,62,92,112,-1,-66
-54,78,34,-38,-98,-72,118,-1,-62
-128,64,-120,-9,-95,92,-122,-1,62
108,-78,-8,-12,11,-73,60,-1,120
-70,-30,72,-108,127,-124,-44,-86,40
90,94,-50,28,73,32,18,30,-122
-26,74,-24,23,33,-128,-82,-74,42
-94,30,-66,-27,-97,-42,84,-36,-36
86,58,90,79,-102,18,34,92,-2
-98,-100,-42,-37,-2,7,-24,80,116
-128,54,-68,-26,-40,48,-78,64,62
76,-114,-114,25,117,114,-110,-52,62
-90,124,8,-82,78,40,76,78,-84
-102,40,-116,100,76,52,-120,-98,98
-34,24,22,34,71,-3,42,-58,-96
54,38,10,-100,46,48,38,12,34
72,86,-18,-115,-71,-103,24,46,100
-14,-66,-42,-64,-28,20,22,30,0
-58,-112,-110,-70,41,-39,78,48,-46
-40,40,18,-21,-96,120,-80,4,-124
74,-84,52,-21,124,-51,-38,36,-4
-70,-32,-2,82,91,-69,34,2,-64
-114,32,80,-16,26,-106,-22,-28,-70
12,-124,40,72,9,59,-64,102,-4
66,-40,-34,68,-5,81,14,-118,56
-104,126,62,74,84,-120,-58,56,114
126,120,46,55,56,-36,-76,-60,110
34,-108,46,19,104,-96,-46,6,-94
88,-50,-102,33,28,13,-120,96,-72
-78,72,-20,33,0,59,-84,0,-108
80,122,-82,66,-85,34,30,48,-82
-128,112,-102,124,94,69,32,28,-10
-78,70,-110,-65,116,83,66,8,84
64,-36,-70,-63,-43,57,-90,-4,122
-86,54,-100,-106,103,-124,-108,-34,16
-68,-106,-66,-30,-127,119,-62,100,56
106,88,-122,58,33,-13,76,110,-62
-102,-56,76,79,44,6,-40,-32,82
-80,70,124,-119,43,-103,52,76,94
98,34,-60,-66,102,-59,124,64,-124
92,86,-74,100,-90,-20,-84,-38,-26
54,-28,-72,-122,-40,6,24,56,20
50,66,16,-73,-124,113,82,-52,-122
4,56,-104,122,95,113,-98,-92,-34
40,22,76,-121,-60,-53,82,114,-12
-32,20,-98,124,-89,-60,122,90,-80
4,-20,112,29,65,-76,80,-110,68
-94,24,-26,4,28,-78,-66,94,-122
-8,-62,12,74,78,-110,-4,82,62
126,-30,26,-19,60,108,-10,2,34
14,-96,124,-117,73,-40,88,2,36
8,-48,-34,104,121,-22,-50,112,72
42,-74,96,-67,36,-115,44,68,-66
14,-60,-96,7,124,-52,-86,-68,-28
110,-116,44,-91,44,87,-28,126,120
110,40,42,83,-35,-31,82,34,-128
52,14,8,-78,-43,-93,28,-102,106
18,-70,-10,-77,-114,-72,-6,104,114
-68,80,2,52,78,13,0,-1,20
-50,68,-88,-105,41,67,0,-1,-8
0,0,46,72,-1,-93,-54,-106,102
0,0,-24,-99,-1,-82,82,-24,54
-122,-16,-96,-16,75,-3,-56,-1,-112
100,-8,4,117,124,-27,-78,-1,76
-42,20,32,-96,105,111,-128,-1,-26
-68,-54,80,-117,-57,-112,6,-1,40
32,90,42,-66,22,115,60,-1,88
44,0,-6,124,-64,127,-26,-1,4
-120,-72,-46,14,99,67,88,76,26
52,-118,56,44,112,-98,6,78,-6
-102,-78,40,15,-112,97,-46,-32,100
12,-114,-54,88,-52,13,-12,108,-108
-68,114,60,-34,-3,-42,-84,22,124
-80,76,84,66,17,-95,112,16,16
-100,60,-92,97,82,122,-90,-104,-42
-52,-54,-6,73,-57,94,-78,-28,20
94,74,-78,73,88,-75,-90,-74,-60
104,60,-110,42,70,-72,50,-32,-122
-58,-76,124,102,13,-5,-106,-34,-4
32,38,72,-119,-3,-14,52,-38,-104
-38,-8,16,-55,-96,80,46,-128,-70
42,-106,12,102,111,29,-84,8,86
8,-84,-16,108,73,-74,104,88,-36
-106,-126,-44,-91,-104,44,-50,-92,122
-64,48,62,-26,51,43,78,-100,-112
12,-100,-126,64,22,60,122,-60,-74
-28,-38,54,-107,70,-123,-116,14,18
-14,-92,-90,-51,-128,-90,62,8,44
94,-58,-74,-10,6,57,-20,-12,102
-48,-64,54,76,115,-47,86,-68,14
68,-12,-12,-62,110,116,-36,-94,-124
108,-104,-6,-85,46,33,-72,30,44
114,-34,-66,-109,-19,-69,-20,-112,-10
52,-40,-2,-37,-66,-76,-22,-62,-86
-24,22,-30,-75,-90,11,-92,-74,-116
124,98,44,-105,-122,50,2,24,-56
-34,-124,-124,-30,127,-113,-120,-46,-82
62,-26,68,34,109,-119,-88,124,0
24,66,-36,-90,-11,41,110,-14,36
64,66,-38,-15,23,32,16,42,-12
100,-24,-62,-84,54,107,-90,-82,10
34,-6,-6,-54,74,-121,-24,122,62
16,70,120,-105,-103,125,-36,-110,-54
-12,88,36,82,98,-115,12,98,88
2,34,-128,93,29,124,42,-48,-82
72,124,30,86,114,110,-112,-126,36
100,-88,42,-8,127,61,70,-26,-128
18,-12,-52,-7,-33,53,68,84,110
-28,-14,-100,-128,97,89,18,114,14
82,-104,-34,-90,-58,85,-6,-70,-58
-30,64,-34,78,-99,97,-32,-94,8
92,26,-106,58,63,106,-38,-52,20
20,-36,-20,117,-85,97,-6,-90,-90
114,118,-28,108,-91,56,-78,44,-96
-16,-72,32,-59,79,84,-40,-50,-46
4,-12,-122,-118,17,63,-34,24,-90
124,94,106,-26,-67,66,-60,-80,-16
-62,24,102,-76,-49,29,-96,0,-90
-120,-32,18,5,121,-127,86,-128,54
-88,78,-68,26,-34,-71,60,-50,-66
-24,86,-118,-125,25,-36,86,118,34
-22,-106,-34,125,-97,-7,-36,-66,100
-48,126,-76,32,72,25,42,110,-2
-10,-26,100,-122,9,110,46,-40,-126
0,0,-1,-128,47,-11,-102,22,4
120,0,-1,-94,9,121,-44,-16,0
18,-24,-40,127,-1,-98,28,-1,-114
102,82,110,-81,-1,34,-26,-1,-26
-28,122,80,71,-110,-121,-48,114,80
38,28,-18,-103,118,25,-58,68,-48
28,104,0,79,27,-96,28,116,-26
82,76,-72,19,-59,-78,92,-10,78
94,0,8,-58,118,28,60,126,-90
120,0,-114,5,120,-39,-124,116,92
-38,32,48,26,46,69,-76,26,114
-56,-32,58,-39,46,60,-72,-122,106
-124,-116,-126,9,-113,40,102,-104,-114
-24,-4,-48,87,111,-6,-114,6,110
-44,-12,52,86,-82,-5,-118,70,122
-80,34,104,-77,-63,-32,60,36,-122
16,42,-26,-73,98,26,-94,104,116
96,32,-34,102,-97,-3,88,-10,-58
-102,-56,-48,-119,90,87,-30,-8,-40
-104,-94,-110,-23,-105,75,-114,58,38
-10,-18,40,12,-37,-110,-44,-116,-10
-108,10,106,106,61,-111,10,-62,36
92,-114,48,42,103,5,56,96,-94
26,72,44,-29,-37,-111,46,-122,-44
-102,126,10,-80,2,-82,2,98,-90
-64,118,-104,57,83,55,-64,70,118
-82,-56,108,-127,98,-28,52,22,-78
124,-68,26,95,48,75,44,72,-20
-108,-78,38,-101,-126,65,110,-72,-20
-52,-126,84,86,47,64,106,-6,-94
-48,-66,114,104,68,-75,-60,10,-34
76,-50,-72,4,-26,121,-80,10,40
126,76,32,-115,-87,124,-42,16,-92
-58,102,-58,115,19,92,-30,-4,-106
20,-80,-20,-112,-15,74,-98,82,-64
-36,2,-38,-68,-43,90,106,104,-72
90,-60,-68,-44,7,-66,82,-52,64
-64,56,-118,-67,-124,-56,-100,-4,50
66,72,-116,-42,-124,-43,36,38,-98
-8,14,76,-53,-86,-41,68,56,-94
14,56,-112,46,38,-101,-120,-118,80
126,-8,90,71,56,-99,-66,10,-20
-90,94,-52,-11,-82,8,-126,-114,-78
-60,70,-96,-8,-121,14,-106,100,40
-68,100,90,-115,93,115,-124,-96,116
-24,112,98,-110,79,109,-126,-80,-10
-4,66,16,-28,-72,69,-100,12,-82
118,30,70,-66,-82,84,80,108,-98
78,6,6,74,45,-94,-92,-66,58
64,30,8,75,58,-111,-124,-80,58
-54,6,-126,-52,109,99,46,80,-96
-86,-32,-14,2,30,79,-2,80,-110
32,-94,-30,-101,-91,81,-94,48,-110
28,-102,66,-103,38,35,-100,-12,-82
-28,58,76,33,-38,-116,8,-74,-74
-62,-30,102,-51,69,-124,-38,50,-78
100,-2,-94,-6,-4,-23,30,66,80
60,56,124,8,71,-17,34,30,90
-22,-32,114,11,-106,-8,-98,42,124
-118,-60,-36,-30,-9,21,104,-110,86
74,-4,-20,96,98,-48,-94,-70,-10
52,16,-54,-36,-120,-6,-2,90,58
26,90,4,71,27,-62,28,-112,44
98,32,-36,36,-15,-89,-24,-112,26
68,-90,-112,83,-1,-24,116,46,-30
-112,-104,-58,-116,-1,-123,36,-1,112
58,-116,-24,25,121,-104,78,-1,-110
24,102,102,-28,15,-14,16,-1,-20
-26,56,-66,118,-13,-78,-16,-1,-90
-66,-2,-44,-57,-1,-40,96,-1,118
102,0,-114,-68,-32,66,-40,-1,122
-62,0,90,21,-28,12,-48,-1,76
68,0,-70,-51,-116,76,86,-1,-78
84,16,-58,-107,-69,-48,-66,-1,4
30,2,42,-4,58,-110,-26,42,-34
-22,-128,-124,71,22,55,-2,86,-88
-36,8,124,50,-19,15,48,-6,98
-92,24,-88,102,53,18,-122,80,92
-76,-80,74,-117,-104,-105,-16,-32,6
-102,90,-32,106,61,-120,-112,10,-14
52,-110,126,85,-13,45,-92,-70,106
-12,-84,-82,7,50,54,84,30,-80
60,-124,-76,13,119,78,26,66,-50
84,18,-24,53,114,-66,36,-84,-36
70,106,84,118,37,-10,-66,-22,72
92,-118,-114,-28,-62,-89,40,-10,44
-38,-118,118,-123,53,96,108,70,-88
-88,10,118,111,-61,-28,-44,24,0
-102,-10,30,-99,-58,119,4,28,100
102,124,122,-105,-127,-37,38,124,-22
-86,108,20,-82,-8,58,-88,-36,52
72,16,-100,-65,-65,51,-30,58,98
-86,-32,-18,-35,25,-82,86,118,30
-100,48,-108,23,107,107,56,-54,52
-74,100,-74,126,58,-86,-108,-78,-88
-114,-128,28,50,-95,92,-114,-60,-70
-112,-44,64,46,-127,2,122,-50,-38
66,-108,-76,34,5,-4,-66,-40,-76
90,-70,-96,-117,-81,112,-4,70,-2
-18,-36,-92,114,27,-115,18,112,-122
-100,-28,-36,117,-27,-69,24,118,-48
-124,-114,34,-93,-1,-66,-34,-74,-100
-84,60,-14,100,122,-67,-112,-72,-4
38,114,30,-88,-101,-46,108,-122,0
-34,16,-26,-39,-80,63,68,-10,-90
-30,66,-108,-75,-41,68,92,12,-78
78,-42,76,41,112,-115,42,96,-106
68,-86,58,50,116,-128,-70,86,-54
-88,-70,-42,-7,38,-15,52,50,96
-108,28,-100,21,88,-30,-88,-34,36
-106,-120,58,126,-16,-52,-8,106,-58
52,0,14,-127,18,-84,28,92,-64
-6,-98,84,-33,-83,-108,120,-36,-22
96,-114,-116,26,36,109,122,72,-122
-90,30,72,74,71,-2,-108,70,-106
102,110,80,56,57,-28,114,0,-102
-78,36,80,-39,-66,72,104,26,20
0,-60,-56,38,-11,45,-80,14,-82
84,-110,112,89,87,112,-20,-104,-14
78,-114,0,69,-94,73,86,108,-120
-122,-112,16,-62,-60,107,-54,122,-4
-66,78,-102,57,-44,74,104,56,64
6,-86,18,37,121,111,-10,-124,-12
-112,-92,-14,-6,-40,-127,4,100,-46
84,-14,-34,-81,83,75,24,90,-30
88,36,-100,1,-62,77,-86,-56,-50
-120,0,-30,-42,-17,78,-86,-38,-112
-88,0,-6,120,9,-14,66,12,0
48,0,-58,54,-1,-3,-102,26,0
66,0,-60,-42,-1,125,-98,-110,0
88,56,92,6,64,0,64,-1,72
-90,70,78,48,-71,17,-96,-1,92
64,68,62,-36,80,98,0,124,52
64,0,-14,26,-119,-23,0,-126,90
-84,0,-78,-26,-113,-49,42,86,78
56,0,-90,29,-4,16,66,-58,88
-90,-98,-110,-111,-59,-102,-20,32,104
-88,42,-126,108,-44,110,28,-70,78
66,52,-26,31,0,28,-98,-112,-32
112,70,-96,76,-79,5,-58,-84,126
-50,-88,42,-34,-116,-4,-16,28,62
-2,108,-50,-41,85,-68,-14,-34,-88
-90,12,96,-33,18,-75,-96,-100,-8
36,-12,10,-55,-78,-35,22,126,32
62,58,-76,-51,-118,118,32,58,-12
106,-78,-44,101,-95,-107,80,-90,104
-76,40,4,17,82,-80,96,126,-2
118,76,2,35,42,-50,84,52,30
-98,120,-110,54,94,-98,-118,92,0
-80,80,-120,-109,22,-73,48,-102,50
-42,-68,68,-77,-45,36,-88,82,36
6,90,40,10,-55,90,70,76,-20
92,-94,24,61,71,-71,-72,-4,-56
28,-102,-6,-7,58,48,42,116,-24
-42,0,84,-6,110,43,-128,-72,-122
-114,-12,-80,-22,38,92,-86,-110,78
52,14,-36,-7,83,108,-54,86,72
68,28,20,-47,109,24,-16,-20,-54
-42,16,-38,-21,-79,41,-42,112,34
-114,90,22,-19,25,-53,-94,120,-48
-28,2,64,-121,-119,-31,-106,52,10
72,6,26,-125,-61,-58,-120,36,6
-18,18,84,-84,76,-125,-40,-100,-30
116,-120,114,-80,119,-128,-26,84,-44
102,106,28,-99,1,-24,-124,64,90
22,-20,10,-70,-55,-11,28,-114,-120
44,-102,10,25,-118,-112,-96,-40,-28
76,46,-64,87,91,-93,-62,-54,-50
0,96,54,-128,-71,98,106,4,-90
-44,60,6,-98,-66,103,-42,-64,-6
-18,106,50,-8,-23,-29,52,114,44
82,-88,28,-24,19,-21,-80,78,-20
-78,50,-92,121,-46,-35,-52,74,-114
2,38,94,112,-14,-34,-66,68,-128
-74,94,10,-5,-71,-80,-102,-16,-110
74,90,-16,-49,-45,-97,-40,-92,-80
32,64,10,-88,-16,119,-76,-50,30
66,-110,-12,-107,-41,106,-114,-52,62
-66,16,80,32,39,-3,-80,90,-48
72,92,34,-2,41,-25,86,-100,-26
22,-86,96,1,-103,-1,2,10,14
-92,120,-14,-2,113,-3,-70,52,-4
-104,-110,92,0,-27,-127,-110,-82,-118
96,14,106,-109,-14,99,78,-66,50
-106,8,-86,-70,37,108,-44,126,94
-116,2,4,111,20,-111,106,122,0
-52,34,-34,83,-14,85,86,114,-34
112,-46,116,84,-15,119,10,-106,100
-8,-84,-124,116,78,-29,-100,-6,4
-102,-2,-64,103,35,-86,-68,-14,46
38,0,120,33,-63,-80,40,-1,-30
8,0,46,61,-59,-43,-32,-58,12
-58,0,14,89,-1,-39,66,-1,112
84,0,90,-94,-1,-20,-70,-1,-46
-102,98,-100,-103,78,-87,78,-1,2
-40,-14,72,-23,-34,-114,56,-1,-4
-112,-58,64,40,-7,-57,0,-2,-14
104,50,-16,108,-35,30,68,106,-14
-46,-26,124,40,-77,47,-114,70,72
6,-86,-78,13,-107,31,-46,2,-12
58,42,64,116,18,39,-16,-122,86
-26,-90,66,6,79,53,52,-20,-26
-68,20,40,-29,-65,24,62,-6,50
-108,-102,-40,-22,-29,97,-6,-32,36
118,24,-2,12,-90,107,112,36,62
-90,-68,94,-114,-116,48,-96,-22,116
62,-20,-82,12,-6,-80,-128,24,-114
34,96,-88,97,-70,-29,-40,110,-18
90,-44,-12,-68,-40,111,94,-6,-6
-128,-122,26,120,85,-106,24,-128,-24
78,-4,-58,39,-1,-116,22,-88,-42
-112,36,48,58,-77,-36,64,-106,42
90,52,8,88,79,113,-22,46,16
108,108,52,113,116,-53,-122,40,12
112,80,26,-122,-78,-117,-58,-10,-116
40,76,-38,-49,-1,-51,68,-128,92
-4,-44,-78,-8,-71,67,-56,-16,124
48,-34,64,-10,83,99,36,104,-26
82,104,100,-98,-48,51,-86,42,-106
8,-118,-92,84,26,-11,50,-120,-122
-28,54,106,-47,67,76,-18,-28,-8
-50,92,-12,-125,-127,-17,10,-78,124
-116,-44,122,28,125,-125,-124,36,-46
-64,-114,104,-32,-61,-116,124,40,-60
98,-10,0,16,-116,-106,-18,-2,-38
-38,-94,-116,43,-88,-59,-72,36,-42
-32,-24,46,-71,32,-125,60,102,-82
28,56,116,75,33,-77,-14,26,126
-102,68,-116,-46,62,105,4,106,-58
4,108,42,-16,-17,93,38,-102,66
106,82,-78,-55,20,87,-100,-112,108
-64,-110,-12,-18,-23,105,-82,74,-40
-128,48,-82,105,89,117,-50,120,14
96,-64,-14,121,52,-118,-26,32,72
-8,44,-72,-76,-77,82,-122,-74,20
72,106,-104,-37,-107,102,94,-112,-4
-28,-56,-40,-127,40,-21,80,-124,-10
-68,36,-90,87,32,-58,-128,-128,-42
90,124,94,50,25,-108,80,-52,-66
62,84,-114,16,30,119,-90,-126,-62
-126,-96,36,54,-15,62,-128,20,10
-84,56,60,33,6,35,116,76,-10
126,-42,90,-48,-40,51,-108,2,-66
74,-44,16,-26,-21,26,-28,10,-48
116,102,-128,-24,103,-31,-110,-32,-40
-106,-62,-96,13,115,-63,-14,-12,50
-64,-64,18,106,-89,115,-14,84,-14
118,-36,-116,-69,-27,95,-128,-16,-10
-14,-104,-52,45,-93,-113,-54,2,68
-110,0,114,-83,124,-90,46,110,44
80,-24,-72,103,-41,16,76,48,38
-46,52,-90,96,-60,28,-68,102,64
-70,6,70,68,-25,111,34,60,-66
46,122,84,-24,-58,-91,78,4,-52
-38,0,-70,-5,17,-123,0,-72,34
8,0,-16,125,110,-4,-20,50,16
82,-116,106,-17,-73,89,22,-94,-26
72,90,64,-116,-41,-17,-6,-54,-4
-86,106,30,53,30,59,-114,124,-104
2,62,-46,-35,99,106,-60,-16,92
-88,96,-94,-120,-123,74,-32,-82,-92
24,62,10,-65,-56,-82,8,-12,-82
68,-28,-10,104,-114,-84,-34,-44,68
26,-96,50,29,17,-42,40,18,-64
74,-120,58,18,104,-3,-8,-74,-118
-84,28,-122,87,106,-117,114,-20,2
