-31564,-21740,7172,-1850,-1137,-1186,23380,32767,-2736
-31564,-21740,7172,-1850,-1137,-1186,23380,32767,-2736
-30360,-22256,8660,-1474,-903,-1106,17580,29080,6912
-30360,-22256,8660,-1474,-903,-1106,17580,29080,6912
-28068,-19600,8264,-951,1728,648,10236,19212,3588
-28068,-19600,8264,-951,1728,648,10236,19212,3588
-23460,-14212,6444,-859,1256,3562,10780,21768,5260
-23460,-14212,6444,-859,1256,3562,10780,21768,5260
-18568,-10196,5296,-1366,1833,1552,12300,21820,12156
-16580,-9388,4956,-1583,1840,1465,9536,19748,11604
-16580,-9388,4956,-1583,1840,1465,9536,19748,11604
-14452,-9372,5360,-1065,2907,3756,10544,18928,-144
-13900,-9800,5700,-849,4135,4917,22400,13040,-1640
-13052,-10296,5540,-460,4684,5728,24288,13984,-2132
-12052,-10720,4828,-102,5010,6641,20040,16248,-2120
-10276,-10548,3844,78,5233,6754,15712,17128,-656
-8496,-10256,2368,314,5920,7312,11848,12868,-744
-6176,-9508,936,615,5998,7516,10260,9360,4348
-4264,-8308,-444,1292,7439,6717,4828,6752,6252
-1228,-8104,-1084,1236,8752,5980,-956,5052,8492
1356,-6648,-2144,1575,8357,6146,-3496,2784,9896
4156,-5008,-2292,1174,7065,6241,-7276,-3244,-212
5476,-2600,-3028,1127,5202,5441,-3796,-1992,1596
6536,-1744,-3232,1551,4742,5122,-3512,-4204,4180
6460,-1340,-3032,1652,3438,5183,-3572,-5272,1308
6460,-1340,-3032,1652,3438,5183,-3572,-5272,1308
4832,-240,-1404,1641,-52,3838,-2696,-7588,-3676
3256,64,-920,1350,-125,3197,-3684,-6876,-4792
3256,64,-920,1350,-125,3197,-3684,-6876,-4792
1244,44,-4,930,1694,695,-3128,-1684,-7996
324,-36,108,525,1397,1281,-1968,-2032,-9364
-392,116,124,-846,-811,1259,1276,-4044,-6068
-1084,168,-312,-1034,-2514,-297,4496,-3004,-6532
-464,172,-544,-1147,-1439,-455,5748,-1556,-3092
-136,1180,-1040,-972,-2304,-983,3148,-2204,-3904
860,-8,-1796,-277,-2454,-1447,2084,-1644,-1152
280,-1792,-2480,292,-1563,-1660,640,-1288,-660
624,-1932,-3228,731,-98,-1312,636,1292,560
656,-2004,-2600,814,990,-1368,-680,3644,752
-1968,-4344,-2556,735,1722,-1326,-1580,4472,1304
-4380,-4364,-1076,372,2850,-1104,-1304,5972,2944
-6740,-7124,-448,-133,4097,-863,720,7268,3824
-8680,-7924,-120,-580,4266,-507,2848,9556,3104
-10012,-8648,-600,-1279,4756,-306,6976,14124,3300
-11688,-8712,-252,-1796,4426,-352,10768,18316,1988
-13356,-9164,-20,-3099,3073,445,16340,24304,2712
-14616,-9732,1480,-5738,-1173,813,19936,24420,5004
-16980,-9772,812,-6483,-5653,1923,20880,18904,6168
-19452,-11252,1092,-5034,-11908,2905,22168,9948,4672
-23016,-13704,2424,-7065,-28152,-1856,23340,10724,2332
-25872,-16384,5520,-5352,-25587,-251,19532,25292,-544
-30040,-18972,6748,-1687,-20884,3293,17388,32767,1116
-32768,-21952,6592,-2054,-8814,1531,14304,32767,-4940
-32768,-23708,4268,1063,2285,-1604,10060,31212,-4872
-32768,-24264,3892,1602,1742,119,12264,19760,3544
-31840,-22372,2488,697,-1401,1181,15308,16496,3704
-29896,-21868,1544,63,-4608,2007,29200,25736,472
-30932,-22328,2224,-1472,-2728,655,32767,32767,-5108
-32676,-23184,2748,-2551,-1231,-1690,32767,32767,-8204
-32768,-24692,3972,-2470,-1050,-4377,32628,32767,-2384
-32768,-25144,5272,-2069,-1527,-4897,20036,28344,-1792
-32768,-24512,6452,-1825,-356,-2235,16572,25312,100
-32620,-23468,6632,-1089,1134,1353,15740,22568,176
-29692,-21952,6184,-576,2714,4570,16176,25280,4220
-25924,-20300,5272,-157,2101,6825,12272,24376,4648
-22356,-17836,4076,-186,2519,7602,12588,23084,6604
-18740,-16296,2924,-316,2214,7278,14092,22296,10592
-16680,-15184,2496,-448,2027,7129,11564,20572,12096
-14788,-14308,2300,-481,1686,7898,13200,18588,16196
-14032,-13332,1972,-135,2974,9143,10456,17512,11876
-13536,-12324,2076,263,4444,10009,10336,17344,6684
-12208,-11100,2344,646,5049,10555,12744,13012,4384
-11160,-10468,2848,992,5859,10242,13672,10504,3716
-10168,-9580,3212,1139,6270,9618,11432,9356,1968
-8156,-8268,3272,1400,5854,9082,8784,9096,2816
-6036,-6680,2788,1574,6351,8515,5736,8484,4112
-2868,-5132,2476,1546,5781,8090,2772,5272,6104
-352,-3480,1044,1489,6385,6973,-404,2500,6548
3304,-2972,772,1734,8476,5605,-3916,-3636,-3308
4392,-260,596,2021,9190,4846,-756,-3472,10196
6184,-96,-368,1730,9629,4659,-3928,-5800,7676
6364,2144,-28,1310,9859,3449,-5556,-7488,1332
5372,2732,-892,1322,4970,2429,-3052,-8380,-2040
4648,2952,-352,1925,5605,2080,-1432,-5844,-4320
3084,3884,64,1632,6384,293,-1688,-3236,-6840
1476,4200,372,1200,7115,-999,4,-1196,-7984
-508,4660,-120,-108,5205,763,1528,-932,-10092
-1412,4672,140,-1968,3302,-1178,2600,-888,-9924
-1908,3652,-780,-2012,3132,-1587,4972,-2820,-8688
-1672,2672,-1116,-2110,2294,-1236,3376,-4896,-7464
-1164,1188,-2520,-2054,423,-1660,2060,-3780,-5760
-380,-624,-3664,-1995,-1309,-2122,-392,-4204,-4768
452,-1136,-4436,-1088,-1421,-2251,-2072,-652,-2788
2020,-356,-5092,-149,-846,-1677,-2940,1752,100
3160,-1428,-5792,155,-676,-1492,-3788,2676,2752
2332,-2296,-6520,208,33,-1436,-5248,5996,3036
2068,-1724,-6848,-15,1161,-1767,-4324,7740,4692
408,-1480,-5444,-351,2374,-1942,-3796,6640,5960
-2964,-752,-4108,-755,3284,-2093,-4248,6252,5716
-5856,-1432,-2280,-1243,3510,-1803,-1864,7680,4968
-9252,-3676,-1240,-1872,3179,-1349,3448,7484,4668
-12164,-5520,408,-2255,3025,-917,7732,9592,2828
-14440,-8868,-264,-3012,2381,80,13036,13004,3088
-13612,-10812,100,-3705,912,321,15676,14448,1340
-15072,-11776,1468,-5264,-3317,775,17856,15088,1372
-16688,-13404,1432,-7039,-11739,864,20088,15348,760
-19488,-13952,856,-4428,-18370,3288,20576,14808,-72
-21016,-15268,1180,-6006,-30632,-203,23412,19460,728
-24016,-18212,828,-7833,-32768,-7283,24380,24684,1076
-25952,-20348,2776,-4942,-22506,3780,26528,32767,1228
-28408,-23312,4076,-2433,-11084,2047,25936,32767,1160
-30560,-25068,5172,2417,1349,1233,21668,32767,564
-32768,-27480,5040,-220,-2164,-1007,22496,24024,-596
-32768,-28888,6136,-788,-3217,1223,29264,21116,-1448
-32768,-28852,7260,-1648,-7171,771,27688,26744,-4292
-32768,-28836,8064,-2829,-6358,-236,23744,31388,-1616
-32768,-28324,7504,-3632,-2908,-2591,20056,32767,100
-32768,-27780,7740,-3379,-1135,-5695,15960,32767,2144
-32768,-26944,7324,-2718,-1335,-6036,15004,28304,6256
-32156,-25444,6936,-1898,-264,-4523,9780,26288,4072
-29624,-23432,6368,-1294,272,-1330,10284,22992,6016
-25852,-20984,5884,-1100,359,1139,12484,20372,7792
-22276,-18640,5664,-943,69,3084,12972,21708,6700
-19276,-16700,5660,-872,1376,3833,15696,22936,10080
-16984,-14988,5868,-1280,2728,3230,12168,24900,7188
-15868,-13512,6084,-1786,3514,2760,11280,23632,5540
-15616,-11612,6040,-1721,4373,3097,14120,20604,3100
-14924,-10408,4824,-1317,5741,4269,17152,16376,2196
-13548,-9868,3344,-671,6441,5752,21036,13960,3376
-11204,-9120,1456,50,7726,6235,16764,12064,3252
-8172,-8596,-352,646,7995,6775,12928,13224,4416
-4708,-8164,-2152,1003,8644,7058,7992,11040,6628
-1376,-6936,-3640,1529,9621,7021,4296,6612,7756
2488,-4800,-4552,1219,9810,7067,1520,1792,5796
5776,-2556,-5072,1613,10796,4999,1588,-1640,6848
7076,-380,-4996,2809,11880,4645,-4548,-6544,-10628
7220,1812,-3764,3411,12220,3531,-616,-3824,3264
6072,3156,-2708,2482,10062,2286,-4304,-5444,1348
4624,3488,-1928,1978,7639,1629,-4620,-7684,-3164
3128,2956,-1232,1942,7808,934,-3648,-7572,-4884
1436,3512,-20,2295,7385,644,-4596,-5652,-6000
224,2944,-768,1858,6182,2496,-3960,-2096,-7080
-428,2540,-1648,-523,3885,2797,-2884,-1780,-7844
-372,2220,-3440,-1536,1840,876,-1364,-2792,-8916
-752,2652,-5012,-2013,1394,416,868,-1528,-7932
-44,2044,-6128,-1983,-119,-546,1952,-908,-5828
268,1040,-7696,-1308,-1179,-1614,1700,-844,-3472
1284,812,-8716,-580,-2006,-2711,776,-2920,-1228
1532,168,-9100,-278,-2252,-3062,-280,-3432,64
4924,-876,-8208,154,-2164,-2090,-220,-2480,964
1304,-1132,-7236,172,-1343,-1123,364,-912,1992
772,-848,-7140,245,-876,-537,-168,-300,2404
-516,632,-5864,229,-91,-899,-1028,2508,2644
348,1116,-4004,80,220,-1496,-1948,4004,3600
-3940,-900,-3304,-241,783,-1999,-1840,4824,4616
-5200,1308,-3148,-648,1683,-2077,-1172,5936,4148
-6980,-1652,-1340,-1304,2330,-1802,1544,7332,3508
-8676,-2896,-376,-1840,2597,-1078,4728,8280,2788
-12628,-4764,16,-2062,2679,-357,7876,10628,2380
-13592,-7912,288,-2542,1876,697,10596,15568,1496
-15264,-10460,872,-3931,-930,1432,15124,19104,1120
-16544,-13288,2560,-6544,-6052,2208,17108,20156,956
-19100,-14820,2872,-6428,-14029,3550,19736,15792,984
-20960,-16332,2068,-5519,-21039,5014,22164,15132,1884
-23204,-18736,2472,-5812,-32768,934,21284,18500,2168
-26664,-19820,2088,-3737,-28986,-56,21548,22104,3012
-27044,-19612,3944,-4163,-26718,4933,20964,28840,6168
-29300,-19172,3956,-4299,-12340,3843,17800,32767,4916
-30616,-18884,4276,1581,1511,-957,14584,32767,1948
-32132,-19316,4812,1280,-880,565,12908,32767,1512
-32768,-19840,6628,-422,-4507,3251,13516,25084,1844
-31892,-23844,9796,-575,-7083,3179,20892,16148,1704
-32768,-23644,9700,-1987,-5685,842,30372,20076,196
-32768,-25760,10100,-2437,-1206,-2995,30780,32268,-2300
-32768,-28168,9876,-2309,637,-4654,29352,32767,-2268
-32768,-28036,9408,-2058,1785,-4141,24568,32767,-872
-32768,-28128,8248,-1675,3173,-2563,19464,32520,-972
-32768,-26968,6476,-1594,3404,-558,17240,27792,-440
-31364,-25716,5088,-1396,3024,1455,17820,24792,2044
-27012,-24392,3396,-1254,3229,2561,15252,24188,2552
-23584,-22132,2664,-1263,3526,2683,14368,24540,5576
-19960,-19540,2072,-1365,4290,2248,14276,23560,7628
-17528,-17232,2164,-1139,4929,2742,14528,22456,9536
-15892,-14828,2264,-962,4869,4352,15504,19072,12808
-14268,-13532,1984,-546,5337,6069,14528,16196,11132
-12776,-12344,1868,-91,6357,7417,14116,14096,6756
-11012,-11020,1888,154,7544,8000,15032,12312,3532
-8884,-10180,1124,314,8440,7452,12692,10872,-164
-6496,-9620,652,768,8651,7589,9344,10760,-2028
-3836,-8680,788,401,8321,7852,7320,8712,-1580
-1676,-7252,104,428,7723,7835,4940,6356,-2552
172,-5480,-352,942,8386,6595,4728,4816,576
1256,-3756,-1384,948,7555,6684,3168,1440,-1948
2620,-2280,-2208,1121,7220,6614,584,964,-1152
4008,-1204,-4620,425,4491,6133,-2292,-832,840
3704,1112,-3528,-248,1487,5709,-3504,-3792,-464
5676,1204,-3824,-536,153,4987,-3264,-4852,1952
5176,-532,-6268,121,-1325,4236,-6280,-6688,844
5032,1680,-4476,1107,-68,3615,-5940,-6312,2536
3664,1248,-3276,1006,1906,1548,-6260,-5584,876
2508,884,-3372,619,3736,-823,-5152,-2704,-1204
1532,-116,-2964,717,6464,-2510,-3236,-1048,-2336
432,-336,-2504,-102,3888,-634,-1164,-756,-3808
436,-896,-2356,-1384,1490,-1660,1428,-1772,-3596
196,-1540,-2772,-769,1625,-2127,3992,-1928,-4336
184,-2260,-2900,-823,1766,-1764,4996,-2468,-4216
196,-2416,-3632,-613,240,-1454,4124,-2776,-3244
-156,-1916,-4088,-395,1407,-949,3700,-2204,-1532
1296,-2732,-5604,-341,2680,-528,2256,-1892,-2728
2428,-1940,-4872,-469,3564,-145,1708,-500,-1820
2204,-2236,-3368,-578,3830,-312,-808,-1092,32
2024,-2404,-3648,-384,4859,-762,-2540,320,2000
-148,-2736,-3680,-316,5573,-665,-4232,1820,3296
-196,432,-2336,-183,5294,-497,-5832,4416,3064
-1044,-2352,72,-104,5184,-143,-6368,5772,1924
-3340,-2496,28,-125,5520,226,-3604,6344,2516
-7268,-2240,1480,-128,5432,549,-312,4632,1184
-9620,-4580,2048,-572,4766,755,4368,5588,1116
-11884,-5640,2020,-1527,4123,1467,8492,8052,996
-14712,-7000,1780,-2357,3024,1358,14252,11860,2672
-16160,-8496,476,-3015,259,1218,17948,18372,2936
-16792,-9524,-1048,-5181,-4040,1336,18860,22804,3020
-15340,-11928,-1320,-5731,-10380,2077,18452,20660,3912
-15796,-15180,-1976,-6529,-19831,1338,19252,15212,5112
-15984,-16188,-88,-5664,-32768,-2469,18816,11888,7112
-16940,-18168,-80,-5570,-28110,-2311,17176,14668,3388
-19228,-18732,1880,-2591,-14604,4600,18416,23512,3228
-23928,-20408,3784,604,-6673,4385,16792,31988,508
-32060,-20144,3696,452,-1250,4277,16820,32767,-1404
-32768,-21036,4792,-246,-3879,5140,7068,32767,-5440
-32768,-21012,5640,-254,-6523,5054,3612,26300,1248
-32768,-21784,5316,530,-4395,5043,9848,14028,7296
-31868,-23232,4852,-1327,-4202,3324,16644,8648,48
-31428,-24836,4772,-2882,-1774,-526,32767,14356,-2636
-30800,-26476,4932,-3784,-259,-2947,32767,32767,-6068
-31596,-28288,5424,-3338,15,-3793,32767,32767,-8260
-32276,-29860,5216,-2804,-1025,-2898,22644,32767,-4648
-32768,-29460,5212,-2821,-779,-3276,18932,32767,4368
-32768,-27800,5196,-2347,95,-3197,17948,26388,6312
-32768,-25496,4764,-1942,1722,-1856,14768,16880,5728
-30264,-22924,4284,-1393,3572,-351,15512,19684,7396
-25688,-20980,4088,-1569,5156,85,12272,19296,8620
-20952,-19244,4256,-2031,4389,-517,12828,23456,10752
-17832,-18376,4080,-2278,3427,248,14340,24768,19600
-16132,-17728,4828,-1927,2815,1694,8780,21772,17856
-15092,-17020,4444,-1585,4071,3460,9800,22600,6548
-13872,-16008,4200,-1382,5195,4461,16060,19736,-1664
-12380,-15264,3672,-1191,6100,5323,24080,16544,-5216
-10316,-14168,3156,-865,6973,5621,23640,16876,-6540
-8512,-12380,2472,-565,6898,5599,19300,16428,-6464
-6988,-10588,1832,-197,7318,5168,14028,15056,-6076
-4980,-8924,752,99,7195,5433,9880,12840,-4436
-2644,-6828,-1088,210,7780,5330,3392,7684,-2332
384,-5484,-1068,646,8365,4572,1820,4848,4176
3132,-3276,-2796,893,9810,4061,-964,836,9760
4324,-1472,-3428,1229,10339,4065,-6184,308,13072
5208,-184,-3368,1214,9365,3625,-15664,-3464,5020
5088,972,-3972,1157,8497,3043,-11436,-3580,14300
4196,3188,-3728,1606,7320,2537,-12184,-9304,5644
4384,3256,-2636,1100,5962,1778,-9220,-11596,688
2712,3072,-1880,695,2805,501,-4936,-14296,-3544
2200,3248,-1372,331,2553,-481,-5944,-13940,-4880
1008,3472,-1328,565,4975,-878,-1556,-5784,-5744
208,2864,-1944,728,5706,250,2504,-2360,-5540
-356,2252,-2688,-1090,2745,1944,4412,-1588,-5896
-292,944,-4192,-1892,1615,1196,4568,132,-5956
-104,156,-5572,-1663,1108,510,5804,3564,-3628
36,-408,-7600,-1398,-613,-543,4284,3940,-3356
1384,-224,-8528,-1365,-2137,-1273,2388,2532,-3256
644,-1124,-9940,-980,-1977,-1922,1204,872,500
1740,-456,-10840,-431,-1897,-2165,-1020,-1084,1804
2156,1128,-10276,-179,-1620,-1728,-2548,-464,4328
1684,1180,-9072,-400,-1127,-759,-4716,1528,3668
1828,2116,-7112,-346,-557,-330,-5224,3692,4548
2124,1260,-4520,-267,-338,102,-6116,4184,2132
1988,1036,-2220,-295,-781,533,-4148,3756,-212
1000,592,-336,-182,-596,508,-88,4016,-1092
-2160,424,1844,-15,-443,543,4428,3652,-1536
-6092,580,2532,138,-425,375,7956,1780,-488
-9028,-640,4596,111,-328,171,8752,956,-640
-13204,-2444,4568,14,-408,233,11068,532,-1812
-15952,-6044,4396,-286,-520,515,15516,4124,-2008
-18500,-9920,3836,-651,-577,719,16668,11588,-2164
-20608,-13552,2796,-1966,-1907,1297,14056,19724,-4352
-24228,-17008,2924,-6262,-8616,2026,14200,25292,-5092
-28944,-20092,1504,-11696,-21983,2364,20444,32767,-2988
-32768,-23552,476,-14602,-32768,4541,30088,32767,1064
-32768,-27860,-64,-14967,-32768,-3930,32767,32767,14356
-32768,-32380,1536,-5223,-25754,4169,29972,32767,18024
-32768,-32768,1788,-2086,-16380,8198,14524,32696,7420
-32768,-32768,2248,4079,7525,4365,21280,21388,3032
-32768,-32768,3652,4532,6811,-1069,28888,28400,192
-32768,-32768,5012,2441,4890,-846,29004,32767,-1744
-32768,-32768,7740,-321,-419,4057,25008,32767,-4788
-32768,-32768,9768,-1635,-402,2271,30772,32767,1756
-32768,-32768,10916,-2272,-5405,-334,27444,31836,2824
-32768,-32768,11056,-3234,-3664,-2706,23076,29708,5920
-31420,-29972,9608,-1642,-587,-2874,18580,30136,6256
-27308,-25812,7736,-849,1562,-187,22908,19084,25140
-24044,-22332,6396,-353,4489,2680,4540,31820,5492
-20900,-18964,5112,606,7351,5235,8312,32767,11972
-17600,-16500,4832,751,7720,7038,21832,19692,19820
-13560,-14480,4668,718,5382,8505,17536,13660,11000
-8512,-13264,4072,1256,7387,9171,8992,11476,2812
-3972,-11576,3796,991,5555,9581,7808,10356,3224
-284,-8512,4200,866,5857,8511,9172,8408,1496
2504,-6092,4112,1644,6826,7729,5724,7524,2016
4800,-2964,4032,3072,9283,5582,1376,-1100,2532
5680,884,4184,3227,15646,3072,-6260,-772,2552
5424,3488,3632,3735,14556,887,-448,-5076,5496
3880,5228,3748,4006,14315,-258,5548,-12200,-4708
1588,6648,3164,4677,11586,-1870,7008,-5748,1016
120,7608,2004,4289,10082,477,-6636,-3356,-7096
-280,7780,1244,3608,4845,3061,-7752,-1288,-8144
-640,5584,-352,1847,601,1628,-8296,-4816,-11820
232,5072,-1000,1113,2586,1209,-5292,-2328,-9228
152,3296,-2444,1463,6668,3385,-1932,-1656,-7568
696,2228,-4016,397,6608,5346,2536,-1148,-5140
696,904,-5788,-1154,5135,2803,2052,-340,-5748
1200,-552,-7648,-1955,3464,425,1756,-212,-5532
1200,-552,-7648,-1955,3464,425,1756,-212,-5532
1252,-2120,-9592,-1473,-1348,-3334,1964,-908,-2316
1252,-2120,-9592,-1473,-1348,-3334,1964,-908,-2316
2056,-872,-9672,1105,-539,-5391,-2572,1108,780
640,-2828,-10476,738,558,-4191,-3356,1296,2136
640,-2828,-10476,738,558,-4191,-3356,1296,2136
2448,-68,-6252,-85,2362,-2261,-3888,3252,3116
2448,-68,-6252,-85,2362,-2261,-3888,3252,3116
1124,456,-3392,-1300,2703,-1478,-4788,2784,5676
820,1244,-3068,-1693,1564,-1604,-4388,2976,6168
820,1244,-3068,-1693,1564,-1604,-4388,2976,6168
-168,1864,-2552,-1583,2123,-855,-2560,1876,3760
836,1872,-1236,-1359,1475,-94,828,-1084,2064
836,1872,-1236,-1359,1475,-94,828,-1084,2064
-992,-848,-1724,-945,790,1501,3924,-3896,-1104
-992,-848,-1724,-945,790,1501,3924,-3896,-1104
-5568,-3496,68,-973,-310,1446,4068,640,-4300
-5568,-3496,68,-973,-310,1446,4068,640,-4300
-13136,-8348,464,-1028,-484,665,11812,4176,-3252
-14640,-11200,432,-1165,-775,451,14920,8796,-2172
-14640,-11200,432,-1165,-775,451,14920,8796,-2172
-17968,-16024,736,-3187,-2391,1519,19096,26408,-1628
-18824,-17320,880,-8664,-8366,3353,23816,32767,1168
-18824,-17320,880,-8664,-8366,3353,23816,32767,1168
-20388,-19836,552,-11047,-30991,3103,18172,25908,12652
-20388,-19836,552,-11047,-30991,3103,18172,25908,12652
-22664,-19652,6496,-3318,-32768,4010,10012,24264,14828
-25992,-20428,8112,-9904,-27121,12727,1696,25688,6440
-25992,-20428,8112,-9904,-27121,12727,1696,25688,6440
-32768,-22120,9476,4702,11961,4809,15312,32767,-8676
-32768,-23352,12192,49,3596,1727,22432,32767,-12280
-32768,-23352,12192,49,3596,1727,22432,32767,-12280
-32768,-29620,12260,-1859,-2316,1799,32767,25796,-10912
-32768,-30900,9812,-2970,-117,-211,32767,32767,-6696
-32768,-30900,9812,-2970,-117,-211,32767,32767,-6696
-32768,-31424,4524,-2429,1689,-6457,18836,32767,9824
-32768,-31424,4524,-2429,1689,-6457,18836,32767,9824
-32768,-28512,696,-1381,332,-2625,10464,23368,14072
-32768,-28512,696,-1381,332,-2625,10464,23368,14072
-30996,-24388,-192,-52,-328,3640,9024,20244,14328
-27552,-24204,204,369,440,6364,14124,22388,9288
-27552,-24204,204,369,440,6364,14124,22388,9288
-19504,-20132,2900,-394,1880,6934,20760,26316,-856
-18664,-18352,4120,-646,4738,5998,20852,29748,-5672
-17284,-17112,4284,-479,5529,6073,19544,27564,-8360
-17284,-17112,4284,-479,5529,6073,19544,27564,-8360
-14052,-13068,4576,-150,6921,5049,16976,19328,-2992
-14052,-13068,4576,-150,6921,5049,16976,19328,-2992
-10116,-9536,1796,765,8313,6024,11236,17316,6124
-7320,-7384,564,764,8366,6050,6484,12956,12784
-7320,-7384,564,764,8366,6050,6484,12956,12784
-668,-3360,-100,1580,8553,6840,-5612,3976,13740
-668,-3360,-100,1580,8553,6840,-5612,3976,13740
4248,660,600,2433,4958,6014,-3980,-10056,3132
6480,2132,2380,2650,5582,6938,1596,-7808,9024
6480,2132,2380,2650,5582,6938,1596,-7808,9024
4208,5032,4040,1581,3423,4756,-300,-7980,-332
4208,5032,4040,1581,3423,4756,-300,-7980,-332
1800,3416,2648,1599,1718,1644,204,-9200,-8084
1800,3416,2648,1599,1718,1644,204,-9200,-8084
-3372,7004,-4068,1762,4167,-753,460,-1776,-9744
1212,1544,-3564,1540,5181,-1019,368,-520,-10432
1212,1544,-3564,1540,5181,-1019,368,-520,-10432
1744,544,-7436,-160,4941,-2546,792,-24,-6460
1744,544,-7436,-160,4941,-2546,792,-24,-6460
1688,-956,-9312,-2065,1353,-3565,-3572,-1752,-3392
2236,-288,-8392,-2431,-80,-4597,-3024,-2260,840
2236,-288,-8392,-2431,-80,-4597,-3024,-2260,840
2392,-3188,-8024,-1064,881,-4075,-4888,-924,4504
2392,-3188,-8024,-1064,881,-4075,-4888,-924,4504
880,1512,-6580,-272,2101,-3099,-4524,1364,4824
880,1512,-6580,-272,2101,-3099,-4524,1364,4824
768,1312,-3452,-118,2568,-2212,-1452,5044,1188
768,1312,-3452,-118,2568,-2212,-1452,5044,1188
48,2168,-3580,-494,2396,-1157,3560,5460,1280
48,2168,-3580,-494,2396,-1157,3560,5460,1280
-400,1836,-1888,-821,3030,-1030,7896,-1348,-48
-400,1836,-1888,-821,3030,-1030,7896,-1348,-48
-5348,-588,-872,-933,4452,-1931,10472,208,3056
-8784,-3060,-1292,-1047,3907,-2095,9024,472,2024
-8784,-3060,-1292,-1047,3907,-2095,9024,472,2024
-16032,-10004,-1528,-1330,-169,-1129,11532,6148,5304
-16032,-10004,-1528,-1330,-169,-1129,11532,6148,5304
-15344,-13600,-1660,-3129,-6585,1024,6904,17504,444
-13992,-14808,-1108,-6713,-12752,3046,9540,18468,252
-13992,-14808,-1108,-6713,-12752,3046,9540,18468,252
-19480,-18388,2636,-9108,-32768,4748,13384,18888,-160
-19480,-18388,2636,-9108,-32768,4748,13384,18888,-160
-29760,-21152,6312,-6242,-32768,3397,26792,32767,3600
-32768,-24520,8068,-5804,-19193,6222,28184,32767,5212
-32768,-24520,8068,-5804,-19193,6222,28184,32767,5212
-32768,-27536,7864,3580,7459,3871,16280,28864,3380
-32768,-27536,7864,3580,7459,3871,16280,28864,3380
-26832,-28460,8600,550,-1059,3989,32767,6576,-2104
-26832,-28460,8600,550,-1059,3989,32767,6576,-2104
-31172,-30460,6820,-3599,-4255,-2032,27004,32767,-10292
-31172,-30460,6820,-3599,-4255,-2032,27004,32767,-10292
-32768,-32768,5572,-2740,-4859,-6362,20144,30896,6332
-32768,-32768,5572,-2740,-4859,-6362,20144,30896,6332
-32768,-30228,5348,-585,1073,1236,14156,18488,6068
-32064,-26960,5484,-116,3404,4469,14408,20076,8676
-32064,-26960,5484,-116,3404,4469,14408,20076,8676
-21596,-20432,6540,-807,4129,6637,14464,32312,8124
-21596,-20432,6540,-807,4129,6637,14464,32312,8124
-17500,-17524,7728,-2529,1912,4773,12272,29164,10232
-17500,-17524,7728,-2529,1912,4773,12272,29164,10232
-16292,-14392,6680,-1316,6085,4541,20764,19724,-936
-15508,-12576,5332,-865,7571,4883,20756,19224,-1748
-15508,-12576,5332,-865,7571,4883,20756,19224,-1748
-12052,-9472,2036,700,9815,6688,11628,14944,1232
-12052,-9472,2036,700,9815,6688,11628,14944,1232
-6908,-6460,-2192,2317,10073,6825,4720,9576,7528
-3472,-4004,-4704,2591,9413,6700,128,5460,11708
-3472,-4004,-4704,2591,9413,6700,128,5460,11708
3656,-336,-4148,2894,7875,5160,-7336,-1624,6080
3656,-336,-4148,2894,7875,5160,-7336,-1624,6080
7040,2688,-1960,2455,9350,6054,280,-7688,5104
6504,3180,-888,1595,7936,4574,5396,-9472,-324
6504,3180,-888,1595,7936,4574,5396,-9472,-324
2836,3112,-668,1635,5159,3284,1436,-5704,-5496
2836,3112,-668,1635,5159,3284,1436,-5704,-5496
224,992,-2452,2834,6557,3402,220,-6816,-8216
224,992,-2452,2834,6557,3402,220,-6816,-8216
-1288,1804,-4448,92,3162,3527,-772,340,-9612
-1288,1804,-4448,92,3162,3527,-772,340,-9612
2756,108,-8372,-1340,-1868,-529,-1528,288,-7120
2756,108,-8372,-1340,-1868,-529,-1528,288,-7120
2328,-1376,-10176,-1453,-3441,-2446,-3872,-656,-1636
3056,-1184,-9220,-1285,-3217,-2540,-3104,-1600,1288
3056,-1184,-9220,-1285,-3217,-2540,-3104,-1600,1288
844,-1044,-7100,-576,-473,-584,-3324,912,2980
844,-1044,-7100,-576,-473,-584,-3324,912,2980
1316,-1164,-3608,-370,-686,233,-4104,4336,4716
1780,-680,-2716,-621,-886,161,-2688,4096,6468
1780,-680,-2716,-621,-886,161,-2688,4096,6468
636,648,-1148,-983,-1045,616,432,3596,6400
996,1360,-632,-886,-901,773,1564,2660,4908
996,1360,-632,-886,-901,773,1564,2660,4908
-1168,2108,1404,-117,452,554,5416,-1372,2376
-3192,1700,1704,221,443,1062,4612,-1392,524
-3192,1700,1704,221,443,1062,4612,-1392,524
-9928,-2612,1468,251,-2244,2166,6964,-332,-2376
-9928,-2612,1468,251,-2244,2166,6964,-332,-2376
-15164,-7692,1372,-600,-4531,2786,14928,7956,-2516
-16916,-9588,688,-1683,-6171,3062,15696,16392,-3852
-16916,-9588,688,-1683,-6171,3062,15696,16392,-3852
-20248,-15452,476,-9161,-14564,6700,14992,28308,-4132
-21596,-17656,820,-8117,-24256,7465,13152,29656,-4220
-21596,-17656,820,-8117,-24256,7465,13152,29656,-4220
-25940,-20596,416,-5375,-27424,8314,23596,30816,6160
-25940,-20596,416,-5375,-27424,8314,23596,30816,6160
-25268,-20796,3248,2895,1043,-53,9944,24328,8164
-25760,-21304,4764,2581,5577,-312,12996,21300,10800
-25760,-21304,4764,2581,5577,-312,12996,21300,10800
-32768,-26596,8760,219,745,460,20520,31688,-1548
-32768,-26596,8760,219,745,460,20520,31688,-1548
-32768,-32768,11600,-2869,-2647,-547,32767,31804,2200
-32768,-32768,11600,-2869,-2647,-547,32767,31804,2200
-32768,-32768,9508,-2269,4228,-4728,31284,32767,4020
-32768,-32768,9508,-2269,4228,-4728,31284,32767,4020
-32768,-31716,5608,-1013,7850,-2850,23372,32767,9448
-32768,-31716,5608,-1013,7850,-2850,23372,32767,9448
-32324,-28816,2196,18,6887,1057,19204,25104,6444
-32324,-28816,2196,18,6887,1057,19204,25104,6444
-26284,-24716,1808,-387,7795,3514,15444,27540,2036
-23988,-22472,2284,-1265,7316,3291,15420,28792,2144
-23988,-22472,2284,-1265,7316,3291,15420,28792,2144
-18168,-18332,3188,-1870,7281,4287,15192,27496,3636
-16160,-16792,3364,-1578,8243,4953,13748,25496,4632
-16160,-16792,3364,-1578,8243,4953,13748,25496,4632
-9784,-14004,3284,-1502,8524,6577,9920,18072,2508
-9784,-14004,3284,-1502,8524,6577,9920,18072,2508
-5596,-8232,8,-779,8115,7059,10600,10604,1212
-5596,-8232,8,-779,8115,7059,10600,10604,1212
-2684,-3868,-2016,337,7153,7628,8572,3336,1280
-2684,-3868,-2016,337,7153,7628,8572,3336,1280
656,-1372,-3224,1213,6214,7992,1256,1808,5332
656,-1372,-3224,1213,6214,7992,1256,1808,5332
3460,1284,-3184,711,3799,5051,-2676,-4504,4984
4168,2028,-3024,218,1647,3875,-3720,-6728,4524
4168,2028,-3024,218,1647,3875,-3720,-6728,4524
2788,3512,-3328,450,413,1227,-5864,-8968,1848
2788,3512,-3328,450,413,1227,-5864,-8968,1848
2088,3052,-3308,771,-741,-586,-4296,-6672,-3848
2088,3052,-3308,771,-741,-586,-4296,-6672,-3848
1208,2840,-3660,140,1325,-2456,1068,-1464,-5956
1396,2512,-4040,-711,980,-1927,1800,156,-7180
1396,2512,-4040,-711,980,-1927,1800,156,-7180
-300,2560,-5128,-1746,83,-2279,3548,160,-5348
-1100,2056,-6700,-1383,1365,-1956,2956,-176,-4036
-1292,2208,-7212,-1039,1653,-1590,2088,364,-2212
-1292,2208,-7212,-1039,1653,-1590,2088,364,-2212
-1264,1656,-7412,-570,1992,-2177,-2912,-1632,764
-1264,1656,-7412,-570,1992,-2177,-2912,-1632,764
220,2236,-5996,-586,1464,-833,-3892,-192,2124
220,2236,-5996,-586,1464,-833,-3892,-192,2124
592,1880,-3868,-398,2764,-94,-4748,2236,4916
592,1880,-3868,-398,2764,-94,-4748,2236,4916
588,1296,-1056,-450,3780,80,-2280,2256,4176
52,1196,-572,-383,3239,420,-172,2692,4244
52,1196,-572,-383,3239,420,-172,2692,4244
-1692,760,1520,-809,3629,603,2424,2712,1668
-1692,760,1520,-809,3629,603,2424,2712,1668
-6324,-2292,2428,-969,2597,555,3504,3484,-472
-6324,-2292,2428,-969,2597,555,3504,3484,-472
-11304,-6512,2252,-460,452,1100,12072,2032,-44
-11304,-6512,2252,-460,452,1100,12072,2032,-44
-16140,-11828,1164,-370,-3068,2017,13384,13216,-3164
-16140,-11828,1164,-370,-3068,2017,13384,13216,-3164
-17356,-14928,660,-3495,-10497,4372,14200,21268,-1936
-17356,-14928,660,-3495,-10497,4372,14200,21268,-1936
-20392,-17760,-132,-10371,-29141,6371,22488,24884,1644
-25240,-20280,840,-10476,-32768,1398,21632,32180,3828
-25240,-20280,840,-10476,-32768,1398,21632,32180,3828
-32768,-25228,1680,-4333,-17922,6872,22352,32767,9488
-32768,-25228,1680,-4333,-17922,6872,22352,32767,9488
-32768,-31132,3608,1339,6215,3822,5448,26892,2336
-32768,-32768,5540,-746,4168,1282,13084,20504,5480
-32768,-32768,5540,-746,4168,1282,13084,20504,5480
-26756,-31628,3232,-830,2190,2852,32767,28332,-1864
-26756,-31628,3232,-830,2190,2852,32767,28332,-1864
-24956,-27056,3420,-3596,1700,-5961,31992,32767,-8440
-24956,-27056,3420,-3596,1700,-5961,31992,32767,-8440
-32768,-27036,5432,-2915,-4876,-10282,13984,32420,10308
-32768,-27036,5432,-2915,-4876,-10282,13984,32420,10308
-32768,-23084,4864,-86,-1645,-534,12956,14888,14976
-32768,-23084,4864,-86,-1645,-534,12956,14888,14976
-24536,-18428,4176,98,1971,4510,-3036,32767,5728
-24536,-18428,4176,98,1971,4510,-3036,32767,5728
-16772,-16088,3224,-1176,2860,4603,23496,13304,5540
-16772,-16088,3224,-1176,2860,4603,23496,13304,5540
-12640,-14356,2656,-1652,2560,4518,28112,10980,860
-12012,-14100,1640,-1404,2967,4768,19096,25764,-1076
-12012,-14100,1640,-1404,2967,4768,19096,25764,-1076
-10496,-12700,-1064,-922,4517,6265,11640,24764,-3888
-10496,-12700,-1064,-922,4517,6265,11640,24764,-3888
-7100,-9424,-2540,675,7590,5895,8212,10420,7656
-5740,-7476,-4772,1743,9816,5580,2096,5172,8212
-5740,-7476,-4772,1743,9816,5580,2096,5172,8212
-592,-2292,-5140,2947,9381,4351,-7932,-716,6284
1980,-204,-5372,2943,8364,3543,-5072,-932,14220
1980,-204,-5372,2943,8364,3543,-5072,-932,14220
5232,5132,-3544,2445,6204,4411,-4804,-8916,8696
5232,5132,-3544,2445,6204,4411,-4804,-8916,8696
4528,5416,-2084,602,1235,2304,-3812,-11384,-1048
4528,5416,-2084,602,1235,2304,-3812,-11384,-1048
1680,2248,-916,1880,1128,3100,-4192,-7604,-7772
1936,-2368,-1692,1227,1968,3616,-3180,-6132,-9584
1936,-2368,-1692,1227,1968,3616,-3180,-6132,-9584
-872,1416,-932,-572,2912,4421,2112,1756,-10736
-872,1416,-932,-572,2912,4421,2112,1756,-10736
512,3024,-4284,-930,-334,45,4536,4508,-9668
-456,3968,-5440,-1133,-1314,-1557,3520,3040,-9188
-456,3968,-5440,-1133,-1314,-1557,3520,3040,-9188
544,4520,-8364,-601,-2025,-1899,3800,-3104,-2080
544,4520,-8364,-601,-2025,-1899,3800,-3104,-2080
1056,3332,-8360,-1027,1057,-757,-424,-256,2540
1056,3332,-8360,-1027,1057,-757,-424,-256,2540
1404,840,-3984,-950,2350,-453,-64,-408,4928
980,912,-2056,-710,3209,-1033,104,860,5612
980,912,-2056,-710,3209,-1033,104,860,5612
-1040,324,2312,-909,4381,-871,2104,2536,4720
-1040,324,2312,-909,4381,-871,2104,2536,4720
-5048,-660,6360,-802,5202,-315,2128,6056,3368
-8336,-2304,5952,-797,5134,20,3176,6364,2200
-8336,-2304,5952,-797,5134,20,3176,6364,2200
-14160,-7664,3804,-1381,4267,784,4012,10184,1868
-14160,-7664,3804,-1381,4267,784,4012,10184,1868
-16024,-12240,80,-1847,1962,1280,9500,16532,2708
-16024,-12240,80,-1847,1962,1280,9500,16532,2708
-16892,-17852,-3288,-7190,-11991,3280,17204,22012,5196
-17488,-19936,-3392,-8843,-21986,5452,22320,17508,6132
-17488,-19936,-3392,-8843,-21986,5452,22320,17508,6132
-23484,-25400,1164,-1568,-32768,3618,20268,14564,4852
-23484,-25400,1164,-1568,-32768,3618,20268,14564,4852
-32768,-28848,3908,-1436,-11243,11681,21832,32767,-5380
-32768,-28848,3908,-1436,-11243,11681,21832,32767,-5380
-32768,-30456,5268,1810,1154,749,20780,26232,1192
-32768,-29104,3392,942,484,2746,24044,9232,-6848
-32768,-29104,3392,942,484,2746,24044,9232,-6848
-32768,-30440,3308,-2447,-5249,1240,32767,32767,-10800
-32768,-30440,3308,-2447,-5249,1240,32767,32767,-10800
-32768,-32768,3396,-2659,2079,-4639,21108,32767,-5768
-32768,-32768,2540,-2318,4958,-5440,19428,32767,-660
-32768,-32768,2540,-2318,4958,-5440,19428,32767,-660
-31560,-32768,864,-1272,8129,-2291,14988,23876,60
-31560,-32768,864,-1272,8129,-2291,14988,23876,60
-23712,-23292,-1136,663,4724,4618,16032,26552,10168
-20716,-19072,-276,604,3468,5903,15552,26004,16072
-20716,-19072,-276,604,3468,5903,15552,26004,16072
-16236,-12960,3420,-440,2253,5493,-5384,20172,31656
-16236,-12960,3420,-440,2253,5493,-5384,20172,31656
-12108,-12124,6108,-591,6489,7858,26952,6436,7648
-9816,-12564,6260,161,8409,8698,32767,5568,4884
-9816,-12564,6260,161,8409,8698,32767,5568,4884
-4924,-9552,3604,1911,8977,9451,8156,16164,-4400
-2676,-7316,1968,2252,8890,9089,4400,11768,-4324
-2676,-7316,1968,2252,8890,9089,4400,11768,-4324
4256,-1964,-868,3257,8138,6051,2928,-1452,-752
4256,-1964,-868,3257,8138,6051,2928,-1452,-752
7592,2212,-3268,2616,11215,6002,-13280,-2232,2300
6768,2340,-1944,2349,10844,4487,-12660,-3680,4224
6768,2340,-1944,2349,10844,4487,-12660,-3680,4224
740,4012,-1716,1254,9109,804,-9708,-4532,544
-952,4868,-1908,935,8024,-201,-6444,-5580,-2488
-952,4868,-1908,935,8024,-201,-6444,-5580,-2488
-2188,5772,-3124,-47,5018,-1858,6044,-5284,-6604
-2008,4432,-4660,-209,6117,-2966,9340,-2888,-7224
-2008,4432,-4660,-209,6117,-2966,9340,-2888,-7224
-156,2680,-5244,-260,5188,-2938,9568,-460,-8400
-156,2680,-5244,-260,5188,-2938,9568,-460,-8400
28,932,-6860,-3085,1226,-4755,3152,-4884,-3700
28,932,-6860,-3085,1226,-4755,3152,-4884,-3700
556,-104,-7180,-2463,-525,-6124,-3396,-596,-3196
444,428,-6284,-1383,-197,-5475,-4516,660,-1852
444,428,-6284,-1383,-197,-5475,-4516,660,-1852
-28,1404,-6312,-282,2104,-3354,-7080,4304,3596
-28,1404,-6312,-282,2104,-3354,-7080,4304,3596
1020,3144,-3380,-469,1194,-846,-10088,6880,8048
1220,3352,-3436,-883,1205,283,-11136,6236,7564
1220,3352,-3436,-883,1205,283,-11136,6236,7564
1152,4280,-840,-1751,-1015,1741,-5052,4620,7280
1152,4280,-840,-1751,-1015,1741,-5052,4620,7280
116,2556,1252,-1621,-322,1421,396,-2736,4040
-2036,912,1192,-1494,-329,727,3852,-5096,364
-2036,912,1192,-1494,-329,727,3852,-5096,364
-5880,-2872,1092,-1859,-941,-517,13224,-5776,-1140
-5880,-2872,1092,-1859,-941,-517,13224,-5776,-1140
-11476,-8380,-68,-1747,-3199,39,21228,764,-6056
-13072,-10748,-1008,-1749,-3637,840,19164,13624,-6976
-13072,-10748,-1008,-1749,-3637,840,19164,13624,-6976
-18324,-17360,-2088,-3960,-7462,4137,16336,24952,-7544
-18324,-17360,-2088,-3960,-7462,4137,16336,24952,-7544
-23784,-23224,-1260,-8793,-25169,9868,32767,32767,3472
-26696,-26940,1112,-16591,-32768,4021,24848,32767,2428
-26696,-26940,1112,-16591,-32768,4021,24848,32767,2428
-32768,-32768,5376,1031,-32768,5069,12036,32767,16988
-32768,-31928,6432,-5087,-23069,9006,2508,32767,14932
-32768,-31928,6432,-5087,-23069,9006,2508,32767,14932
-29296,-25068,6548,6227,18925,1152,7252,25292,13988
-29296,-25068,6548,6227,18925,1152,7252,25292,13988
-25588,-20936,8444,499,2431,752,18936,24360,3152
-28644,-21740,9484,-777,-3714,-473,32767,20744,-9268
-28644,-21740,9484,-777,-3714,-473,32767,20744,-9268
-32768,-28780,8392,-918,-2313,-6738,32767,32767,-18368
-32768,-28780,8392,-918,-2313,-6738,32767,32767,-18368
-32768,-32768,3088,-1488,768,-3313,15124,32767,-10388
-32768,-32768,3088,-1488,768,-3313,15124,32767,-10388
-29188,-30312,-4332,-855,-648,2440,9440,24088,80
-29188,-30312,-4332,-855,-648,2440,9440,24088,80
-18564,-22896,-6444,-1032,-524,6188,16444,26756,11184
-18564,-22896,-6444,-1032,-524,6188,16444,26756,11184
-15688,-19768,-624,-916,1991,4123,8864,32767,32767
-15512,-18804,2860,-858,2818,3844,-8500,27244,16908
-15512,-18804,2860,-858,2818,3844,-8500,27244,16908
-13248,-15484,9524,-161,10925,2817,25620,784,-1496
-13248,-15484,9524,-161,10925,2817,25620,784,-1496
-8712,-9420,7992,2324,12728,2611,22100,12364,-948
-5384,-5816,4732,2501,13588,1838,9240,13784,5624
-5384,-5816,4732,2501,13588,1838,9240,13784,5624
3532,232,-2268,2560,10059,3059,-2916,-924,10916
3532,232,-2268,2560,10059,3059,-2916,-924,10916
8240,2360,-4340,2810,5231,2163,-7284,-9032,19732
7884,3324,-2708,2454,7129,2860,-13328,-10156,9260
7884,3324,-2708,2454,7129,2860,-13328,-10156,9260
3068,2524,-1600,841,2143,1875,-7276,-9440,2064
3068,2524,-1600,841,2143,1875,-7276,-9440,2064
364,-276,-3020,-380,2452,1263,-4832,-2176,-8208
364,-276,-3020,-380,2452,1263,-4832,-2176,-8208
-1656,2828,-4456,-68,6659,4853,5780,2056,-13520
-1504,3820,-5656,-715,4155,5283,9356,-1356,-11756
-1504,3820,-5656,-715,4155,5283,9356,-1356,-11756
528,3628,-6896,-1215,-1087,-1453,9176,-76,-10052
232,3324,-8576,-753,-1597,-1960,5220,-932,-7068
232,3324,-8576,-753,-1597,-1960,5220,-932,-7068
884,-412,-9440,1789,-120,-3984,-780,-612,-1816
884,-412,-9440,1789,-120,-3984,-780,-612,-1816
-168,3692,-8872,1073,2766,-2413,-7132,2704,1988
468,1152,-5844,643,2039,-1877,-8168,1672,5188
468,1152,-5844,643,2039,-1877,-8168,1672,5188
1352,1148,-2904,-51,544,-1076,-8872,4272,7360
1352,1148,-2904,-51,544,-1076,-8872,4272,7360
404,1660,-1076,-376,-9,-290,-3108,5716,3084
184,2088,-404,-290,24,-12,-1848,5896,836
184,2088,-404,-290,24,-12,-1848,5896,836
-2500,1940,1120,-442,500,163,6132,2652,636
-4060,1096,868,-568,149,483,8624,-3400,736
-4060,1096,868,-568,149,483,8624,-3400,736
-8728,-3200,868,-440,-386,734,12176,-5296,-2828
-10804,-6092,1324,-621,-1541,1183,11244,3264,-3088
-12472,-8848,1836,-693,-2807,1701,9576,10272,-4696
-13892,-11980,1260,-1121,-4442,2649,11556,16088,-3996
-16176,-14792,1236,-2415,-6477,3984,12364,14744,-5096
-18748,-17400,1240,-7798,-8650,5456,18312,18364,-3452
-18748,-17400,1240,-7798,-8650,5456,18312,18364,-3452
-25796,-22516,612,-12631,-27841,3846,24908,32767,2344
-27528,-23844,1128,-12212,-32768,2340,27168,32767,9384
-27660,-24820,1876,-3447,-29242,-406,25148,32767,15940
-28692,-24520,1216,-1059,-19944,2973,12080,32767,15664
-28640,-23644,2924,-1490,216,4523,-3768,27140,-40
-28892,-23776,5312,1491,12619,4544,7176,18860,860
-30296,-24872,7692,1432,12150,-3088,20380,16056,-2944
-32768,-27144,10196,-805,4697,-871,32767,15264,-5980
-32768,-30384,11212,-2603,-734,-481,32767,30572,-9572
-32768,-32288,11372,-3094,-2789,-3072,32767,32767,-15820
-32768,-32288,11372,-3094,-2789,-3072,32767,32767,-15820
-32768,-32080,6812,-2943,-531,-4896,21024,32767,-6452
-32768,-29560,3460,-2100,1626,-3545,17536,31760,656
-32096,-27968,1172,-934,3344,-564,17140,23692,3948
-32096,-27968,1172,-934,3344,-564,17140,23692,3948
-22888,-24028,-1948,178,2409,5677,13228,24264,8340
-19932,-22384,-2052,224,711,6852,14072,25920,13616
-19932,-22384,-2052,224,711,6852,14072,25920,13616
-17392,-20808,264,-382,-885,6901,11068,29044,15776
-17392,-20808,264,-382,-885,6901,11068,29044,15776
-16356,-20788,2948,-137,4904,6992,19800,15124,-944
-16356,-20788,2948,-137,4904,6992,19800,15124,-944
-14928,-17128,2904,787,9098,7547,21840,14160,-5392
-12668,-14824,1176,885,8359,8021,16164,16784,-792
-12668,-14824,1176,885,8359,8021,16164,16784,-792
-6816,-8956,-3360,1562,6580,8312,7980,12896,7660
-3432,-7496,-3560,1733,5848,8466,5316,9176,11308
-3432,-7496,-3560,1733,5848,8466,5316,9176,11308
3500,-1832,-7244,1548,6324,6914,-7204,1144,9164
3500,-1832,-7244,1548,6324,6914,-7204,1144,9164
5324,1212,-5684,2235,10091,4748,-2124,-1660,5524
3968,1992,-5012,2363,9515,4352,400,-4192,4552
3968,1992,-5012,2363,9515,4352,400,-4192,4552
1068,3524,-2400,2261,7286,232,2152,-6736,-2132
-604,4008,-1532,2658,4429,-1063,-628,-4976,-5504
-604,4008,-1532,2658,4429,-1063,-628,-4976,-5504
-2128,5260,-860,2334,5678,-1778,4752,-6404,-5160
-2128,5260,-860,2334,5678,-1778,4752,-6404,-5160
-2092,4224,-1960,65,6006,-369,2584,-3180,-5636
-1128,3180,-2892,-506,5815,1194,1084,-1392,-4440
-1128,3180,-2892,-506,5815,1194,1084,-1392,-4440
-500,2220,-4416,-2108,3732,4800,-1648,-896,-2060
-796,2344,-5664,-2220,1272,3856,-3572,576,-1168
-796,2344,-5664,-2220,1272,3856,-3572,576,-1168
-220,2556,-5836,-2281,-1880,908,-5496,1876,5612
16,2076,-5156,-999,-1751,1223,-7092,2296,5428
16,2076,-5156,-999,-1751,1223,-7092,2296,5428
-108,2012,-3520,64,-2138,1826,-8492,4780,3164
-108,2012,-3520,64,-2138,1826,-8492,4780,3164
0,1732,-1128,-101,-3025,2924,-2316,3276,1712
0,1732,-1128,-101,-3025,2924,-2316,3276,1712
380,2116,1096,-1086,-3730,2242,2216,3436,-1556
380,2116,1096,-1086,-3730,2242,2216,3436,-1556
-1284,1612,2976,-1641,-2792,1401,8728,-5224,-2136
-1284,1612,2976,-1641,-2792,1401,8728,-5224,-2136
-5624,-1580,2740,-1498,-1627,1034,12076,-1740,-2312
-5624,-1580,2740,-1498,-1627,1034,12076,-1740,-2312
-11216,-6292,2908,-1492,-3222,1798,15712,448,-3160
-11216,-6292,2908,-1492,-3222,1798,15712,448,-3160
-17244,-12292,3008,-2098,-5204,2972,3484,18592,-5900
-20180,-14828,2364,-3365,-6583,4188,4004,21548,-6048
-20180,-14828,2364,-3365,-6583,4188,4004,21548,-6048
-30232,-18624,440,-12058,-19664,6836,23184,32767,-2308
-32768,-21420,-1172,-18737,-32768,1915,32767,32767,9384
-32768,-21420,-1172,-18737,-32768,1915,32767,32767,9384
-32768,-26272,-3596,-736,-23971,878,16884,26056,19772
-32768,-26364,-3408,-3120,-5622,3716,11372,8008,8140
-32768,-26364,-3408,-3120,-5622,3716,11372,8008,8140
-28504,-27716,-3276,4673,17513,-4630,19424,32767,3544
-28504,-27716,-3276,4673,17513,-4630,19424,32767,3544
-30840,-29524,212,-2333,-583,-108,32767,29668,3508
-30840,-29524,212,-2333,-583,-108,32767,29668,3508
-32768,-31772,5372,-3606,-4856,-6945,32767,32767,3220
-32768,-31772,5372,-3606,-4856,-6945,32767,32767,3220
-32768,-31944,8184,-825,3139,-2609,21484,31764,-1292
-32768,-30388,8092,-932,4450,781,23448,27428,520
-32768,-30388,8092,-932,4450,781,23448,27428,520
-30676,-23868,6168,-59,6118,6278,-4056,28444,-8036
-25800,-20808,4452,-63,3997,8061,-1192,32767,32767
-25800,-20808,4452,-63,3997,8061,-1192,32767,32767
-17124,-15544,4992,-200,887,8060,32767,11516,32767
-17124,-15544,4992,-200,887,8060,32767,11516,32767
-10812,-9940,396,-751,4215,6255,18452,19504,5280
-10812,-9940,396,-751,4215,6255,18452,19504,5280
-6140,-6232,-340,-791,8033,4627,9912,19316,6000
-4748,-4924,-36,378,10098,3359,1544,13932,3136
-4748,-4924,-36,378,10098,3359,1544,13932,3136
-372,-652,1496,1263,8192,4781,328,6012,532
976,808,1576,1301,7109,5229,-448,1220,-988
976,808,1576,1301,7109,5229,-448,1220,-988
3256,3260,1648,3089,4967,5704,-1176,-3584,-2300
3256,3260,1648,3089,4967,5704,-1176,-3584,-2300
4684,5540,3720,3085,8168,3263,-9840,-10288,-1672
4272,6464,2432,2655,5163,1273,-8432,-13396,-1724
4272,6464,2432,2655,5163,1273,-8432,-13396,-1724
2004,3636,1860,1835,5162,-864,-9544,-7052,-4236
2004,3636,1860,1835,5162,-864,-9544,-7052,-4236
168,372,-776,680,4530,-1736,-1308,2788,-6036
-348,-424,-1164,274,5921,-1727,4872,3032,-5048
-348,-424,-1164,274,5921,-1727,4872,3032,-5048
-1176,-424,-4600,-837,6271,-3872,5252,2740,-5444
-1176,-424,-4600,-837,6271,-3872,5252,2740,-5444
-452,880,-7760,-2372,4213,-6179,5176,504,-4624
-452,880,-7760,-2372,4213,-6179,5176,504,-4624
1292,2864,-9544,-984,3135,-6879,1368,-2464,-460
2520,3216,-8676,-976,4530,-5973,-756,-2904,8
2520,3216,-8676,-976,4530,-5973,-756,-2904,8
372,1856,-8488,-627,6309,-3670,-1952,-4032,3380
372,1856,-8488,-627,6309,-3670,-1952,-4032,3380
164,1456,-4396,-470,5744,-2121,-2256,-336,3308
-132,1108,-2932,-269,4860,-1548,-3384,1464,2140
-132,1108,-2932,-269,4860,-1548,-3384,1464,2140
-36,-768,-396,-420,3797,449,-3712,5920,1688
-36,-768,-396,-420,3797,449,-3712,5920,1688
-3752,-1432,1968,-1241,3383,796,3064,4772,2136
-6084,-1844,2588,-1429,2975,756,5800,6064,1432
-6084,-1844,2588,-1429,2975,756,5800,6064,1432
-12624,-5452,2760,-510,-1796,757,11040,11484,1996
-12624,-5452,2760,-510,-1796,757,11040,11484,1996
-17620,-10428,3128,-1296,-4913,1900,17992,18948,-264
-19684,-12728,2844,-3987,-6582,2587,22820,19608,-3408
-19684,-12728,2844,-3987,-6582,2587,22820,19608,-3408
-24816,-19952,4296,-12002,-25773,3513,25692,27984,-4452
-27632,-22376,3012,-15926,-32768,-1238,21052,27756,-352
-27632,-22376,3012,-15926,-32768,-1238,21052,27756,-352
-32336,-22612,2924,-3353,-32768,4028,13208,22484,1656
-32336,-22612,2924,-3353,-32768,4028,13208,22484,1656
-32768,-22992,3888,977,2731,8358,14368,32767,-7044
-32768,-22992,3888,977,2731,8358,14368,32767,-7044
-32768,-26728,6300,674,4162,641,18236,32767,220
-32768,-28140,5972,-211,1315,464,18588,21132,-1052
-32768,-28140,5972,-211,1315,464,18588,21132,-1052
-32768,-27856,5372,-3383,-1877,-2086,32767,23420,-7644
-32768,-27856,5372,-3383,-1877,-2086,32767,23420,-7644
-32768,-26836,5668,-2587,1186,-7044,21820,32767,-6128
-32768,-26836,5668,-2587,1186,-7044,21820,32767,-6128
-32768,-25572,4780,-1483,559,-675,15632,25164,-2044
-32768,-25572,4780,-1483,559,-675,15632,25164,-2044
-28404,-23236,2632,479,611,6093,14312,22972,428
-25300,-21264,1944,566,1184,7281,16608,22040,10132
-25300,-21264,1944,566,1184,7281,16608,22040,10132
-17892,-19224,948,-631,2593,6106,6948,32767,5468
-17892,-19224,948,-631,2593,6106,6948,32767,5468
-13120,-15900,-12,-587,7837,4423,15432,16584,8200
-11336,-14460,60,-26,11690,3199,16556,15008,2968
-11336,-14460,60,-26,11690,3199,16556,15008,2968
-6684,-11620,-1480,920,13732,3163,15664,10496,-3136
-6684,-11620,-1480,920,13732,3163,15664,10496,-3136
348,-7696,-1012,1839,13220,2813,6004,6040,-1104
3164,-4372,-1288,2414,12845,2759,3448,2712,4204
3164,-4372,-1288,2414,12845,2759,3448,2712,4204
7104,-568,-2572,4553,10784,-82,-2824,-6724,13272
7104,-568,-2572,4553,10784,-82,-2824,-6724,13272
8868,2120,-2736,4265,9470,610,-7108,-11088,9384
6928,2240,-2900,3152,9305,-879,-4780,-13956,4636
6928,2240,-2900,3152,9305,-879,-4780,-13956,4636
3856,1628,-952,1294,5983,-3479,-736,-5128,-1196
3856,1628,-952,1294,5983,-3479,-736,-5128,-1196
-152,180,-352,-577,5570,-2887,3320,2672,-8204
-1512,408,76,-557,6671,-682,4124,164,-10436
-1512,408,76,-557,6671,-682,4124,164,-10436
-1812,1960,-444,-2030,5250,7308,5504,-1484,-6364
-1812,1960,-444,-2030,5250,7308,5504,-1484,-6364
-624,3792,-3148,-1763,-1004,3792,-184,-2156,-1836
-436,3832,-4608,-1547,-2707,1886,-3364,-2220,-1220
-436,3832,-4608,-1547,-2707,1886,-3364,-2220,-1220
-388,4520,-5652,736,-2836,2208,-5820,508,332
-388,4520,-5652,736,-2836,2208,-5820,508,332
960,4856,-5180,2178,-2870,2280,-8080,4424,4612
960,4856,-5180,2178,-2870,2280,-8080,4424,4612
1216,2984,-4052,2176,-2848,4787,-3872,4764,7160
1216,2984,-4052,2176,-2848,4787,-3872,4764,7160
-420,2332,-4228,1620,-4144,5140,-484,1456,3388
-724,1328,-3380,1090,-4148,4490,2192,1596,3516
-724,1328,-3380,1090,-4148,4490,2192,1596,3516
-2248,720,-4516,618,-4985,3728,4596,-1520,-316
-2248,720,-4516,618,-4985,3728,4596,-1520,-316
-4304,2064,-1560,374,-5161,3226,7588,1800,-4544
-6612,2184,52,169,-5336,3193,8988,-1356,-4892
-6612,2184,52,169,-5336,3193,8988,-1356,-4892
-13160,-2300,1876,-946,-4686,2276,11184,2852,-5000
-13160,-2300,1876,-946,-4686,2276,11184,2852,-5000
-16316,-9944,3092,-2729,-5338,2051,4708,10816,-8644
-16316,-9944,3092,-2729,-5338,2051,4708,10816,-8644
-23836,-17448,5940,-7996,-6391,3407,6592,22820,-7536
-23836,-17448,5940,-7996,-6391,3407,6592,22820,-7536
-31044,-23976,5588,-15237,-27654,2380,26448,32767,-1656
-31044,-23976,5588,-15237,-27654,2380,26448,32767,-1656
