-12888,-8280,4056,-1071,-131,1642,8696,12760,-2032
-12888,-8280,4056,-1071,-131,1642,8696,12760,-2032
-12952,-8040,4076,-1071,-34,1629,8876,12780,-1864
-12968,-7940,4060,-1075,37,1635,8824,12752,-1952
-12968,-7940,4060,-1075,37,1635,8824,12752,-1952
-13052,-7644,3796,-1015,225,1613,8660,12772,-2072
-13052,-7644,3796,-1015,225,1613,8660,12772,-2072
-13076,-7476,3744,-974,377,1649,8684,12592,-2012
-13076,-7476,3744,-974,377,1649,8684,12592,-2012
-13056,-7664,3536,-880,465,1636,8664,12692,-1908
-13056,-7664,3536,-880,465,1636,8664,12692,-1908
-13188,-7952,3620,-851,608,1603,8776,12700,-2040
-13188,-7952,3620,-851,608,1603,8776,12700,-2040
-13420,-8324,3504,-781,761,1495,8492,12808,-1804
-13472,-8492,3556,-748,812,1421,8692,12700,-1836
-13552,-8536,3736,-711,818,1346,8600,12728,-1648
-13544,-8812,3620,-691,868,1280,8588,12804,-1648
-13672,-8936,3640,-657,817,1276,8680,12780,-1592
-13680,-9060,3604,-621,808,1244,8796,12712,-1336
-13640,-9140,3544,-614,791,1217,9000,12852,-1220
-13600,-9252,3580,-602,748,1182,9120,12808,-1292
-13580,-9256,3596,-601,707,1193,9184,12736,-1128
-13400,-9288,3568,-633,626,1216,9068,12688,-1096
-13408,-9228,3628,-633,519,1295,9040,12528,-932
-13268,-9136,3380,-667,343,1370,9044,12540,-852
-13072,-9056,3280,-678,147,1456,9116,12572,-876
-12912,-8944,3436,-734,-23,1572,9040,12524,-972
-12704,-8856,3288,-738,-201,1710,8944,12612,-1064
-12760,-8864,3300,-777,-310,1818,8720,12580,-1216
-12784,-8596,3144,-829,-405,1918,8672,12632,-1380
-12688,-8588,3068,-837,-459,1997,8744,12672,-1476
-12816,-8556,3024,-874,-535,2096,8640,12760,-1640
-12784,-8600,2816,-886,-535,2180,8420,12832,-1744
-12924,-8680,2956,-916,-546,2240,8444,12836,-1812
-12796,-8700,2860,-911,-472,2266,8568,12876,-2048
-12916,-8648,2844,-940,-429,2285,8480,12928,-1996
-13004,-8732,2956,-923,-330,2299,8476,12912,-2188
-12912,-8732,2692,-926,-272,2262,8536,13000,-2060
-12964,-8772,2676,-925,-198,2234,8536,12988,-2100
-13052,-8924,2928,-913,-148,2178,8540,12916,-2124
-13180,-8980,2816,-899,-58,2094,8512,12916,-1936
-13104,-9036,2976,-901,35,1997,8788,12908,-1848
-13100,-9068,3024,-869,107,1885,8704,12968,-1724
-13096,-9080,3228,-867,143,1784,8476,12860,-1840
-13176,-9036,3360,-855,186,1630,8476,12916,-1676
-13000,-9052,3428,-831,220,1501,8496,12948,-1788
-13104,-9032,3300,-821,264,1385,8548,12912,-1572
-13068,-9004,3472,-801,294,1301,8636,12784,-1616
-13104,-8896,3660,-797,319,1213,8744,12724,-1508
-13136,-8772,3668,-789,320,1171,8604,12736,-1448
-13100,-8612,3892,-790,303,1127,8680,12680,-1500
-13252,-8540,3776,-794,322,1095,8848,12736,-1404
-13232,-8416,3920,-813,288,1111,8816,12604,-1392
-13220,-8240,3912,-810,269,1123,8728,12696,-1492
-13284,-8192,3828,-820,209,1157,8772,12564,-1560
-13280,-8152,3856,-827,194,1232,8772,12756,-1484
-13332,-8180,3652,-845,138,1335,8976,12780,-1376
-13272,-8224,3648,-865,129,1409,8972,12796,-1356
-13292,-8284,3616,-900,81,1502,8848,12752,-1556
-13188,-8416,3524,-903,127,1554,8772,12640,-1480
-13288,-8468,3444,-920,106,1634,8696,12768,-1588
-13104,-8724,3272,-921,131,1662,8692,12876,-1676
-13212,-8812,3288,-918,190,1732,8620,12888,-1844
-13164,-8972,3300,-918,201,1770,8660,12848,-1760
-13112,-9000,3180,-921,239,1776,8720,12848,-1620
-13096,-9084,3168,-933,269,1760,8700,12720,-1604
-13084,-9036,3016,-935,272,1745,8676,12680,-1672
-12884,-9084,2988,-956,239,1713,8860,12748,-1768
-12932,-9216,2996,-946,183,1681,8820,12808,-1768
-12924,-9268,3020,-982,127,1680,8780,12808,-1668
-13100,-9132,3204,-974,105,1648,8680,12724,-1784
-12984,-9020,3016,-988,55,1618,8576,12808,-1704
-12936,-9084,3112,-1011,32,1557,8568,12812,-1644
-12964,-9036,3040,-1009,16,1499,8708,12728,-1776
-13016,-9040,3136,-1028,29,1473,8716,12832,-1692
-12960,-8972,2900,-1017,55,1423,8584,12812,-1832
-13040,-8892,3132,-999,53,1371,8608,12876,-1720
-13040,-8856,3228,-992,116,1343,8628,12860,-1572
-12952,-8832,3288,-979,151,1310,8828,12812,-1620
-12812,-8640,3228,-962,176,1260,8788,12772,-1660
-12812,-8640,3228,-962,176,1260,8788,12772,-1660
-12940,-8564,3352,-990,153,1237,8860,12632,-1556
-13052,-8580,3424,-980,61,1202,8624,12760,-1648
-13068,-8548,3352,-982,47,1238,8532,12780,-1504
-13080,-8444,3300,-976,-4,1268,8680,12808,-1524
-13028,-8476,3444,-956,-5,1336,8652,12792,-1796
-13128,-8368,3272,-962,-48,1396,8624,12724,-1540
-13092,-8508,3176,-973,-48,1502,8624,12644,-1680
-13048,-8632,3248,-955,-70,1553,8524,12712,-1608
-13068,-8728,3312,-993,-36,1613,8720,12660,-1656
-13128,-8848,3264,-978,-23,1686,8544,12820,-1680
-13120,-8888,3180,-1000,-19,1706,8740,12824,-1752
-13176,-8956,3144,-992,-29,1701,8724,12752,-1680
-13176,-8956,3144,-992,-29,1701,8724,12752,-1680
-13196,-8992,3164,-1021,-27,1670,8820,12824,-1732
-13272,-8924,3052,-1058,-6,1638,8816,12676,-1700
-13128,-8980,3284,-1044,-2,1611,8736,12768,-1612
-13176,-8924,3244,-1066,4,1587,8828,12700,-1792
-13220,-8820,3328,-1080,-7,1572,8984,12800,-1628
-13008,-8952,3232,-1081,-38,1578,9016,12844,-1664
-13064,-8856,3204,-1108,11,1596,8744,12860,-1628
-13060,-8844,3328,-1092,-15,1590,8780,12800,-1568
-13000,-8752,3272,-1092,8,1607,8856,12840,-1628
-13000,-8752,3272,-1092,8,1607,8856,12840,-1628
-12988,-8880,3212,-1075,74,1675,8964,12780,-1640
-13124,-8904,3124,-1064,119,1688,8720,12652,-1676
-13196,-8788,3024,-1075,132,1713,8660,12768,-1556
-13120,-8796,3184,-1071,156,1711,8892,12748,-1672
-13104,-8820,3200,-1086,116,1680,8680,12784,-1716
-13060,-8780,3024,-1103,91,1638,8660,12684,-1664
-13040,-8804,2940,-1098,48,1616,8936,12868,-1812
-13040,-8804,2940,-1098,48,1616,8936,12868,-1812
-13080,-8944,3048,-1110,-45,1554,8760,12676,-1856
-12956,-9152,2988,-1106,-62,1552,8692,12740,-1616
-13016,-8944,3212,-1084,-108,1558,8588,12688,-1724
-12944,-8900,3360,-1097,-108,1572,8676,12820,-1536
-13028,-8728,3192,-1103,-144,1603,8700,12724,-1596
-12852,-8680,3364,-1105,-136,1600,8792,12712,-1812
-12816,-8768,3420,-1081,-180,1624,8680,12720,-1776
-12836,-8744,3468,-1063,-214,1660,8652,12760,-1716
-12900,-8592,3484,-1064,-220,1688,9040,13012,-1688
-12900,-8592,3484,-1064,-220,1688,9040,13012,-1688
-13204,-8572,3348,-1061,-257,1753,8656,12552,-1584
-13064,-8640,3304,-1069,-292,1773,8596,12700,-1936
-13160,-8728,3268,-1070,-310,1801,8584,12812,-1664
-13088,-8720,3252,-1065,-326,1804,9068,12888,-1796
-13108,-8716,2980,-1054,-340,1793,9192,12640,-1544
-13148,-8712,2980,-1069,-369,1799,8984,12636,-1472
-13220,-8796,3024,-1056,-409,1768,8348,12704,-1480
-13100,-8892,3072,-1091,-412,1743,8500,13052,-1664
-13124,-8852,2984,-1087,-470,1711,9032,13028,-1580
-13124,-8744,3048,-1103,-464,1694,9168,12864,-1528
-13104,-8768,3120,-1117,-484,1645,9184,12668,-1444
-13132,-8712,3032,-1130,-498,1613,9000,12812,-1468
-13100,-8676,3040,-1148,-494,1567,8632,12908,-1464
-13144,-8616,3240,-1133,-535,1520,8544,12876,-1568
-13100,-8712,3040,-1156,-532,1528,8760,12784,-1688
-13164,-8848,3160,-1155,-534,1551,8568,12688,-1748
-13208,-8872,3156,-1144,-558,1503,8852,12652,-1748
-13296,-8896,3100,-1167,-550,1484,8668,12936,-1764
-13296,-8896,3100,-1167,-550,1484,8668,12936,-1764
-13232,-8852,3352,-1145,-526,1425,8576,12920,-1920
-13292,-8840,3404,-1122,-510,1409,8496,13012,-1880
-13352,-8724,3740,-1131,-570,1409,8364,13204,-1932
-13364,-8804,3776,-1108,-595,1388,8388,12904,-1416
-13232,-8796,3740,-1118,-588,1377,8848,12916,-1560
-13476,-8628,3904,-1126,-615,1338,8596,13036,-1204
-13528,-8744,4140,-1134,-601,1296,8636,13164,-1312
-13784,-8780,4172,-1163,-620,1275,8824,13212,-1220
-13916,-8892,4072,-1167,-677,1244,8740,13068,-1080
-14040,-8916,4088,-1198,-766,1265,8928,13228,-1036
-14036,-8956,4284,-1229,-846,1245,9000,12912,-1200
-14144,-9160,4308,-1258,-946,1241,8896,12748,-996
-14116,-9340,4092,-1281,-1034,1216,8680,13032,-1404
-14164,-9176,3972,-1291,-1110,1232,8240,13140,-1640
-14216,-9168,3892,-1301,-1220,1258,7956,12896,-1616
-14044,-9044,3800,-1296,-1346,1308,8096,12972,-1852
-13924,-8828,3776,-1318,-1467,1312,8132,12904,-1904
-13792,-8608,3548,-1364,-1575,1302,8372,12848,-2020
-13644,-8632,3236,-1362,-1640,1253,8488,12572,-1736
-13764,-8356,3124,-1419,-1702,1200,8568,12964,-1776
-13616,-8280,3120,-1415,-1783,1196,8740,13072,-1652
-13688,-7964,3216,-1378,-1864,1224,8752,12872,-1548
-13660,-7760,3052,-1304,-1932,1288,8560,12976,-1676
-13528,-7488,2728,-1257,-1947,1361,8292,13132,-1680
-13544,-7468,2588,-1206,-1920,1437,8084,12984,-1580
-13100,-7500,2404,-1180,-1862,1498,7752,12992,-1508
-12596,-7624,1916,-1203,-1827,1590,8164,12620,-1488
-12124,-7816,1816,-1227,-1809,1657,7936,11884,-1200
-11780,-7832,1848,-1195,-1762,1750,8108,11652,-728
-11160,-7948,1664,-1133,-1670,1902,7844,11200,-708
-10792,-8200,1684,-1073,-1558,2008,7768,10544,-320
-10436,-8088,2020,-1023,-1456,2127,7980,10244,-396
-10000,-8220,2108,-975,-1416,2241,7708,9500,-656
-9440,-8000,2100,-939,-1436,2280,7240,9328,-748
-8836,-7376,2024,-910,-1417,2267,7068,8568,-228
-8240,-7244,2076,-867,-1517,2251,7692,7112,788
-7916,-6512,2120,-838,-1458,2177,5976,8424,0
-7564,-5536,2660,-835,-1505,2033,4816,6304,-1148
-7164,-4820,3264,-865,-1495,1865,3484,4452,-2004
-6552,-4572,4068,-944,-1635,1659,4324,5800,-3340
-6060,-5004,4120,-761,-1642,1450,3340,4076,-5116
-4808,-5728,3808,-849,-1794,1306,484,10964,-11308
-4344,-5432,4024,-854,-2167,1247,1788,15032,-12436
-3768,-4504,3212,-827,-2286,1287,-5236,11832,-11312
-4132,-4580,2220,-874,-2312,1449,-2964,17996,-10060
-4364,-4884,1844,-981,-3248,1901,-1612,19176,-6376
-6736,-4048,3240,-1079,-3880,2094,5120,17620,-3080
-9740,-4636,5988,-1000,-4513,2331,8436,16404,-724
-13132,-5932,9500,-992,-5038,2799,9688,15520,-288
-16036,-7020,12644,-683,-5183,3380,7944,14980,2380
-19028,-6352,15424,-192,-4704,3857,4776,14932,4560
-21748,-3904,15244,174,-4138,4550,2936,13448,6252
-22864,-2016,17408,346,-2715,4916,4384,11760,7356
-22648,-5060,24376,305,-1410,5010,11676,10880,5028
-21200,-6584,32504,216,-154,4476,6984,12172,1636
-21660,-6784,32767,211,784,3703,1540,17524,-748
-22424,-10044,32767,64,849,2948,-2912,14196,-1540
-28152,-6504,32767,-37,296,2500,720,20108,-2476
-32768,-3968,32767,-229,-429,2410,6404,18068,-4984
-32768,-3144,32767,-434,-839,2409,12824,21608,-6452
-32768,-4952,32767,-893,-1033,2073,14696,24720,-6276
-32768,-7984,32767,-1507,-1095,1383,11768,26376,-5320
-32768,-12200,32767,-2062,-897,717,10276,29528,-5444
-32768,-17692,32767,-2641,-618,293,9292,29184,-5696
-32768,-24168,32767,-2973,-26,149,11088,29452,-5744
-32768,-28332,32767,-3275,370,151,12348,29472,-4592
-32768,-31284,32767,-3584,607,156,12180,29864,-3548
-32768,-32768,32767,-4115,195,116,10548,31904,-4824
-32768,-32768,32767,-3581,1071,142,10320,32767,-6088
-32768,-32768,32767,-2838,2739,469,10928,32767,-6724
-32768,-32768,30816,-2894,2678,1104,12736,30540,-5884
-32768,-32768,28436,-2792,3317,1646,15240,28016,-4888
-32768,-32768,26552,-2559,3236,2389,15496,25204,-4268
-32768,-32768,25908,-2468,3850,3028,14408,24180,-3884
-32768,-32768,22944,-2585,3613,3658,11952,23572,-3788
-29288,-32768,19288,-2299,4107,3772,10204,22420,-2880
-25008,-32768,16048,-2053,3808,3645,9476,21596,-2884
-22504,-32768,13844,-1034,6923,-14,9020,19228,-1232
-21172,-32768,12268,-1284,7215,2266,8404,17772,-1516
-20440,-32768,10788,-1153,10542,2598,7412,17648,-124
-19248,-32768,8068,170,16448,5323,4916,15324,616
-18492,-32768,5320,1748,19425,6802,4188,12552,356
-18476,-32768,4012,761,12501,6005,4000,9624,-188
-18836,-32368,2444,-924,3341,1842,3256,7796,764
-18584,-30988,536,684,2094,-2085,324,12208,-2908
-18104,-29792,-2164,43,553,-3961,4652,6504,1828
-16908,-29000,-1940,-1090,-2006,-6148,6484,3028,3092
-16204,-28180,-4552,-293,2045,-7389,3392,-1228,1104
-15316,-27976,-4744,2190,272,-6409,2016,-4840,2464
-17200,-24528,-5512,3091,1588,-5175,776,-3964,1448
-16516,-24956,-4828,2655,840,-3194,-1324,-5944,2412
-18200,-22480,-2804,1634,423,-2086,-2904,-6036,1388
-19312,-20860,-2084,2191,2263,-1801,-5692,-4500,1648
-20500,-20772,-1308,3664,4802,-1405,-8844,-4744,1332
-21660,-20280,-1356,5559,4976,-801,-8912,-3512,-940
-22400,-20156,-1244,5586,5948,-1673,-6464,-3500,-1716
-22880,-18864,-456,5395,5480,-1426,-3012,-1836,-3624
-23952,-18240,-1816,4673,5350,-788,-388,-84,-3772
-24228,-18372,-3436,3869,3095,1239,-1348,1376,-3148
-24424,-17944,-4764,1839,280,4718,-1580,2704,-2836
-24204,-17512,-5700,-557,-813,7050,-2480,5696,-2692
-24532,-14988,-5944,-1227,-1668,8818,-1604,4560,-2416
-23964,-13924,-5604,-2162,-78,7854,536,4312,-1244
-23368,-12028,-4648,-2158,1188,6156,1980,5532,-2336
-22768,-9172,-5176,-2286,2148,3457,2456,2072,-3532
-22084,-4484,-7400,-1808,2902,1932,4816,384,-1728
-21304,-396,-8344,-1894,3075,902,2024,2568,-3664
-20468,3896,-9668,-1476,2533,1094,724,2624,-2300
-19960,8108,-11168,-1908,2574,794,836,2820,-468
-19488,11664,-12780,-1403,2769,186,2484,5672,-776
-18904,14788,-13976,-357,2648,-266,4736,6220,-908
-17976,18448,-15512,639,2126,95,12812,8320,-1176
-17520,22184,-17436,1287,1074,753,19404,12400,-2584
-17424,26720,-20032,970,43,1370,18824,16272,-1864
-16204,30276,-22924,477,-287,1779,9408,23040,-1144
-17660,30840,-24852,58,558,2047,2556,32767,-4000
-15124,32767,-27048,-478,642,1997,8748,32767,-5252
-21776,32767,-28360,-256,1235,1908,18760,32592,-5516
-7444,32767,-29200,-474,849,1866,22420,32767,-6572
-7352,32767,-29292,-877,735,2521,26792,32767,-6280
-9180,32767,-29504,-899,581,2505,26040,31804,-6308
-10520,32767,-28896,-1532,1997,2804,22940,32767,-8148
-6052,32767,-27660,-2272,1954,2640,19236,32767,-6244
3460,32767,-22768,-2731,2203,2673,17148,32767,-5692
-2748,32767,-21676,-2769,3282,3067,16004,32767,-5604
-2316,32767,-18436,-3101,4017,2899,14752,32767,-4428
-9920,32767,-15564,-2826,4177,2693,14136,32348,-3824
-10796,32767,-11684,-2868,3453,3071,13416,29228,-3408
-10988,31420,-9340,-2305,3207,2986,12628,27508,-3804
-11624,26596,-6368,-2513,-219,4512,13288,26980,-4224
-12152,21624,-4528,-2097,-1692,6126,13636,27032,-4568
-14412,14708,-3268,-1244,-1643,6612,12868,25688,-3400
-14912,11040,-2712,-706,-210,6843,11140,23220,-1548
-15016,5728,-2424,-944,572,6411,9544,19660,1032
-15492,-264,-1288,-392,1769,5652,8676,16904,1360
-14640,-4452,2328,560,2224,5257,7528,14496,1032
-13312,-9844,6536,1058,1282,5668,6956,12696,1244
-13312,-9844,6536,1058,1282,5668,6956,12696,1244
-11272,-19992,10540,1840,-530,7425,5752,10344,-748
-10976,-21128,10336,2026,-699,8053,4968,9148,-1584
-10976,-21128,10336,2026,-699,8053,4968,9148,-1584
-13368,-22128,7448,1667,-1103,8476,4828,6340,-116
-13368,-22128,7448,1667,-1103,8476,4828,6340,-116
-15540,-26748,8868,781,-1404,7331,3884,2968,588
-15540,-26748,8868,781,-1404,7331,3884,2968,588
-11648,-32768,6536,547,-1502,6256,2548,-2040,3020
-11648,-32768,6536,547,-1502,6256,2548,-2040,3020
-4184,-32768,4856,256,-1509,4375,672,-3148,2584
-4912,-32404,5376,269,-1470,3628,-888,-3516,2496
-4912,-32404,5376,269,-1470,3628,-888,-3516,2496
-11132,-18272,11136,-901,-2230,1958,-7392,-3552,-488
-11132,-18272,11136,-901,-2230,1958,-7392,-3552,-488
-11944,-14564,17408,-1709,-4399,1337,-7800,-252,-4004
-11212,-16672,17240,-2153,-5083,1392,-6508,-768,-4296
-11212,-16672,17240,-2153,-5083,1392,-6508,-768,-4296
-7720,-21088,10064,-3296,-6803,1913,-4056,-3520,-4144
-7720,-21088,10064,-3296,-6803,1913,-4056,-3520,-4144
-10592,-14396,12028,-4514,-5854,2183,-4164,-256,-5240
-11140,-10540,11652,-4811,-5954,2023,-6808,1024,-6100
-11140,-10540,11652,-4811,-5954,2023,-6808,1024,-6100
-9896,-9888,9508,-4479,-5044,2363,-1748,660,-3372
-11716,-12424,9416,-4700,-2884,2894,144,2180,-1852
-11716,-12424,9416,-4700,-2884,2894,144,2180,-1852
-12416,-16840,8092,-5438,-1556,4255,4448,3272,3216
-12416,-16840,8092,-5438,-1556,4255,4448,3272,3216
-12028,-17672,7888,-5295,-1237,5298,8176,12660,6892
-12028,-17672,7888,-5295,-1237,5298,8176,12660,6892
-15128,-20180,11716,-4105,-1022,6559,11572,21132,2444
-15872,-20808,13388,-3492,-517,7505,17228,23116,-1268
-15872,-20808,13388,-3492,-517,7505,17228,23116,-1268
-21344,-17932,12704,-4292,1021,7528,14880,30212,-9792
-21344,-17932,12704,-4292,1021,7528,14880,30212,-9792
-24652,-22536,14080,-9318,-2005,6151,10400,25392,-2580
-27104,-25976,14072,-17769,-10854,6512,9520,17588,2404
-27104,-25976,14072,-17769,-10854,6512,9520,17588,2404
-28116,-32396,29100,-27528,-32768,-19745,328,19360,4484
-26844,-27796,32384,-9012,-29463,-24563,1824,20852,3468
-26844,-27796,32384,-9012,-29463,-24563,1824,20852,3468
-31824,-19408,32767,1745,-11179,-14895,4456,32767,-1092
-31824,-19408,32767,1745,-11179,-14895,4456,32767,-1092
-32572,-17240,32767,4732,-2361,928,9592,32767,-10536
-32768,-17804,32767,2600,1683,4396,1804,32664,-12404
-32768,-17804,32767,2600,1683,4396,1804,32664,-12404
-32768,-20268,32767,-104,-678,4154,21756,25444,-4452
-32768,-20752,32767,-1554,-243,2125,20432,26964,-11856
-32768,-20752,32767,-1554,-243,2125,20432,26964,-11856
-32768,-18948,32767,-2800,1090,-1809,11072,30044,-5684
-32768,-18900,32767,-2801,68,0,10400,32328,-5020
-32768,-18900,32767,-2801,68,0,10400,32328,-5020
-32768,-19420,32767,-210,80,6536,11376,31716,-4080
-32768,-19972,32767,702,-1951,9908,10780,31056,-4460
-32768,-19972,32767,702,-1951,9908,10780,31056,-4460
-32380,-22428,32767,2032,-2441,15628,14092,27376,-4412
-30040,-23328,32767,2561,-2926,13782,12312,25768,-6572
-30040,-23328,32767,2561,-2926,13782,12312,25768,-6572
-28920,-24296,32767,2461,925,7483,11576,24756,-6848
-28920,-24296,32767,2461,925,7483,11576,24756,-6848
-26072,-24432,32767,1528,4351,3864,8544,23352,-5220
-25064,-28180,32767,1682,6201,1842,11604,19288,-1820
-25064,-28180,32767,1682,6201,1842,11604,19288,-1820
-22388,-28492,28592,2398,10436,-797,9384,16392,-2068
-22388,-28492,28592,2398,10436,-797,9384,16392,-2068
-20216,-31900,22600,2527,10661,-3410,4120,11608,1540
-20216,-31900,22600,2527,10661,-3410,4120,11608,1540
-18916,-32704,18088,2514,8703,-5215,1300,7244,4344
-18916,-32704,18088,2514,8703,-5215,1300,7244,4344
-18800,-32768,14508,1498,4568,-8439,3880,3332,5500
-18800,-32768,14508,1498,4568,-8439,3880,3332,5500
-19496,-32768,13772,-2159,-626,-18323,2700,-4756,3940
-19496,-32768,13772,-2159,-626,-18323,2700,-4756,3940
-21028,-32768,12472,-1205,4060,-13986,-4724,7564,1196
-21440,-32768,10216,2610,7973,-10368,-9272,-568,2516
-21440,-32768,10216,2610,7973,-10368,-9272,-568,2516
-22640,-32768,7856,2367,5650,-6759,-9644,-1304,-3552
-22640,-32768,7856,2367,5650,-6759,-9644,-1304,-3552
-24836,-32768,7168,-210,-918,-3906,-5304,-6252,-4872
-26928,-32768,7024,-267,-926,-2338,-3444,-5104,-3880
-26928,-32768,7024,-267,-926,-2338,-3444,-5104,-3880
-27612,-32768,6148,203,2738,979,-2644,-2788,-4676
-27612,-32768,6148,203,2738,979,-2644,-2788,-4676
-27992,-32768,5160,-311,3765,6972,-6652,3656,-2196
-27992,-32768,5160,-311,3765,6972,-6652,3656,-2196
-25648,-32644,3800,632,3876,8819,-732,2564,-1944
-25844,-30964,3932,1746,4543,9355,1964,1856,-976
-25844,-30964,3932,1746,4543,9355,1964,1856,-976
-25752,-28992,4076,269,8377,8092,2692,28,-224
-25752,-28992,4076,269,8377,8092,2692,28,-224
-27848,-27868,4276,97,10579,5365,236,2476,-208
-27848,-27868,4276,97,10579,5365,236,2476,-208
-28972,-24168,4160,-1099,8298,646,1220,2808,-52
-28972,-24168,4160,-1099,8298,646,1220,2808,-52
-31552,-19144,1180,-10,6728,-3286,172,5104,1300
-31552,-19144,1180,-10,6728,-3286,172,5104,1300
-29836,-13084,-1740,-418,-932,-149,8768,8192,1512
-29836,-13084,-1740,-418,-932,-149,8768,8192,1512
-19984,36,-11792,-2985,3370,-5147,22232,14296,3048
-19984,36,-11792,-2985,3370,-5147,22232,14296,3048
-24092,9344,-16752,-2443,3654,-7745,3272,32336,-3824
-22072,20440,-16776,-1635,2128,-6276,3336,29496,-7056
-22072,20440,-16776,-1635,2128,-6276,3336,29496,-7056
-19108,27288,-25760,-160,791,-4046,18204,26816,-8156
-19108,27288,-25760,-160,791,-4046,18204,26816,-8156
-18692,32767,-32768,2316,301,-1986,22588,27888,-11740
-22256,32767,-32768,2715,-231,-48,21684,29736,-8340
-22256,32767,-32768,2715,-231,-48,21684,29736,-8340
-19288,32767,-32768,940,-1901,3531,11352,32767,-4688
-19288,32767,-32768,940,-1901,3531,11352,32767,-4688
-21328,32767,-32768,-1595,-2118,5949,8524,32767,-6228
-21328,32767,-32768,-1595,-2118,5949,8524,32767,-6228
-23004,32767,-32768,-2653,1155,3086,12940,32548,-12788
-21480,32767,-32768,-2332,1983,1914,9024,32024,-11336
-21480,32767,-32768,-2332,1983,1914,9024,32024,-11336
-19620,32767,-32048,-774,2810,1778,17076,26056,-6400
-19620,32767,-32048,-774,2810,1778,17076,26056,-6400
-20860,32767,-28552,-854,2591,3614,16656,29668,-7004
-20860,32767,-28552,-854,2591,3614,16656,29668,-7004
-22852,28428,-24952,-1942,2706,3548,11196,28612,-5824
-24444,25108,-23860,-2298,2630,3392,11804,27432,-3536
-24444,25108,-23860,-2298,2630,3392,11804,27432,-3536
-27400,16280,-20940,-2495,1268,3434,10172,24136,-516
-27400,16280,-20940,-2495,1268,3434,10172,24136,-516
-32236,2152,-15888,-1579,1494,4303,9116,21776,-1520
-32236,2152,-15888,-1579,1494,4303,9116,21776,-1520
-32768,-12636,-13380,-878,3168,4772,12196,20728,-3940
-32768,-18920,-12196,-662,3558,4705,13948,18060,-2992
-32768,-18920,-12196,-662,3558,4705,13948,18060,-2992
-32768,-32768,-5364,-641,1727,5059,9512,9412,268
-32768,-32768,-5364,-641,1727,5059,9512,9412,268
-32768,-32768,-3692,-1006,-841,4503,5152,4116,2764
-32768,-32768,-3692,-1006,-841,4503,5152,4116,2764
-32768,-32768,-128,-1163,-1875,2743,3200,1860,3448
-32768,-32768,-128,-1163,-1875,2743,3200,1860,3448
-32768,-32768,2136,-894,-991,641,1504,-2912,2260
-32768,-32768,3180,-659,-847,172,-1564,-4832,1624
-32768,-32768,3180,-659,-847,172,-1564,-4832,1624
-32768,-32768,8592,123,-426,184,-6192,-2116,-344
-32768,-32768,9476,334,-363,460,-9332,-3384,-380
-32768,-32768,9476,334,-363,460,-9332,-3384,-380
-32768,-32768,12056,384,-1003,697,-9024,-4180,-1916
-32768,-32768,12340,223,-2079,1008,-8108,-2248,-2448
-32768,-32768,12340,223,-2079,1008,-8108,-2248,-2448
-30468,-32768,17040,-41,-4765,1731,-7848,-3416,-2724
-29152,-32768,19256,43,-5270,2201,-8304,-4528,-1096
-29152,-32768,19256,43,-5270,2201,-8304,-4528,-1096
-25632,-32768,19280,-352,-5371,2461,-12296,-372,-620
-23804,-32768,19768,-386,-5447,2597,-7900,3100,-3456
-23804,-32768,19768,-386,-5447,2597,-7900,3100,-3456
-21676,-32768,15572,27,-3885,1718,-3888,2056,-3060
-21580,-32768,16316,-795,-3927,2030,1656,444,-2396
-21580,-32768,16316,-795,-3927,2030,1656,444,-2396
-16948,-31420,19712,-1201,-3752,2809,9764,-784,-3612
-17244,-29680,21436,-2202,-3205,3426,10804,-680,-2788
-17244,-29680,21436,-2202,-3205,3426,10804,-680,-2788
-18660,-25988,23912,-3051,-2219,4061,9520,4740,-1640
-18660,-25988,23912,-3051,-2219,4061,9520,4740,-1640
-29932,-19996,27900,-3474,-1362,3695,7600,10544,916
-29932,-19996,27900,-3474,-1362,3695,7600,10544,916
-32768,-22460,25504,-4709,-896,3961,9776,23356,5316
-32768,-22460,25504,-4709,-896,3961,9776,23356,5316
-32768,-28508,21248,-4548,-2115,2208,6784,32767,-1808
-32768,-31696,24832,-5801,-298,1305,11284,32767,-4744
-32768,-31696,24832,-5801,-298,1305,11284,32767,-4744
-32768,-27828,32767,-10367,-4057,6504,9684,32767,-7264
-32768,-27828,32767,-10367,-4057,6504,9684,32767,-7264
-32768,-15304,32767,-23701,-32768,-11090,7624,23304,-7680
-32768,-15304,32767,-23701,-32768,-11090,7624,23304,-7680
-32768,-11616,32767,-3788,-21699,373,13744,25416,976
-32768,-11616,32767,-3788,-21699,373,13744,25416,976
-32768,-11216,32767,9046,15753,5924,-1500,32767,580
-32768,-11512,32767,7261,12564,10399,22776,27116,-3248
-32768,-11512,32767,7261,12564,10399,22776,27116,-3248
-32768,-14632,32767,1187,3490,4159,21592,32767,-2912
-32768,-12708,32767,-2051,1411,1099,16088,32767,-5332
-32768,-12708,32767,-2051,1411,1099,16088,32767,-5332
-32768,-17600,32767,-4514,-501,-1389,8032,31216,-5416
-32768,-17600,32767,-4514,-501,-1389,8032,31216,-5416
-32768,-21000,32767,-925,10744,-3288,7324,32767,-10676
-32768,-21496,32767,-106,12499,615,11288,30972,-8636
-32768,-21496,32767,-106,12499,615,11288,30972,-8636
-32768,-27320,32767,301,3850,11452,15144,24368,-3220
-32768,-29176,32128,1047,1909,12473,14204,20752,-2000
-32768,-29176,32128,1047,1909,12473,14204,20752,-2000
-32768,-32768,29648,350,4943,2501,13564,18920,-788
-31952,-32768,28464,-702,4996,-2519,11012,19376,-1220
-31952,-32768,28464,-702,4996,-2519,11012,19376,-1220
-29868,-32768,23016,685,6330,-7884,7524,17140,-1060
-27792,-32768,19844,1533,6097,-6657,4472,15692,-1468
-27792,-32768,19844,1533,6097,-6657,4472,15692,-1468
-26412,-32768,16416,1579,4434,-3233,3216,10600,-548
-25664,-32768,14664,1700,3203,-1008,1772,9508,-1428
-25664,-32768,14664,1700,3203,-1008,1772,9508,-1428
-23252,-32768,10956,1950,-792,1928,2092,5700,1620
-22948,-32768,9536,1510,-2705,2234,1476,4804,576
-22948,-32768,9536,1510,-2705,2234,1476,4804,576
-24232,-32768,8072,1201,-3969,1588,-2860,-3080,1252
-25240,-32768,5876,943,-3631,363,-7880,860,1060
-25240,-32768,5876,943,-3631,363,-7880,860,1060
-24720,-32768,3020,1866,-1489,-1031,-5508,-6340,1908
-24720,-32768,3020,1866,-1489,-1031,-5508,-6340,1908
-25732,-32768,2772,3483,4259,-5254,-8228,1868,-3676
-27112,-32768,4008,4090,6979,-6211,-7848,-1420,-3380
-27112,-32768,4008,4090,6979,-6211,-7848,-1420,-3380
-29516,-32768,5072,3253,8151,-1433,172,-3932,-2412
-29516,-32768,5072,3253,8151,-1433,172,-3932,-2412
-31912,-32768,3988,649,-619,3542,-2720,-3468,-1516
-31912,-32768,3988,649,-619,3542,-2720,-3468,-1516
-32040,-32768,1376,2071,-115,6151,-3100,-1984,-2316
-31100,-32768,196,354,2785,3968,-1352,196,-2304
-31100,-32768,196,354,2785,3968,-1352,196,-2304
-31792,-32768,-436,1183,4560,1225,240,1392,-1436
-31792,-32768,-436,1183,4560,1225,240,1392,-1436
-30976,-29860,-340,1518,5001,1201,24,2544,-1448
-30976,-29860,-340,1518,5001,1201,24,2544,-1448
-32032,-26172,-1600,1955,5144,3242,1652,2472,-1040
-32032,-26172,-1600,1955,5144,3242,1652,2472,-1040
-31512,-22020,-2656,960,4036,3086,-572,7488,-3012
-32620,-18708,-3540,-393,3398,2673,-1940,8496,792
-32620,-18708,-3540,-393,3398,2673,-1940,8496,792
-32148,-9980,-5084,-573,3907,-193,2928,11048,2620
-32148,-9980,-5084,-573,3907,-193,2928,11048,2620
-31900,4596,-12256,-1751,4696,-2373,15712,12660,1212
-31900,4596,-12256,-1751,4696,-2373,15712,12660,1212
-27144,16412,-19580,-1795,4614,-4015,14088,23096,-580
-27144,16412,-19580,-1795,4614,-4015,14088,23096,-580
-17092,26836,-27312,-1391,2281,-3613,14368,24432,-1508
-15936,30076,-27660,-817,1917,-3497,17972,22956,-2332
-15936,30076,-27660,-817,1917,-3497,17972,22956,-2332
-29108,32767,-32768,-21,392,-1417,20464,25772,-7176
-30784,32767,-32768,-163,-502,748,15844,28236,-8920
-30784,32767,-32768,-163,-502,748,15844,28236,-8920
-30920,32767,-32248,-1358,-332,2815,7456,32767,-10104
-32768,32767,-32156,-1775,-327,3824,10072,32767,-9976
-30876,32767,-31668,-1929,470,3997,15044,32767,-11128
-30876,32767,-31668,-1929,470,3997,15044,32767,-11128
-25584,32767,-29296,-2042,3114,2216,16736,32767,-14028
-23824,32767,-28484,-1946,3341,2942,15444,32767,-14544
-23824,32767,-28484,-1946,3341,2942,15444,32767,-14544
-18988,32767,-28144,-1572,3772,4563,12464,32767,-9856
-18988,32767,-28144,-1572,3772,4563,12464,32767,-9856
-16164,32767,-26868,-2440,5158,4387,16988,28956,-5856
-17072,31416,-25908,-3277,4581,4626,16020,27980,-5236
-17072,31416,-25908,-3277,4581,4626,16020,27980,-5236
-20308,20764,-22768,-4131,4636,4812,12928,26780,-4260
-20308,20764,-22768,-4131,4636,4812,12928,26780,-4260
-25148,14012,-16920,-3039,4178,5613,12404,24148,-3832
-28936,8284,-13028,-2772,4871,5829,11296,23464,-3372
-28936,8284,-13028,-2772,4871,5829,11296,23464,-3372
-31676,-4284,-10488,-1829,6239,4232,10112,19972,-2312
-31676,-4284,-10488,-1829,6239,4232,10112,19972,-2312
-30632,-23732,-10144,-837,5569,3003,12920,13768,-172
-30632,-23732,-10144,-837,5569,3003,12920,13768,-172
-29952,-32768,-8900,-234,2419,2967,12704,8076,876
-31528,-32768,-6624,-168,1236,2858,11496,6868,1032
-31528,-32768,-6624,-168,1236,2858,11496,6868,1032
-32768,-32768,104,257,-1495,1886,6480,4512,2772
-32768,-32768,4604,268,-2074,1097,4224,2112,2892
-32768,-32768,4604,268,-2074,1097,4224,2112,2892
-32768,-32768,8828,90,-3396,-672,2900,320,3784
-32768,-32768,8828,90,-3396,-672,2900,320,3784
-32768,-32768,7280,304,-4182,-1981,-3468,-4276,3644
-32768,-32768,7280,304,-4182,-1981,-3468,-4276,3644
-32768,-32768,6404,-26,-5215,-2037,-9208,-4316,-1128
-32768,-32768,7796,-67,-5461,-1718,-10520,-6432,-2524
-32768,-32768,7796,-67,-5461,-1718,-10520,-6432,-2524
-32140,-32768,10576,-591,-6073,-681,-7728,-12020,-3476
-32140,-32768,10576,-591,-6073,-681,-7728,-12020,-3476
-31820,-32768,17712,74,-9238,881,-9964,-1516,-5720
-31820,-32768,17712,74,-9238,881,-9964,-1516,-5720
-30300,-25940,24584,-901,-8981,2856,-8368,1428,-852
-28564,-23596,25620,-1242,-8566,3259,-11600,2960,216
-28564,-23596,25620,-1242,-8566,3259,-11600,2960,216
-22476,-23416,19304,-1674,-6440,2642,-6744,1932,1792
-20212,-24204,14776,-1852,-5373,3418,-5212,2468,1296
-20212,-24204,14776,-1852,-5373,3418,-5212,2468,1296
-20432,-27988,6956,-2122,-4317,4630,3128,1496,276
-20432,-27988,6956,-2122,-4317,4630,3128,1496,276
-24136,-30620,14264,-3026,-3007,6355,7208,204,-1344
-24136,-30620,14264,-3026,-3007,6355,7208,204,-1344
-27904,-27104,28228,-3972,-2560,7661,8368,4048,-2884
-27904,-27104,28228,-3972,-2560,7661,8368,4048,-2884
-25984,-23616,25936,-4188,-2018,7673,8500,6080,-1328
-25984,-23616,25936,-4188,-2018,7673,8500,6080,-1328
-31032,-22620,20336,-3982,-1431,5174,9548,15068,508
-31032,-22620,20336,-3982,-1431,5174,9548,15068,508
-32768,-24344,32767,-2907,-1495,2325,9752,28368,6472
-32768,-24344,32767,-2907,-1495,2325,9752,28368,6472
-32768,-24124,32767,-7759,-3514,3247,14292,32767,-10176
-32768,-24124,32767,-7759,-3514,3247,14292,32767,-10176
-32768,-15556,32767,-20031,-22256,4329,18636,32064,-7328
-32768,-20708,32767,-28788,-32768,-7768,5776,28612,-6884
-32768,-20708,32767,-28788,-32768,-7768,5776,28612,-6884
-32768,-16364,32767,-1751,-30839,-11613,404,19652,-10580
-32768,-16364,32767,-1751,-30839,-11613,404,19652,-10580
-32768,-9412,32767,5804,12682,9155,1996,23768,-6288
-32768,-9412,32767,5804,12682,9155,1996,23768,-6288
-32768,-10604,32767,8850,16470,12239,14424,29372,-5420
-32768,-10604,32767,8850,16470,12239,14424,29372,-5420
-32768,-17828,32767,2681,13616,2566,22072,32767,-2544
-32768,-17828,32767,2681,13616,2566,22072,32767,-2544
-32768,-11728,32767,-5873,3981,-3046,12144,24712,196
-32768,-11728,32767,-5873,3981,-3046,12144,24712,196
-32768,-20888,32767,-2902,5268,-5321,10088,27912,-5028
-32768,-22552,32767,-1019,7957,-2262,8588,31032,-7600
-32768,-22552,32767,-1019,7957,-2262,8588,31032,-7600
-32768,-23424,32767,300,4328,14360,13024,28840,-5664
-32768,-23424,32767,300,4328,14360,13024,28840,-5664
-32768,-27140,30120,1480,-120,14350,11612,22372,-4352
-32768,-29380,27016,386,701,9710,10432,19748,-3804
-32768,-29380,27016,386,701,9710,10432,19748,-3804
-29952,-32768,26556,-1319,-13,-879,12532,19120,-1396
-28212,-32768,24060,-460,-1477,-3270,12316,17800,-2628
-28212,-32768,24060,-460,-1477,-3270,12316,17800,-2628
-25536,-32768,20888,2131,3388,-2164,7084,15864,-2468
-25536,-32768,20888,2131,3388,-2164,7084,15864,-2468
-25828,-32768,17716,2316,2790,2214,3212,11040,144
-24548,-32768,14488,3019,1744,2706,1464,10432,1056
-24548,-32768,14488,3019,1744,2706,1464,10432,1056
-23168,-32768,11976,2745,-2162,3544,-932,7352,3740
-24084,-32768,13088,1984,-3534,2809,2448,5364,5352
-24084,-32768,13088,1984,-3534,2809,2448,5364,5352
-27008,-32768,11188,1277,-3900,-419,88,-1996,5148
-27008,-32768,11188,1277,-3900,-419,88,-1996,5148
-28852,-32768,6772,2389,-1129,-2029,-5144,-11188,2628
-28852,-32768,6772,2389,-1129,-2029,-5144,-11188,2628
-29636,-32768,2512,3230,4377,-6531,-12728,-3472,-2656
-29856,-32768,2132,3019,6317,-7140,-7328,-7676,-132
-29856,-32768,2132,3019,6317,-7140,-7328,-7676,-132
-32768,-32768,3892,622,3577,-1874,-2816,-884,-2696
-32768,-32768,4380,-1078,1907,-1282,-1036,-7764,-920
-32768,-32768,4380,-1078,1907,-1282,-1036,-7764,-920
-32768,-32768,5000,-1566,3430,1359,-4456,-6188,-3056
-32768,-32768,5000,-1566,3430,1359,-4456,-6188,-3056
-32768,-32768,3064,-2682,5389,1962,-4672,1624,-920
-32768,-32768,3064,-2682,5389,1962,-4672,1624,-920
-32768,-32768,708,-1623,5950,-1557,-7172,5144,-220
-32196,-32768,120,1079,5968,-2647,-5304,4392,1128
-32196,-32768,120,1079,5968,-2647,-5304,4392,1128
-31664,-31336,-1664,-1162,3982,-3640,2520,1164,636
-31664,-31336,-1664,-1162,3982,-3640,2520,1164,636
-31652,-27252,-2932,841,4543,-2003,5428,2768,-2500
-31652,-27252,-2932,841,4543,-2003,5428,2768,-2500
-32768,-21700,-3624,338,4481,413,-596,6800,-3748
-32768,-21700,-3624,338,4481,413,-596,6800,-3748
-32768,-13328,-5968,-1090,4167,-299,5744,10304,-292
-32756,-7280,-8820,-1250,4594,-434,12912,11004,-784
-32756,-7280,-8820,-1250,4594,-434,12912,11004,-784
-31436,3384,-15020,-1312,3864,-2164,18316,20804,-3624
-31436,3384,-15020,-1312,3864,-2164,18316,20804,-3624
-29048,15244,-23280,-1900,2224,-3077,9888,31264,-3616
-30420,20756,-28300,-2206,1879,-2530,6796,30228,-3744
-30420,20756,-28300,-2206,1879,-2530,6796,30228,-3744
-23136,29240,-32448,-684,2155,-2500,13980,24144,-5208
-24332,32767,-32768,-76,1488,-1649,15612,23544,-9020
-24332,32767,-32768,-76,1488,-1649,15612,23544,-9020
-29100,32767,-32768,-158,-1860,1775,22004,31964,-10464
-29100,32767,-32768,-158,-1860,1775,22004,31964,-10464
-28740,32767,-32768,-1646,-2554,4607,18528,32767,-7664
-28740,32767,-32768,-1646,-2554,4607,18528,32767,-7664
-28656,32767,-32768,-1540,-1651,5434,15904,32767,-4204
-28656,32767,-32768,-1540,-1651,5434,15904,32767,-4204
-26472,32767,-32768,-1447,324,4788,11836,32767,-9684
-26472,32767,-32768,-1447,324,4788,11836,32767,-9684
-23832,32767,-29340,-1571,1198,4342,14100,32767,-8964
-22352,32767,-27308,-1884,2085,3700,17760,31640,-7292
-22352,32767,-27308,-1884,2085,3700,17760,31640,-7292
-23124,32656,-25064,-2806,2497,3125,14168,29752,-6144
-23124,32656,-25064,-2806,2497,3125,14168,29752,-6144
-25908,20772,-24052,-3142,4144,3595,10764,26512,-5444
-27940,15360,-22272,-2868,5473,4001,10048,24984,-4744
-30028,8508,-18236,-2685,5190,3992,9500,23800,-4064
-32164,2536,-13988,-1561,4981,4425,9604,22732,-3224
-32768,-4472,-11012,-536,4897,4607,10172,19392,-688
-32768,-11280,-10084,8,4869,4302,9780,17940,248
-32768,-19108,-10564,497,5021,3905,10444,16340,1536
-32768,-27660,-9960,499,4959,3778,10832,14372,1924
-32768,-32768,-10288,763,4206,3368,11048,12756,1752
-32768,-32768,-10636,1208,2884,3478,9084,10432,1132
-32416,-32768,-11468,1653,1198,3844,8084,9336,440
-32768,-32768,-10820,1787,-779,3930,7384,8704,932
-32768,-32768,-8396,1410,-2396,3529,7116,6620,1836
-32768,-32768,-3944,916,-3304,2797,6384,3608,1656
-32768,-32768,-960,463,-3370,1672,4608,2568,1268
-32768,-32768,-960,463,-3370,1672,4608,2568,1268
-32768,-32768,1924,-462,-2644,-316,-92,-592,560
-32768,-32768,3616,-487,-2492,-802,-1404,-3400,660
-32768,-32768,4260,-640,-2018,-785,-1804,-4236,560
-32768,-32768,4996,-524,-1796,-740,-2456,-4028,188
-32768,-32768,4788,-285,-1994,-442,-4956,-7716,40
-32768,-32768,3732,-45,-3030,114,-8960,-8672,-568
-32660,-32768,4664,22,-4403,408,-13856,-6364,-2344
-32768,-32768,7704,-269,-5666,1215,-14380,-3576,-2328
-32396,-32768,10344,-34,-7635,1937,-13260,-3296,-836
-31676,-32768,12256,182,-9082,2522,-7984,-1236,-492
-30160,-32768,14036,-68,-10150,2505,-10100,-3332,-396
-27800,-32768,14816,-767,-9861,1971,-12568,1180,184
-26216,-32472,13904,-1077,-9264,1780,-5516,5448,-1304
-25132,-31300,13820,-1108,-8775,1861,-6372,-576,-296
-23972,-29832,12488,-912,-7850,2393,-1996,-624,-816
-23756,-28556,13180,-174,-5602,1049,232,-1728,-2612
-25996,-27076,15016,-295,-4753,867,5112,-2532,-2408
-27596,-25712,18592,-423,-5730,1973,7392,-2664,-2144
-27052,-27432,23132,-514,-5665,1954,6100,-1492,-792
-26792,-28536,25176,-791,-4209,2139,3904,276,-104
-27548,-27264,25448,-1533,-3825,2873,612,736,-656
-26092,-26004,23436,-1666,-3231,3196,-328,2604,-220
-25872,-25520,20352,-2057,-1576,3778,560,5152,-620
-29108,-25900,21020,-3306,-1010,3657,6272,7116,96
-32768,-24564,25668,-3415,-1421,3279,10736,12836,96
-32768,-23208,31500,-3431,-1278,3176,9644,21108,1108
-32768,-21916,31804,-2866,-1833,3358,7792,28340,5332
-32768,-22616,30164,-2884,-3593,3644,5028,29392,1172
-32768,-20308,28808,-5375,-2722,5240,10288,32767,-9868
-32768,-25280,31964,-9560,-3292,7661,18632,32767,-11768
-32768,-20340,32767,-16186,-14080,7879,19428,32767,-11032
-32768,-23288,32767,-24559,-32768,1878,11344,29908,-19120
-32768,-21172,32767,-17424,-32768,-16267,12860,25660,1444
-32768,-17696,32767,-4652,-31903,-8509,-22388,24052,7540
-32768,-8504,32767,-1423,-2622,-4184,-22612,32767,-80
-32768,-4592,32767,7338,22021,8977,31748,32767,-8832
-32768,-5888,32767,9516,26280,16196,32767,28860,-5324
-32768,-9488,32767,8098,24088,4314,27532,23636,1408
-32768,-28488,32767,1967,14011,6433,9584,32767,-2892
-32768,-28024,32767,-159,9952,4285,8280,32767,-2316
-32768,-22932,32767,-1789,4519,15,-9320,32767,-3148
-32768,-16772,32767,-3119,349,-2165,7768,32767,-2212
-32768,-19056,32767,-1686,2556,-4694,18240,32767,-5264
-32768,-25356,32767,439,5407,-3395,19900,32767,-6976
-32768,-27748,32767,304,8419,-404,18172,32767,-6276
-32768,-28816,32767,568,9660,4909,19132,31984,-5504
-32768,-30752,32767,137,6616,11791,18764,26736,-2208
-32768,-31312,26168,-275,1939,17126,15892,24196,-500
-32768,-32768,22948,394,1511,13881,12992,32767,-748
-28584,-32768,23624,-415,-928,6972,8964,16384,-108
-27912,-32768,25252,-1020,-1651,2535,5812,17452,-2508
-27164,-32768,24740,-731,-2849,490,5344,15964,-1092
-26628,-32768,21992,762,-1761,-1590,5612,14032,36
-25924,-32768,18192,1812,1694,-1653,2404,12452,-1668
-25240,-32768,15428,2765,4004,-1434,2480,11588,-2800
-24804,-32768,13892,3615,7628,-34,1432,9016,-1588
-24268,-32768,12832,3273,7432,1006,692,7328,-336
-24328,-32768,11840,3188,3941,2639,-244,5692,548
-23604,-32768,10364,2424,2829,2410,-1352,3180,340
-23136,-32768,9712,1910,1730,2688,-288,1760,1044
-23304,-32768,7444,1008,649,2680,652,1304,2984
-23532,-32768,6936,289,-356,2722,-2476,-2992,1816
-25444,-32768,5308,-70,-679,1869,-4580,-3192,1556
-26836,-32768,2576,53,137,723,-5432,-1308,756
-28224,-32768,2032,126,1886,433,-5552,-2744,464
-29172,-32768,1716,-465,3391,954,-5528,-6820,724
-29192,-32768,60,-930,3556,900,-6768,-4168,-568
-28428,-32768,-544,1781,5682,110,-5736,52,564
-29288,-32768,744,3252,6505,-1641,-5868,-784,-16
-29924,-32768,1508,2012,5540,-1709,-1136,-2492,1632
-30476,-32768,3240,1017,4288,-972,944,276,-3264
-31276,-32768,2932,677,5242,-730,-1924,-3092,-2292
-32216,-32768,3360,906,4029,-569,-2280,-164,-2380
-32216,-32768,3360,906,4029,-569,-2280,-164,-2380
-32768,-32768,1680,-1647,1874,2045,640,-88,-3076
-32768,-32768,1680,-1647,1874,2045,640,-88,-3076
-32768,-32768,8,-1095,1956,2144,-1344,924,-1920
-32768,-32768,8,-1095,1956,2144,-1344,924,-1920
-32768,-32768,-2468,-519,4216,593,-1836,632,-1340
-32768,-32768,-2468,-519,4216,593,-1836,632,-1340
-32768,-32768,-2184,-28,3942,-626,-1984,1136,-2692
-32768,-32768,-2184,-28,3942,-626,-1984,1136,-2692
-31656,-27484,-884,-901,3706,146,-2280,2492,-2376
-31656,-27484,-884,-901,3706,146,-2280,2492,-2376
-32768,-20572,-1468,-1047,6129,652,-100,4124,-3076
-32768,-20572,-1468,-1047,6129,652,-100,4124,-3076
-32768,-10172,-5828,-956,5683,-13,9520,6012,4928
-32768,-10172,-5828,-956,5683,-13,9520,6012,4928
-31984,1288,-11892,-1203,646,281,16364,11708,3932
-31384,6576,-15112,-813,1375,-1587,16104,8176,3500
-31384,6576,-15112,-813,1375,-1587,16104,8176,3500
-28872,23704,-19392,-490,1807,-4982,5820,32228,-144
-32768,9296,-23824,-1270,2436,-4911,5548,29312,1892
-32768,9296,-23824,-1270,2436,-4911,5548,29312,1892
-32768,32767,-32768,-1253,803,-2336,21536,32767,-5620
-32768,32767,-32768,-1253,803,-2336,21536,32767,-5620
-32768,32767,-32768,-2647,1759,379,31984,32767,-21496
-32768,32767,-32768,-2647,1759,379,31984,32767,-21496
-29816,32767,-32768,-1167,23,940,10552,32767,-20032
-29816,32767,-32768,-1167,23,940,10552,32767,-20032
-31072,32767,-32768,0,-1206,3486,14748,32767,-14320
-31072,32767,-32768,0,-1206,3486,14748,32767,-14320
-30796,32767,-32768,-1151,0,5042,16432,32767,-14684
-29572,32767,-32768,-1663,1589,4515,16120,32767,-15352
-29572,32767,-32768,-1663,1589,4515,16120,32767,-15352
-27112,32767,-32768,-2977,3848,3902,11428,32767,-11456
-27016,32767,-32768,-3828,4556,4463,12896,32204,-10572
-27016,32767,-32768,-3828,4556,4463,12896,32204,-10572
-28176,25612,-32768,-4244,8195,6609,15740,32240,-9504
-28176,25612,-32768,-4244,8195,6609,15740,32240,-9504
-32052,11368,-26120,-3455,9128,5561,11748,26920,-4984
-32768,2692,-22512,-2777,8921,5305,10924,23932,-2740
-32768,2692,-22512,-2777,8921,5305,10924,23932,-2740
-32768,-12300,-13352,-773,7052,3779,10752,15988,1288
-32768,-12300,-13352,-773,7052,3779,10752,15988,1288
-32768,-25656,-5460,-113,4334,3179,8652,10420,4400
-32768,-25656,-5460,-113,4334,3179,8652,10420,4400
-32768,-32768,1532,397,2318,2760,6952,9032,4020
-32768,-32768,1532,397,2318,2760,6952,9032,4020
-32768,-32768,2436,1204,614,2657,8784,5444,2024
-32768,-32768,2436,1204,614,2657,8784,5444,2024
-32768,-32768,1592,868,-378,2206,5300,2568,2336
-32768,-32768,1592,868,-378,2206,5300,2568,2336
-32768,-32768,4232,-13,-2472,830,3908,1808,2152
-32768,-32768,4232,-13,-2472,830,3908,1808,2152
-32768,-32768,7432,-106,-3995,-641,1504,-2104,2156
-32768,-32768,7432,-106,-3995,-641,1504,-2104,2156
-32768,-32768,11092,9,-6020,-806,-2344,-5200,256
-32768,-32768,11092,9,-6020,-806,-2344,-5200,256
-32768,-32768,9216,299,-7766,-49,-4192,-7036,-2032
-32768,-32768,9216,299,-7766,-49,-4192,-7036,-2032
-32768,-32768,10348,-13,-8206,120,-8528,-11224,-1768
-32768,-32768,10348,-13,-8206,120,-8528,-11224,-1768
-30500,-32768,7020,-17,-9145,1129,-13888,-3120,-2848
-30500,-32768,7020,-17,-9145,1129,-13888,-3120,-2848
-29888,-32768,8280,-530,-10192,2849,-8168,24,-3004
-29888,-32768,8280,-530,-10192,2849,-8168,24,-3004
-28700,-32768,14488,-1143,-10133,3206,-7072,3340,-372
-27624,-32768,17280,-1294,-9561,3499,-4868,4092,-4
-27624,-32768,17280,-1294,-9561,3499,-4868,4092,-4
-25128,-27568,25952,-1449,-7169,2230,-3284,1604,936
-25128,-27568,25952,-1449,-7169,2230,-3284,1604,936
-21436,-18124,23324,-852,-4078,1744,952,360,-480
-21436,-18124,23324,-852,-4078,1744,952,360,-480
-22380,-15668,11284,-1163,-1602,2680,7004,-1436,-1828
-22380,-15668,11284,-1163,-1602,2680,7004,-1436,-1828
-28916,-24428,13676,-2890,-2077,2980,7640,424,-1892
-28916,-24428,13676,-2890,-2077,2980,7640,424,-1892
-32768,-29776,32767,-3125,-2272,2739,9468,4108,324
-32768,-29776,32767,-3125,-2272,2739,9468,4108,324
-32768,-22260,32767,-3598,-177,941,5472,21732,7180
-32768,-22260,32767,-3598,-177,941,5472,21732,7180
-32768,-17948,31736,-4412,1014,729,4572,30896,2580
-32768,-17948,31736,-4412,1014,729,4572,30896,2580
-32768,-17488,29920,-7174,-2769,3944,18408,32767,-10340
-32768,-17488,29920,-7174,-2769,3944,18408,32767,-10340
-32768,-26776,32767,-23920,-32768,5456,13396,32767,-14280
-32768,-29216,32767,-21378,-32768,-9630,10376,32767,-12924
-32768,-29216,32767,-21378,-32768,-9630,10376,32767,-12924
-32768,-26536,32767,4894,-5927,2093,-1424,24056,1896
-32768,-26536,32767,4894,-5927,2093,-1424,24056,1896
-32768,-18844,32767,8336,15596,16758,19968,27816,-5036
-32768,-18844,32767,8336,15596,16758,19968,27816,-5036
-32768,-17380,32767,6152,14263,8835,2864,32767,-6400
-32768,-17576,32767,1665,12192,3997,13052,32767,-6384
-32768,-17576,32767,1665,12192,3997,13052,32767,-6384
-32768,-18916,32767,-3258,4391,-2838,17936,32767,-4740
-32768,-18916,32767,-3258,4391,-2838,17936,32767,-4740
-32768,-25080,32767,-473,12714,-6055,10984,31772,-8984
-32768,-25080,32767,-473,12714,-6055,10984,31772,-8984
-32768,-26528,32767,814,13249,1704,13748,27512,-4560
-32768,-26528,32767,814,13249,1704,13748,27512,-4560
-32768,-31640,32767,457,4984,12934,13560,23144,-2472
-32768,-31640,32767,457,4984,12934,13560,23144,-2472
-30956,-32768,21964,401,3102,6603,11336,16956,-1220
-30956,-32768,21964,401,3102,6603,11336,16956,-1220
-28180,-32768,20268,44,-1497,-1980,9032,13744,996
-28180,-32768,20268,44,-1497,-1980,9032,13744,996
-25260,-32768,16148,3662,1588,-4229,2488,11216,852
-25260,-32768,16148,3662,1588,-4229,2488,11216,852
-23348,-32768,11204,4413,5832,-302,852,7656,1220
-23184,-32768,8976,4396,6209,297,520,6644,1420
-23184,-32768,8976,4396,6209,297,520,6644,1420
-23480,-32768,6448,3120,3011,2491,152,1600,2028
-23480,-32768,6448,3120,3011,2491,152,1600,2028
-24616,-32768,3792,918,-1953,2518,-4,-3040,3776
-24704,-32768,1628,205,-2765,2141,-2184,-5632,4892
-24704,-32768,1628,205,-2765,2141,-2184,-5632,4892
-25808,-32768,-516,-385,-1910,6,-11684,3100,68
-25212,-32768,-1960,333,1662,-1821,-8508,1136,-1436
-25212,-32768,-1960,333,1662,-1821,-8508,1136,-1436
-25376,-32768,-2132,1596,6599,-3210,-4420,-2552,-3472
-26596,-32768,-988,1297,7637,-3614,-7576,1748,-3500
-26596,-32768,-988,1297,7637,-3614,-7576,1748,-3500
-30328,-32768,-72,-1418,4833,743,-4200,-4964,-2060
-30328,-32768,-72,-1418,4833,743,-4200,-4964,-2060
-32768,-32768,1228,-2487,2165,3773,-4048,-424,-2812
-32768,-32768,1524,-3447,3302,4494,-4620,176,-2796
-32768,-32768,1524,-3447,3302,4494,-4620,176,-2796
-32768,-32768,3132,-3772,3572,5016,-3228,3432,-2740
-32768,-32768,3132,-3772,3572,5016,-3228,3432,-2740
-32768,-32768,52,-1919,4769,2453,-1688,1428,-376
-32768,-32768,-136,519,6290,494,184,664,-24
-32768,-32768,-136,519,6290,494,184,664,-24
-32768,-29688,-1748,-375,3561,-1857,2724,428,-996
-32768,-29688,-1748,-375,3561,-1857,2724,428,-996
-32768,-25048,-3608,-516,1995,-1985,1372,1704,-1148
-32768,-25048,-3608,-516,1995,-1985,1372,1704,-1148
-32768,-21736,-4368,135,4677,-1802,-1920,4708,-2820
-32768,-19108,-4084,44,4206,-1446,1192,3512,-896
-32768,-19108,-4084,44,4206,-1446,1192,3512,-896
-32768,-9820,-8488,-582,1838,-1795,13352,10580,-76
-32768,-9820,-8488,-582,1838,-1795,13352,10580,-76
-32768,3644,-15516,-546,2268,-2754,20652,15544,436
-32768,3644,-15516,-546,2268,-2754,20652,15544,436
-32768,21684,-25164,-1653,2203,-4152,7744,32767,-1524
-19752,28352,-22768,-3336,1845,-4374,11376,32767,3424
-19752,28352,-22768,-3336,1845,-4374,11376,32767,3424
-32768,32767,-32768,-4382,1671,-4220,15736,31604,-5000
-32768,32767,-32768,-4382,1671,-4220,15736,31604,-5000
-32768,32767,-32768,-1636,576,-1956,21864,27276,-19664
-32768,32767,-32768,-1636,576,-1956,21864,27276,-19664
-32372,32767,-32768,-224,-1132,-170,15560,32767,-20772
-32372,32767,-32768,-224,-1132,-170,15560,32767,-20772
-32028,32767,-32768,54,-1883,3346,12816,32767,-12200
-31488,32767,-32768,-711,-1061,5188,14708,32767,-12348
-31488,32767,-32768,-711,-1061,5188,14708,32767,-12348
-28304,32767,-32768,-2163,1685,5746,15924,32767,-12116
-28304,32767,-32768,-2163,1685,5746,15924,32767,-12116
-24404,32767,-31436,-3414,2708,5888,11848,32767,-9780
-23148,32767,-28244,-4052,3473,5941,12468,32767,-8172
-23148,32767,-28244,-4052,3473,5941,12468,32767,-8172
-22404,23252,-22308,-3293,4284,7696,13608,30104,-6380
-22404,23252,-22308,-3293,4284,7696,13608,30104,-6380
-24152,12740,-16200,-2812,2267,8993,14428,25540,-3024
-24152,12740,-16200,-2812,2267,8993,14428,25540,-3024
-26788,1420,-10176,-1097,1856,6011,10020,23716,-3264
-26788,1420,-10176,-1097,1856,6011,10020,23716,-3264
-30664,-11452,-4804,-205,375,3859,8520,17456,-320
-30664,-11452,-4804,-205,375,3859,8520,17456,-320
-32768,-25448,-2132,654,159,2908,5020,10040,2168
-32768,-25448,-2132,654,159,2908,5020,10040,2168
-32588,-32768,-344,719,631,2251,3068,7932,1980
-32588,-32768,-344,719,631,2251,3068,7932,1980
-32768,-32768,-272,338,776,2373,6208,2464,128
-32768,-32768,604,359,805,2479,4732,1268,-504
-32768,-32768,604,359,805,2479,4732,1268,-504
-32584,-32768,4808,-451,-924,1891,4608,1776,-1012
-31752,-32768,7908,-717,-2653,1315,3232,-40,-756
-31752,-32768,7908,-717,-2653,1315,3232,-40,-756
-30028,-32768,12336,-1089,-5464,2,352,-2664,-904
-30028,-32768,12336,-1089,-5464,2,352,-2664,-904
-27256,-32768,10076,-706,-6062,-710,-5816,-4692,-636
-27028,-32768,8432,-472,-5854,-396,-6908,-5336,-624
-27028,-32768,8432,-472,-5854,-396,-6908,-5336,-624
-26960,-32768,7240,-234,-5342,136,-10736,-12124,1672
-26960,-32768,7240,-234,-5342,136,-10736,-12124,1672
-26088,-32768,7372,-542,-5242,1364,-16596,-2704,-364
-26088,-32768,7372,-542,-5242,1364,-16596,-2704,-364
