-1507,758,-1114,-1507,758,-1114,3956,15224,-928
-1507,758,-1114,-1507,758,-1114,3956,15224,-928
-1491,934,-1187,-1491,934,-1187,3892,15196,-804
-1491,934,-1187,-1491,934,-1187,3892,15196,-804
-1450,1043,-1334,-1450,1043,-1334,3680,14708,-808
-1433,1096,-1442,-1433,1096,-1442,3924,14724,-648
-1433,1096,-1442,-1433,1096,-1442,3924,14724,-648
-1380,1225,-1618,-1380,1225,-1618,3828,14316,-560
-1380,1225,-1618,-1380,1225,-1618,3828,14316,-560
-1342,1297,-1697,-1342,1297,-1697,3604,13964,-588
-1342,1297,-1697,-1342,1297,-1697,3604,13964,-588
-1261,1237,-1756,-1261,1237,-1756,3612,14144,-1412
-1261,1237,-1756,-1261,1237,-1756,3612,14144,-1412
-1190,947,-1591,-1190,947,-1591,3848,13968,-1664
-1097,693,-1481,-1097,693,-1481,4028,14276,-1776
-1002,423,-1325,-1002,423,-1325,3624,14500,-2252
-975,180,-1133,-975,180,-1133,3940,14676,-2532
-930,-5,-977,-930,-5,-977,3832,14924,-3000
-887,-332,-777,-887,-332,-777,4008,15100,-2744
-825,-560,-620,-825,-560,-620,4008,15400,-2852
-796,-672,-495,-796,-672,-495,3884,15816,-3276
-732,-863,-329,-732,-863,-329,4460,15824,-3272
-711,-949,-184,-711,-949,-184,3376,16888,-4356
-680,-928,-92,-680,-928,-92,3936,17232,-3852
-650,-939,-24,-650,-939,-24,4088,17124,-4228
-650,-939,-24,-650,-939,-24,4088,17124,-4228
-518,-1041,120,-518,-1041,120,4044,17848,-4364
-487,-1220,238,-487,-1220,238,4200,17636,-4252
-478,-1272,374,-478,-1272,374,4440,17556,-4140
-450,-1362,498,-450,-1362,498,4440,17220,-3904
-450,-1362,498,-450,-1362,498,4440,17220,-3904
-492,-1447,621,-492,-1447,621,4900,16424,-3596
-523,-1465,724,-523,-1465,724,4876,16068,-3756
-474,-1685,843,-474,-1685,843,4932,15680,-3716
-466,-1621,834,-466,-1621,834,4908,15176,-3548
-448,-1506,923,-448,-1506,923,4232,14424,-3972
-427,-1439,906,-427,-1439,906,3556,14068,-4884
-481,-1315,963,-481,-1315,963,2572,14456,860
-481,-1315,963,-481,-1315,963,2572,14456,860
-494,-989,1026,-494,-989,1026,-9660,13388,-20644
-524,-871,1169,-524,-871,1169,3712,13020,-276
-468,-679,1217,-468,-679,1217,6180,15796,-4392
-284,-486,1307,-284,-486,1307,13520,13908,3756
-259,-111,1644,-259,-111,1644,11788,12712,8488
-435,-242,1499,-435,-242,1499,-2980,13540,-8208
-438,-212,1617,-438,-212,1617,6664,14072,-2156
-465,15,1550,-465,15,1550,10540,14132,1196
-465,15,1550,-465,15,1550,10540,14132,1196
-470,328,1573,-470,328,1573,6936,11208,-3428
-501,224,1607,-501,224,1607,6464,12620,-3348
-503,209,1698,-503,209,1698,736,16076,-1128
-550,126,1667,-550,126,1667,-1932,12456,-1388
-562,290,1633,-562,290,1633,1864,14748,-2460
-562,290,1633,-562,290,1633,1864,14748,-2460
-588,427,1383,-588,427,1383,4608,12976,-2256
-649,350,1334,-649,350,1334,3848,13024,-1760
-707,283,1340,-707,283,1340,4160,13336,-1404
-803,174,1471,-803,174,1471,4680,14284,-1540
-728,-64,1520,-728,-64,1520,5564,14312,-1060
-738,-12,1501,-738,-12,1501,5336,14784,-1064
-738,-12,1501,-738,-12,1501,5336,14784,-1064
-652,-67,1672,-652,-67,1672,5676,15052,-596
-647,19,1749,-647,19,1749,6036,15412,-516
-589,-126,1876,-589,-126,1876,6292,15420,308
-543,-112,1887,-543,-112,1887,5296,16048,-548
-520,-243,1908,-520,-243,1908,5260,16208,-1052
-475,-469,1957,-475,-469,1957,6196,17552,-404
-480,-422,1878,-480,-422,1878,7176,18108,-328
-494,-332,1985,-494,-332,1985,8080,18788,536
-416,-217,1619,-416,-217,1619,8664,18404,820
-351,-6,1344,-351,-6,1344,8492,16864,1156
-340,268,1055,-340,268,1055,7132,17060,2504
-383,472,728,-383,472,728,6484,17900,1844
-530,510,375,-530,510,375,5016,17664,1536
-670,485,108,-670,485,108,2136,20008,444
-670,485,108,-670,485,108,2136,20008,444
-875,504,-420,-875,504,-420,6644,20648,576
-883,665,-729,-883,665,-729,6880,18620,392
-1037,834,-1115,-1037,834,-1115,5308,15624,-1260
-1153,1113,-1659,-1153,1113,-1659,3108,13760,-1992
-1153,1113,-1659,-1153,1113,-1659,3108,13760,-1992
-1628,1108,-2915,-1628,1108,-2915,5172,10880,-1964
-1622,463,-3239,-1622,463,-3239,6004,10188,-1776
-1641,-266,-3457,-1641,-266,-3457,4608,9248,-2232
-1647,-740,-3692,-1647,-740,-3692,3284,8584,-1696
-1633,-928,-3789,-1633,-928,-3789,2504,9332,-1464
-1477,-959,-3886,-1477,-959,-3886,2356,9972,-1228
-1515,-916,-3947,-1515,-916,-3947,3288,11516,-848
-1515,-916,-3947,-1515,-916,-3947,3288,11516,-848
-1431,-937,-3748,-1431,-937,-3748,3764,13760,612
-1380,-781,-3333,-1380,-781,-3333,3184,14576,1304
-1349,-770,-2878,-1349,-770,-2878,3192,16088,1044
-1259,-589,-2198,-1259,-589,-2198,4528,15688,3096
-1351,-539,-1850,-1351,-539,-1850,1976,18028,264
-1368,-505,-1484,-1368,-505,-1484,4508,17668,1704
-1300,-284,-1343,-1300,-284,-1343,3960,18020,816
-1300,-284,-1343,-1300,-284,-1343,3960,18020,816
-1211,11,-1412,-1211,11,-1412,4868,16332,1468
-1136,60,-1382,-1136,60,-1382,4396,15724,1100
-1099,-12,-1319,-1099,-12,-1319,3404,15396,844
-1055,-169,-1254,-1055,-169,-1254,3376,15020,4172
-1055,-169,-1254,-1055,-169,-1254,3376,15020,4172
-810,-359,-1478,-810,-359,-1478,3020,14300,-408
-1003,-284,-1078,-1003,-284,-1078,2516,14888,-1544
-1092,-522,-1057,-1092,-522,-1057,3280,14968,-4
-1023,-366,-825,-1023,-366,-825,4052,15364,528
-1073,-36,-785,-1073,-36,-785,3708,15680,640
-1073,-36,-785,-1073,-36,-785,3708,15680,640
-1068,229,-574,-1068,229,-574,3312,15068,1496
-1113,402,-431,-1113,402,-431,2736,14920,1652
-1199,560,-222,-1199,560,-222,2500,15240,1612
-1270,630,18,-1270,630,18,1576,15656,1332
-1291,713,203,-1291,713,203,1520,15676,1020
-1291,713,203,-1291,713,203,1520,15676,1020
-1224,837,793,-1224,837,793,2572,15380,364
-1255,427,1313,-1255,427,1313,1972,15292,-540
-1240,-130,1935,-1240,-130,1935,1796,15492,-1336
-1173,-442,2541,-1173,-442,2541,1844,16000,-2096
-1086,-1180,3241,-1086,-1180,3241,2380,16056,-1520
-963,-1847,3833,-963,-1847,3833,2672,15976,-1288
-798,-2453,4464,-798,-2453,4464,2520,16200,-1256
-798,-2453,4464,-798,-2453,4464,2520,16200,-1256
-504,-3293,5510,-504,-3293,5510,1624,16340,-1340
-504,-3293,5510,-504,-3293,5510,1624,16340,-1340
-298,-3684,6313,-298,-3684,6313,2076,16440,-1328
-227,-3594,6426,-227,-3594,6426,2248,16528,-1324
-227,-3594,6426,-227,-3594,6426,2248,16528,-1324
-163,-3351,6772,-163,-3351,6772,2600,15964,-996
-163,-3351,6772,-163,-3351,6772,2600,15964,-996
-114,-3055,7016,-114,-3055,7016,2280,15572,-1136
-100,-2858,7205,-100,-2858,7205,2164,15420,-1072
-100,-2858,7205,-100,-2858,7205,2164,15420,-1072
-37,-2896,7909,-37,-2896,7909,1920,15396,-1308
56,-3076,8355,56,-3076,8355,2376,15460,-1400
56,-3076,8355,56,-3076,8355,2376,15460,-1400
215,-3283,9481,215,-3283,9481,2416,15688,-2060
369,-3403,9985,369,-3403,9985,2576,15836,-2368
369,-3403,9985,369,-3403,9985,2576,15836,-2368
806,-3682,11249,806,-3682,11249,2476,16200,-2948
806,-3682,11249,806,-3682,11249,2476,16200,-2948
1389,-3691,12413,1389,-3691,12413,2680,16224,-3948
1389,-3691,12413,1389,-3691,12413,2680,16224,-3948
2017,-3314,13366,2017,-3314,13366,3172,15544,-3908
2374,-3188,13888,2374,-3188,13888,1672,16296,-4184
2374,-3188,13888,2374,-3188,13888,1672,16296,-4184
2820,-2929,14596,2820,-2929,14596,2988,16844,-3436
2820,-2929,14596,2820,-2929,14596,2988,16844,-3436
3099,-2580,15030,3099,-2580,15030,1932,17044,-2648
3230,-2387,15206,3230,-2387,15206,2040,17568,-2008
3230,-2387,15206,3230,-2387,15206,2040,17568,-2008
3466,-2045,15606,3466,-2045,15606,1316,17440,-432
3595,-1794,15901,3595,-1794,15901,292,17080,704
3595,-1794,15901,3595,-1794,15901,292,17080,704
3652,-1528,16395,3652,-1528,16395,-888,16864,1120
3652,-1528,16395,3652,-1528,16395,-888,16864,1120
3561,-1791,16981,3561,-1791,16981,228,17212,1052
3561,-1791,16981,3561,-1791,16981,228,17212,1052
3449,-2509,17587,3449,-2509,17587,796,17672,220
3449,-2509,17587,3449,-2509,17587,796,17672,220
3214,-3188,18315,3214,-3188,18315,1200,17260,-196
3214,-3188,18315,3214,-3188,18315,1200,17260,-196
3033,-3936,19258,3033,-3936,19258,-540,16828,-972
3033,-3936,19258,3033,-3936,19258,-540,16828,-972
3145,-4531,20409,3145,-4531,20409,-3204,17000,-2144
3136,-4705,20957,3136,-4705,20957,-4040,17432,-3056
3136,-4705,20957,3136,-4705,20957,-4040,17432,-3056
3245,-5443,21931,3245,-5443,21931,-2924,17816,-1500
3256,-6049,22569,3256,-6049,22569,-3660,17936,-1352
3256,-6049,22569,3256,-6049,22569,-3660,17936,-1352
3124,-6852,23838,3124,-6852,23838,-4088,18636,-128
3124,-6852,23838,3124,-6852,23838,-4088,18636,-128
2900,-7856,25278,2900,-7856,25278,-4216,18572,1012
2712,-8485,26015,2712,-8485,26015,-3996,18544,700
2712,-8485,26015,2712,-8485,26015,-3996,18544,700
2333,-9384,27201,2333,-9384,27201,-1784,18268,260
2070,-9640,27749,2070,-9640,27749,152,17464,-128
2070,-9640,27749,2070,-9640,27749,152,17464,-128
1660,-10168,28528,1660,-10168,28528,1608,17260,-1276
1660,-10168,28528,1660,-10168,28528,1608,17260,-1276
1335,-10406,29090,1335,-10406,29090,1680,15928,-212
1193,-10256,29141,1193,-10256,29141,2896,15072,844
1193,-10256,29141,1193,-10256,29141,2896,15072,844
1000,-9608,29073,1000,-9608,29073,5132,12276,3128
966,-9045,28821,966,-9045,28821,4164,10960,3148
966,-9045,28821,966,-9045,28821,4164,10960,3148
978,-8344,27982,978,-8344,27982,1920,9492,4796
1022,-8051,27488,1022,-8051,27488,1684,8904,5624
1022,-8051,27488,1022,-8051,27488,1684,8904,5624
1155,-7508,26475,1155,-7508,26475,3200,10848,4872
1155,-7508,26475,1155,-7508,26475,3200,10848,4872
1311,-6457,25848,1311,-6457,25848,5508,17032,1276
1380,-5686,25589,1380,-5686,25589,5644,22392,336
1380,-5686,25589,1380,-5686,25589,5644,22392,336
1535,-5018,25659,1535,-5018,25659,2940,21628,-436
1535,-5018,25659,1535,-5018,25659,2940,21628,-436
2262,-4440,24466,2262,-4440,24466,1012,17144,-48
2674,-4132,23869,2674,-4132,23869,216,17504,-148
2674,-4132,23869,2674,-4132,23869,216,17504,-148
2952,-5022,22844,2952,-5022,22844,2424,15192,1088
2750,-5885,22701,2750,-5885,22701,2232,15276,748
2750,-5885,22701,2750,-5885,22701,2232,15276,748
2457,-8168,23404,2457,-8168,23404,2552,15480,132
2457,-8168,23404,2457,-8168,23404,2552,15480,132
2563,-9878,24396,2563,-9878,24396,8,17064,-2776
2586,-10497,24575,2586,-10497,24575,-1444,16776,-3664
2586,-10497,24575,2586,-10497,24575,-1444,16776,-3664
2926,-11828,25475,2926,-11828,25475,-2088,17584,-3152
2926,-11828,25475,2926,-11828,25475,-2088,17584,-3152
3150,-12110,26818,3150,-12110,26818,1400,18148,-1784
3150,-12110,26818,3150,-12110,26818,1400,18148,-1784
3462,-12917,28005,3462,-12917,28005,-2020,18200,-292
3462,-12917,28005,3462,-12917,28005,-2020,18200,-292
3804,-13234,28713,3804,-13234,28713,-872,19008,932
3804,-13234,28713,3804,-13234,28713,-872,19008,932
4231,-13426,29273,4231,-13426,29273,-1368,18080,3304
4422,-13443,29415,4422,-13443,29415,-2228,18336,3744
4645,-13505,29519,4645,-13505,29519,-2484,17692,5464
4645,-13505,29519,4645,-13505,29519,-2484,17692,5464
5049,-13948,29556,5049,-13948,29556,-1852,16492,5040
5049,-13948,29556,5049,-13948,29556,-1852,16492,5040
5342,-14151,28525,5342,-14151,28525,-1676,16452,3388
5499,-14144,28548,5499,-14144,28548,-1776,16432,2892
5499,-14144,28548,5499,-14144,28548,-1776,16432,2892
5439,-14533,27913,5439,-14533,27913,-1720,17496,80
5544,-14288,27542,5544,-14288,27542,-1816,17752,-756
5544,-14288,27542,5544,-14288,27542,-1816,17752,-756
5913,-14053,26907,5913,-14053,26907,-1752,17472,-1748
6224,-13977,26781,6224,-13977,26781,-1132,17188,-708
6224,-13977,26781,6224,-13977,26781,-1132,17188,-708
6681,-13554,26954,6681,-13554,26954,-1864,16036,-20
6681,-13554,26954,6681,-13554,26954,-1864,16036,-20
7070,-13096,27049,7070,-13096,27049,-1584,14500,1900
7200,-12609,26976,7200,-12609,26976,456,14192,3288
7200,-12609,26976,7200,-12609,26976,456,14192,3288
7002,-12012,26932,7002,-12012,26932,476,12364,5376
7002,-12012,26932,7002,-12012,26932,476,12364,5376
6874,-12025,26667,6874,-12025,26667,412,10164,5636
6874,-12025,26667,6874,-12025,26667,412,10164,5636
6856,-12007,26073,6856,-12007,26073,832,8844,5676
6856,-12007,26073,6856,-12007,26073,832,8844,5676
6955,-11379,25220,6955,-11379,25220,2280,8840,5908
6955,-11379,25220,6955,-11379,25220,2280,8840,5908
6707,-11485,24502,6707,-11485,24502,4664,10668,6032
6707,-11485,24502,6707,-11485,24502,4664,10668,6032
5995,-12185,24392,5995,-12185,24392,6804,16740,4420
5733,-12689,24707,5733,-12689,24707,5504,22500,3760
5733,-12689,24707,5733,-12689,24707,5504,22500,3760
6382,-12598,26153,6382,-12598,26153,460,28356,-2080
6382,-12598,26153,6382,-12598,26153,460,28356,-2080
8179,-10668,27874,8179,-10668,27874,5336,18180,-2072
8179,-10668,27874,8179,-10668,27874,5336,18180,-2072
8448,-8688,28179,8448,-8688,28179,-204,13128,-440
8448,-8688,28179,8448,-8688,28179,-204,13128,-440
7413,-9403,27053,7413,-9403,27053,-5960,16176,-6520
7413,-9403,27053,7413,-9403,27053,-5960,16176,-6520
6217,-10451,25176,6217,-10451,25176,-816,15932,-8236
6058,-9814,24137,6058,-9814,24137,-1424,17540,-9616
6058,-9814,24137,6058,-9814,24137,-1424,17540,-9616
6145,-8046,22398,6145,-8046,22398,-1076,17980,-6776
6145,-8046,22398,6145,-8046,22398,-1076,17980,-6776
6365,-7568,22189,6365,-7568,22189,-1744,16508,-3048
6365,-7568,22189,6365,-7568,22189,-1744,16508,-3048
6758,-7939,23150,6758,-7939,23150,-2416,16312,-1092
6758,-7939,23150,6758,-7939,23150,-2416,16312,-1092
7175,-7370,24308,7175,-7370,24308,-3592,14832,-20
7175,-7370,24308,7175,-7370,24308,-3592,14832,-20
7412,-6931,25410,7412,-6931,25410,-2652,15308,-92
7412,-6931,25410,7412,-6931,25410,-2652,15308,-92
7429,-7299,27233,7429,-7299,27233,-3956,16456,1196
7429,-7299,27233,7429,-7299,27233,-3956,16456,1196
7545,-8518,29128,7545,-8518,29128,-2432,18044,-204
7667,-9135,29603,7667,-9135,29603,-1380,18940,136
7667,-9135,29603,7667,-9135,29603,-1380,18940,136
7938,-9460,29459,7938,-9460,29459,-832,18184,464
7938,-9460,29459,7938,-9460,29459,-832,18184,464
8148,-8690,28633,8148,-8690,28633,-1956,18364,316
8201,-7931,28011,8201,-7931,28011,-2268,18288,448
8201,-7931,28011,8201,-7931,28011,-2268,18288,448
8345,-6913,27038,8345,-6913,27038,-1876,18064,1016
8345,-6913,27038,8345,-6913,27038,-1876,18064,1016
8363,-6361,26221,8363,-6361,26221,-3128,17832,1500
8331,-6122,25912,8331,-6122,25912,-2628,17712,2016
8331,-6122,25912,8331,-6122,25912,-2628,17712,2016
8168,-5587,25527,8168,-5587,25527,-2380,17480,2524
8083,-5439,25399,8083,-5439,25399,-3144,17748,2508
8083,-5439,25399,8083,-5439,25399,-3144,17748,2508
7767,-5572,25307,7767,-5572,25307,-6076,17008,2860
7767,-5572,25307,7767,-5572,25307,-6076,17008,2860
7656,-5749,25411,7656,-5749,25411,-3800,15808,4288
7656,-5749,25411,7656,-5749,25411,-3800,15808,4288
7485,-5714,25804,7485,-5714,25804,-4152,17456,3220
7485,-5714,25804,7485,-5714,25804,-4152,17456,3220
7193,-6371,26569,7193,-6371,26569,-2680,18348,2752
7193,-6371,26569,7193,-6371,26569,-2680,18348,2752
6982,-7230,27368,6982,-7230,27368,-1428,18300,1772
6839,-7704,27739,6839,-7704,27739,-604,17576,6220
6839,-7704,27739,6839,-7704,27739,-604,17576,6220
6665,-8590,28234,6665,-8590,28234,-2576,17468,896
6620,-8273,28404,6620,-8273,28404,-2728,17048,1036
6620,-8273,28404,6620,-8273,28404,-2728,17048,1036
6394,-8620,28099,6394,-8620,28099,-3020,16452,2664
6394,-8620,28099,6394,-8620,28099,-3020,16452,2664
6306,-8431,27518,6306,-8431,27518,-1516,17356,3596
6306,-8431,27518,6306,-8431,27518,-1516,17356,3596
5989,-7962,26649,5989,-7962,26649,-1824,17388,3116
5989,-7962,26649,5989,-7962,26649,-1824,17388,3116
5494,-7655,25820,5494,-7655,25820,-2780,17484,3940
5140,-7365,25337,5140,-7365,25337,-1368,18096,4244
5140,-7365,25337,5140,-7365,25337,-1368,18096,4244
4839,-6024,25049,4839,-6024,25049,-280,19008,3556
4839,-6024,25049,4839,-6024,25049,-280,19008,3556
4815,-4270,25272,4815,-4270,25272,268,17956,4456
4815,-4270,25272,4815,-4270,25272,268,17956,4456
4632,-2772,25173,4632,-2772,25173,3048,15644,6568
4632,-2772,25173,4632,-2772,25173,3048,15644,6568
3786,-2577,25058,3786,-2577,25058,5904,13376,8188
3479,-2175,24842,3479,-2175,24842,6684,12848,8224
3010,-1618,24477,3010,-1618,24477,6632,13032,7528
3010,-1618,24477,3010,-1618,24477,6632,13032,7528
2301,-1540,24074,2301,-1540,24074,4988,13384,6148
2301,-1540,24074,2301,-1540,24074,4988,13384,6148
1701,-1427,23718,1701,-1427,23718,2984,14280,4092
1701,-1427,23718,1701,-1427,23718,2984,14280,4092
1270,-2187,23375,1270,-2187,23375,2228,15160,3000
1270,-2187,23375,1270,-2187,23375,2228,15160,3000
783,-2785,22774,783,-2785,22774,4732,17580,1884
327,-3625,22013,327,-3625,22013,4380,17736,1424
327,-3625,22013,327,-3625,22013,4380,17736,1424
516,-2984,19609,516,-2984,19609,3316,17112,616
516,-2984,19609,516,-2984,19609,3316,17112,616
1071,-3509,18273,1071,-3509,18273,3192,15740,-320
1071,-3509,18273,1071,-3509,18273,3192,15740,-320
1182,-5994,17829,1182,-5994,17829,3160,15408,536
1182,-5994,17829,1182,-5994,17829,3160,15408,536
1278,-8578,17990,1278,-8578,17990,3044,15292,1296
1278,-8578,17990,1278,-8578,17990,3044,15292,1296
1467,-10551,18369,1467,-10551,18369,3964,15444,2268
1588,-11023,18428,1588,-11023,18428,4188,15104,2708
1588,-11023,18428,1588,-11023,18428,4188,15104,2708
1868,-10889,18165,1868,-10889,18165,5092,15072,2280
1911,-10607,17916,1911,-10607,17916,5360,15752,1564
1911,-10607,17916,1911,-10607,17916,5360,15752,1564
1888,-9947,17875,1888,-9947,17875,4864,16540,716
1888,-9947,17875,1888,-9947,17875,4864,16540,716
2196,-8989,17776,2196,-8989,17776,2856,15916,-680
2124,-8692,18137,2124,-8692,18137,1784,15344,-204
2124,-8692,18137,2124,-8692,18137,1784,15344,-204
2322,-8424,18720,2322,-8424,18720,1920,14996,1400
2322,-8424,18720,2322,-8424,18720,1920,14996,1400
2451,-7502,19016,2451,-7502,19016,2172,15132,2012
2451,-7502,19016,2451,-7502,19016,2172,15132,2012
2564,-6420,18923,2564,-6420,18923,2632,15212,2308
2584,-6213,18250,2584,-6213,18250,1592,15316,1292
2584,-6213,18250,2584,-6213,18250,1592,15316,1292
2579,-5376,16412,2579,-5376,16412,2380,15512,272
2579,-5376,16412,2579,-5376,16412,2380,15512,272
2367,-4825,15162,2367,-4825,15162,1976,16052,-2888
2367,-4825,15162,2367,-4825,15162,1976,16052,-2888
2248,-4194,14127,2248,-4194,14127,1504,16868,-3880
2301,-3856,13615,2301,-3856,13615,408,17768,-5536
2301,-3856,13615,2301,-3856,13615,408,17768,-5536
2906,-2637,12981,2906,-2637,12981,3320,15700,-3600
2906,-2637,12981,2906,-2637,12981,3320,15700,-3600
3528,-287,12938,3528,-287,12938,2304,14464,-1172
3720,504,12872,3720,504,12872,2704,14944,888
3720,504,12872,3720,504,12872,2704,14944,888
4034,1117,13434,4034,1117,13434,2744,13592,2576
4368,920,13868,4368,920,13868,2036,13452,1816
4368,920,13868,4368,920,13868,2036,13452,1816
2636,-8,15881,2636,-8,15881,1044,13148,3408
2636,-8,15881,2636,-8,15881,1044,13148,3408
655,-1607,18094,655,-1607,18094,3044,13668,4380
1192,-2958,19891,1192,-2958,19891,5616,13752,4428
1192,-2958,19891,1192,-2958,19891,5616,13752,4428
2124,-5140,22497,2124,-5140,22497,6612,13968,3880
2124,-5140,22497,2124,-5140,22497,6612,13968,3880
2222,-5815,21567,2222,-5815,21567,5500,14356,4456
1846,-6174,20576,1846,-6174,20576,4984,14784,4588
1846,-6174,20576,1846,-6174,20576,4984,14784,4588
1028,-6337,19456,1028,-6337,19456,336,19540,1192
1028,-6337,19456,1028,-6337,19456,336,19540,1192
736,-7009,18775,736,-7009,18775,2780,20560,2100
582,-6521,19098,582,-6521,19098,1252,18160,2824
582,-6521,19098,582,-6521,19098,1252,18160,2824
770,-3990,16433,770,-3990,16433,-3820,15336,1260
770,-3990,16433,770,-3990,16433,-3820,15336,1260
1318,-2505,14231,1318,-2505,14231,6440,13308,1840
1318,-2505,14231,1318,-2505,14231,6440,13308,1840
1348,-4059,13351,1348,-4059,13351,8472,14716,3708
1145,-4360,12837,1145,-4360,12837,6148,13428,-280
1145,-4360,12837,1145,-4360,12837,6148,13428,-280
497,-4354,12130,497,-4354,12130,2796,14512,-712
497,-4354,12130,497,-4354,12130,2796,14512,-712
522,-4782,11872,522,-4782,11872,-240,14648,-2920
522,-4782,11872,522,-4782,11872,-240,14648,-2920
971,-5185,12075,971,-5185,12075,-64,15236,-2192
971,-5185,12075,971,-5185,12075,-64,15236,-2192
1229,-5312,12440,1229,-5312,12440,300,15544,-1952
1229,-5312,12440,1229,-5312,12440,300,15544,-1952
1234,-4746,11946,1234,-4746,11946,168,15364,-492
1178,-4209,11793,1178,-4209,11793,980,16892,3668
1178,-4209,11793,1178,-4209,11793,980,16892,3668
1227,-3690,11568,1227,-3690,11568,424,17236,-236
1227,-3690,11568,1227,-3690,11568,424,17236,-236
1142,-3745,12478,1142,-3745,12478,-332,17988,-1368
1142,-3745,12478,1142,-3745,12478,-332,17988,-1368
1078,-4143,13257,1078,-4143,13257,792,17320,-12
1254,-4521,14166,1254,-4521,14166,1856,16248,-732
1254,-4521,14166,1254,-4521,14166,1856,16248,-732
1145,-5006,15246,1145,-5006,15246,176,15744,-292
1145,-5006,15246,1145,-5006,15246,176,15744,-292
1200,-4741,15909,1200,-4741,15909,-708,15736,-472
1152,-5452,16874,1152,-5452,16874,-8,15716,160
1152,-5452,16874,1152,-5452,16874,-8,15716,160
1410,-4282,16635,1410,-4282,16635,-320,16228,448
1410,-4282,16635,1410,-4282,16635,-320,16228,448
1499,-4140,16137,1499,-4140,16137,388,16416,1208
1583,-3974,16014,1583,-3974,16014,576,16284,1992
1583,-3974,16014,1583,-3974,16014,576,16284,1992
1670,-4328,16277,1670,-4328,16277,364,16768,1920
1709,-4167,16296,1709,-4167,16296,508,16692,1912
1795,-4291,16355,1795,-4291,16355,704,16660,2068
1795,-4291,16355,1795,-4291,16355,704,16660,2068
1877,-4329,16490,1877,-4329,16490,320,16384,2236
1877,-4329,16490,1877,-4329,16490,320,16384,2236
1925,-4516,16754,1925,-4516,16754,388,16080,1660
1972,-4751,16872,1972,-4751,16872,712,16252,1536
1972,-4751,16872,1972,-4751,16872,712,16252,1536
1981,-5106,16896,1981,-5106,16896,504,16316,1564
1981,-5106,16896,1981,-5106,16896,504,16316,1564
1998,-5064,16416,1998,-5064,16416,668,16236,2088
2050,-4964,16098,2050,-4964,16098,396,16596,1656
2050,-4964,16098,2050,-4964,16098,396,16596,1656
2181,-4924,15792,2181,-4924,15792,760,16056,1928
2181,-4924,15792,2181,-4924,15792,760,16056,1928
2014,-4900,15652,2014,-4900,15652,364,16504,2132
1941,-4991,15622,1941,-4991,15622,680,16424,2468
1941,-4991,15622,1941,-4991,15622,680,16424,2468
1917,-5293,15774,1917,-5293,15774,1048,16552,2236
1945,-5457,15991,1945,-5457,15991,1104,16696,1812
1945,-5457,15991,1945,-5457,15991,1104,16696,1812
2024,-5460,16204,2024,-5460,16204,-364,16268,1368
2024,-5460,16204,2024,-5460,16204,-364,16268,1368
1997,-5232,16292,1997,-5232,16292,-44,16376,1504
1997,-5232,16292,1997,-5232,16292,-44,16376,1504
1901,-4985,16416,1901,-4985,16416,-40,16736,1276
1901,-4985,16416,1901,-4985,16416,-40,16736,1276
1691,-4855,16524,1691,-4855,16524,900,16980,1396
1691,-4855,16524,1691,-4855,16524,900,16980,1396
1437,-4469,16468,1437,-4469,16468,180,16976,684
1437,-4469,16468,1437,-4469,16468,180,16976,684
1209,-4098,16355,1209,-4098,16355,-1012,16824,444
1002,-3785,16245,1002,-3785,16245,-1808,16840,-152
1002,-3785,16245,1002,-3785,16245,-1808,16840,-152
655,-3586,16159,655,-3586,16159,-1904,16788,-496
655,-3586,16159,655,-3586,16159,-1904,16788,-496
431,-3039,16077,431,-3039,16077,-816,17452,-1452
252,-2660,16004,252,-2660,16004,-348,16824,-1668
252,-2660,16004,252,-2660,16004,-348,16824,-1668
-482,-2354,16445,-482,-2354,16445,3156,16132,240
-482,-2354,16445,-482,-2354,16445,3156,16132,240
-259,-996,16376,-259,-996,16376,6344,16624,924
-259,-996,16376,-259,-996,16376,6344,16624,924
-290,60,17844,-290,60,17844,4040,17280,-224
-432,1242,17799,-432,1242,17799,3248,17304,760
-432,1242,17799,-432,1242,17799,3248,17304,760
-1223,805,17269,-1223,805,17269,2728,15808,612
-1223,805,17269,-1223,805,17269,2728,15808,612
-1590,-218,15743,-1590,-218,15743,4180,14260,-1296
-1590,-218,15743,-1590,-218,15743,4180,14260,-1296
-1132,-1693,15273,-1132,-1693,15273,4948,14548,-880
-1093,-2455,14759,-1093,-2455,14759,2612,13460,-1872
-871,-3243,14518,-871,-3243,14518,2044,13524,-1736
-871,-3243,14518,-871,-3243,14518,2044,13524,-1736
-707,-5320,15065,-707,-5320,15065,168,14068,-616
-707,-5320,15065,-707,-5320,15065,168,14068,-616
-326,-6698,16258,-326,-6698,16258,1248,15120,-340
-326,-6698,16258,-326,-6698,16258,1248,15120,-340
-11,-6402,16781,-11,-6402,16781,780,16332,-2032
147,-6268,16766,147,-6268,16766,1180,16692,-2832
147,-6268,16766,147,-6268,16766,1180,16692,-2832
808,-6165,17032,808,-6165,17032,1784,16064,-3464
808,-6165,17032,808,-6165,17032,1784,16064,-3464
1360,-6418,17179,1360,-6418,17179,1280,14812,-3364
1490,-6739,17018,1490,-6739,17018,412,14112,-3656
1490,-6739,17018,1490,-6739,17018,412,14112,-3656
1830,-8121,16316,1830,-8121,16316,-464,14856,-3168
2100,-9086,16107,2100,-9086,16107,-120,15420,-3248
2100,-9086,16107,2100,-9086,16107,-120,15420,-3248
2849,-10425,16254,2849,-10425,16254,-2004,14340,-2244
2849,-10425,16254,2849,-10425,16254,-2004,14340,-2244
3641,-10412,16667,3641,-10412,16667,-2024,13316,-452
4219,-9868,16255,4219,-9868,16255,-2892,14248,-3400
4219,-9868,16255,4219,-9868,16255,-2892,14248,-3400
4413,-8816,16868,4413,-8816,16868,-1988,16844,-680
4413,-8816,16868,4413,-8816,16868,-1988,16844,-680
4924,-8198,18068,4924,-8198,18068,-1072,18120,-1040
4924,-8198,18068,4924,-8198,18068,-1072,18120,-1040
5268,-7975,18962,5268,-7975,18962,-1384,18732,-164
5543,-7415,19079,5543,-7415,19079,-56,18072,1296
5543,-7415,19079,5543,-7415,19079,-56,18072,1296
5649,-7413,19517,5649,-7413,19517,-240,17840,720
5649,-7413,19517,5649,-7413,19517,-240,17840,720
5540,-8090,20163,5540,-8090,20163,-704,17304,48
5540,-8090,20163,5540,-8090,20163,-704,17304,48
5310,-8692,20592,5310,-8692,20592,-908,17784,-1628
5180,-8998,20818,5180,-8998,20818,-788,18196,-2312
5180,-8998,20818,5180,-8998,20818,-788,18196,-2312
4884,-9076,20984,4884,-9076,20984,-56,18096,-3824
4884,-9076,20984,4884,-9076,20984,-56,18096,-3824
4530,-9231,21764,4530,-9231,21764,-1340,16876,-5432
4451,-9265,22534,4451,-9265,22534,-1548,15504,-5044
4451,-9265,22534,4451,-9265,22534,-1548,15504,-5044
4354,-8816,23678,4354,-8816,23678,-1792,12952,-3300
4354,-8816,23678,4354,-8816,23678,-1792,12952,-3300
4276,-8288,24579,4276,-8288,24579,-1836,11276,-2016
4164,-7823,24830,4164,-7823,24830,-1724,11384,-1324
4164,-7823,24830,4164,-7823,24830,-1724,11384,-1324
3909,-7426,25114,3909,-7426,25114,-2136,10500,-420
3840,-7284,25210,3840,-7284,25210,-1004,10768,460
3840,-7284,25210,3840,-7284,25210,-1004,10768,460
3842,-7368,25580,3842,-7368,25580,-2456,10260,900
3877,-7469,25665,3877,-7469,25665,-2148,10988,1304
3562,-7951,26142,3562,-7951,26142,128,11908,2428
3350,-8650,26677,3350,-8650,26677,3596,14696,1292
3136,-9739,27461,3136,-9739,27461,5596,18880,-308
3168,-9980,28045,3168,-9980,28045,5988,23224,-1728
3359,-10391,28773,3359,-10391,28773,6948,29024,-944
3888,-10123,29175,3888,-10123,29175,6216,31052,-4124
4574,-9515,29309,4574,-9515,29309,6600,24588,-1640
5033,-8810,29196,5033,-8810,29196,4128,21140,-744
5345,-7533,28572,5345,-7533,28572,-1360,18336,2004
5628,-6875,27592,5628,-6875,27592,-3732,14256,2896
5685,-6638,26438,5685,-6638,26438,-1160,11688,3404
5375,-6856,25259,5375,-6856,25259,-156,12648,1760
5055,-7079,24245,5055,-7079,24245,-584,12900,-544
4839,-6592,22972,4839,-6592,22972,-1420,12008,-1104
4585,-6410,21944,4585,-6410,21944,-2300,13392,-2364
4385,-6359,20954,4385,-6359,20954,-3324,13748,-3600
4355,-6069,20260,4355,-6069,20260,-1140,13636,-2936
4357,-6174,19998,4357,-6174,19998,-300,13280,-2576
4340,-5810,20264,4340,-5810,20264,-704,14252,-3468
4361,-5610,20873,4361,-5610,20873,-1016,14596,-2820
4339,-5251,21429,4339,-5251,21429,-1220,15324,-3132
4271,-4985,21825,4271,-4985,21825,-1108,16532,-3096
4157,-4846,21946,4157,-4846,21946,-1516,16232,-3040
4073,-4826,22037,4073,-4826,22037,-2908,17608,-2088
3975,-5001,22295,3975,-5001,22295,-2240,17084,-396
3903,-5399,22528,3903,-5399,22528,-1228,17228,988
3939,-5915,22883,3939,-5915,22883,-304,17244,1784
3974,-6568,23143,3974,-6568,23143,-44,17160,2320
3989,-7018,23111,3989,-7018,23111,-136,16604,2792
3988,-7271,22983,3988,-7271,22983,-728,16388,2616
3891,-7293,22654,3891,-7293,22654,-1328,16076,2036
3739,-7093,22289,3739,-7093,22289,-1172,16112,2148
3593,-6860,21833,3593,-6860,21833,-936,17256,1912
3503,-6491,21405,3503,-6491,21405,296,17744,1444
3408,-5932,20991,3408,-5932,20991,1160,17884,1268
3337,-5252,20552,3337,-5252,20552,740,18028,780
3317,-4675,20297,3317,-4675,20297,220,18096,528
3322,-4126,20142,3322,-4126,20142,344,17468,772
3356,-3810,20036,3356,-3810,20036,392,17232,1532
3425,-3615,20053,3425,-3615,20053,-36,16316,1836
3425,-3615,20053,3425,-3615,20053,-36,16316,1836
3469,-3599,20297,3469,-3599,20297,-208,16292,2892
3469,-3599,20297,3469,-3599,20297,-208,16292,2892
3258,-4133,20478,3258,-4133,20478,-524,16284,3952
3258,-4133,20478,3258,-4133,20478,-524,16284,3952
3179,-4328,20449,3179,-4328,20449,-616,16924,4492
3108,-4292,20424,3108,-4292,20424,-904,17100,4644
3108,-4292,20424,3108,-4292,20424,-904,17100,4644
2968,-4156,20353,2968,-4156,20353,-56,17076,4740
2968,-4156,20353,2968,-4156,20353,-56,17076,4740
2695,-4519,20323,2695,-4519,20323,1868,17668,4780
2695,-4519,20323,2695,-4519,20323,1868,17668,4780
2411,-4121,19646,2411,-4121,19646,952,17236,3888
2293,-4236,19366,2293,-4236,19366,-468,17136,3108
2051,-4287,19103,2051,-4287,19103,-1660,16824,2312
2051,-4287,19103,2051,-4287,19103,-1660,16824,2312
1490,-4019,18825,1490,-4019,18825,-1804,15780,1832
1490,-4019,18825,1490,-4019,18825,-1804,15780,1832
995,-3963,18848,995,-3963,18848,1532,14848,1996
995,-3963,18848,995,-3963,18848,1532,14848,1996
708,-3983,19131,708,-3983,19131,536,14584,1184
524,-3868,19190,524,-3868,19190,-408,15284,52
524,-3868,19190,524,-3868,19190,-408,15284,52
264,-3725,19126,264,-3725,19126,2812,15892,256
264,-3725,19126,264,-3725,19126,2812,15892,256
-37,-3711,18767,-37,-3711,18767,3608,16148,-1680
-37,-3711,18767,-37,-3711,18767,3608,16148,-1680
-246,-3592,18475,-246,-3592,18475,4568,17960,-432
-246,-3592,18475,-246,-3592,18475,4568,17960,-432
-591,-4307,18486,-591,-4307,18486,4440,19376,-1552
-524,-3759,18043,-524,-3759,18043,4684,19148,-596
-524,-3759,18043,-524,-3759,18043,4684,19148,-596
172,-2273,17428,172,-2273,17428,4720,16016,180
172,-2273,17428,172,-2273,17428,4720,16016,180
423,-1996,17252,423,-1996,17252,4024,15660,-564
423,-1996,17252,423,-1996,17252,4024,15660,-564
486,-2269,16755,486,-2269,16755,3332,15872,920
486,-2269,16755,486,-2269,16755,3332,15872,920
626,-3051,16642,626,-3051,16642,3524,13760,2384
626,-3051,16642,626,-3051,16642,3524,13760,2384
894,-4058,16950,894,-4058,16950,3044,13984,1720
1047,-4451,17194,1047,-4451,17194,3400,15440,1844
1047,-4451,17194,1047,-4451,17194,3400,15440,1844
1319,-5604,17818,1319,-5604,17818,3072,16652,400
1319,-5604,17818,1319,-5604,17818,3072,16652,400
1510,-6369,18078,1510,-6369,18078,128,17688,-1508
1505,-6606,17945,1505,-6606,17945,-596,16892,-1752
1505,-6606,17945,1505,-6606,17945,-596,16892,-1752
1390,-7293,17616,1390,-7293,17616,84,16292,-2196
1390,-7293,17616,1390,-7293,17616,84,16292,-2196
1369,-8526,17678,1369,-8526,17678,1216,15564,-1724
1369,-8526,17678,1369,-8526,17678,1216,15564,-1724
1575,-9463,17669,1575,-9463,17669,1964,15704,-4548
1575,-9463,17669,1575,-9463,17669,1964,15704,-4548
1962,-9876,18004,1962,-9876,18004,-1988,13800,-2956
2245,-9935,18370,2245,-9935,18370,-3824,14784,-3064
2245,-9935,18370,2245,-9935,18370,-3824,14784,-3064
2655,-9912,19390,2655,-9912,19390,-3188,15752,-2360
2655,-9912,19390,2655,-9912,19390,-3188,15752,-2360
3032,-9790,20455,3032,-9790,20455,-1444,15660,-2028
3032,-9790,20455,3032,-9790,20455,-1444,15660,-2028
3207,-9060,21077,3207,-9060,21077,-184,16720,-976
3207,-9060,21077,3207,-9060,21077,-184,16720,-976
3653,-8715,21212,3653,-8715,21212,-236,16388,-312
3653,-8715,21212,3653,-8715,21212,-236,16388,-312
3501,-8845,21689,3501,-8845,21689,-656,16304,-1108
3521,-8826,21983,3521,-8826,21983,-720,16384,-1744
3521,-8826,21983,3521,-8826,21983,-720,16384,-1744
3381,-9575,22204,3381,-9575,22204,-1684,15984,-2596
3381,-9575,22204,3381,-9575,22204,-1684,15984,-2596
3310,-9698,22264,3310,-9698,22264,-892,16320,-2716
3310,-9698,22264,3310,-9698,22264,-892,16320,-2716
3213,-9649,22316,3213,-9649,22316,324,15656,-2068
3228,-9581,22450,3228,-9581,22450,-360,15284,-2164
3228,-9581,22450,3228,-9581,22450,-360,15284,-2164
3487,-9483,22699,3487,-9483,22699,-148,13688,-956
3744,-9241,23309,3744,-9241,23309,-24,13364,-200
3744,-9241,23309,3744,-9241,23309,-24,13364,-200
3476,-9904,24036,3476,-9904,24036,2300,11388,1192
3476,-9904,24036,3476,-9904,24036,2300,11388,1192
3555,-9967,24483,3555,-9967,24483,2908,9332,2436
3555,-9967,24483,3555,-9967,24483,2908,9332,2436
3609,-10021,24628,3609,-10021,24628,4444,10556,3868
3609,-10021,24628,3609,-10021,24628,4444,10556,3868
3163,-10322,24395,3163,-10322,24395,9708,17576,7276
3163,-10322,24395,3163,-10322,24395,9708,17576,7276
3336,-10641,24401,3336,-10641,24401,3184,22496,896
3336,-10641,24401,3336,-10641,24401,3184,22496,896
4390,-10561,25139,4390,-10561,25139,5280,23152,-228
4390,-10561,25139,4390,-10561,25139,5280,23152,-228
4990,-8770,24641,4990,-8770,24641,10380,22468,1608
4928,-8537,23787,4928,-8537,23787,6140,19708,1080
4928,-8537,23787,4928,-8537,23787,6140,19708,1080
4932,-7287,22080,4932,-7287,22080,3920,13892,3528
5008,-7225,20715,5008,-7225,20715,948,12780,624
5008,-7225,20715,5008,-7225,20715,948,12780,624
4592,-6982,17938,4592,-6982,17938,-3440,12600,-2700
4592,-6982,17938,4592,-6982,17938,-3440,12600,-2700
3722,-6613,14772,3722,-6613,14772,-536,14244,-3624
3722,-6613,14772,3722,-6613,14772,-536,14244,-3624
4014,-4582,13161,4014,-4582,13161,-764,14868,-4844
4299,-3399,12907,4299,-3399,12907,192,15556,-3988
4299,-3399,12907,4299,-3399,12907,192,15556,-3988
4887,-1093,12882,4887,-1093,12882,192,15140,-2876
4887,-1093,12882,4887,-1093,12882,192,15140,-2876
4161,-1028,13355,4161,-1028,13355,1068,15372,-1580
3817,-591,13574,3817,-591,13574,2544,15200,-656
3817,-591,13574,3817,-591,13574,2544,15200,-656
3298,-2334,14820,3298,-2334,14820,1356,15552,140
3298,-2334,14820,3298,-2334,14820,1356,15552,140
3345,-4167,16725,3345,-4167,16725,-728,16656,1128
3345,-4167,16725,3345,-4167,16725,-728,16656,1128
3607,-6264,18646,3607,-6264,18646,-2340,15720,732
3760,-6561,19011,3760,-6561,19011,-1052,15348,1776
3917,-6644,18894,3917,-6644,18894,-228,15692,1208
3917,-6644,18894,3917,-6644,18894,-228,15692,1208
4336,-5362,17152,4336,-5362,17152,1052,16592,412
4336,-5362,17152,4336,-5362,17152,1052,16592,412
4418,-3482,15391,4418,-3482,15391,2248,17340,-464
4418,-3482,15391,4418,-3482,15391,2248,17340,-464
4164,-1996,13947,4164,-1996,13947,1736,17060,188
4164,-1996,13947,4164,-1996,13947,1736,17060,188
3733,-1105,13248,3733,-1105,13248,424,16728,2160
3590,-522,13241,3590,-522,13241,692,16236,2556
3590,-522,13241,3590,-522,13241,692,16236,2556
3346,60,13505,3346,60,13505,920,16372,3284
3370,92,13857,3370,92,13857,1320,16464,3396
3444,-487,15205,3444,-487,15205,1528,16352,3092
3444,-487,15205,3444,-487,15205,1528,16352,3092
2978,-1381,16943,2978,-1381,16943,1100,16448,2812
2978,-1381,16943,2978,-1381,16943,1100,16448,2812
578,-4074,18948,578,-4074,18948,1012,16052,2864
578,-4074,18948,578,-4074,18948,1012,16052,2864
1291,-6119,21949,1291,-6119,21949,544,15724,1768
1979,-7239,23598,1979,-7239,23598,500,15904,1480
1979,-7239,23598,1979,-7239,23598,500,15904,1480
3210,-7944,22907,3210,-7944,22907,968,16324,1112
3458,-8933,22077,3458,-8933,22077,-52,16584,912
3458,-8933,22077,3458,-8933,22077,-52,16584,912
3557,-9777,21769,3557,-9777,21769,-284,16740,616
3557,-9777,21769,3557,-9777,21769,-284,16740,616
3221,-9171,21308,3221,-9171,21308,-96,16920,588
3221,-9171,21308,3221,-9171,21308,-96,16920,588
2399,-8974,21767,2399,-8974,21767,-112,17420,1236
2399,-8974,21767,2399,-8974,21767,-112,17420,1236
2019,-6358,20043,2019,-6358,20043,1264,17552,2692
2449,-4783,19441,2449,-4783,19441,1016,17176,2572
2449,-4783,19441,2449,-4783,19441,1016,17176,2572
2307,-4716,18641,2307,-4716,18641,1404,16568,2888
2307,-4716,18641,2307,-4716,18641,1404,16568,2888
1992,-4620,18122,1992,-4620,18122,700,15880,3424
1755,-4174,17664,1755,-4174,17664,-192,13916,224
1494,-3383,16792,1494,-3383,16792,-336,15616,1476
1494,-3383,16792,1494,-3383,16792,-336,15616,1476
1392,-2819,16108,1392,-2819,16108,1632,15564,2844
1392,-2819,16108,1392,-2819,16108,1632,15564,2844
1265,-2497,15690,1265,-2497,15690,728,15820,2020
1265,-2497,15690,1265,-2497,15690,728,15820,2020
930,-2224,15557,930,-2224,15557,1212,16364,2040
599,-2179,15122,599,-2179,15122,1448,16524,1932
599,-2179,15122,599,-2179,15122,1448,16524,1932
111,-1406,14618,111,-1406,14618,2732,17032,1128
111,-1406,14618,111,-1406,14618,2732,17032,1128
-3,-803,14717,-3,-803,14717,2328,16548,-916
127,-1038,15338,127,-1038,15338,2144,16204,-1368
127,-1038,15338,127,-1038,15338,2144,16204,-1368
163,-1374,16076,163,-1374,16076,2556,15296,-1728
163,-1374,16076,163,-1374,16076,2556,15296,-1728
-67,-1491,15948,-67,-1491,15948,2928,14164,-1864
-307,-1412,15644,-307,-1412,15644,3848,14012,-1544
-307,-1412,15644,-307,-1412,15644,3848,14012,-1544
-1156,-3344,16507,-1156,-3344,16507,4044,16532,-988
-1156,-3344,16507,-1156,-3344,16507,4044,16532,-988
-426,-2009,15976,-426,-2009,15976,6920,18220,-424
64,-1558,15759,64,-1558,15759,6660,17568,-112
64,-1558,15759,64,-1558,15759,6660,17568,-112
717,-863,14930,717,-863,14930,5260,16112,1240
717,-863,14930,717,-863,14930,5260,16112,1240
845,-1527,14520,845,-1527,14520,4364,15600,224
845,-1527,14520,845,-1527,14520,4364,15600,224
989,-2294,14045,989,-2294,14045,2912,13684,-320
989,-2294,14045,989,-2294,14045,2912,13684,-320
1060,-3056,12947,1060,-3056,12947,4248,14936,-48
1114,-3433,12352,1114,-3433,12352,7108,14424,840
1114,-3433,12352,1114,-3433,12352,7108,14424,840
1117,-4250,11806,1117,-4250,11806,4612,15348,-1848
1195,-4610,11568,1195,-4610,11568,4020,15016,-1736
1195,-4610,11568,1195,-4610,11568,4020,15016,-1736
1486,-5448,11647,1486,-5448,11647,3656,15680,-2196
1627,-5631,11751,1627,-5631,11751,3040,15116,-2332
1627,-5631,11751,1627,-5631,11751,3040,15116,-2332
1818,-5243,11682,1818,-5243,11682,2056,15580,-2184
1818,-5243,11682,1818,-5243,11682,2056,15580,-2184
1943,-4411,11762,1943,-4411,11762,1540,14012,-2288
1943,-4411,11762,1943,-4411,11762,1540,14012,-2288
1960,-4601,11880,1960,-4601,11880,1844,13772,-1836
1909,-4759,11906,1909,-4759,11906,1020,13376,-2180
1909,-4759,11906,1909,-4759,11906,1020,13376,-2180
1800,-5204,12372,1800,-5204,12372,1088,14752,-1660
1800,-5204,12372,1800,-5204,12372,1088,14752,-1660
1783,-5679,12665,1783,-5679,12665,584,15436,-1696
1794,-5850,12957,1794,-5850,12957,1984,15404,-256
1794,-5850,12957,1794,-5850,12957,1984,15404,-256
1669,-6280,13588,1669,-6280,13588,2648,15472,-524
1669,-6280,13588,1669,-6280,13588,2648,15472,-524
1446,-6174,13956,1446,-6174,13956,2076,15876,-1376
1304,-6040,14161,1304,-6040,14161,2736,16280,-1540
1304,-6040,14161,1304,-6040,14161,2736,16280,-1540
1055,-5998,14602,1055,-5998,14602,2380,16212,-1736
1055,-5998,14602,1055,-5998,14602,2380,16212,-1736
895,-6170,14974,895,-6170,14974,868,15476,-2160
847,-6275,15059,847,-6275,15059,680,15792,-2536
847,-6275,15059,847,-6275,15059,680,15792,-2536
831,-6223,14974,831,-6223,14974,628,16276,-2772
831,-6223,14974,831,-6223,14974,628,16276,-2772
809,-6111,14818,809,-6111,14818,576,16228,-2320
809,-6111,14818,809,-6111,14818,576,16228,-2320
711,-5804,14671,711,-5804,14671,884,14952,-3716
740,-5724,14623,740,-5724,14623,1812,16708,-3804
697,-5573,14463,697,-5573,14463,1900,15988,-3980
697,-5573,14463,697,-5573,14463,1900,15988,-3980
694,-5465,14479,694,-5465,14479,1764,17120,-5084
694,-5465,14479,694,-5465,14479,1764,17120,-5084
880,-5248,14407,880,-5248,14407,1540,15852,-5836
880,-5248,14407,880,-5248,14407,1540,15852,-5836
704,-5394,14959,704,-5394,14959,1560,14248,-4100
704,-5394,14959,704,-5394,14959,1560,14248,-4100
858,-5045,15459,858,-5045,15459,2912,13344,-2368
858,-5045,15459,858,-5045,15459,2912,13344,-2368
960,-4866,15854,960,-4866,15854,2332,12152,-1380
1084,-4732,16082,1084,-4732,16082,804,12676,-684
1084,-4732,16082,1084,-4732,16082,804,12676,-684
1067,-4626,16441,1067,-4626,16441,1804,13136,464
1067,-4626,16441,1067,-4626,16441,1804,13136,464
1276,-4728,16961,1276,-4728,16961,2592,12180,692
1276,-4728,16961,1276,-4728,16961,2592,12180,692
1358,-5162,17476,1358,-5162,17476,-536,14432,-996
1316,-5397,17716,1316,-5397,17716,3900,15836,-1200
1316,-5397,17716,1316,-5397,17716,3900,15836,-1200
1093,-6076,18224,1093,-6076,18224,9764,16896,-640
1093,-6076,18224,1093,-6076,18224,9764,16896,-640
1137,-6777,19033,1137,-6777,19033,5564,21192,-2068
1345,-6847,19309,1345,-6847,19309,3376,22372,-3076
1345,-6847,19309,1345,-6847,19309,3376,22372,-3076
2121,-6487,19560,2121,-6487,19560,864,18736,-2072
2121,-6487,19560,2121,-6487,19560,864,18736,-2072
2603,-5333,19255,2603,-5333,19255,-100,14356,-424
2574,-4856,18784,2574,-4856,18784,-268,14804,-164
2574,-4856,18784,2574,-4856,18784,-268,14804,-164
2304,-4604,18609,2304,-4604,18609,3080,13992,-300
2304,-4604,18609,2304,-4604,18609,3080,13992,-300
2121,-4877,18258,2121,-4877,18258,2920,14168,-2468
2121,-4877,18258,2121,-4877,18258,2920,14168,-2468
2009,-5093,17788,2009,-5093,17788,412,14752,-2908
2009,-5093,17788,2009,-5093,17788,412,14752,-2908
2122,-5541,17785,2122,-5541,17785,348,14380,-3184
2183,-5829,18057,2183,-5829,18057,-756,15096,-2496
