28,116,-16,127,76,-91,-44,-74,-64
-20,-114,104,-111,101,-63,-94,66,68
-56,48,-6,-77,31,84,90,-4,-94
18,-20,-18,-42,-23,103,54,92,-48
62,12,46,-91,-121,-81,-20,2,24
-100,24,14,-13,98,-63,68,32,52
-96,-52,36,30,2,-100,-88,-60,-68
-54,-22,58,0,17,-70,-66,-102,-98
112,120,-102,68,101,-102,-54,104,40
-66,-104,126,64,70,-90,-26,116,18
-34,100,-66,13,-103,-108,-84,78,58
-76,74,-118,-41,-113,-72,-112,94,-106
8,-96,-32,98,106,-101,30,-108,-56
-28,-88,-12,92,81,-101,-42,116,-90
-94,-30,-116,125,77,-108,-4,-82,-46
36,-100,-120,112,79,-113,26,-68,-58
18,78,118,69,55,-77,-92,76,66
42,-60,-106,9,76,-86,-114,28,-26
14,-50,-48,-103,-67,-37,54,-8,-22
56,-80,0,-112,-43,-11,86,68,76
-48,58,50,10,3,-128,-12,-90,-58
-56,34,124,35,11,-104,60,-122,-60
64,-12,-14,21,-25,10,-18,-116,50
-102,2,-6,53,-45,14,44,-128,60
-58,-122,64,-48,51,107,-62,-88,-96
8,96,-66,-31,51,116,-34,76,64
-66,2,102,-76,-99,-19,-106,-22,-108
6,28,-104,-86,-102,-23,112,-32,-70
-68,-104,-22,57,-96,-2,-120,8,-42
60,2,-66,78,-78,-13,-128,-6,38
12,86,82,-74,-118,91,58,-110,20
28,-90,-30,2,-84,96,-118,20,32
-54,-102,-4,-84,75,-71,92,64,-30
-64,70,0,-109,-124,-127,98,112,-94
20,48,-52,89,127,-3,-44,74,32
10,-106,-74,41,-113,-14,40,30,-96
-68,-10,68,49,-27,-47,-50,-70,42
-66,8,-24,89,-52,-24,42,-32,-22
-74,-98,64,80,0,-112,74,-36,120
94,42,2,113,51,121,40,30,-88
36,-122,-38,-25,-89,-42,86,-90,114
-110,48,-56,-19,1,-67,82,-108,-102
32,-56,-100,-100,123,109,58,-96,24
16,-126,-128,-65,127,94,-120,-84,-34
-24,64,18,50,6,110,70,-38,20
-78,94,72,61,-96,-98,68,42,-2
-80,54,-90,-2,104,-42,-84,-74,-88
44,26,2,30,110,-40,-48,44,56
90,104,28,-114,73,32,28,24,-128
12,126,32,-124,123,30,0,52,-46
-48,-120,-70,-33,-66,38,82,-114,-24
110,-104,20,-6,-58,57,76,6,-82
-110,92,-110,14,43,-60,-40,40,36
-50,-76,-100,37,10,-42,-120,118,-46
74,-86,28,-10,-29,125,-108,-114,0
-82,0,-42,22,120,108,14,-76,102
34,-32,54,-3,20,-72,64,94,126
122,-44,76,-122,65,-103,-48,2,6
94,-8,24,6,64,101,-100,-2,-88
-98,20,-26,-48,-63,86,-98,110,106
-90,-8,98,106,57,119,80,-54,40
-74,64,18,111,-93,-94,-64,-34,-20
-66,24,-36,-64,-16,69,-88,126,8
96,106,-66,17,65,112,-84,80,-70
42,-16,-64,12,-85,-36,18,102,-22
-120,-90,-48,-81,-82,-26,118,-44,-90
-58,-2,54,-21,-105,37,122,-22,108
112,54,-120,64,-2,4,-8,-80,-26
12,74,48,85,-110,12,-48,-62,-100
110,-18,-70,20,-101,7,94,72,-34
-48,-86,92,-42,-41,-9,24,70,-4
104,-44,-6,4,25,-114,-114,-70,50
64,72,-18,115,-26,81,-52,124,52
-56,124,108,112,-95,25,126,88,124
-54,46,74,9,47,-32,-86,-56,10
-124,-6,-40,-40,0,-18,-108,-50,-78
28,96,-12,64,-12,-45,112,-110,46
-60,52,30,-27,-27,1,90,-16,-14
-18,-74,70,66,25,-60,-96,-122,96
22,46,28,-26,53,-18,16,-124,-26
-100,-74,48,93,-57,85,-18,-20,46
-104,-72,-22,118,108,-118,-8,-82,34
78,-70,6,-77,6,21,-10,-56,42
60,88,-18,83,116,9,90,50,-126
4,0,14,-16,5,10,-10,-50,52
30,-92,-74,123,-41,29,24,-88,60
-20,-32,-36,67,104,-67,80,8,-122
-30,14,86,-118,108,-62,-24,24,-10
-76,-20,30,-63,25,93,38,-18,4
54,64,-58,-10,-36,52,74,-116,6
120,32,-72,-63,-103,-60,-38,-114,-108
-42,106,78,4,99,-95,-64,-2,12
-42,-30,-28,31,105,68,104,76,18
10,58,-80,-58,-29,91,60,-88,-10
30,-88,118,123,-124,-18,70,-102,126
106,-66,74,2,-63,-47,108,-70,-110
-126,-104,120,69,50,20,110,-82,72
120,38,-24,-105,111,12,90,-44,-110
38,-60,-98,-15,-12,35,48,-46,90
114,12,-126,77,13,-35,60,-126,-126
-26,72,6,-11,-21,74,76,-48,-110
-40,-80,60,-33,-79,94,100,-18,66
-56,-26,54,-30,119,97,72,-116,-46
110,-18,-56,-29,73,117,58,106,56
-56,-26,54,-30,119,97,72,-116,-46
110,-18,-56,-29,73,117,58,106,56
-66,-24,-124,28,-45,106,66,-92,16
120,-104,60,38,-14,-107,32,-44,0
-66,-24,-124,28,-45,106,66,-92,16
120,-104,60,38,-14,-107,32,-44,0
64,122,104,-94,110,39,48,-32,40
108,114,74,-73,124,66,-128,56,-30
64,122,104,-94,110,39,48,-32,40
108,114,74,-73,124,66,-128,56,-30
24,-104,-98,-79,-101,121,-62,-102,-46
-94,-98,32,-40,-98,-123,-68,58,82
24,-104,-98,-79,-101,121,-62,-102,-46
-94,-98,32,-40,-98,-123,-68,58,82
-20,-14,-26,67,26,114,-48,78,32
-98,-60,-18,63,2,-122,-24,78,26
-6,4,-118,-125,126,-3,42,-106,76
10,52,110,116,-92,10,76,-98,-110
-62,-58,120,100,8,-68,-58,-50,-32
-128,-80,46,89,-17,-61,16,-66,-82
-4,74,50,95,-87,-3,120,52,16
106,-72,-64,38,-123,-1,-66,20,-86
22,-118,58,92,96,-46,-60,-72,-50
76,102,66,28,90,-48,-128,110,-24
104,54,-66,-103,72,-11,-128,42,-102
70,8,-100,-115,65,-4,-120,70,42
80,72,82,117,-61,-85,88,102,-70
-68,48,-12,-119,-85,-74,108,-56,-90
-112,12,-116,-89,-1,91,76,-126,64
-12,122,92,-96,28,97,110,-32,-66
-2,-102,-94,-90,-54,-117,60,-118,-8
118,-50,90,-54,-94,-99,118,96,-46
116,-116,-64,-95,-21,3,126,36,106
-18,-104,24,-79,-33,2,-124,-72,-128
-82,58,80,-20,-110,-100,50,28,-44
-84,-22,112,-34,-124,-126,26,-56,-4
76,-82,-112,56,-49,110,-60,22,12
46,-8,-36,44,-84,-112,-74,72,52
42,-80,-68,41,-18,23,88,-24,80
112,24,100,27,89,-22,2,106,-54
4,-108,-126,78,32,-89,34,46,70
-120,-84,88,55,54,-97,68,52,50
-78,108,70,-52,10,-51,6,12,-54
-112,48,40,7,67,-11,36,76,-34
90,-50,-112,-53,37,-115,-104,124,112
102,-28,-4,-89,0,127,-104,56,102
-22,-122,-18,19,0,-94,10,-14,-124
16,-100,66,-4,50,-88,68,0,-54
90,122,40,99,98,70,-106,112,-102
-46,58,-28,119,-111,87,-56,24,-20
-80,24,-46,-66,-53,-66,30,-2,114
-106,24,-30,-59,-93,-29,-104,92,14
124,-118,-94,-28,47,-128,118,-30,24
-38,-18,78,-73,55,-123,-52,-98,14
118,32,100,-21,48,-99,92,100,-24
-120,-126,-30,-10,45,-103,12,96,110
-50,58,-84,-122,-51,-45,-58,-20,70
12,64,44,-124,77,-68,30,-90,98
-78,-88,24,-115,-4,-115,90,58,-58
4,-12,-68,-75,-53,-97,44,-102,-8
-38,70,110,-104,-6,-118,-28,126,54
90,86,16,-110,-28,-115,106,36,24
108,122,56,-60,84,-18,80,24,122
12,30,-120,-114,12,-2,26,28,104
-18,-124,28,-8,72,49,-36,-118,-64
114,96,54,18,63,29,50,20,-100
-92,10,-2,-105,105,120,-22,44,-100
120,38,38,-24,42,-98,-30,24,66
82,56,110,-10,-122,-106,-122,-120,2
122,10,-24,10,-74,-78,120,108,-28
-68,-110,-22,-59,-84,116,124,10,-56
98,90,114,114,-20,92,-116,78,30
46,-40,24,9,-26,-90,62,-86,40
94,112,54,-55,-21,-96,-10,66,90
104,38,50,80,30,37,-4,106,-16
54,-6,92,87,-44,57,-94,56,120
10,14,24,33,-36,9,-26,-62,-76
84,-12,-118,28,-69,-45,68,122,-28
110,80,-6,-59,-22,-26,-96,-108,-60
28,-6,40,127,-33,-83,108,-100,-74
116,74,124,39,4,-67,120,-6,-50
14,-40,8,-4,-121,-97,110,-30,80
-104,-18,-108,88,-13,29,-60,68,-20
56,18,110,-25,-115,120,-50,74,2
-20,-120,-66,-111,118,57,104,-22,18
-122,-14,-100,-13,-58,86,0,50,104
116,12,-94,95,43,31,-128,-96,112
86,34,-102,-71,100,82,94,122,8
50,124,24,-67,30,77,-112,-30,52
46,72,-24,54,116,113,-70,12,-60
10,64,60,-82,-93,-64,-52,-118,96
80,-128,112,127,-19,104,-28,36,116
-62,26,70,-93,-76,121,-88,22,72
-60,108,-40,11,-33,112,-30,24,92
76,114,-40,-10,-92,-83,-18,20,-102
-104,6,-44,75,3,-123,48,80,0
22,48,62,28,28,-96,48,104,-70
-120,16,-94,97,89,-105,86,56,-62
28,30,-106,35,-117,25,20,-104,10
22,94,-98,-109,-30,7,50,-16,86
-114,42,120,105,-19,109,-96,108,-106
46,124,80,31,-111,11,24,38,54
76,32,-80,-32,-85,89,30,10,96
-4,-50,-72,-112,41,110,48,-50,-4
18,48,28,-17,10,56,-126,-84,-18
14,70,-82,70,35,46,-100,-38,30
24,-50,48,-45,18,-119,122,76,-96
0,20,-42,-45,-62,-113,-74,-40,-8
30,40,-42,-125,86,67,6,-112,-36
-128,-102,-8,-24,52,105,-50,-44,-94
-30,-100,-32,18,-29,-54,88,-42,-76
86,-76,-74,44,-52,-27,114,-102,-70
62,26,114,9,-19,-101,-36,-68,118
-22,-12,-44,75,-47,-71,-46,-84,104
114,-76,-122,-48,-77,-22,-94,84,-32
-110,40,-74,-17,-93,-17,-52,80,70
-76,-112,40,-122,31,92,62,74,118
-102,-98,-2,109,38,96,-108,-76,66
-80,56,76,44,-103,-27,-78,122,-46
-86,12,-20,32,-127,-17,-50,78,-108
122,-54,-60,-78,102,-123,-100,-58,-2
-6,-64,-110,-85,102,-111,-82,-6,-78
-62,88,-16,106,-105,-5,-20,-66,-122
40,48,-80,117,95,-8,-82,-114,-42
-8,100,44,-50,-48,-50,60,14,98
114,102,8,-21,-78,-45,70,34,36
-58,-28,-40,89,-125,7,94,64,84
8,-114,56,-90,-93,8,-122,-102,44
16,-34,-4,49,-128,50,-4,-80,-18
-98,-48,114,66,104,58,-36,-72,-34
98,-58,24,-3,-111,38,32,-2,98
-72,-56,34,-65,126,50,10,8,-54
52,-28,-122,-70,53,74,22,-66,-94
26,-72,-16,-124,55,63,68,116,-78
-18,28,24,-104,71,95,48,40,106
88,-82,-116,-122,37,96,-102,112,-76
54,96,108,50,-67,-32,-44,80,56
-44,38,86,54,123,-30,-14,-52,28
-30,80,-22,-58,-30,14,82,8,64
-94,38,-72,-68,-48,18,92,74,12
-66,44,34,97,94,-118,26,54,38
76,118,10,61,81,-97,28,16,-62
108,-2,-8,34,-72,-83,74,-66,20
-4,102,52,16,-67,-72,80,-52,-12
-14,18,-62,64,-64,89,14,8,-72
20,32,-88,51,-46,123,-96,124,-80
-114,-44,74,-53,17,126,50,-18,-86
-106,-58,-114,-64,67,-112,102,-66,-38
24,-58,14,-92,69,-93,104,4,78
64,22,54,71,97,-80,-52,52,-30
46,118,-70,-16,63,22,-86,-90,-14
18,124,-42,-92,-83,-46,-74,-22,-20
94,-92,-38,76,-52,-105,114,24,-8
-114,-76,94,78,30,-128,-122,-110,24
100,74,-62,-116,63,-76,-34,10,38
76,-128,-74,-70,6,-80,-48,-36,-38
-30,-82,58,-85,-45,17,-116,-18,-104
-112,-4,116,33,45,-12,76,-80,-70
76,2,120,50,44,-128,-6,100,-48
-102,-32,-116,21,-70,45,-88,52,120
-84,-12,26,-49,37,82,0,-12,-48
68,62,-32,-15,-69,79,-112,54,8
-22,112,72,78,-53,-30,-8,-72,-68
-96,90,-24,-99,-90,17,-90,80,84
82,62,-66,88,-3,-68,18,112,98
76,-110,2,95,-19,-60,118,-102,92
-32,76,116,91,89,44,-82,-68,70
-110,-12,-22,50,-50,37,-72,-128,-90
-74,-78,60,14,-24,42,24,30,26
-64,88,6,-6,-29,36,32,-50,102
-60,62,60,104,-101,-115,110,2,-122
-50,66,12,121,90,-119,102,116,-36
-40,70,-48,-34,88,20,-128,-78,18
54,68,-82,125,0,98,42,-106,86
18,80,54,-45,42,91,94,8,-112
16,26,40,-67,65,100,-24,102,-6
-18,-110,-82,-49,122,-56,8,92,-40
-10,76,-18,-61,-46,-91,48,-102,-92
46,48,-28,-96,-75,111,88,74,-94
64,-74,-6,-61,-25,97,0,-18,-128
78,44,54,-116,7,18,-90,30,22
-32,-54,-22,-23,120,21,112,-116,-82
-68,-122,116,43,11,13,74,124,-20
-30,82,-108,16,-114,-79,-120,-30,4
12,10,6,22,-2,13,36,-98,-102
8,20,-10,105,14,-59,-104,-102,-60
88,4,-110,0,-83,37,52,-112,32
70,104,64,-3,104,0,126,-114,14
-128,-106,6,-83,-91,-32,8,-94,8
-52,68,-10,20,22,34,-4,-78,18
108,-116,-96,-59,68,107,-124,110,-96
-8,-106,-30,92,-82,122,-6,-14,-16
60,106,-22,-49,-51,37,-124,82,52
-96,-38,32,-25,-29,28,-6,114,-80
-120,-36,-94,-14,-90,-26,-60,-120,-96
-56,98,-88,107,78,-77,-100,-122,34
-48,48,-30,77,4,-1,20,-90,60
112,6,-36,50,67,-3,68,-98,-48
82,-70,20,-5,73,-68,20,-34,118
-112,-30,46,-78,-125,-44,-2,-62,86
-50,54,-90,-25,-76,11,-72,-88,-84
-116,92,-84,-19,22,24,-18,-108,50
74,-50,-2,51,31,101,98,96,112
-20,-76,-70,107,94,71,102,-4,-54
-22,-4,58,53,109,121,-84,-116,104
-100,46,104,-50,104,113,-62,-88,54
-124,102,-54,0,101,-51,22,86,44
76,110,-34,93,-75,85,-6,-74,-120
-56,-66,84,-18,73,30,48,-36,-30
-24,-116,-64,-106,41,-31,50,-90,50
-18,-16,-66,-98,12,124,-98,104,-78
100,22,106,21,50,101,-82,12,-42
78,-112,-12,81,-107,-73,38,-24,108
-120,-68,114,30,-25,-47,12,6,76
68,86,126,-22,-6,-69,-48,-96,24
84,-74,96,-29,-17,-21,-128,-26,114
74,-106,8,45,-60,120,-108,12,-104
8,-78,52,68,26,-112,-14,90,-126
70,94,46,117,3,74,116,-14,18
-98,106,6,122,44,107,-104,-38,122
-118,-32,48,-52,44,104,116,22,30
94,112,-68,-74,30,-92,-94,-26,-96
8,22,4,121,-114,-66,-92,122,-52
38,-8,24,60,87,-13,-16,90,102
-4,-28,-70,-123,66,24,124,-32,-18
-78,-90,50,-110,-11,46,88,-70,-78
2,104,-96,-49,-30,-76,88,64,100
14,100,118,-104,-48,-77,-42,84,-110
-80,-88,-60,54,31,-70,108,-40,48
-42,-36,-14,60,7,-71,-62,20,24
-124,72,18,-24,126,-71,-14,-40,-48
64,66,-46,16,-123,-82,102,-50,-114
-50,106,36,63,-100,-112,-60,-66,110
-34,-86,26,48,-120,-102,44,-96,60
86,-8,124,83,56,-47,6,-102,44
8,-74,-34,70,40,-55,14,52,-128
-108,2,36,-26,29,-111,-70,-70,-24
-26,102,-22,-37,33,-121,122,-100,58
-72,6,-14,-18,32,42,-26,80,-98
-50,116,50,68,55,36,30,122,80
-42,-60,-58,37,-76,-25,-110,34,114
104,50,52,-10,-62,-25,-78,12,6
-48,-72,12,-37,85,110,60,26,54
0,102,100,-47,116,100,-10,-38,-42
104,-4,-92,125,-42,-106,16,46,58
-54,-104,-64,-83,-40,-98,-14,92,104
124,-90,52,-2,-41,-87,50,16,-10
-10,-104,20,9,64,-90,-22,-108,-30
-74,76,52,-66,39,44,4,-48,42
-4,82,66,-95,49,47,10,12,28
-2,-6,-116,-66,-36,-64,-92,-8,90
-76,-94,-108,-96,-45,-58,-40,-30,-106
-46,64,70,84,-93,53,-34,-76,-72
10,38,40,60,122,50,-122,120,4
44,106,-82,-33,-123,-59,-44,112,-24
80,-106,-38,-43,-99,-63,-90,-64,28
86,28,52,21,125,34,64,20,-88
-70,-16,40,-54,-93,50,-38,-62,12
118,-100,-118,5,-68,-66,-6,114,-106
-28,56,-86,-16,60,-73,-50,-120,-16
30,22,-48,124,-42,-93,76,-92,26
-94,4,116,-112,16,-95,76,108,112
-50,56,-84,5,120,-96,80,-16,-58
86,-100,-56,51,-57,-101,116,38,-80
126,12,66,-65,10,-118,102,16,100
114,62,-86,-31,-25,-97,6,66,34
64,60,-8,91,-78,-112,-122,36,-40
66,4,118,72,92,-100,10,-72,96
-102,126,112,86,114,-55,-12,-12,12
-110,40,8,-117,90,-36,-4,-14,-102
-80,-12,66,49,17,-26,-114,116,-72
118,66,-86,-31,-19,-35,-118,72,-122
66,70,32,-23,-124,104,110,120,-32
-78,-92,16,-57,-109,74,32,78,-28
-110,-64,40,41,85,-28,-118,-24,116
72,-48,-38,64,64,3,18,-40,90
-66,-76,-104,121,-56,12,16,124,-2
18,70,-18,84,-114,22,40,-80,114
-70,116,120,-43,-45,-123,-114,14,-72
-42,60,78,-40,-64,114,-72,-42,-98
-122,-24,100,-99,-29,-79,-50,-34,120
-116,0,-102,105,68,-123,-74,20,-12
4,22,-24,-98,58,40,40,-46,-34
16,2,-22,-69,-30,63,122,104,102
58,-116,100,79,-63,-16,-54,-124,-14
98,100,14,70,-104,-40,-118,16,122
40,-54,72,-121,-10,71,60,36,-106
-124,-76,100,-105,31,74,52,94,66
-122,38,16,-120,123,62,96,-94,78
-88,-64,106,-86,-41,8,-50,54,82
-56,-118,-64,15,-32,35,-26,22,-60
18,20,-48,87,-58,65,-82,52,-10
120,30,-78,-114,80,67,-54,80,-54
-44,76,-44,-110,72,93,20,-126,14
-16,-22,-6,74,-12,87,-42,82,46
-56,-34,-74,35,52,79,-110,30,32
-100,-110,104,86,35,-73,38,-2,78
-44,-12,24,82,-102,-111,86,78,100
-98,-48,44,-23,121,-13,12,-64,-50
96,-128,-66,-38,101,-37,-2,-56,78
-48,-96,114,-19,52,-15,32,18,-20
66,6,24,-49,60,-55,8,30,48
-62,12,84,-103,-72,126,-44,-100,16
0,-98,76,41,-116,124,-48,20,-122
-12,-50,-52,71,-75,108,94,-88,-10
108,96,118,85,7,106,34,-6,-38
26,38,18,67,99,-74,80,112,60
-84,28,70,-8,125,-53,32,-64,-74
-44,24,-104,-19,-111,52,-124,-76,26
0,54,50,78,56,65,-112,-62,36
30,-24,-100,-24,84,-48,-80,-122,-70
76,-124,68,78,51,-48,-116,24,-48
70,86,-4,106,-59,-44,-26,-22,18
80,-88,-120,-18,41,-26,4,-54,54
42,46,20,91,-58,-63,-42,-70,48
-114,24,76,-88,-120,-91,2,-76,-52
46,-96,12,-113,8,0,-32,80,106
-54,-68,-86,-31,44,-33,-36,-4,110
110,88,-92,-36,-49,47,84,-118,38
-72,-76,112,113,31,30,10,-18,62
-46,56,-16,-6,-86,-42,30,10,78
54,16,-114,-54,-46,-53,24,32,14
-68,-124,-8,-36,119,-67,-100,-66,30
-4,72,66,-48,-71,112,-102,8,-20
-36,-12,-78,90,-26,67,102,120,-78
62,-52,-94,-90,60,30,-100,92,24
76,6,98,-52,-71,56,-56,64,124
-60,120,-4,86,83,57,-50,42,-60
-56,46,34,-110,-99,-19,126,-18,-58
-100,124,66,-120,-80,17,-110,-120,-80
-72,-62,-56,94,38,87,-112,-116,-18
-106,-82,90,118,63,109,-128,120,30
-128,-104,-56,85,66,-97,8,10,116
14,-58,-116,101,71,-82,60,84,24
44,40,6,43,50,-92,22,-60,38
-28,-22,-46,44,39,-68,48,-82,30
-122,32,-12,-101,87,95,-68,-80,-58
-72,-96,-124,-96,47,109,-16,10,54
-22,-6,0,-120,70,-13,-96,68,76
-92,34,-16,113,43,9,-84,92,-32
-102,54,-40,-35,72,-44,36,-2,-74
20,62,78,-44,50,-35,62,-72,-32
120,94,-80,127,22,48,126,48,72
-80,-108,-54,108,13,45,-128,-20,90
28,-88,46,-123,106,79,-96,-86,-24
82,-102,-116,-87,30,84,-122,-100,62
-90,-112,-82,-100,27,70,-10,56,-24
70,88,116,113,24,63,46,-86,-68
-106,32,78,-3,68,110,-22,-114,-30
58,-36,2,6,63,114,90,-20,44
70,22,60,6,33,-117,-120,-94,-10
-122,-66,-4,40,35,-111,-70,-94,-56
76,-42,86,12,-57,28,42,-20,18
100,-56,-76,-56,-78,32,-38,-98,56
10,-36,-10,-101,57,119,20,82,-48
-54,-80,-22,-78,96,126,-96,40,96
-78,-82,-112,-56,28,101,-88,110,-48
34,22,-76,-46,57,100,-74,-96,-88
-78,114,-80,64,106,-9,-76,86,-76
124,-20,6,62,124,14,-6,-46,124
-66,126,48,92,113,-88,-40,100,108
10,30,108,85,-127,-71,-68,-8,66
84,74,-80,90,118,-80,-30,-76,-28
-26,58,-44,75,82,-71,-10,124,14
96,16,-120,119,89,-63,-54,104,-102
-96,-48,-36,111,73,-80,-26,-84,112
-100,22,-26,101,-3,-106,46,94,56
-26,-98,-72,67,7,-122,8,-10,84
-46,-50,-126,10,-16,-106,-16,66,-32
48,-128,-74,9,18,-123,-20,-58,6
120,72,-40,126,-21,-106,110,112,50
-42,-50,-78,115,-56,-122,-40,58,-88
-24,-36,-76,118,-124,-115,110,104,-44
-128,-50,72,-107,-99,117,116,-74,54
88,-28,16,-23,-102,37,-74,0,102
-26,-28,6,22,127,30,-44,54,116
-58,44,-120,-118,-122,-22,14,100,-112
38,-126,6,-60,-107,-38,112,26,-38
-54,86,98,-45,109,-69,48,12,50
-50,-44,-86,-58,-100,-89,-42,-36,2
-68,-44,-44,22,27,-36,82,-70,-84
-14,118,104,17,-118,-27,-66,-70,60
58,104,-36,-71,-56,-125,-58,-48,102
14,74,-36,124,-128,115,-44,8,-32
124,102,-116,-59,70,-106,66,124,10
4,34,-40,114,88,-98,-64,-108,32
-22,-46,100,-67,7,118,104,-42,-68
-34,70,112,-51,-101,-102,96,-32,2
-56,-68,-108,46,-22,-54,40,-24,-114
24,-122,42,66,-124,-9,-72,108,-52
-124,68,48,75,91,36,20,-14,-84
24,88,-76,23,32,113,-10,-114,104
78,124,-54,-102,-15,61,-70,-8,100
-32,44,78,-16,-80,75,-64,126,-62
44,-126,42,-58,71,39,-34,124,-12
62,-82,-58,-25,-94,16,-20,-50,92
-80,-106,20,-83,-52,-56,-116,104,-86
-48,-40,-14,119,5,-118,48,-2,124
98,-24,80,93,-116,93,118,-36,40
-64,60,22,96,-61,24,38,-42,66
-78,-48,14,-40,99,110,48,-50,-86
-126,-48,92,-7,-39,19,-80,116,90
-28,82,-30,-6,31,48,-10,68,-80
-110,36,-84,-37,59,42,-24,94,-66
-64,-28,16,127,125,121,26,-72,-32
-62,-112,114,-26,-13,54,16,-50,-70
116,-24,102,-27,-52,-120,64,112,-88
104,108,106,-20,65,107,22,-4,6
-28,-14,-54,-93,-66,-27,96,-96,50
-60,-4,-84,-115,-16,-24,-74,58,30
-18,82,-114,23,-20,-69,-20,-16,42
76,-36,0,32,-17,10,-108,48,28
34,36,60,-123,-49,97,-88,-58,114
-98,26,24,-72,-103,-71,66,-46,100
68,88,-90,89,-105,87,80,-60,86
12,-88,-46,106,-11,19,42,80,78
-104,-74,-42,-21,-117,-28,-118,-126,-54
-90,44,-2,24,18,9,30,16,36
-82,-28,-20,96,68,13,-114,-80,-70
76,-74,10,-127,-46,37,118,-92,0
-20,14,92,-116,93,106,-98,-36,-104
86,-114,-44,-88,111,92,-62,-90,-98
2,-88,-112,-70,111,13,24,44,42
-116,-88,110,40,110,20,-8,-66,18
-96,22,-90,-89,-63,-97,6,84,122
-38,-24,-16,-18,26,-127,-16,70,34
2,14,-90,33,-68,42,70,-104,-112
-98,-18,-120,-124,109,33,46,112,-26
-74,-36,-22,61,-58,-112,8,10,-124
32,104,-38,26,101,23,0,-6,78
-70,20,108,120,71,-66,-124,86,84
-88,118,14,-30,7,-59,-30,64,-92
108,-56,64,106,-91,116,28,32,22
26,78,122,51,25,103,74,66,100
66,-122,106,-29,104,72,44,-58,-20
126,-110,-4,-11,22,114,-50,46,-2
-30,-124,-30,-15,70,112,30,-78,-84
50,-22,18,-57,72,-49,-22,-90,124
-18,-106,98,68,-126,25,-128,74,-78
-56,102,122,-120,-102,36,-2,90,-102
76,76,-56,104,93,-57,-10,-106,-110
98,94,-74,120,122,-11,22,84,66
-92,68,36,81,73,12,-126,62,72
62,102,22,118,59,14,78,44,88
42,-44,-114,8,108,-92,10,36,118
100,-18,-114,-5,-110,-69,92,100,104
56,12,-96,3,51,76,40,0,-128
90,36,32,-22,54,105,112,104,-64
-30,-32,-42,-57,9,-94,-12,-22,-4
-120,-4,90,-115,-14,-90,54,110,-102
-38,-78,104,-60,21,4,-42,120,-114
52,-12,-50,-107,-9,9,-76,-112,68
-98,-26,-38,-90,-86,63,-32,-80,-52
-84,-86,-72,112,-115,68,-86,104,-46
82,70,-106,-116,64,4,-108,-88,-20
-84,60,-128,-65,21,-1,-86,-120,38
-38,-116,72,-44,77,-58,-100,106,-10
-118,92,10,-46,34,-50,-108,-128,0
-98,-80,-86,11,-5,29,-8,-34,-16
-12,-14,32,32,-63,40,-96,-72,-30
48,100,20,85,-3,-98,-16,64,116
-90,28,34,52,-35,-98,68,-80,60
34,-36,-36,27,-111,15,56,70,-128
82,70,120,-34,-88,23,68,96,-40
-62,-26,54,106,-76,54,-100,70,-96
-16,52,-68,-123,-72,66,-18,48,114
72,20,78,-128,72,-92,96,-46,80
88,-94,116,-66,76,-85,-100,-42,98
34,-36,82,-73,-114,66,108,60,-16
14,122,-106,-24,105,93,-22,54,64
80,108,-44,-87,-117,-117,126,20,-86
32,22,-78,-127,-96,-90,-80,64,-20
124,-66,-102,-100,112,-63,-18,-84,54
-44,-90,-114,85,109,-93,-42,30,44
-72,62,-76,-105,110,-98,104,2,38
110,-126,-22,-100,-128,-109,-26,50,-30
86,-80,4,9,94,22,92,-78,44
-56,-22,-54,29,-107,0,-70,-36,-52
-104,102,-46,125,39,102,72,108,-60
118,72,-12,101,45,85,58,-98,-56
12,-46,-116,-83,11,48,56,-122,112
-90,-44,-64,115,-89,65,-52,10,102
-94,38,-74,100,-90,120,82,-60,60
-6,50,-54,-93,-69,120,80,-36,44
-20,-88,114,-34,-102,112,-128,116,-2
-86,26,28,-7,-49,99,-70,34,-86
-78,-10,-78,10,-90,-60,-78,-112,34
-82,22,68,26,-113,-71,84,4,44
126,44,-78,-128,-45,-19,-92,78,120
104,-56,10,-104,-52,-7,28,120,-106
-22,-70,-6,42,31,83,-52,-30,-94
126,-46,40,13,64,51,10,50,-18
-100,24,-86,117,65,-69,108,-64,48
2,40,-76,-103,73,-74,78,-58,108
116,-10,20,107,110,82,58,0,126
14,-30,6,-62,99,68,-12,74,-6
10,28,-68,94,-84,15,-54,-70,-126
-82,88,36,80,118,44,-82,40,-46
68,-86,58,-110,-118,-92,12,-96,-114
40,-82,22,121,-69,-110,-56,76,-76
-26,-42,120,45,-116,-110,-32,8,68
30,-88,102,54,-96,-77,-102,98,68
28,30,108,-82,94,9,-46,68,-56
80,-84,14,-57,95,49,68,106,124
-90,46,-84,-116,65,95,82,-70,108
116,-6,-38,-121,35,61,62,0,-88
34,-66,126,-125,-19,-43,-22,-34,54
-84,-24,120,-91,61,-73,50,-30,48
46,42,60,76,-54,-37,-116,-52,-52
76,94,14,45,-9,-73,36,-16,-12
-88,32,-62,127,85,72,48,-46,-62
-22,56,118,-20,-105,66,100,88,92
-84,118,-92,120,-72,-1,-76,18,-84
50,-66,116,86,-67,-19,12,36,32
120,118,-26,24,42,81,56,-88,118
-106,-70,-40,79,36,68,-82,116,0
-62,36,114,6,96,115,-74,90,24
126,72,-116,108,-82,95,-40,48,-76
88,66,-20,23,-56,-45,116,12,-108
82,-26,28,-63,104,0,-46,24,-58
-14,74,60,76,45,48,22,36,-20
106,110,18,-128,14,55,126,86,-112
-18,74,-100,-10,53,-7,94,-110,-2
-32,104,2,-18,53,-11,120,68,-14
-110,-112,-58,115,-119,-84,-112,12,-88
12,-4,32,-92,-88,-35,114,80,92
-82,98,12,61,-96,73,-96,48,26
38,-86,-60,-44,-61,66,-106,-4,-16
28,70,74,-39,-108,-37,10,34,80
76,104,-116,32,5,-37,84,44,-58
72,-10,118,115,29,-37,-84,4,64
-84,-20,12,-78,99,-46,-52,22,18
112,100,-118,-99,-119,-83,16,112,84
-22,14,-108,64,113,-83,26,18,2
-38,-28,38,40,-53,-18,76,-102,-46
60,114,-10,-33,36,-113,-20,16,72
28,14,70,-63,-26,77,-60,-28,-26
-10,-8,120,14,-68,68,-76,-70,-46
94,-128,-28,-84,-79,62,34,-50,34
104,-56,76,-99,-15,67,56,-104,-18
118,-112,98,23,109,107,-110,0,-42
46,-88,4,3,-3,127,100,40,-36
14,6,-56,31,18,-32,74,126,-70
50,116,40,17,27,-32,-46,-34,26
92,54,-22,97,50,16,-86,-20,4
24,-122,-96,-126,87,23,-52,-68,-88
-120,24,30,122,125,23,-94,14,20
70,-56,92,123,-126,13,80,126,22
-44,-26,-74,-9,-2,-120,-106,-64,58
34,-50,-58,-23,-21,-100,-26,54,-20
-122,6,26,-80,16,108,-8,-72,-128
-18,-98,62,-74,6,-124,36,-114,64
52,-78,-2,40,88,121,124,28,62
118,14,-8,23,70,-127,-36,126,-36
100,6,12,-67,8,-42,-54,-22,-6
124,28,22,-30,-29,-11,-58,52,-48
-34,64,-62,105,-75,110,4,108,-74
-32,38,-6,86,-86,121,46,102,16
42,-38,118,54,-5,6,114,30,-74
96,-98,32,53,-63,15,-36,-44,118
56,94,102,-43,-18,-45,-20,6,86
-20,58,14,-30,25,-32,-30,-6,82
-58,84,8,88,106,44,-92,-40,-116
-124,74,0,-128,99,51,-74,104,100
68,44,14,54,58,-83,-52,-118,60
-44,-18,-8,20,30,-70,112,-6,40
-16,-60,88,-79,-113,-106,116,-76,70
118,-126,-28,-76,94,-83,106,-90,120
-64,-14,70,-73,-16,36,-52,-12,-108
0,-16,82,-46,4,24,-30,-118,58
-14,-120,-32,5,-97,-62,6,56,50
80,-2,22,-44,-72,-81,-118,72,114
88,-46,-64,121,-107,-80,-14,-96,-124
-62,124,-18,115,-120,-72,6,-54,-26
46,-6,-4,110,-67,-78,-54,-80,-124
-8,-100,-52,-102,-73,-86,80,10,76
100,104,12,-99,55,-115,82,30,-112
96,60,50,-107,10,-128,54,78,-20
-24,-110,-118,123,-16,-46,66,56,-26
-126,-50,-38,99,-61,-58,-64,-96,106
12,-60,48,-37,95,15,-102,82,104
4,44,56,-85,88,1,20,108,-54
4,-96,-88,122,-55,-117,-110,-18,-112
-24,-114,-2,117,-62,-111,-58,106,28
122,6,-66,-17,-83,29,-106,-26,-18
-128,6,-2,9,-87,22,12,84,-44
112,-18,38,-35,-116,-38,48,32,-36
-36,-56,50,-2,-51,-39,94,94,-40
106,-64,-60,61,86,56,14,28,6
-82,-22,-16,124,-71,96,0,-6,-110
112,-98,-38,-53,104,9,-68,-124,-128
-114,-70,-84,-11,-120,47,44,-26,122
60,-44,54,-77,42,12,-36,-22,-8
-112,4,-90,-67,19,-18,-68,60,44
-96,90,6,125,32,-9,-108,64,-102
-100,86,102,109,-99,-37,-58,10,-6
116,124,-84,-23,-7,127,-122,-86,-70
104,-4,-94,33,-6,-120,-70,-60,-126
92,-18,-92,82,-103,-91,20,-42,-122
-54,20,-56,10,-112,-72,-48,76,-92
-110,-46,-54,58,-121,-38,-96,-48,16
0,116,-58,-13,86,-5,40,-30,16
96,-128,116,-37,-114,-58,-30,30,72
16,-106,66,106,-41,-61,72,-12,-26
-50,-104,-84,-20,-10,-125,106,62,-110
116,-10,6,-68,3,-116,-52,-118,-2
38,110,-108,-47,-118,81,42,-92,-8
-80,-30,4,-59,117,116,-82,-70,42
-22,20,0,127,113,-37,-124,16,-22
74,-110,-72,-95,87,2,-116,36,96
96,6,30,-25,-98,-5,36,114,-16
32,-54,102,-27,-85,-14,-48,-94,62
116,26,110,74,-94,-9,-24,98,74
80,114,-74,-70,-15,-44,94,58,-104
-104,-26,-60,12,-30,101,76,-10,-38
10,100,112,32,-2,50,0,118,36
-80,-112,-18,95,38,74,88,-50,-84
54,10,-28,75,10,-3,104,-98,-108
0,80,-58,-20,-62,-76,48,110,28
22,-42,-58,58,25,-83,94,-42,104
34,-82,-68,-73,16,-118,74,24,18
88,114,-86,-122,61,-55,-48,-12,26
-100,-48,0,-72,-92,120,-4,-74,120
80,-122,120,-37,19,-115,34,70,-118
-60,-120,-36,-66,-87,-111,68,80,68
88,94,-14,-33,-78,-125,-94,62,62
-46,16,-126,-46,-46,-48,-40,104,-90
34,62,72,-77,-70,2,-8,-96,34
-52,4,-82,76,81,-54,-22,-54,16
110,66,-86,43,-118,-47,94,90,102
-6,64,-4,-77,72,-13,44,-102,-76
16,38,40,69,70,-54,72,-108,110
-106,-126,92,-29,67,9,-62,-108,-38
-38,100,98,-7,99,-1,8,-118,-6
104,78,38,-46,-67,41,12,-36,110
66,-118,-92,123,59,70,84,-120,-24
76,-36,120,-24,-21,-81,112,126,-4
-66,54,-108,-37,108,-118,-74,96,62
16,16,4,1,-22,113,-54,106,-86
-114,50,-56,119,121,112,-40,-104,64
-70,108,-18,31,-49,52,-38,90,6
70,-46,94,26,-100,35,-22,-122,12
-14,-36,-68,-15,78,-52,-120,74,112
34,-104,-98,-30,70,-119,8,-12,-104
96,-26,6,74,25,-112,112,-42,-20
-90,116,6,-108,-114,-118,-58,4,122
52,114,-68,-42,70,121,-76,14,34
106,124,-38,-113,-79,-110,-48,-18,8
-52,108,-102,-1,99,60,120,124,80
-52,76,-50,7,48,81,-106,-34,96
68,10,-60,-67,63,-9,16,-118,-30
26,-10,-114,-8,-73,21,-28,114,114
-108,110,10,-92,108,-12,-10,52,28
60,106,-70,-15,116,-1,8,120,84
0,-10,-50,-126,70,114,44,110,-24
56,-38,-62,-111,81,113,106,-112,-68
54,-112,-8,-58,-83,102,-80,116,-52
116,-74,56,-73,-98,106,-44,-68,-106
66,48,-4,27,93,57,-46,-96,-12
96,18,60,11,78,86,-4,-96,-58
64,98,-84,123,3,63,-126,4,-48
60,-24,-88,116,-44,71,-126,56,64
-116,-42,-100,69,2,102,-96,-54,106
104,-46,108,33,-32,86,-114,-12,40
16,-52,-70,51,33,-62,20,6,86
-90,100,-62,27,-1,-72,44,122,54
10,80,92,96,-38,-46,-102,52,10
28,-10,24,58,126,-52,-30,104,72
80,-38,-36,99,-123,91,-70,84,-112
2,-126,-26,125,-115,105,112,114,64
-12,-36,36,60,27,-37,-72,-6,-20
-68,-108,-10,84,20,-46,-106,-28,-26
82,-30,98,13,-87,70,-86,40,72
-92,-126,-56,43,-105,92,78,-42,68
58,-42,68,127,30,-128,-86,-84,-108
90,54,126,-55,-19,-123,-32,-84,-44
92,104,-4,-116,49,62,88,-110,-96
-60,92,-84,-96,108,43,56,26,30
-34,78,54,79,-57,126,32,52,114
2,96,-82,96,84,104,-54,126,48
32,34,54,-120,-31,1,-56,86,106
68,-20,110,125,-54,-50,-6,62,-64
88,42,62,-83,-41,-58,-122,-94,118
96,108,-54,-59,31,-98,84,-74,64
4,24,-106,98,-53,88,94,-58,-76
98,-48,76,95,31,64,86,40,72
4,-90,-52,22,-54,-59,56,-124,-120
24,96,84,72,-82,-62,-114,-84,-58
52,-16,-50,-15,27,90,22,-90,-6
50,76,106,-27,-102,85,-122,-58,-24
110,2,64,97,13,61,-20,42,-86
-62,2,-60,-115,-85,94,48,102,124
8,52,-38,7,-90,93,-100,100,72
-50,-78,6,-112,-23,79,46,106,82
-30,24,-40,-95,10,61,8,-102,68
-78,-2,-90,-40,100,54,64,10,24
-44,-74,-98,-101,-126,-118,8,-98,-82
-114,82,-36,114,52,-103,-104,82,16
78,114,72,41,-19,67,-52,126,78
120,90,-126,-65,-2,58,-60,-8,100
-2,-106,-88,-103,-117,-48,-68,-122,28
-28,30,24,-101,-122,-62,-58,-88,28
-78,36,-20,-50,95,115,-74,116,84
-64,12,-60,-3,-9,-31,-46,90,80
-26,-94,78,105,67,-2,-88,4,-86
-22,0,26,-113,108,91,78,-102,-112
2,-16,110,-50,126,101,-100,70,-66
-26,18,-64,41,-109,97,-112,66,-42
52,-84,-32,-81,-66,16,4,96,-84
-48,28,-120,42,-100,20,-98,-52,-60
-6,64,-36,-31,-77,-34,102,70,-46
-94,-8,50,-14,34,-71,-12,-90,104
-74,-12,-126,41,-39,52,-118,-56,92
22,116,34,66,17,13,106,-42,52
-76,46,40,101,107,-86,58,-128,4
28,2,64,10,93,92,52,60,86
-56,-76,-76,-88,-7,0,-66,102,22
48,124,-98,-104,-50,-96,40,24,76
-112,118,-64,46,-28,11,-38,-86,-60
92,-114,-124,-64,-65,-62,-24,-40,-52
-18,-116,-38,-92,18,-15,4,-86,96
-90,122,-126,-76,106,1,112,-20,28
116,-46,-80,-2,58,114,60,-62,68
-88,34,44,-19,102,103,0,12,58
82,-10,50,-122,99,4,96,62,38
8,70,114,25,45,55,-18,-94,-46
-32,-92,-104,-21,84,-9,-2,22,40
-60,54,68,-100,47,108,2,82,-100
92,32,-50,-104,61,9,-94,-82,78
84,-76,44,22,-72,-72,106,72,78
2,78,104,-55,-91,30,-94,64,38
112,38,-64,-88,-124,77,126,64,-120
-72,-6,78,57,-87,-58,90,102,38
18,-74,-8,86,71,-96,-104,-8,106
-110,-100,-116,-72,4,-124,122,60,6
16,92,32,-82,-14,-113,-76,44,-112
54,8,54,-62,125,57,62,20,-60
-46,14,-104,35,-43,61,-48,50,-32
-74,-86,26,76,-102,7,32,-124,68
34,-100,-18,84,32,-30,80,80,20
-44,92,-28,19,-29,-20,120,78,-50
96,100,-34,16,-51,-42,-108,70,-72
-28,68,98,69,-81,7,-102,40,-78
-66,36,-8,-41,22,112,-74,2,-66
-82,-28,112,55,40,-90,-96,-102,98
0,118,-22,49,-40,5,62,-92,-118
-40,100,-98,-64,122,-34,76,116,70
112,118,12,48,88,-38,98,-74,90
-64,-94,32,58,-30,112,78,64,22
-90,26,82,16,57,-101,118,54,-116
-32,38,48,27,66,-64,122,-20,-46
60,-44,66,-11,21,-39,-78,-76,-114
64,-114,-46,-103,110,-99,2,80,64
-88,34,-70,103,65,-115,-16,94,100
124,14,108,-85,45,-15,-96,88,-118
-48,-72,-96,-23,30,13,84,-96,-44
-54,-48,44,-119,-93,-109,20,40,-46
20,18,54,-37,-117,-76,60,120,70
8,-16,-48,-123,-69,63,-126,116,-114
52,-34,26,91,-103,73,126,-48,-90
18,-122,-118,1,21,-55,-28,6,114
-128,94,28,-34,33,-55,-26,-24,96
6,-42,-70,65,43,-78,-78,-36,78
114,-128,124,79,36,-47,-100,-74,-68
96,98,-30,-73,-77,-96,-66,116,84
-106,54,-86,-107,-105,-86,-92,-34,114
-106,112,-70,-89,30,66,-18,74,-126
-40,106,-46,-123,-9,70,0,92,-106
76,-6,112,119,-16,-114,-68,-12,-114
34,-84,-64,86,-73,-116,-32,96,96
-42,86,110,-45,-24,23,44,40,120
58,-108,84,10,-26,44,58,56,120
124,124,34,79,34,-36,88,-106,80
18,94,6,117,38,-4,-112,-44,30
52,0,44,120,-92,-123,-76,-28,-72
-86,54,42,118,-87,-124,-42,42,-68
58,40,84,3,88,112,-98,56,-118
82,76,-92,-1,78,108,-8,82,-46
54,-126,32,-117,26,66,52,-124,-32
-12,96,-40,-74,-104,51,-58,8,-84
-10,-72,-94,-24,81,-53,80,126,52
18,32,66,-51,126,-47,-2,68,-78
-122,44,-18,-50,38,80,-126,12,-70
120,-44,50,-46,23,63,90,96,-82
76,-96,78,-17,-59,-49,-106,20,-26
-72,22,-2,-62,-104,-55,22,80,-102
16,60,76,-46,80,-101,-78,36,-54
108,-82,-86,-39,62,-111,-92,-26,-100
62,-58,-124,116,-127,-49,-6,-66,-8
70,-4,102,127,45,-47,-14,16,-104
46,20,-126,109,-45,124,70,-28,-120
-68,60,-74,97,-37,119,-110,-54,18
38,-40,-26,-82,21,-4,2,48,-8
64,-74,-124,-94,69,-2,58,-58,-18
108,122,64,-123,-108,34,66,4,-76
-44,54,36,114,-79,11,22,-68,-112
80,98,60,-78,-20,-55,-46,14,98
16,54,-86,-1,-5,-30,-16,24,-104
-94,112,-14,17,-97,44,-34,112,38
-10,84,44,45,-128,85,16,-110,-102
102,70,-112,10,-68,-100,96,-8,-92
16,36,-24,15,-55,-89,-36,10,-2
12,16,-62,-5,-128,-17,80,-26,-116
50,-28,80,-78,-81,-4,114,0,18
-40,-104,-124,-99,-15,33,-68,-80,116
48,-24,-58,-74,20,59,6,-122,-90
-88,-36,100,-75,99,-71,58,-84,-16
-54,12,104,91,-63,-9,52,-60,-4
-126,-50,92,55,-124,21,74,84,30
80,24,78,115,58,55,-82,-24,-118
22,-92,-112,-126,113,-107,114,80,-102
20,-72,-48,79,-73,-71,-12,-46,-44
86,88,18,-91,123,-92,92,86,-58
-32,-62,110,101,-122,110,-40,58,42
-124,-40,26,43,-20,-5,78,-54,-46
-20,-36,56,35,22,-85,64,32,44
-14,-22,78,-21,-105,39,-32,46,-96
78,72,90,-105,-89,-33,58,86,-120
-72,112,28,98,-42,96,116,-112,48
124,-20,32,103,10,44,64,106,16
-56,94,8,124,97,-126,-96,38,104
-116,-40,78,-88,-90,88,70,70,48
28,-114,-24,-26,26,-51,-102,42,92
-120,50,98,-62,50,-64,-106,98,-46
116,126,92,25,-126,-6,-94,76,38
96,-96,-50,47,100,60,-2,-72,-46
-18,22,-80,-126,107,36,-104,-62,-82
-80,72,-36,-35,-82,64,-126,-14,14
-6,-52,-60,-69,-49,50,46,54,-74
14,120,34,-16,-44,109,-86,0,-92
12,96,38,-21,41,112,-40,24,44
-46,16,24,-61,74,113,-42,70,110
-90,-36,-48,85,-48,-54,-74,100,-88
-102,70,58,66,123,-94,104,-68,-16
-112,-104,4,-61,114,92,-78,94,90
92,108,34,97,117,41,12,110,70
10,-64,24,103,-15,-103,68,-46,-80
-84,76,-80,117,26,127,-116,-60,58
86,-108,-84,54,81,-31,14,26,-18
-84,4,-46,-98,1,-14,-12,10,-16
-64,-62,-8,65,48,-76,26,-34,-72
6,-24,84,70,-128,-124,126,14,92
-106,60,-80,-71,-116,80,-44,-4,38
96,36,120,-55,-57,67,-40,-14,-112
-128,-70,-12,-120,38,101,96,80,12
-46,-60,124,-87,53,73,-6,36,100
-48,112,-124,-65,-112,-122,48,-34,-98
54,94,74,-118,-103,96,120,-24,-104
102,-100,-74,-94,-101,-77,-120,64,38
-52,96,62,102,-49,79,102,74,-50
124,-26,-114,118,-123,44,66,30,42
-68,-42,98,14,57,32,-16,90,44
-86,-104,-16,35,42,88,90,76,62
110,-20,52,-32,-58,92,62,78,50
-42,-76,-58,69,-99,6,-20,-50,124
64,-30,8,69,-103,42,-24,-14,-124
28,-100,-36,57,-45,125,-114,-128,58
-76,-62,4,84,-48,-89,36,-82,-88
110,10,94,-35,39,108,-114,-6,-126
92,-82,-8,17,26,-116,-116,34,16
-16,-44,70,115,-50,-86,-86,-70,-126
14,24,98,119,-39,-48,-116,-14,-114
-98,-8,68,97,16,-31,72,108,-38
-32,-38,20,-94,-11,-37,-126,92,-64
-82,-52,-88,-121,108,14,-102,44,114
-58,-54,18,108,87,20,-102,94,-100
70,6,-40,114,-66,39,118,-108,40
-18,-66,-32,-122,-90,33,-110,-84,-18
-16,64,112,40,12,49,92,108,-70
-34,46,52,-28,-30,46,-112,0,-42
-8,88,-72,-93,81,32,-68,114,-122
-62,22,2,-103,78,48,-34,78,114
120,-118,-80,82,-102,47,54,88,-78
26,-122,-22,64,125,52,64,66,-72
-94,118,-10,63,-127,-43,66,66,-32
-100,66,24,-43,-42,-23,70,-108,-100
122,-32,-64,-108,59,28,-50,-38,90
24,100,42,-110,-21,14,78,12,-86
50,46,78,-77,-128,75,30,124,16
-76,-96,48,-52,127,97,22,88,-4
-88,62,-58,-115,31,94,-14,-62,12
124,52,-40,29,42,81,-4,8,-12
-46,78,2,-10,-112,83,50,-30,-118
84,-114,36,-15,117,94,102,-94,76
60,10,-18,90,-37,27,-78,24,-10
60,-30,70,42,-53,26,-78,32,50
116,74,110,-108,-53,-5,-4,14,40
-86,-66,-126,111,-3,-6,36,6,78
-94,104,116,-90,-55,97,0,-50,6
-48,60,100,-98,-55,78,-4,98,-74
-90,110,-70,-98,-79,-61,-88,56,-36
-118,-96,-6,-102,-74,-68,90,-82,14
30,92,-2,77,-110,-10,52,-88,126
18,-24,34,-23,62,42,86,-126,-20
-54,-14,36,114,28,-78,104,-124,74
18,-36,74,100,-3,-69,-48,6,124
-30,-36,-38,21,83,84,98,104,82
18,-100,4,1,96,75,-58,-86,-124
122,30,-16,-14,84,125,56,-16,26
96,-32,124,-2,101,116,120,24,100
-24,-58,-72,120,119,25,-120,36,114
-84,-94,94,-107,93,-15,50,80,20
88,-2,-36,79,-58,100,50,-38,26
22,-2,-58,-63,-16,109,68,-4,-94
-40,4,100,-59,1,23,-20,-76,52
66,-34,-104,-16,94,-37,-18,116,-84
-82,-26,-126,73,-86,-14,-124,8,10
-110,102,-88,43,89,-75,-78,-68,-118
44,100,90,74,98,-88,-96,6,56
-80,-64,-108,34,102,-78,100,82,124
-8,60,-56,-105,-48,-30,124,-88,-92
70,6,-48,114,-109,29,-116,116,76
-86,-2,14,-120,-117,-105,-48,-128,98
102,-112,-36,35,-8,-30,-104,-32,-98
84,26,28,-123,27,104,82,90,4
48,-40,-38,34,88,99,28,114,-108
96,-14,110,24,-122,-31,60,-124,-102
-100,44,-40,-46,-121,-45,-68,-70,96
80,32,-26,40,65,29,-14,-36,-106
102,54,82,17,13,43,44,-122,-86
-50,-76,114,-127,-123,98,-84,-8,-54
-62,-50,-54,-115,-98,89,-96,126,28
-122,-66,-118,58,115,-10,-26,112,106
-26,-10,-18,-85,-35,-84,-62,28,-78
-28,102,98,-85,3,-10,-122,-52,104
116,12,122,125,20,-59,-58,-24,114
-88,86,-36,80,-126,65,24,24,-116
120,80,116,-75,38,56,-46,-6,-126
22,-60,104,-36,-53,-53,34,-32,-74
90,26,-74,54,-84,-55,-30,-106,-56
-78,-80,-30,-33,23,-9,-40,34,50
6,56,24,66,112,1,-46,72,66
86,-10,-58,-37,44,94,112,-6,-22
-40,-88,74,37,-84,108,6,12,-40
-80,26,68,84,94,-112,-18,74,-128
14,-54,-8,58,38,-69,-64,68,-20
12,36,-22,-118,11,-24,104,-62,62
-14,-80,-112,57,-42,-80,94,112,-2
-10,118,-80,18,88,87,62,-52,-28
40,-42,-82,-22,101,84,104,-16,-124
44,54,24,-26,-106,-97,-54,-82,66
48,104,-82,-24,-83,-93,-20,-98,-90
-82,-96,82,40,45,94,72,46,48
-82,56,74,-104,-93,79,118,-30,22
-78,-50,-36,62,-40,126,92,-50,12
-124,-28,-70,118,5,115,98,-84,30
-12,-106,94,15,119,42,120,-66,-32
90,-12,52,58,45,-18,-110,-68,-98
98,-110,-20,119,-95,-75,-128,-66,-4
18,18,-80,24,-114,-112,-92,-32,-48
10,0,30,-127,114,-121,38,80,38
-40,-54,58,26,25,-121,46,84,-40
58,72,-8,-113,-67,53,110,-36,110
-66,-2,102,76,-127,75,-122,-102,92
50,20,6,0,-21,22,126,20,122
-70,32,100,9,-29,61,-84,82,52
68,-104,-32,127,-121,-89,76,-26,66
22,-16,124,-82,-125,-58,-74,52,0
-36,76,-104,-49,-10,-113,100,-40,116
-14,-56,-26,-44,-45,-88,116,-48,78
-24,-24,44,112,-81,38,-88,4,-14
106,98,64,126,-83,36,-78,18,42
2,62,-86,83,97,10,-118,24,-52
-100,-6,4,98,93,5,-36,60,-44
-128,-98,-26,-97,-28,-6,-10,126,-36
-78,-62,56,-82,-66,1,10,-56,-86
22,66,30,30,-105,87,52,-46,56
86,74,120,22,124,98,70,-2,-96
112,-40,-104,126,53,0,112,106,-72
-112,-58,-6,-88,52,19,92,4,-32
58,-10,32,111,124,105,-92,-22,-18
40,-116,-48,99,101,124,-94,60,-84
-46,-74,2,-107,89,94,-44,-16,80
2,-90,114,-118,63,96,-36,48,-116
102,24,-46,38,106,-37,-114,-30,60
26,4,-70,42,94,-30,-36,106,-86
-68,52,-80,-52,16,-11,-76,74,26
50,120,-10,-51,10,-10,-118,-66,56
84,124,56,96,-124,-78,-114,-114,2
96,-118,76,57,-119,-78,48,48,86
10,66,80,-97,-46,126,4,98,42
-6,-6,72,-116,-12,114,-48,-32,88
-26,98,-128,7,-91,110,-52,70,118
46,-18,-64,-39,-35,127,-58,52,-18
114,-82,-46,111,-49,-83,112,88,-46
0,38,-28,-104,-58,-72,-106,-84,8
-54,6,56,-54,-115,34,70,56,-104
-40,-60,108,-38,-105,52,34,112,-16
16,-16,72,-123,-60,58,22,-48,34
58,70,-112,106,-112,58,12,84,-78
126,-46,60,-9,33,63,-68,-42,-118
104,116,-72,14,-29,99,52,-12,68
42,40,10,89,-13,11,-4,36,70
100,-80,98,84,-33,9,-10,-28,56
84,-114,14,-2,13,-126,-122,18,36
112,-102,6,-119,57,101,60,-24,-66
30,100,100,51,-37,69,124,-78,110
-94,-20,28,76,63,16,-120,-106,-92
-60,-116,78,100,-61,81,-10,-30,42
-6,-48,110,74,-93,71,16,82,54
-34,-6,76,-97,12,-107,50,14,34
-40,8,-6,114,89,-91,82,34,112
-60,20,-126,108,-76,-89,-126,-34,72
-78,-56,-102,-87,-24,-83,92,80,122
-12,64,-40,-52,92,-43,-112,-52,-72
78,52,-88,-25,-102,-33,94,52,-92
-84,-102,-18,-25,-38,5,-14,60,126
14,-12,36,1,-115,40,-76,-16,94
-52,30,-92,-122,-84,-41,4,-18,88
-96,-114,-116,108,117,-20,62,-68,106
-102,-74,-80,110,24,-98,124,-46,96
-40,-90,-106,-120,45,-127,-72,112,-110
-42,2,114,87,72,-57,-18,-8,12
90,4,-40,96,47,-32,34,124,-108
56,-36,-4,84,-126,-102,114,4,-52
116,-86,-20,78,87,-72,-114,126,80
18,44,-64,125,-91,122,48,-82,12
66,122,48,-127,-91,95,-118,-98,112
-86,30,88,-59,37,110,-68,-90,-36
-76,92,70,-46,-62,57,64,10,-8
-22,36,-66,-75,49,-52,-120,52,-4
-64,-68,120,124,96,-84,76,22,86
-80,-2,48,-38,-56,-78,-20,-68,-2
122,-126,-88,-6,25,-94,-42,-8,104
54,-64,-50,44,-5,-25,78,-10,110
-18,-112,40,31,-8,-45,8,26,-126
-54,6,28,-98,30,-52,-90,-42,-44
-16,56,28,67,47,-67,-126,94,40
102,-118,-10,65,117,-11,106,-24,-114
-96,88,32,88,-90,-11,34,-48,12
12,106,8,-20,-85,-120,-24,-100,100
-16,46,-40,38,17,97,20,110,-82
-124,30,14,-38,24,-7,-106,-44,66
62,-18,84,-19,-120,-27,-38,30,-82
-74,62,26,-8,-103,114,-10,-4,-38
-114,-86,-40,-32,49,123,-62,82,-96
32,-70,-110,-55,38,100,-118,-86,116
82,2,-52,122,-45,99,-100,-34,20
92,16,-44,-86,45,37,56,-128,26
-80,124,62,-109,61,12,-116,12,114
62,86,122,-6,-37,-38,-124,94,-58
-10,-94,52,16,-4,-57,-98,-112,-60
-40,-34,48,33,-51,-104,120,54,86
-34,90,-46,34,97,-104,-92,-92,-56
-14,-22,-92,-9,-8,-74,-100,-2,-86
66,70,4,63,70,-71,-86,-28,112
122,-34,-8,-20,-110,48,28,66,-38
-108,36,118,-124,-69,16,100,-80,6
-102,98,32,-24,80,38,88,-78,80
-14,54,-68,-24,51,9,-94,-110,24
-52,122,-62,-68,28,100,-42,76,108
-20,52,-120,23,-30,62,48,-58,-4
-30,48,122,-11,-37,24,-106,14,116
32,-72,42,-56,-78,5,-94,-34,92
100,-120,-56,-37,-65,-20,-4,30,-2
-14,8,-76,-44,-104,-18,-22,78,16
-38,-118,-4,103,-101,83,96,-124,34
-58,-46,98,90,-67,85,34,-106,-62
-94,-10,52,-96,5,-127,-54,-42,-8
-104,-20,112,-61,-14,-116,36,122,-128
-66,88,-72,59,-116,67,-72,116,-20
50,100,-88,63,124,88,10,-114,44
2,28,-96,-25,-2,-81,-58,-104,-56
76,22,-94,-74,-64,-76,-42,100,86
-72,30,32,27,-27,-128,106,42,-34
10,50,-40,5,-48,-96,106,64,58
-96,-98,-106,-3,-75,0,14,76,10
-64,-24,100,-28,-71,25,16,92,80
-36,-50,64,-117,119,123,126,-56,116
-72,-68,-118,94,106,-109,-80,70,90
52,-106,-124,-122,-123,109,104,-60,-4
-14,122,16,117,121,115,104,80,66
42,120,-44,64,-27,-27,-68,-90,108
44,-100,12,74,-51,-17,-46,124,-74
92,90,72,-91,111,-11,126,24,98
-88,98,-108,-57,99,-24,26,-54,118
48,54,124,-112,46,-5,108,66,-48
60,-38,114,121,62,-1,46,14,-40
-100,54,108,-22,-107,-128,-116,-98,-22
104,-16,116,-1,-108,-113,58,6,54
66,114,0,-48,-17,98,-8,-30,-34
66,50,-128,14,15,111,-6,100,14
18,-100,80,-28,-104,-65,74,94,88
-10,60,64,-26,-108,-54,6,38,-96
-48,-62,-120,-99,-122,-127,122,-92,-6
-48,98,-44,37,-49,-110,-52,-46,18
-76,-100,32,-98,-80,66,124,-102,120
36,94,98,74,-75,62,0,60,64
-68,-48,-8,-89,124,-101,64,28,70
72,-34,36,-78,126,-110,-120,8,64
-2,118,-14,-26,112,-39,-110,24,-86
20,112,50,-27,119,-45,-124,-80,60
-128,-68,-72,115,98,60,-102,56,-14
-72,-100,66,94,-86,46,-48,106,102
-20,40,-16,-58,72,6,-18,46,-108
-6,66,42,-91,94,9,22,64,28
-58,46,-32,-91,-22,3,-66,-74,-64
-12,-118,62,-107,-6,-5,34,-96,48
68,-8,-68,-90,92,-68,106,-26,78
90,-50,-102,-38,116,-58,-112,-54,-50
-10,10,-42,22,115,-126,74,-78,-120
-78,8,-60,57,111,-100,-10,56,2
68,104,118,71,94,122,-26,82,-10
100,-106,-46,121,-113,-111,-24,98,-12
30,-4,-126,40,-16,-21,-90,-64,-16
-116,-120,-118,97,6,-32,-50,-66,-30
-30,-124,-48,-97,106,87,38,-20,24
96,64,-46,-114,77,68,42,-72,78
90,-98,0,39,-76,-78,-52,44,-66
-12,54,126,-35,111,-73,-120,114,24
-68,78,-36,-106,64,-10,-38,-30,-100
-78,66,16,-58,84,37,-126,-12,32
60,-90,-124,-31,-10,-12,88,-68,-128
-30,-2,-32,-109,-45,-19,72,98,-96
118,68,-50,5,50,-58,104,70,6
114,-118,116,-34,17,-62,-72,62,-10
90,-100,-8,81,4,8,42,122,-100
-108,-66,44,35,13,-22,72,-114,-44
122,-82,-4,-44,-106,90,-78,-26,-4
-24,-20,-80,-61,116,82,36,-88,-110
-58,104,-116,-25,-80,-128,-46,102,-12
116,-106,34,-46,-76,-90,46,-62,104
94,76,-14,15,-55,-41,66,94,-10
12,22,58,-17,2,-57,-28,-12,38
88,-66,-48,-43,-15,46,32,12,-6
92,-26,70,-57,13,31,40,-102,-40
-72,52,-78,-116,-81,-79,6,-22,-94
78,-72,72,-93,-49,-66,-84,8,28
14,122,98,79,20,-46,-28,-100,114
88,-62,-72,-121,30,-32,-92,-78,76
46,62,-18,-110,106,79,126,112,-98
36,-34,64,118,104,44,60,42,-72
26,-78,70,-124,48,76,84,4,0
114,-70,94,36,124,97,14,24,108
100,-120,114,-39,115,35,-40,28,64
60,-88,112,-68,83,-26,104,108,-88
0,56,-68,63,76,98,-96,68,-84
-44,122,16,-119,-41,100,-70,-78,-86
30,-114,24,-104,89,53,70,96,-50
-32,12,-42,-69,90,25,-98,-68,98
-30,-48,0,-107,-54,-73,44,-30,18
-46,126,54,126,36,-100,-24,-38,-114
12,104,34,111,1,-65,-34,-4,-32
122,2,84,-116,93,-105,96,-54,98
56,78,14,79,-37,111,-36,-112,98
44,-124,-76,-121,117,107,-4,-124,-2
-114,-106,-16,-103,91,-57,-96,22,12
-18,-58,48,-27,-34,-37,24,-102,42
-78,-20,44,-64,116,15,-20,-100,68
84,-60,66,108,4,15,50,66,-38
-12,40,30,41,-97,-75,-126,28,-18
68,14,88,99,2,-49,-80,120,88
116,-110,12,-79,-36,-65,-98,52,-2
42,76,84,-117,75,-88,-106,-4,2
110,110,30,-33,124,-73,-34,-98,-114
-60,-128,-84,103,3,-118,-10,-80,80
22,92,-66,-99,77,86,38,88,-80
-60,-116,12,58,-72,100,48,-110,-48
-22,46,112,64,117,-45,24,-88,124
-6,40,68,117,32,-29,-34,-124,-72
-110,100,112,-10,94,-48,72,86,-48
48,32,50,29,-119,-30,38,126,-66
-20,-78,-126,25,83,-35,50,-72,-98
-24,-86,24,51,89,-14,70,118,-26
-66,-12,44,59,-72,-96,38,114,-74
106,112,94,84,-95,-66,-118,-52,102
68,-40,90,-123,-54,-102,-42,-70,-18
-28,-64,108,-119,-60,-102,-42,-20,-28
96,-126,-38,-19,-95,-9,-76,-6,-36
118,-124,-10,-24,-114,-14,-98,68,-44
98,110,-18,119,-96,16,-82,10,-22
38,102,-44,121,-124,26,-68,52,-44
-66,92,-112,64,-85,115,-58,-96,-72
-82,-108,-76,38,-98,124,-38,-84,-82
-54,-76,20,39,114,-27,-40,62,-106
-8,-56,26,-30,74,-20,-16,-8,120
64,-32,-10,104,126,47,-88,54,80
-128,-128,-46,86,-123,30,-112,24,-124
-124,64,-16,15,87,8,-80,-110,-78
-64,-100,-96,5,94,23,-52,-68,94
-116,62,-28,87,-104,85,108,-108,-44
-96,86,-60,102,106,70,66,18,-2
80,20,-82,15,-86,76,-38,-42,-28
100,18,-86,-52,-111,77,-2,114,-110
-8,-4,8,-85,7,13,-22,-22,-10
118,34,6,-112,31,14,-64,86,92
122,-128,112,107,110,94,110,-88,124
50,24,120,67,66,108,12,44,82
98,-94,28,75,-83,60,28,4,-6
42,-62,-20,97,-93,79,98,40,-62
24,-128,-78,-128,-97,-20,-46,106,-52
-104,34,30,-97,23,-4,-88,76,-60
-34,-96,-48,21,-105,-10,86,-54,-34
50,-38,48,36,-95,-20,-90,-108,12
-74,-78,18,-81,86,31,12,-8,32
62,84,-98,-50,79,23,-52,4,-112
-42,100,18,99,-53,17,62,46,-10
100,66,26,24,-77,54,106,12,-44
-70,-126,12,66,-60,13,-28,74,70
-32,76,98,62,-95,25,-22,0,-108
-122,60,-42,-108,3,40,80,-66,72
76,-10,-8,-94,16,39,-124,-30,-92
88,66,30,-63,93,-52,-70,78,0
-40,108,-110,-32,-121,-74,114,78,8
-52,-126,82,34,-16,-57,32,-8,46
-20,-90,-44,88,-4,-39,112,78,-58
-76,-118,46,-100,66,-44,32,-106,112
-78,108,-18,-59,-125,-34,66,-108,-128
-48,54,18,94,-89,-75,42,50,54
-54,54,78,58,-88,-104,-62,-98,-36
74,-24,88,22,-81,112,-102,-28,36
-128,-30,-128,63,-19,84,74,-10,118
36,70,-64,76,-35,-75,-46,-42,90
0,60,-68,-124,-115,-70,-126,110,-96
72,4,102,-74,-66,72,-126,-78,64
12,80,-108,121,-77,34,-118,-110,-52
116,-36,14,76,125,106,-38,-116,-66
70,36,10,26,-111,98,6,110,4
-42,124,54,-30,117,103,32,122,-90
52,78,38,-46,-127,107,26,98,2
-114,-70,-44,53,-58,-96,12,122,90
-24,-82,-42,44,-120,-57,-38,-20,-24
-44,-128,-10,39,-88,22,-20,34,120
-64,4,20,3,-120,36,16,-78,-122
-4,118,112,50,-100,38,110,-38,24
-8,-128,-40,33,-126,68,20,116,90
26,60,46,-35,-13,49,-92,8,-82
-30,-34,110,-25,18,48,114,-128,106
-24,-8,30,-37,-49,50,-72,-16,-126
6,18,-16,-15,-60,42,108,-20,-102
68,2,-60,110,-101,-83,-58,46,108
-104,-14,104,-86,-103,-98,-102,116,-66
-98,-58,68,-35,-122,-20,60,-2,-52
-94,4,124,-126,0,16,68,-46,-98
-108,-54,110,-108,19,127,-82,100,-50
-86,96,-24,-95,-36,-109,-28,-118,-98
-10,82,22,74,17,91,-26,-52,-54
-36,66,-54,-69,42,89,90,30,116
62,126,24,-9,-112,-23,-54,-14,84
-116,-126,-58,-124,23,-52,-66,70,-42
18,-128,-68,-76,98,79,16,112,-50
-16,12,-112,91,97,68,-94,-82,70
116,10,-118,-2,108,62,14,98,106
-92,100,78,-25,97,52,-110,52,-76
48,100,20,46,-76,88,-118,100,-50
90,124,6,52,-102,37,-100,92,-82
-104,34,24,96,-36,123,34,-40,-118
2,-60,122,-21,-8,120,80,-94,64
30,30,60,51,107,38,-106,-2,78
122,18,92,73,-119,46,8,-22,-64
-96,-92,20,33,1,-56,-26,-122,28
-4,-16,-2,24,-127,15,20,78,-46
72,110,-92,18,-49,-18,40,-28,-46
-112,-110,50,125,14,-17,74,78,112
-46,28,16,-128,-16,92,4,-76,-20
110,-70,50,2,-51,-18,-14,-18,100
92,22,-112,82,106,74,0,84,-56
78,-118,92,-66,-19,41,24,114,-50
54,-126,-78,55,-66,-12,82,34,28
-20,48,26,-46,9,-14,116,-20,-66
-118,108,-72,-26,-113,-48,74,82,-68
22,100,-52,-26,120,-16,40,28,-80
-20,84,-20,22,-15,-41,-76,-12,38
36,22,40,18,24,-44,-98,-102,-66
-56,-36,-18,-103,-5,-104,-36,4,-62
-72,96,44,-94,-59,-68,-100,-2,40
126,-60,8,2,-119,80,108,84,70
-92,-118,66,29,120,104,-8,-110,42
-56,-104,68,53,-38,-102,-118,-10,116
20,-106,82,47,-48,-92,-122,42,86
-22,64,72,-61,-89,-82,16,98,16
-40,46,-18,-62,-111,-88,52,118,-66
-16,-16,-60,65,98,108,-2,-86,-66
70,-58,-92,38,80,103,6,-48,-10
-78,96,120,107,-38,94,-114,-112,114
-86,96,-44,64,-71,73,-54,-114,112
-100,-14,108,-41,98,-108,-108,-54,-98
52,-62,42,-94,78,-101,-106,-18,28
126,-90,90,108,27,-104,-62,38,116
-50,-68,54,65,31,-69,-74,60,70
-76,118,-26,-112,-79,-27,-66,92,68
-18,12,-54,-122,-81,-5,-94,-120,80
-74,-54,6,110,-49,-55,-34,-114,-4
6,2,54,-105,-91,-53,-78,-54,26
-88,60,-68,-44,71,-23,50,-98,-80
-20,84,-62,9,87,2,40,-80,-100
56,30,80,17,34,-30,4,80,54
-32,-38,-4,-27,57,-28,32,-124,0
126,86,-64,76,-64,58,-90,48,34
-110,54,-18,113,-99,53,4,-102,58
122,26,-24,-111,19,-118,30,-106,-98
30,-12,-50,-63,33,-116,-70,98,-98
-118,108,0,61,22,121,-68,38,-18
64,24,-100,85,75,123,26,76,108
84,-112,74,-116,34,51,-60,-16,-28
66,24,-122,119,71,37,98,-112,-82
-120,52,-70,-41,-35,92,14,-70,32
124,64,-20,-93,114,64,-32,68,102
8,48,-64,42,83,79,-50,-64,106
46,-20,-30,39,126,48,-50,26,26
-6,-90,-60,-118,109,-25,120,50,-62
-86,-102,18,-120,-37,-49,110,-52,68
126,-8,-52,-68,11,-88,76,122,30
-100,-62,16,6,123,-116,54,52,54
104,-78,72,-119,-40,110,98,-90,-58
70,-58,92,-127,-57,-115,72,104,-16
-76,94,100,74,125,73,-92,-58,54
92,-126,18,-85,114,113,-66,114,44
82,16,-80,76,113,-111,-66,-86,-84
32,98,-92,10,93,-93,106,-46,-96
22,110,64,14,-76,-18,-12,-124,82
-18,26,12,-32,-37,-28,-98,-90,74
122,-126,-72,115,24,92,52,-44,-22
-104,-86,-78,85,-67,82,-66,4,-108
-96,-122,34,-78,111,-102,-54,94,-18
-54,-118,88,-36,122,-99,-60,-122,84
-40,-64,2,5,103,46,56,40,112
-72,-80,-44,-44,103,51,66,-48,124
106,96,124,8,36,-120,-26,-120,-70
-126,-16,-34,16,26,-112,104,-10,28
-64,-10,-14,-4,-117,-67,-84,40,-84
-116,-6,74,-20,45,-61,-122,104,108
10,-34,-2,53,97,-121,104,-48,-122
-30,-24,76,64,71,-116,-4,-88,-64
-94,56,20,-59,-97,41,6,-62,100
34,108,-118,13,-72,34,90,-20,-2
14,30,-20,111,40,-4,60,12,82
26,-22,24,103,58,-33,-26,36,84
6,-108,-96,-12,75,-20,-64,74,98
32,-32,18,-12,57,-32,110,126,110
-14,-42,-98,122,-70,68,6,-20,18
-92,118,-86,-91,-82,77,96,-74,102
126,-26,-112,79,-67,-127,66,-108,102
90,60,-74,106,10,-126,-68,40,82
120,60,98,53,31,110,-4,54,122
-24,58,-106,-106,-67,111,54,-96,38
-38,58,-22,-86,-87,-78,22,88,78
-16,-78,-88,127,-74,-73,76,40,64
82,62,-76,50,-116,7,14,76,-2
-90,112,-42,39,-30,26,80,-122,-4
-20,100,98,124,-88,119,-42,-50,42
-122,-56,42,-60,-64,-104,-64,114,28
-4,118,-18,126,-53,-111,30,-128,-124
62,4,-74,71,100,120,100,-54,66
122,-22,-92,6,127,-42,92,-48,84
-84,-38,102,-64,-102,-63,-96,64,-18
106,80,-78,-90,102,-81,-26,-24,-120
-128,-114,-8,0,-105,-84,-54,52,94
-128,4,34,3,48,-104,-56,68,-128
-78,14,-88,-55,70,83,8,64,4
-90,-14,8,-57,30,38,62,80,-62
-102,80,58,-38,50,51,50,78,-80
-84,-108,-24,119,-68,9,-114,-118,70
-78,-88,-28,110,-61,28,-26,122,30
76,124,106,3,73,8,6,96,-38
-118,88,-94,26,22,-25,-120,-114,-120
-10,-74,-88,16,-82,-109,120,86,-100
40,-14,38,-13,-52,123,-28,16,76
64,-26,26,40,32,33,94,60,54
-118,10,110,-97,-12,0,-56,32,-2
60,-70,-98,-100,15,-69,126,88,-102
34,-90,92,-38,7,92,-122,68,42
-56,-2,-72,-16,-44,67,90,120,-76
-28,62,112,-76,119,56,-74,-74,-68
18,58,74,-118,71,-67,36,-126,-78
-52,-40,24,113,-18,-43,64,-60,60
-104,32,-6,-24,52,50,72,-64,-16
6,22,14,-5,56,100,56,-76,82
-14,-38,-82,-51,-45,-9,84,-12,102
-122,-36,-56,-53,-79,8,44,10,110
118,-80,22,-83,-74,15,96,60,-82
-98,102,46,-77,-97,31,92,94,78
-56,-120,-42,50,-3,-19,60,-110,100
42,114,-52,70,-23,5,126,-74,-6
64,120,102,-100,47,-67,-88,18,-58
42,-120,110,-106,26,-59,-106,70,58
-90,80,42,-103,48,24,-56,-64,-44
90,-102,16,-85,38,36,-60,-56,-120
-110,112,-70,98,-48,-91,-112,-36,-82
-86,88,-8,110,-41,-87,120,10,-60
10,44,114,-41,-111,38,70,16,-76
36,-24,68,-78,125,43,42,-48,120
78,-84,58,-60,-68,-18,102,-6,-32
118,-94,70,-75,-96,0,108,-52,-20
68,-26,18,25,-51,21,100,-68,-122
38,-2,16,31,-69,56,80,52,104
-92,40,74,87,98,-3,106,-86,78
-34,86,74,95,69,4,112,-30,-52
-114,68,26,74,-115,93,-22,-114,-84
-30,-2,-38,52,-117,106,56,-40,-64
16,126,-14,-98,67,119,-128,50,-96
-36,56,40,-110,67,-127,-34,20,58
-76,20,-82,29,106,-39,-24,-54,72
104,-74,-108,58,91,-42,-104,80,-20
94,-44,-104,66,-22,-45,84,-46,112
112,100,16,93,13,-36,6,74,-44
24,102,-38,-39,31,6,-10,112,14
88,-92,116,-101,30,-13,24,-70,-68
-8,82,-102,-28,80,-110,-46,74,-40
60,-72,44,-81,-46,-106,-118,84,72
8,30,-26,-73,3,-106,30,-50,-34
-38,86,-86,-70,-61,117,62,-62,28
30,-42,-64,-49,-23,101,-114,46,-62
36,-6,98,-41,45,89,-66,-32,-16
76,-10,-24,102,-96,66,78,124,76
-124,-10,-68,126,-118,70,-40,-6,-72
-62,62,-62,-1,112,-73,-32,94,110
-28,98,-54,-19,118,-57,104,-78,54
-20,6,-70,79,-39,111,-114,58,-86
-118,-126,-106,101,-27,91,-84,-124,40
124,-14,36,43,68,59,100,84,38
74,44,-2,45,93,56,-120,74,120
-54,-18,-70,43,-111,-107,16,-24,36
-52,-4,-68,13,63,-80,-40,102,-110
98,-16,-92,-62,127,-14,12,36,124
-38,-56,124,-33,-57,4,66,4,96
92,20,52,-56,113,-62,40,2,58
38,-54,-28,-117,-124,-73,32,36,92
-60,10,-52,-110,-13,41,46,52,-72
52,124,82,124,27,22,30,108,54
66,8,82,86,-106,12,114,-124,64
18,10,-10,113,-102,14,26,46,-96
22,90,28,-73,-46,-31,12,-102,78
106,26,-72,-93,-59,-5,-42,-94,98
88,14,62,-106,-123,-59,-86,-14,-24
98,124,-82,102,-72,-50,-116,-84,-36
102,-2,-34,-32,-48,-114,-100,60,110
-100,-30,-14,76,103,-64,-4,98,-2
-30,-22,-4,32,-4,-52,-118,-30,14
62,-38,-70,-76,73,-24,82,32,-60
-22,48,88,30,9,-59,86,42,40
122,108,112,67,74,127,-52,-68,62
102,24,-114,92,-86,71,-38,56,118
-116,40,-22,-120,17,19,-98,18,100
-92,32,-80,74,-111,63,104,-82,-94
-14,-38,118,50,113,18,-86,-4,52
114,8,-114,-99,23,14,18,84,18
68,-44,84,114,-70,27,-84,-62,8
20,-16,46,116,6,-123,112,30,-36
100,-118,-92,84,107,124,-12,56,60
-62,-80,-14,86,-82,-83,102,56,88
-86,28,-42,59,-55,-70,-116,-20,-88
-40,36,-8,-60,48,40,8,-110,14
80,52,-110,49,58,3,106,34,-98
-40,108,12,-11,-77,-52,120,34,48
-84,-102,78,10,-27,-55,120,52,-8
-58,54,-112,106,119,-10,90,42,-10
8,72,42,-90,-75,6,-58,-90,-108
38,-112,72,34,8,-32,114,46,-118
104,-22,-78,56,106,-32,-124,-56,-104
-40,-20,2,125,113,39,52,44,118
-78,-96,-78,-25,63,22,42,60,40
-32,-32,-68,6,-21,-16,70,-46,-46
-114,8,-100,40,-56,-36,-64,112,12
-120,-100,72,36,-10,114,-90,50,-72
90,-100,-116,3,-94,73,-96,-54,-92
100,-94,-28,-56,-24,-4,110,120,96
-32,80,42,-73,-122,13,-116,116,-116
-14,-54,-18,13,-17,-111,-24,12,24
4,-116,98,23,-23,-55,30,22,-24
-104,116,-78,-48,38,-119,-100,-128,-26
54,-118,-18,-113,22,-116,-34,56,20
72,112,110,-73,-21,-44,108,-56,2
106,-54,4,-42,32,-33,88,-76,14
68,-90,48,109,20,43,-4,-42,106
76,-112,34,75,23,37,0,-96,96
-78,-54,68,80,79,-57,-58,-12,126
122,-30,56,42,37,-79,-14,-102,104
108,-78,-16,-39,47,-104,108,-10,-46
18,-112,-60,-37,59,-108,-102,18,12
-68,-68,-2,85,126,7,50,-106,40
-52,-18,-62,58,-121,11,-94,62,-18
120,-84,48,12,-86,-49,50,66,-126
118,-124,50,9,-112,-12,-128,80,36
-30,-48,-26,46,-49,-28,38,86,-58
-68,-2,-78,57,-77,-7,122,106,28
-56,-62,94,-58,80,-103,114,70,90
42,-82,72,-39,95,-93,116,46,-100
86,-6,-58,-109,53,-54,-8,4,76
94,-78,86,-100,44,-54,-72,60,-106
-2,10,-2,113,3,-45,-92,-64,34
-122,52,66,71,3,-50,-94,-106,102
-36,80,-44,-52,56,-60,-88,70,0
56,98,-112,-87,43,-31,10,-106,-112
-98,52,102,117,58,-84,52,14,-108
-56,76,60,91,3,-73,-124,-14,74
-126,-32,18,-114,73,84,104,58,72
-80,-76,54,-115,63,90,84,50,126
46,-32,-100,106,43,-59,-92,-70,-120
48,-124,90,-94,43,-55,-110,-10,76
58,88,-12,24,45,118,68,-82,-102
84,36,90,102,-47,112,72,-98,-56
24,24,-74,42,85,110,96,-26,-8
106,-60,-60,21,-83,102,-28,26,122
-42,-124,2,86,41,-23,78,90,2
70,-14,-84,97,56,-43,26,90,20
44,70,-40,115,34,90,10,-86,84
-102,4,-100,-118,52,73,0,52,88
98,-58,116,64,-22,-47,-30,-100,112
90,96,-34,85,19,-75,-56,52,-112
52,-18,0,42,75,126,-76,88,-76
54,-44,-98,56,61,126,54,68,80
88,-4,110,91,-125,119,-100,-10,-16
-90,110,74,53,-121,113,22,-88,-6
20,114,26,118,119,-61,-52,40,82
-96,-12,-64,109,-110,-63,-36,-20,-58
108,114,8,-101,-127,19,-108,-34,-94
-112,38,76,-86,-122,43,-22,102,106
-42,-112,-38,10,-79,-125,64,-72,-80
84,94,-98,20,115,-121,62,-36,28
112,-88,22,3,-110,-126,30,-44,-56
-50,-108,108,14,-117,-84,126,112,-90
-92,-8,-22,79,16,111,80,-48,54
54,60,-122,42,65,87,-42,-50,-94
8,-50,-76,126,-82,16,-64,20,70
86,-46,-52,-76,96,3,-122,-82,88
72,70,78,-40,-23,102,22,72,-38
-86,92,-114,-81,-89,66,6,-92,54
-70,-26,-22,101,46,19,20,68,-116
82,-100,20,119,-16,38,64,54,6
2,16,-78,-9,-8,-28,-48,-8,26
126,44,22,29,81,-57,-38,114,-102
92,50,-56,-98,19,-69,-116,72,-24
-126,120,-42,-72,60,-93,120,-26,-90
38,120,110,-26,-59,-87,-82,-60,-118
-100,-116,94,-84,120,-61,-34,44,-66
-46,38,-88,54,-62,-40,44,-128,-78
102,90,-70,11,-74,-10,-66,70,-64
-10,-14,26,-110,-63,73,16,-28,32
106,66,60,117,-31,70,76,122,50
-74,124,-70,-71,118,-17,24,122,64
-12,34,-24,-79,-104,-26,-60,120,24
118,60,20,-25,108,87,-24,-12,-20
-80,-128,-104,-13,86,87,-68,20,-102
-42,-60,-52,-126,-78,26,-20,-48,116
70,46,114,-126,16,0,-118,-38,-126
-122,54,-34,-60,1,-99,-36,-22,88
28,72,-42,-41,86,-111,-30,20,-78
-100,-108,10,7,5,42,48,110,-56
-104,-102,-62,36,15,28,76,-108,80
116,-76,10,-50,82,-5,-80,82,-40
-34,6,56,14,-70,-9,118,110,28
4,-114,82,-118,51,51,-52,-62,-72
74,110,4,56,-44,6,-90,92,-18
18,-84,-118,-74,52,-123,44,-20,-58
-118,8,84,-70,-128,111,48,82,-8
-46,10,98,-55,-34,-54,40,-116,-108
-32,32,-128,30,35,-48,-102,96,-24
-102,26,-84,-20,105,77,56,-16,120
18,-74,-104,-68,-77,88,-116,-22,-32
-6,30,74,-41,78,-10,-38,-110,-82
2,2,-106,77,-101,-8,70,114,68
126,-46,126,15,122,0,94,110,-88
-88,-48,94,57,38,-37,88,-38,-38
-96,-56,96,4,55,108,90,-76,-96
86,-78,16,53,80,102,116,122,-72
-24,-28,2,-80,36,52,40,50,-10
12,18,108,-8,48,54,76,24,-128
100,104,-28,-77,-90,5,-32,-72,-72
40,70,-58,22,-2,-18,18,-64,-110
122,106,60,-92,-47,32,-114,-86,-22
20,114,42,-41,-43,-23,-50,50,46
60,-114,-6,72,45,23,104,-56,-14
48,-38,-36,64,-19,-31,-112,-74,-62
120,122,80,63,60,38,46,6,76
-30,10,82,-115,63,17,96,80,110
-126,104,66,22,98,-120,46,-16,42
34,52,112,77,-96,-122,30,14,-80
34,-56,-100,-74,-78,57,98,-104,122
-2,-34,114,-76,-90,86,-128,18,28
-48,-102,116,95,83,-18,126,-64,58
-22,-116,-22,-112,107,9,102,58,66
-54,-30,52,119,36,-33,36,0,96
-94,-94,64,-44,70,1,30,40,-90
-64,48,2,86,-24,86,-106,80,92
-48,74,44,113,-14,116,-88,42,114
60,94,60,112,-104,-78,72,-104,-30
-24,124,2,44,-125,-91,106,-62,-90
-126,28,78,43,-20,107,110,-4,54
-10,16,12,31,-53,115,-70,28,-48
114,78,98,-128,-96,-95,-40,38,-60
-112,84,116,111,109,-84,-30,26,-98
-74,-64,-104,-23,-37,30,16,100,-52
-18,-54,18,-46,-64,52,48,-82,98
-62,-128,-96,-2,86,-108,50,-98,30
46,98,-102,-36,73,-109,52,-122,48
-62,64,-50,-87,-114,-99,52,-36,-80
-76,20,66,-83,-42,-76,-28,46,-52
-110,-68,-68,-100,64,62,64,-72,2
-40,-38,-110,-81,57,70,8,-36,-12
-48,-76,-76,-29,-103,-64,18,28,18
-10,108,-98,-14,-110,-57,18,-44,-76
34,-54,-46,38,-14,105,-106,-20,36
18,-60,126,32,-47,118,-74,-24,56
-44,-82,44,98,61,-86,-86,52,42
-70,-116,100,62,72,-91,-116,14,82
-18,42,58,93,69,22,-124,80,66
62,-72,80,99,45,22,-96,-64,-120
18,2,-88,-35,73,30,-88,-50,-30
26,-70,70,-9,60,41,-56,62,52
-86,-100,22,21,-31,43,66,-14,70
-88,-84,-128,53,61,24,64,-82,8
-86,-2,-2,-101,79,97,-6,-74,-126
24,-86,4,-16,76,93,30,-108,124
88,32,66,15,109,52,58,64,-106
-34,-32,-110,5,-57,59,94,-78,96
-68,92,-90,-21,-93,-57,-6,-98,6
-122,-72,72,12,118,-48,-10,-88,-16
-20,46,-124,70,50,114,-100,54,-120
40,-36,14,64,45,112,-22,-66,70
62,84,-8,-96,42,-47,116,76,90
64,-32,-92,-99,74,-50,46,-90,-24
-104,56,60,-21,-36,-26,-100,-60,20
-66,110,68,9,-27,-5,-40,118,-16
-10,20,34,-115,84,-85,-40,106,-80
-66,-100,-54,-107,118,-64,4,68,74
-108,96,12,-86,-16,126,64,98,60
58,-8,62,72,-88,-104,38,-114,-126
34,20,-40,-112,96,-102,-120,-2,-60
6,-2,-114,51,-38,-108,-40,-112,24
98,66,42,-8,-83,49,60,-116,-112
-92,16,-30,-6,-32,47,96,-116,36
26,76,-20,-112,117,85,-74,-92,-112
-66,-4,-128,127,119,92,-104,-124,20
66,-60,0,51,-67,-115,40,-82,24
-24,-118,-128,16,-71,-95,-72,68,60
-98,-126,-18,-21,-63,12,-78,36,-12
12,-8,48,-14,-4,15,60,50,122
10,20,108,44,-27,-86,4,116,-94
-50,-58,-58,68,-68,-70,-120,-26,-56
42,108,-48,-59,51,60,6,68,-78
-30,-54,22,102,-18,61,-26,76,-20
-74,-124,80,-30,108,103,-36,-20,76
-12,-114,-102,-44,-125,104,74,2,-128
52,-10,-96,-50,30,107,124,6,96
8,-96,8,-63,23,101,6,-100,-54
-4,30,-116,103,47,-83,-84,-32,2
32,6,-120,127,14,-71,14,-30,-8
-118,-110,22,-97,116,79,80,-120,-110
-34,-102,-30,-76,111,76,120,-28,-104
12,-114,-70,106,25,110,-48,-102,66
26,16,-38,94,126,71,64,124,46
86,92,-108,58,-58,113,80,72,-118
-68,-30,74,44,11,89,-84,40,84
-72,-128,-22,127,96,-32,26,-42,-102
-42,-104,-100,-74,-109,-15,-90,-32,36
112,-104,104,-114,-116,36,60,118,-36
-110,-82,-72,-73,73,54,-98,0,-4
110,64,-24,-74,33,29,114,-62,-96
-112,100,8,-112,-36,19,70,-10,-82
-110,-34,80,127,-102,-27,26,64,-114
-28,110,-114,89,100,-60,-78,30,-84
-60,-72,-72,-100,-63,14,70,112,-82
126,28,36,73,30,-21,-58,78,-4
-24,24,94,-20,38,-91,-56,74,-56
34,82,-122,97,108,-88,2,-72,10
-72,-44,-18,-113,68,61,-94,-114,-100
-54,-22,108,86,-62,52,-24,124,42
-50,36,58,-122,-80,8,56,-86,70
110,38,2,-59,-6,-16,108,72,-112
-32,-102,100,-50,-71,-3,60,-60,-36
36,74,100,30,-97,8,56,-74,24
-126,64,-40,-118,-26,-46,-2,-78,-68
-88,-74,98,-90,-74,-34,8,26,0
-82,-4,-6,81,17,-79,16,122,-66
-24,22,-50,-9,110,-86,2,94,-108
-26,-4,38,-69,-62,-41,84,90,54
-50,72,-92,6,-63,-3,114,22,54
32,62,0,-89,-98,-31,94,84,96
30,-74,106,43,-68,126,-64,46,90
56,110,122,-102,35,52,28,8,-80
-112,-2,-96,70,-94,8,56,30,60
-128,-118,86,80,-66,61,-48,-36,-124
22,82,-56,11,-93,75,78,-70,-20
56,10,46,-72,18,-108,0,-84,80
108,98,-16,-49,23,-97,-22,-104,96
16,-4,-18,91,-88,89,4,-104,-64
-8,-38,110,83,-49,97,24,-14,110
-82,-34,-106,82,115,11,122,74,96
70,8,118,41,91,23,68,96,30
68,-48,122,-3,78,-78,4,-30,52
60,-64,58,4,51,-50,-28,92,-34
-58,-98,52,70,32,-73,-80,36,22
44,126,-32,44,15,-53,-48,-106,-76
116,-34,-14,36,-120,31,-62,92,110
40,34,28,14,116,64,14,-84,-26
124,120,-120,-93,98,22,32,-42,-96
-48,106,-82,-97,47,38,-2,-78,-32
76,36,40,-74,11,-54,-128,-38,-38
26,56,-12,-99,-21,-37,-118,-128,-20
64,-44,-60,16,61,-105,62,106,118
84,98,-50,0,46,-92,44,-84,20
60,-104,-32,29,-103,38,56,-128,62
-76,-16,-4,35,-105,45,68,-74,58
-28,66,0,30,-8,-86,-58,-100,-88
26,50,-110,10,-12,-92,30,62,-20
80,-102,-126,-113,-84,-88,-72,-52,-56
-56,-52,-82,-125,-92,-101,-72,118,-110
-10,10,-72,40,124,-60,22,-6,76
52,-72,-106,66,107,-67,72,8,76
44,16,-20,-31,61,-52,-16,-14,-118
40,-12,2,-15,13,-37,-72,18,114
-16,-118,120,-22,-79,42,12,-80,-6
-36,0,-78,-19,-89,42,26,-66,46
-74,16,14,-100,-89,-127,24,-98,98
-118,-108,-52,-106,-87,122,70,24,38
-30,84,22,-102,29,-111,-86,34,-126
-22,4,-66,-125,31,-84,-66,-76,72
-62,98,-74,-9,124,-80,26,-74,-98
20,-20,-44,-24,-112,-79,-116,-126,28
42,-110,2,10,-57,119,50,-106,22
-84,-94,2,-29,-72,101,4,-62,68
48,102,2,-35,37,32,40,-28,-38
72,-116,112,-60,18,7,72,28,-28
-122,-40,-66,-14,-40,-15,-104,-72,106
-50,-32,-74,28,-13,-16,94,-22,-36
68,-32,-104,-82,-22,84,-118,-8,-66
118,-88,-50,-47,28,96,-8,-102,-44
-22,26,-84,-76,0,76,-70,-102,-52
0,16,96,-119,39,53,120,14,120
26,90,-26,-109,78,-36,94,52,24
-14,-74,-52,-54,78,-30,14,120,32
-100,44,-50,-58,-119,-9,88,-126,32
-4,-20,-92,26,-119,14,-16,-82,48
-30,124,-92,122,69,-85,38,-56,100
-124,126,12,-122,41,-60,-92,82,-120
-4,-106,-8,-37,85,-95,20,62,66
122,24,-18,-28,-111,-98,12,-100,-14
116,-90,-96,15,-94,65,40,80,78
108,16,96,-5,-98,65,-24,74,100
-60,-106,60,124,98,-98,-24,92,84
-100,106,76,106,-70,-48,-34,-110,-86
84,114,66,-93,11,91,-70,48,-80
-84,62,104,-95,-72,105,-110,-128,-108
-92,-42,-56,83,-7,73,-104,24,-54
-22,108,46,16,18,80,86,22,-36
16,-94,122,-88,69,30,88,2,-86
-78,-36,-80,123,120,37,-46,46,110
8,-16,-12,49,80,53,28,50,-42
118,-68,126,69,71,99,-12,-48,50
34,-96,114,-127,3,82,102,-124,-8
-14,66,58,-48,-67,81,-34,62,-26
-88,52,-86,3,76,-103,86,-62,70
100,56,0,-22,103,87,26,2,-124
-68,78,82,101,-77,-63,88,-82,108
-32,76,20,99,-52,-72,120,-100,-92
-86,124,-36,-100,-97,-61,-100,90,-62
6,-82,104,20,-24,-29,120,88,-30
58,-40,-118,107,22,-20,-2,60,12
76,-16,-76,-8,21,-21,-74,-14,52
-86,-22,40,73,-1,57,-72,54,-116
-60,106,42,-50,90,22,-88,2,-82
-116,-98,46,-124,28,79,116,-124,94
80,12,18,101,15,41,-102,-18,12
62,-98,-48,38,10,-113,24,-112,-36
-90,-98,44,17,95,-108,-90,-104,-12
-118,90,104,67,107,104,-70,32,-54
100,-108,-2,25,104,95,30,-82,30
-10,16,-126,-88,80,41,52,-118,-40
-100,-70,-44,-45,10,57,-76,-74,-76
-6,-28,18,110,-70,-11,122,102,86
46,-54,-82,120,-78,9,-84,86,46
-60,-68,58,-121,27,50,92,-94,-44
-92,-34,-86,127,74,30,86,-26,-38
98,-112,-54,-14,43,-40,50,-90,18
-64,-54,40,-94,-49,-55,-112,122,-54
-74,108,-22,-11,-113,-32,58,-110,-42
-124,-62,-28,-123,-92,-39,-80,-44,86
-64,8,-112,101,-28,1,-36,86,2
12,96,74,-45,-5,24,-68,18,-30
60,-84,58,-93,-18,84,58,20,-128
76,46,106,-26,111,33,90,-72,-102
54,92,30,-29,53,-114,-24,12,-106
58,16,-36,-113,-59,124,40,-12,-56
-76,-72,90,23,18,-120,-118,-92,-116
10,-114,26,-29,-45,122,118,-46,88
-82,-32,-106,21,61,44,-98,84,80
-10,28,110,19,62,34,-74,18,32
-114,100,-50,66,83,-127,106,-18,-112
-50,26,58,45,100,-107,98,44,-110
108,-108,74,14,-100,-86,-48,-48,50
-46,-78,-52,3,-91,-100,-26,-42,-70
76,-24,-62,-3,55,-4,-74,108,-4
12,-126,-120,9,24,26,-66,24,40
90,-94,-126,89,27,-106,30,-86,-10
-112,-126,82,50,-9,-72,64,14,-78
116,126,100,2,-73,113,-124,16,-12
-110,116,66,-46,98,-97,120,-6,-8
-8,-50,116,-41,-75,-6,-86,0,-78
-66,-86,76,-60,-101,-4,-122,20,-22
24,-74,40,53,-116,-107,-68,-92,118
-114,-114,58,33,111,-96,24,48,-20
-92,-122,118,75,124,35,106,96,-48
98,66,88,111,92,43,90,78,-54
-72,2,40,-47,34,-89,-8,-86,-104
-24,-30,100,-57,29,-83,16,-28,-80
72,126,6,109,-6,75,-8,-58,-22
34,84,2,108,-11,89,10,-68,68
92,-88,52,104,45,-35,58,64,-32
66,104,0,87,64,-41,28,100,-14
-104,-22,116,-18,-4,44,-24,-54,-92
-94,-8,40,37,-15,56,38,-6,118
-40,-82,-86,120,-47,-86,6,38,-32
26,108,114,-110,-63,-74,20,16,-72
12,74,84,33,-60,18,54,94,52
-98,114,62,16,-81,34,-12,126,108
-94,-98,-16,-75,41,102,12,0,36
34,36,-62,-93,15,115,76,94,-102
-20,48,124,88,68,-53,0,38,32
96,-56,-84,-125,54,-40,-76,92,-124
-122,-50,-114,123,79,-86,2,30,-100
122,90,108,-53,82,-55,-118,-124,118
-96,26,16,-118,68,-31,-66,88,126
84,-20,22,-54,121,-6,100,-38,-2
-108,2,16,-7,-38,31,-94,36,0
-120,42,118,17,-97,52,-124,112,72
60,110,0,73,115,96,-4,28,114
120,-2,116,41,-99,76,-10,20,44
-4,102,-28,11,54,4,116,-16,-40
-108,116,-42,5,82,-18,-56,-66,4
34,90,46,-115,-110,-115,16,-58,10
-4,84,62,-73,-28,111,0,56,86
-28,-106,-120,81,-25,95,-42,-66,-12
-98,-110,-82,87,4,55,92,88,32
6,-12,90,-29,-56,56,120,20,96
-50,62,112,-65,-11,94,70,8,-100
-84,70,-72,-127,56,127,-90,94,20
60,116,-48,-80,76,102,78,20,102
-64,2,54,-1,-76,42,108,-26,-60
86,-80,44,-21,-106,16,-88,-44,-20
-126,-56,-86,0,10,8,122,-82,-14
-52,-10,-106,-60,-28,23,38,76,98
52,46,14,-58,87,-51,-20,-102,-4
66,2,84,91,9,4,-104,-92,112
-16,-60,102,-20,-103,-29,28,-106,72
114,60,-118,-61,89,-7,-48,54,-100
-44,124,104,83,82,-72,-92,-40,104
-16,12,-110,34,35,-87,-120,-124,-6
78,-118,78,29,116,127,-126,-12,68
96,-44,102,-1,-90,115,-22,-124,4
90,-112,-84,-119,-117,10,6,-20,116
12,-4,-114,-101,119,17,-72,-76,78
48,-48,106,-55,-118,117,68,90,2
52,0,78,-12,103,-122,28,-28,104
54,-88,-52,61,-53,-58,-128,84,-12
126,-114,-126,-106,29,-65,-66,42,-34
-46,94,94,41,65,-27,-98,10,120
-120,92,108,125,-105,-67,124,-58,-104
-50,-52,-58,-71,-111,-80,-92,64,-38
-18,-68,108,8,-84,-87,-40,92,-76
60,62,0,109,4,8,14,-102,54
-4,6,118,-102,102,-5,-18,18,108
-48,28,12,-118,-89,62,-62,-82,110
-2,10,-42,-70,-53,42,-66,-70,126
-112,-90,104,58,-124,87,118,-58,-104
6,74,86,90,-57,110,110,74,4
120,22,-116,-56,-109,71,-124,122,36
-74,124,92,16,55,113,-58,70,110
-120,64,66,110,-117,80,106,110,-12
90,-84,-124,-51,-128,127,78,-74,-58
60,6,-76,53,-111,60,2,4,80
-124,-2,14,-32,125,49,-72,0,78
-6,90,-4,43,49,40,-50,-84,-80
86,-62,-58,39,29,35,86,102,-88
-104,64,-42,69,25,54,16,-96,-16
46,-20,96,-124,6,56,88,-116,34
60,24,34,-69,36,68,122,98,-64
10,-4,10,64,65,67,100,28,-74
64,-70,68,-102,79,-29,4,94,-14
-108,44,108,-23,100,-40,-22,62,108
-8,-48,-124,21,100,114,66,22,-40
-102,-40,-100,-102,-66,104,-116,70,110
100,82,-74,112,31,-71,-116,-82,52
82,-92,82,-15,-41,-106,-94,-52,-12
32,58,-118,-94,2,47,14,36,-34
74,84,68,-71,-123,-52,86,32,-118
16,28,40,-91,-7,109,-90,-78,-126
14,92,66,90,92,41,-52,110,-122
-92,-66,2,28,64,21,126,-40,-82
-36,110,-60,-111,-119,-3,126,-126,104
-74,102,-108,69,43,-97,-2,66,-110
-16,-120,70,-17,-66,-71,-50,84,-66
118,-70,14,-63,-113,-10,-52,34,-12
-80,116,76,116,-50,48,-54,24,-42
118,108,74,-126,-15,120,78,-12,-12
-92,6,-96,-90,60,113,-98,110,66
-94,108,-90,65,-6,19,-84,-78,66
-24,-32,-124,123,-33,37,-96,116,4
-26,-68,-16,41,-64,-110,4,56,34
-120,-74,46,45,-62,-115,-8,36,-112
-110,126,-30,21,124,-36,-66,-28,-110
98,-128,62,-1,79,-27,-68,-50,114
114,-26,88,50,-68,-32,-126,60,-64
-68,-92,30,-5,-69,-28,-124,106,-126
-50,80,86,-110,93,-18,-16,-120,-94
-30,64,8,-125,75,-3,-12,-2,-88
-100,-98,-50,-118,33,-65,-14,-66,118
114,88,16,119,21,-59,-8,-78,118
4,102,-102,114,5,67,-38,-110,32
76,100,102,117,-25,74,-46,-64,-20
10,104,-128,37,38,-46,-116,26,98
-58,-126,22,57,26,-39,-106,18,-38
-40,-116,84,-74,-64,102,-104,44,100
-62,72,-112,-65,-77,105,-52,68,-6
-14,20,-64,-34,-92,-64,-46,124,-52
-16,-18,-114,-97,-95,-61,-62,80,36
124,-74,-104,76,113,95,-68,-56,36
-40,-10,102,-121,0,115,-60,-66,-92
28,-6,86,43,-20,-36,-68,-128,16
100,-44,-40,28,-12,-25,-6,-100,2
-86,30,110,9,29,-128,-60,-70,-84
10,-20,-8,25,13,-110,-78,-28,-114
104,108,112,72,-65,41,8,-12,-18
6,-128,-92,0,-20,27,114,-6,126
-38,-14,-20,28,-78,56,52,-110,102
-102,50,2,32,-26,82,60,8,68
-96,72,58,17,-72,25,-8,36,-6
-62,70,66,29,-45,32,-28,-66,50
62,-108,-30,119,93,-125,-66,52,-82
-90,-120,-8,-125,66,-110,-2,14,124
-62,94,-18,-37,19,100,78,-88,-104
112,-10,42,1,-16,118,26,-54,96
50,-22,-56,18,118,-67,-128,-48,30
-24,68,-128,41,-113,-84,-106,-68,-124
-124,-56,108,102,-107,8,-58,-78,124
104,54,-106,91,-86,-12,-70,62,-6
-58,-114,96,95,18,-89,126,84,-24
114,66,116,87,57,126,-110,-46,66
114,18,56,-87,-68,0,114,-56,-112
-84,-30,20,-80,-86,-47,76,-84,98
-6,58,104,-109,67,33,12,-6,4
-110,-22,80,-83,59,16,-114,48,56
-120,-10,64,-8,50,8,16,92,90
-60,34,80,9,-67,12,-12,-50,50
78,-8,-28,-20,80,-43,108,48,10
94,30,48,-14,70,-59,14,-24,68
-100,-106,-22,-57,-60,71,-62,-34,-14
-28,96,98,-66,-69,100,80,-72,-112
-54,-112,120,48,26,51,-42,-42,100
88,-120,-68,40,23,43,-4,-16,46
50,-6,-40,58,122,17,-78,24,-34
-20,-40,94,-10,86,5,86,58,118
-60,-2,-118,95,-28,7,82,86,-86
106,-22,98,94,8,22,-12,42,50
44,-42,72,-7,117,17,104,20,30
-126,60,116,-25,71,51,-90,-46,-116
-18,44,-82,57,-120,104,36,102,104
10,96,60,30,-127,97,92,20,-98
-68,-104,-104,-116,72,-80,42,64,-34
0,56,-84,-120,-88,-86,-118,-84,-14
-68,8,-56,-109,20,23,88,-106,58
-68,-112,-48,-80,60,22,-30,-112,40
-38,-46,30,-84,90,-69,-122,32,118
-128,-48,52,-37,55,-45,86,16,56
-110,120,-108,-82,86,-59,42,-88,72
-78,-60,-44,-31,92,-51,-20,-14,90
-42,-74,72,4,100,44,-74,114,-10
44,-52,-86,27,-109,15,2,-56,-96
-32,-52,10,-108,-57,-1,126,-28,74
116,108,52,-98,-60,-43,80,96,-94
-50,-36,120,-126,-87,-122,-78,-34,-48
-56,-34,-38,-124,-95,-118,120,24,-116
118,-100,-28,-84,117,25,-104,-114,-82
64,-26,-82,-80,-41,16,126,88,66
-12,-10,40,6,-42,60,-124,-120,102
20,72,72,126,-36,41,22,86,62
100,72,-22,-20,-121,-43,-84,120,-94
-106,-126,-40,49,51,-51,52,120,-108
-6,122,-116,61,105,22,82,-32,60
116,46,-98,114,-59,13,98,54,-102
-64,-34,4,-97,0,49,108,88,12
-86,-80,-120,-55,-39,91,-106,-50,12
12,76,-50,-10,-93,16,-72,40,108
-16,46,-24,-13,0,61,-78,86,76
62,-80,-34,35,-75,-5,-34,-52,62
-96,106,106,-104,-25,3,6,-22,-46
-114,60,72,-80,-52,19,-46,120,-56
94,-90,100,23,31,11,-58,-14,124
32,-46,28,104,10,-59,-54,12,-54
78,-108,34,-14,118,-67,-36,-18,-14
102,-128,-94,-116,75,63,92,-86,-110
-14,48,104,5,-46,38,-56,50,-16
-52,-38,110,106,16,124,-56,126,26
60,-12,42,88,-8,67,-54,-8,52
100,38,84,125,-8,120,-114,22,-22
66,64,-96,57,79,48,-14,78,22
-64,-84,24,79,-40,105,114,124,36
44,64,-38,-59,68,115,122,-64,64
48,92,86,-32,12,-2,-50,-120,-54
-98,-50,14,-127,-65,24,16,112,-66
42,-112,24,83,24,-93,116,-112,82
10,-126,48,-106,91,-103,-86,-92,78
-64,10,110,-29,-26,-92,-86,110,12
52,-114,-34,-49,8,-60,-88,-10,102
-120,16,-8,85,42,-115,72,-118,26
-34,-20,-36,-124,26,-106,-108,18,-78
-118,12,-120,54,-55,62,-92,-20,-118
56,-14,-76,40,-84,77,16,110,74
20,-2,110,-92,-82,-50,92,70,-118
44,-112,84,-90,-90,-24,-88,102,100
44,90,-120,81,68,-80,-116,2,72
-128,72,92,63,78,-77,-34,-40,102
-110,8,-28,-104,-2,-41,52,-36,10
-76,70,-72,76,-41,-42,4,60,10
80,98,-76,-110,106,-102,62,46,88
34,114,96,117,118,-125,90,96,-108
60,30,76,107,-82,-100,78,4,-8
122,30,114,89,-84,-96,76,52,-42
18,54,70,-121,-92,-36,62,-80,-66
-40,-24,104,122,-74,-16,40,-28,102
-18,-42,-102,-94,83,3,18,8,46
98,58,82,-71,98,-4,92,-90,-18
2,26,-38,116,64,-51,-46,-40,-68
-18,-44,-64,127,43,-37,32,-28,-78
52,-4,-14,94,55,-20,-34,-128,-4
72,38,-30,127,6,2,14,-116,20
-114,-128,110,-64,-49,86,66,-34,34
-106,-76,-122,-85,126,-128,78,-100,-76
90,-20,-8,-35,-87,8,-24,-2,-32
0,-54,-86,-54,-104,24,-6,-32,-30
22,56,58,-116,45,110,120,-124,12
-76,72,90,-86,55,104,58,-42,-86
52,74,-16,-46,3,53,-74,26,58
56,20,60,-34,3,40,-110,36,-70
66,-18,-40,-24,-84,-32,-54,-78,-38
-10,104,18,-54,119,-49,-66,124,84
-124,124,-120,74,-65,51,-4,36,98
-42,30,32,28,-68,29,74,-4,-2
-18,76,68,-7,-122,68,-14,-28,84
-14,-16,74,7,-92,39,50,-56,-92
8,92,-64,-7,36,-113,64,-114,108
48,40,-70,-5,68,-127,-12,-32,-88
64,116,-76,-35,32,73,-68,54,26
-34,46,-114,-30,14,68,-128,-80,90
-22,-80,-118,122,123,113,-14,116,-60
-78,100,-122,99,88,-128,-92,-16,14
20,56,-18,87,-128,81,112,-62,20
122,14,74,72,-64,74,-56,-66,-44
78,-86,118,-67,-5,-29,-126,80,26
54,-78,-36,-41,2,-69,-32,2,-126
-58,14,84,-11,24,93,-66,-8,-80
-114,-86,64,-9,-9,116,0,-120,-82
-70,98,120,-5,-80,-74,40,106,-16
-120,126,-84,-8,106,-37,-26,-128,74
-2,14,50,109,86,-77,52,28,-120
60,36,84,84,-5,-51,-22,-110,-118
102,54,-36,-48,-105,-98,52,82,-116
102,86,-72,-69,-80,-75,12,96,-126
-12,24,-80,-126,59,-29,40,-102,-44
-106,62,-112,-113,-7,-31,118,58,78
-26,-116,112,13,-109,100,-110,52,-122
-92,-112,-74,-7,126,76,80,-116,48
118,122,32,-128,43,72,78,-120,-52
-56,-60,12,87,106,63,106,-28,24
-78,-120,84,-116,28,-108,-86,-86,122
26,-62,-18,-88,48,-125,-22,28,112
92,-68,-82,54,123,-45,-84,50,16
110,84,34,-109,-65,-64,12,-14,-90
-6,86,-10,-54,102,-99,20,-110,-116
112,-76,28,13,121,-124,124,-22,70
50,10,-64,114,-116,-96,-104,-24,66
0,26,-88,109,-119,-105,40,102,-56
28,50,-58,-10,-16,-84,84,-16,-26
-28,112,-76,-26,-2,-72,-44,110,30
-52,-64,-96,-66,-109,-58,-36,-96,-78
-46,-4,24,-17,-113,-18,-114,-8,-102
-6,108,-64,103,4,110,-32,66,48
10,-112,16,104,30,-116,-76,104,94
116,-18,0,102,70,124,-24,22,54
-110,-100,88,39,75,126,-128,122,0
-56,28,74,28,-28,35,106,-108,-122
-2,-68,32,-29,-29,18,6,120,-10
-32,106,8,72,102,-8,-72,24,-88
-32,124,0,61,106,-14,-102,104,-116
84,-38,-58,-21,47,98,50,64,86
20,90,-68,-34,40,70,54,-26,96
44,20,38,-22,-84,-39,-40,-64,34
-100,38,100,-7,-27,-54,38,-110,36
-64,-108,50,-23,1,-7,28,110,54
48,-82,22,112,9,3,-120,76,116
70,-92,2,-50,-58,100,26,60,-98
22,-44,-52,30,-104,-105,88,-98,94
-70,-66,-84,-83,-64,54,54,94,112
-28,-50,-114,126,-118,79,84,20,-58
44,-52,-76,100,-72,-8,-64,44,-122
48,-20,42,-74,31,-14,-66,98,100
-96,-92,-32,-57,-27,39,-48,0,104
-128,-118,-46,16,11,38,-104,24,80
14,116,82,56,-62,-32,100,-14,74
-110,-116,-68,-103,30,-11,66,-50,6
98,64,-16,55,52,-69,76,-66,-88
-4,-116,76,123,-76,-80,104,-36,72
-64,-126,52,85,-108,75,24,-80,0
-40,-110,-48,-70,-103,70,118,-90,0
80,-62,4,45,-56,-9,2,-72,-118
-32,54,16,-1,-39,-74,34,-80,58
-96,96,-34,121,-118,116,48,-88,-20
66,46,-8,-45,34,115,78,-30,-128
-128,8,76,65,-32,-12,114,-104,-48
50,32,-10,73,-28,-105,98,122,-120
-78,-126,114,109,-110,96,-98,42,20
-62,-2,42,-93,-125,65,-76,-12,24
118,76,-74,86,-49,-102,12,-104,8
102,-60,90,35,99,-102,52,-80,-14
26,8,22,83,-23,-7,44,38,102
38,-18,12,-52,85,-49,-72,126,50
118,10,-56,127,79,-14,50,-118,28
-44,-42,86,-125,-104,29,-116,26,70
108,-112,110,-27,66,66,-110,116,-38
48,90,-90,-21,92,73,-60,98,-74
54,98,-56,-127,-107,-75,26,-48,-110
120,42,84,112,96,-53,-80,102,-92
108,14,96,103,15,85,20,-20,58
62,-26,74,120,43,101,-32,-56,78
84,102,-60,100,-19,-21,-50,-4,66
44,-126,-8,60,28,1,32,118,62
110,52,12,19,-38,-119,-6,-114,-4
86,94,50,36,-48,-106,120,-68,-78
34,100,-114,16,-119,-18,84,-74,-92
34,104,-96,-90,-125,-29,-128,-52,12
-60,88,-94,70,107,-70,8,-106,-98
58,-110,-64,100,104,-65,-54,60,-52
102,-76,-116,-10,81,-1,50,2,-64
-118,-44,-100,-27,67,8,80,8,-36
-22,4,44,91,98,-116,44,-36,-118
54,4,16,74,85,-107,86,-114,-86
-114,-44,24,70,50,3,-30,50,-84
64,-58,92,35,23,25,-12,2,104
72,118,80,-55,-103,69,72,-10,16
104,58,90,-97,4,73,46,20,112
-70,-40,-128,80,-121,-74,-86,-52,116
20,-10,92,94,77,-36,90,20,-102
102,4,-44,8,92,-27,62,-84,70
-62,-14,86,-4,-90,-25,110,-114,64
-120,-78,-102,-126,30,39,84,10,-90
-26,106,-98,-123,23,68,30,124,102
-128,-46,-50,-47,-28,-31,112,12,-96
62,-46,-106,-3,-8,-36,82,98,-2
-34,-82,40,92,-37,60,48,106,-14
-124,30,110,64,-51,64,-58,12,-120
118,-90,28,-19,22,49,56,34,84
-10,28,84,-7,52,35,-124,80,-128
-94,-78,-92,-74,24,-95,68,-26,-80
-42,106,-128,-78,106,-97,98,-128,52
-104,-38,8,-18,-94,-101,-64,44,-54
-12,80,-42,-5,-77,-108,120,112,6
-116,122,14,81,-26,-72,72,-54,-86
-44,110,52,123,34,-60,-118,76,24
-10,-82,80,118,28,25,16,52,-8
-38,6,46,65,3,26,-18,-64,-44
-50,82,86,8,-30,1,26,66,126
-52,126,110,6,-37,-13,-52,-60,-66
74,38,-90,31,80,105,50,-34,-30
64,106,34,39,89,104,98,-124,98
60,-100,100,75,-127,-77,72,68,-126
-112,-10,102,88,95,-74,44,-128,120
110,64,-34,39,-115,125,50,64,-116
10,54,-4,40,-125,-113,-50,-60,-120
-80,12,122,-63,-56,-67,62,96,62
54,-18,118,-121,-52,-83,-90,110,-122
-58,58,-52,83,-121,13,30,-126,-34
-106,78,-40,-93,-65,-18,48,70,-60
110,-80,32,-37,-52,-19,-110,-88,26
16,-36,-56,-69,-66,-19,36,-32,86
24,112,-34,14,-74,-122,44,-104,102
84,10,72,-47,124,-103,26,-44,34
0,-58,68,66,114,9,74,114,100
-82,30,90,79,110,19,68,124,116
0,-4,44,-95,96,123,118,-108,48
106,106,72,-80,-102,-123,72,-56,-78
-52,-22,-78,-97,-19,-126,82,-28,-6
-18,-26,26,-110,31,-86,-118,10,-74
-42,56,-46,-118,83,104,40,-54,30
58,-90,-68,-126,103,-114,110,40,106
62,124,-72,27,-12,48,-104,-96,-2
118,-22,58,-46,-15,34,18,-20,-16
118,92,18,82,63,14,60,-128,-90
-40,-24,124,75,113,-15,54,-128,126
76,-54,8,-27,91,-81,-112,90,-10
84,-20,106,-90,9,-74,70,114,-124
-122,-26,-108,78,9,61,-122,-44,-82
44,74,14,92,16,54,-52,126,-110
4,-116,14,4,-95,122,-76,-50,-102
-108,98,90,-24,-82,79,96,78,20
86,-48,-42,34,-29,67,-22,-104,-88
-60,58,82,-27,-16,17,-120,56,-90
-104,-64,104,-44,-18,72,74,-106,30
-78,-20,-116,-45,-62,39,84,-62,-48
-78,10,-2,115,45,-105,-108,46,86
-62,94,44,45,-95,127,60,-24,-88
58,34,-50,56,-65,100,-108,-4,-80
-98,-122,-70,0,32,66,44,40,-60
60,94,12,-30,17,-42,-12,-78,68
-120,-104,110,94,-58,-61,-104,38,106
116,44,98,82,-87,102,32,-104,-88
-110,44,70,-116,-16,-120,70,34,118
66,-118,-102,-23,50,73,-34,82,-4
92,-24,-96,-48,-3,75,70,120,-64
-4,-20,14,102,-110,-114,124,-102,-112
66,-64,34,110,-97,-108,-72,-74,18
40,-30,-122,-85,-102,36,-86,38,122
-116,-34,74,16,-127,86,-60,-64,32
-36,4,-10,13,84,-102,30,-46,110
-68,64,36,127,-54,-59,-18,-100,114
-72,-70,88,-39,-43,5,-70,-114,110
30,6,124,93,-82,-37,-42,-128,104
-74,-92,120,-81,-58,99,68,106,-74
114,20,-70,22,-94,40,-52,-84,58
60,54,-32,-53,-88,-50,-42,104,10
92,96,-22,-2,112,100,-40,10,-106
-84,20,-86,-52,30,-24,-104,-2,118
84,-30,10,-39,-77,-96,50,-64,32
118,66,76,86,61,-119,-62,-42,48
-36,-72,110,-35,-106,124,94,22,-106
-120,-44,48,41,69,48,120,78,96
-84,-26,-2,-119,79,1,64,20,14
18,94,80,-12,30,39,-50,80,46
40,22,12,-96,42,50,-64,108,120
-82,-84,108,32,49,121,70,48,-4
-10,-126,122,18,35,-100,94,18,-46
-114,-22,-62,120,-72,66,-32,-92,36
74,-86,34,-104,-122,119,40,-120,8
-34,36,124,86,124,-95,-28,122,124
-108,48,42,55,80,-75,-70,-90,-82
2,54,116,-17,-95,-13,-42,-100,-14
52,40,-128,-11,-57,0,68,4,-120
-12,68,84,-5,-75,-74,38,116,-52
-8,2,106,-51,-55,-67,-94,38,88
-42,-102,-12,-66,-14,40,24,86,28
-82,86,4,-72,-11,48,104,-96,-18
88,26,56,8,24,-4,24,96,112
-58,40,-46,32,39,-14,56,76,82
-122,46,56,-60,-44,-98,-20,72,-90
-122,6,-116,-55,-43,-100,56,-34,12
-106,12,88,-101,-94,19,-54,16,98
-54,-14,-128,-61,-93,39,-86,30,-74
36,-76,-54,-66,-56,-77,-128,-92,-26
26,-12,-122,-102,-85,-67,92,-52,-78
-12,-58,-34,-21,42,-75,-116,2,-24
40,-68,4,-20,18,-69,-102,-116,50
32,108,-98,-36,-103,9,-126,-36,42
-100,92,46,-62,-44,85,14,-128,40
64,104,-24,92,62,-86,-104,18,78
16,38,-30,-117,80,-96,-56,22,126
-114,-6,10,75,54,66,-112,-52,76
-54,-34,-56,116,88,81,22,30,78
24,16,70,-81,-33,91,118,-94,-28
110,82,124,-28,-122,100,14,10,78
-28,6,-100,90,-27,-75,-48,74,-28
-100,-120,-36,92,-64,-58,68,-16,-10
-122,12,-98,72,3,73,-110,-88,84
94,-38,-74,-72,92,107,10,90,20
120,58,0,-69,-54,45,44,34,56
-92,-34,106,-66,-7,22,94,108,-16
112,-108,16,-63,-92,-103,-60,118,16
96,-36,-82,-78,-29,94,22,-2,-28
116,-26,-58,-94,-8,107,-80,-102,-112
-120,-86,52,73,103,91,64,-112,-12
-30,-122,92,-89,121,-31,28,-82,126
60,-128,-2,-119,-110,-41,-122,-118,-42
-122,62,-24,-28,94,-82,-82,68,82
-110,-64,-30,29,86,-72,6,-116,-128
22,-108,-44,3,-106,-104,70,84,8
98,122,-126,12,-73,-97,-106,70,46
-8,54,102,99,-79,126,70,-16,-120
-20,-48,-4,107,-76,117,44,88,-66
-18,62,88,121,83,18,-60,-106,78
-110,106,-56,-108,-12,6,94,-30,18
40,106,-46,-18,16,-90,-20,116,-52
-98,-118,-64,67,63,-49,0,88,-104
-28,-62,18,-120,80,30,-104,-98,28
-90,-116,68,-110,56,-1,106,94,-106
120,-66,106,-51,107,75,32,96,-40
2,-116,-126,-98,126,76,34,58,-116
54,-38,-54,-109,-1,-1,0,98,-68
-54,-86,26,-124,22,9,26,-112,-62
20,-12,-92,102,10,58,14,86,-118
104,122,-124,-78,1,87,-100,62,-70
-106,-38,-64,79,-55,10,98,122,-34
-32,-32,-14,97,-54,3,-104,-114,-76
-26,-66,-34,-32,110,-10,-36,88,84
-50,-42,-94,-64,-117,-34,-54,94,-82
94,-70,94,-106,59,40,40,106,76
4,40,0,118,73,22,-42,118,70
-84,-34,-116,78,-80,-6,58,-64,-108
70,-114,72,81,127,33,-114,4,-76
-46,-28,68,-96,113,12,-14,-8,70
-30,-20,-120,-65,118,64,122,100,78
-122,38,-94,55,108,-5,-102,4,122
-52,-92,22,52,-127,22,10,-64,66
120,-6,100,-79,95,54,-6,-22,18
-76,-82,58,-126,100,40,14,-48,-32
-110,88,16,8,18,-17,78,62,-110
-98,-64,-92,26,12,-15,-18,10,-66
76,86,-64,114,-86,-17,-64,-114,22
76,-12,102,-120,-45,-58,80,44,32
-56,90,-36,-49,23,85,-30,100,-34
32,-8,-12,-63,106,30,106,2,100
-90,-90,30,-72,60,66,-48,20,18
60,-66,-18,-22,-49,95,30,-14,-98
-44,38,-106,-67,-11,86,-42,-32,86
72,-50,-22,67,53,118,0,102,76
46,-50,-22,34,75,-120,-44,-20,-26
-74,60,-106,115,0,-107,-28,116,-106
8,-98,-102,-126,32,-68,46,-30,74
52,114,124,33,-14,-43,-102,-114,-112
-92,-48,2,90,-32,77,-74,112,88
52,-28,44,-111,47,115,86,16,-54
-126,74,-28,120,34,-119,38,-88,28
-88,66,54,-72,41,-94,80,-114,-18
-70,-50,-118,-116,-59,103,-46,-126,24
110,-126,-32,-76,-92,-102,80,-24,32
68,-126,-16,-46,81,8,-118,-60,54
6,64,0,-8,-101,5,-40,26,60
-24,126,26,-123,-118,80,-80,102,24
-14,-88,-38,-29,109,67,-14,-78,104
-110,108,86,56,34,77,-90,88,102
120,94,-88,88,94,40,-42,58,-24
-104,110,-126,17,92,116,56,102,0
-102,-94,-104,87,-106,91,-90,38,-58
86,-72,40,104,-45,-84,-78,44,-90
72,-78,-6,20,124,-92,56,-2,-92
80,-62,-104,-106,-21,-22,74,-48,26
-86,-66,92,-47,-117,-50,32,-26,-22
126,106,-26,63,-54,-64,-128,60,16
64,-108,-66,-38,100,-83,72,90,126
-80,-70,6,94,-23,-78,-52,-100,-124
-122,-48,-42,99,-14,-65,72,-42,-76
120,112,-20,-39,116,-1,108,52,-128
-116,82,44,-9,-110,2,126,46,92
20,118,-94,-22,82,-94,34,-60,110
-88,-24,-116,-56,109,-75,-20,-64,118
-36,-116,-8,56,94,62,-108,50,-32
36,-12,80,40,87,76,54,22,112
6,8,78,35,23,-28,-2,98,52
36,-82,118,14,-42,-28,82,-96,-26
-114,70,-24,-95,56,-111,-50,54,-114
-46,88,22,-107,25,-87,-20,-92,122
56,82,-28,-33,-98,104,-54,106,68
86,-112,-60,-67,116,98,-18,18,124
94,-58,82,-81,118,-95,112,-88,68
-52,-110,-38,127,81,-99,-90,-34,2
-18,52,96,-103,115,-16,-94,60,114
88,46,-8,-102,95,-5,0,-24,-84
-40,-58,38,123,-114,94,-84,78,56
20,14,80,-121,-111,120,-56,66,46
18,42,106,-128,120,10,118,110,-84
14,38,66,-115,107,7,-64,-114,70
-44,68,112,83,-98,27,-58,-4,120
-14,10,-14,83,-5,45,-30,38,6
42,-106,-2,-35,42,76,-24,-78,20
12,56,-28,-55,-3,54,62,-118,-98
46,26,10,32,35,-44,2,-24,90
-74,-22,-96,44,-24,-24,12,-82,44
-58,26,16,-3,-47,92,-6,98,-48
-118,110,-16,-42,-117,87,76,52,-74
88,-74,-66,29,-20,30,-64,24,-12
-12,28,-12,15,-40,10,110,-96,50
-26,100,54,111,54,-31,-82,-100,74
-68,86,-98,120,69,-48,20,112,-98
-4,94,92,41,-127,67,-8,-70,42
84,104,-50,79,-109,55,80,-92,84
-120,-24,90,-122,-120,23,-108,124,-112
68,76,38,108,-64,25,-38,12,-18
-68,20,48,-22,-122,-98,-98,94,102
-62,100,-64,-63,-89,-66,-86,-72,-48
102,24,108,60,-8,94,-102,54,-30
74,114,46,16,-13,108,-16,8,50
-92,58,2,-109,114,-45,122,88,-124
-32,-2,118,-83,-87,-51,74,108,-116
40,88,-14,-75,-12,39,-40,112,14
114,112,64,0,50,35,48,16,64
114,110,-76,45,-41,109,68,-82,-70
44,-88,106,89,-59,115,40,-70,48
-2,-8,-118,87,10,-16,112,-70,126
106,60,80,79,-3,-27,122,-32,-38
4,100,-6,42,3,-90,60,30,94
96,-10,80,65,20,-87,-108,-68,34
-124,-108,28,-45,-92,-2,-88,-92,78
-100,-128,-56,16,-80,19,10,-26,-112
82,-94,-68,-51,-6,69,-90,-22,18
-126,122,40,-113,-21,31,102,6,-4
14,62,118,-33,-78,-127,126,-14,-10
-106,116,26,-107,-33,104,22,-70,-96
-98,8,-8,46,55,88,-60,40,80
-26,-14,-30,6,88,82,68,36,-62
24,-22,76,-29,41,-25,36,64,22
-12,78,-74,-106,-44,53,-16,-92,-48
-24,-80,-128,84,-22,53,76,42,22
0,42,44,27,-9,105,28,-70,10
-16,-116,30,93,19,69,-100,38,-44
74,-64,-102,-125,41,39,42,60,18
110,118,70,81,-10,-70,16,0,14
-58,120,106,-123,-11,-72,-78,-16,-72
-40,68,108,-125,68,-64,-104,-92,10
74,-62,110,115,-5,-59,-68,-92,70
-2,58,-100,42,78,-71,-124,-126,-84
34,102,38,110,118,-127,22,90,58
82,-40,-2,37,-47,80,-26,-90,4
-38,114,-42,-110,100,20,60,64,-88
52,-84,68,-75,-99,-38,124,126,68
0,-50,-42,44,-16,-19,-98,-94,60
-106,-20,-118,-91,55,-48,-68,26,-74
-84,-30,52,-103,53,-40,-58,-90,78
-2,4,-58,2,-91,-104,-62,26,10
-40,46,-58,-49,13,99,28,96,-12
78,82,2,-93,-51,109,-68,88,30
-20,-56,-28,54,-63,78,-80,-82,-126
60,32,68,68,-113,-116,-4,88,-38
46,60,-108,-16,-59,-93,52,-4,76
24,-84,-34,-109,64,-126,88,60,36
-60,-34,86,2,-11,-68,52,-60,-100
-4,-74,88,56,53,-72,-104,60,68
48,26,84,20,-64,-63,16,6,86
110,58,-96,19,62,24,-26,68,108
-112,118,46,-75,12,24,-98,92,50
-124,14,62,-96,52,-31,-102,-68,-56
0,28,-26,-59,77,-31,-102,-22,-54
8,32,-6,-19,-25,-110,-110,-112,-34
-78,40,68,-117,34,127,34,-76,-106
28,-68,-120,-104,57,123,-82,114,-64
-68,-18,64,-81,120,108,-66,-98,-118
-44,-36,14,-64,-110,37,20,118,-20
-64,-24,-74,78,-57,73,50,66,-30
28,-62,-104,-23,110,-100,116,-122,22
-2,120,-62,7,-93,120,124,6,10
-2,-54,56,-35,74,126,64,-16,-60
82,-54,-20,123,-29,98,-112,-16,-84
88,48,-76,-111,-32,-56,-24,2,4
-78,8,72,-103,-118,-117,34,-48,-46
4,-24,-26,-71,26,75,4,-88,-8
-36,66,12,124,112,50,-40,96,-28
-8,54,-38,120,-65,109,-114,-48,-128
-6,-96,-22,-67,-17,69,-108,-96,-82
70,-40,72,-124,-2,-95,88,60,-4
-30,88,0,37,-94,-81,14,46,-126
72,110,36,65,-96,103,8,-4,-70
10,-76,-20,-18,-24,95,20,-16,-72
-70,-52,52,-108,-92,-85,-8,-92,-114
-34,-8,106,-90,-82,-72,30,-22,-10
-48,120,-16,-105,-22,78,40,40,-16
-66,90,-14,-69,-48,118,34,46,6
-46,98,56,29,-2,-29,-6,-32,-28
-32,-104,8,-34,74,15,-124,-44,-74
94,-42,6,36,-20,-48,-56,34,86
-124,-60,28,-52,11,-52,-128,54,114
40,-84,58,34,59,87,-42,44,-20
-78,-120,90,-5,70,88,-20,78,106
-36,-102,56,88,-114,-91,88,100,72
72,94,42,64,102,-94,-118,-28,32
64,38,110,-121,97,-81,48,88,-108
-74,16,106,-118,94,-77,-64,88,16
-98,-34,64,-78,-81,-38,-96,-50,-94
0,-34,-94,-68,-56,-16,-44,-74,-128
-4,38,-116,-66,-65,73,-24,90,96
-30,42,-122,-83,-53,91,-38,-126,16
-68,0,58,71,-17,-68,-66,62,-8
-98,22,70,90,-57,-79,-90,26,22
6,-82,-66,-8,-35,61,-20,102,84
-94,26,14,-16,-12,76,6,104,52
-30,80,-24,-76,93,-82,56,-98,52
-34,14,-4,-76,49,-80,22,30,30
-64,94,-68,-124,16,32,-78,20,36
-66,38,-56,94,8,27,-58,60,38
-88,-20,108,112,-70,13,-102,-58,-114
54,52,88,74,-104,14,-120,118,-74
-8,36,-120,69,95,-115,-84,-12,100
-30,-10,-106,29,99,125,-94,-68,-38
-118,50,84,-19,57,6,24,-44,-122
6,-26,-104,19,59,23,18,38,-82
24,-6,100,-57,109,-68,58,-124,-20
-120,-76,112,-45,109,-64,80,-94,-2
126,36,-80,60,67,-117,-98,36,-2
-2,-36,-22,85,68,118,-52,64,-42
16,100,22,4,114,-124,-108,74,32
72,-30,96,-13,121,113,-58,-106,-116
120,42,92,-52,-66,99,-68,0,64
-120,-22,-20,-53,-26,108,118,100,-96
-16,-48,-128,-104,-87,118,-116,-2,-48
116,120,10,-105,-111,92,-82,-78,-88
-68,50,-74,-113,26,92,-92,-106,-10
64,10,12,-62,21,59,-34,-54,-4
-68,10,-12,-90,-13,111,60,60,-34
22,66,14,-62,25,94,86,96,14
-12,-30,90,120,-36,-101,60,-22,58
108,-80,-114,-110,-47,-89,82,84,38
126,38,96,-24,-40,79,126,-120,-108
6,-34,62,7,-62,80,2,-4,-124
48,50,-82,12,5,-16,-126,4,-126
-36,90,-114,-9,63,-21,86,10,-126
-112,-34,44,4,109,34,46,70,-102
82,-78,-16,7,116,16,-24,34,-92
32,124,110,-89,-87,127,-88,100,98
102,18,44,-82,-66,-122,64,10,50
-94,-22,-42,126,-82,106,-36,-128,-50
110,-86,-60,105,-85,-119,-50,-106,44
-112,108,46,-97,-99,-26,124,76,106
-48,52,-62,-85,-26,-58,-116,-10,66
44,70,-56,-49,97,-21,8,46,82
-92,8,-118,-40,120,-36,-34,54,68
98,12,2,106,-8,31,-70,-50,-102
-116,114,124,106,-55,49,34,40,-94
106,-90,-6,-60,41,-72,-52,88,-104
64,-4,-46,-73,-7,-40,-26,32,-110
-122,-122,-2,13,71,50,-76,22,-70
126,-12,66,-19,59,41,-106,70,-50
-6,-104,84,-23,109,-28,-126,-50,-20
-106,24,-112,-41,93,-15,-12,112,-10
64,-32,-42,58,-114,-65,-86,26,28
94,-108,28,75,-106,-60,86,-8,58
126,-10,-52,-57,-43,50,62,58,22
126,-104,-50,-15,-75,31,70,-16,124
96,126,-94,85,-103,49,-22,24,118
-8,76,-96,24,20,9,-64,-52,104
50,-126,114,118,-23,60,-44,52,-86
-110,6,6,12,114,27,32,52,-110
-122,-82,-30,-20,-25,50,102,-22,88
-24,-66,32,-58,81,52,66,-88,28
-14,-78,72,-86,-72,35,-126,48,114
-116,-34,-24,-124,102,38,-124,-120,16
74,12,-32,-43,116,5,-108,118,118
72,-112,28,-126,100,5,-78,54,-96
46,-124,34,-7,8,-58,34,18,10
-28,-46,22,-18,-14,-59,-104,-62,-64
110,-52,28,-12,-124,-53,102,-84,-102
2,28,92,-24,126,-43,-108,64,126
50,-4,12,-44,49,-79,96,-104,60
-102,106,-84,-94,65,-111,-112,-90,-62
76,-96,94,-79,-29,41,30,-44,-8
78,30,-60,-83,-22,25,84,-74,-20
88,-84,-118,85,41,-113,-82,90,42
-24,46,-78,-71,62,-123,-90,-26,-50
118,86,18,73,3,47,-88,-42,-68
-58,26,46,108,-3,-2,46,-70,-126
4,-90,-12,63,-51,-69,-104,90,30
-32,-86,-112,72,47,-124,-34,54,40
40,-34,48,-111,-16,-80,-106,-108,74
-108,-68,-42,94,-75,-106,82,96,-90
92,-92,-40,18,-37,-3,70,-58,6
84,12,74,88,90,-38,10,-48,40
-100,-82,72,63,-110,64,-42,18,66
-12,-60,-122,12,40,83,-6,48,30
-120,-84,-10,126,-61,27,-66,26,-40
-68,-6,-52,92,-61,26,96,-64,38
-72,74,-112,16,-22,21,-124,10,70
-106,-28,14,13,79,24,118,-94,-26
6,-124,-110,-94,94,98,4,-72,90
-24,-126,30,-74,94,-96,58,4,-32
120,-98,98,-82,14,80,68,-102,40
112,-88,40,-98,2,117,74,-126,102
58,10,-16,-104,3,-126,56,84,90
-82,22,-94,-116,1,-123,-52,64,-6
94,-120,8,-25,51,-67,-60,-76,106
-96,-124,-20,-4,25,-73,-4,-4,-6
40,22,-112,-74,97,-69,120,-28,6
-108,84,-38,-64,65,-70,-86,-118,-96
64,120,-60,54,0,-5,-36,86,-12
-128,-26,12,48,-16,-5,-86,76,-6
-26,28,48,-125,-31,113,-28,66,28
78,6,88,109,-60,-120,-86,14,122
-44,46,-42,-64,12,30,-96,-16,68
92,60,-74,-87,23,31,-52,122,10
-122,96,70,-114,-118,-43,-32,-118,-36
82,72,98,-116,126,-14,68,-44,-46
56,0,118,39,-68,56,-56,-70,112
104,-108,-96,-3,-13,45,26,-46,56
-26,-24,60,-13,5,-77,126,-72,-52
-72,-26,82,-15,-9,-83,-66,8,-106
-44,-94,86,56,-65,-55,-120,34,-34
-76,-102,-10,83,-79,-52,-56,92,-64
-6,70,-106,105,82,-81,-54,-22,90
92,60,-114,109,78,-89,-108,38,-110
108,30,-10,5,-32,104,122,-16,86
-2,-58,-122,-19,46,88,8,50,38
-124,-118,-106,-112,105,5,-22,-16,-68
-122,92,-6,112,-109,-1,-64,14,-8
-30,32,12,61,-116,-53,-78,-54,-124
-96,-100,68,51,-41,-74,-6,52,62
-8,22,-36,26,68,-108,126,14,2
-114,-4,-96,58,100,126,22,32,12
48,-116,28,-81,-97,34,-2,-20,78
110,98,-108,-88,-73,22,-102,-122,-90
-120,-26,-42,-28,121,120,32,-16,88
-126,-40,-64,-30,-123,125,-72,-50,-76
32,-92,-12,-101,69,57,-30,0,66
100,118,96,-71,71,69,20,-30,-108
-8,66,-32,77,-85,-53,6,-50,104
22,-68,-24,126,-58,-33,-16,-70,-28
42,8,70,79,-17,126,-72,52,30
100,-28,110,109,1,-115,-102,76,70
-128,116,8,-101,-92,33,38,-44,-8
110,4,-90,-82,-105,56,94,-76,70
-16,-96,114,93,-4,-42,-112,-118,34
66,108,-52,89,8,-25,-36,-110,30
86,-100,120,103,-46,-18,-94,-44,84
-10,-16,-104,96,-8,-27,-76,-86,92
56,104,106,-18,-5,57,-110,48,74
86,-6,88,-67,-21,43,-22,-100,-2
-10,-74,84,36,-96,111,108,-72,108
-42,122,-120,-2,-110,127,-38,-30,-54
64,-108,126,-73,-42,2,-92,60,108
-30,68,114,-128,-81,13,-92,116,-24
-56,44,78,120,-89,24,22,-122,-62
-120,110,-100,108,-75,15,-16,92,104
-114,-110,4,-45,90,-56,-82,14,-28
-86,-52,-78,-71,97,-59,-94,14,-60
-112,110,-20,48,-104,-109,-36,116,-30
-58,-70,18,45,-95,-108,66,100,50
-8,-26,-68,-98,-74,-56,112,58,-6
-28,-94,20,-89,-63,-53,-24,-86,110
30,94,-4,8,-84,-44,120,-36,112
-46,120,-98,72,-60,-47,114,66,-48
14,20,-128,76,78,-66,98,-48,-40
-60,122,-56,117,117,-65,-18,-98,84
62,82,70,-44,113,-69,40,-40,126
-88,26,-96,-69,-3,-65,-22,-92,-50
-72,2,-6,-10,69,-68,106,-62,-108
42,116,-56,-38,36,-77,20,14,-68
-44,-128,32,-124,40,58,18,-56,76
-102,110,-82,104,22,84,-102,-124,120
48,-102,34,39,-4,-113,64,24,96
-108,-92,2,-24,-128,-99,-106,50,112
102,-110,124,-37,29,95,-108,-46,-8
22,-100,-44,-104,-92,78,114,-92,100
86,16,126,123,-23,-89,-102,14,78
100,92,-42,-119,-74,-63,-60,-6,-26
-16,18,-34,2,70,-106,-8,66,118
32,-30,-126,55,127,-123,70,102,48
-24,18,10,-60,-124,91,-6,-80,-60
62,-24,52,-82,-109,104,78,-52,-58
-64,-26,110,53,-62,93,-46,-90,-52
118,36,-26,61,-72,85,-16,64,52
-76,-114,-56,108,-27,96,-102,-76,124
-52,-88,-70,78,-7,122,-46,28,-18
106,0,70,39,4,-69,-58,-66,0
-38,-20,36,52,107,-95,-36,48,-106
-68,26,-64,94,13,70,-2,6,-92
96,74,-8,111,35,57,-124,56,-116
-66,8,-52,-90,-20,9,10,-76,78
28,38,-80,-27,61,-16,56,-88,58
84,-78,-116,-78,120,5,-34,58,-88
-12,10,-56,-64,-36,-21,8,34,124
76,-78,-100,89,-49,113,-14,70,-80
16,-100,110,-67,-68,83,16,-82,-56
66,-52,120,116,-54,-83,106,10,14
34,-44,-10,-10,-76,-92,126,-8,-20
56,64,-122,-61,72,-42,-92,76,12
-56,18,70,125,6,-46,-30,-106,-8
22,-38,98,77,-32,-7,118,40,84
116,-46,-48,63,-98,-6,118,94,82
118,10,18,-106,-106,-125,-54,-102,-26
114,-78,18,-93,117,-121,-104,98,-4
-14,-28,-76,-67,62,-114,106,-124,-116
28,-14,-60,-44,81,-98,34,100,126
-18,10,-112,-104,100,54,100,118,-6
-56,100,-32,116,73,79,44,-16,20
-100,-116,36,-126,-114,33,-84,-80,-90
54,-124,-8,-104,-102,60,-22,-60,114
34,8,48,-84,-52,-37,60,4,14
-20,10,-90,88,-121,-26,-94,-48,110
-8,0,24,65,6,-108,116,-78,-28
18,-14,-16,28,-31,-88,-82,-126,12
84,116,36,16,-76,-127,72,78,-34
-78,-120,120,-3,-89,-110,-122,74,-114
-62,122,38,25,-43,-7,24,108,22
6,104,56,40,-47,-6,88,74,-80
-16,-114,86,56,-105,31,64,100,-34
30,-14,-8,55,-104,32,24,26,22
56,-34,-36,-89,-104,-77,2,-54,-36
-70,-64,-28,-93,-101,-69,-50,-34,-124
94,-2,-74,90,-4,72,-112,-66,124
-112,24,64,92,-14,83,-76,-48,70
40,52,-66,-13,-55,-61,70,-46,-116
124,-10,40,-17,50,-23,-108,-62,112
-4,36,-6,82,81,-96,82,18,-114
2,-60,-68,76,83,-103,84,54,72
-90,-8,22,125,-41,126,-42,-42,80
56,-66,-112,72,-27,122,-6,-38,106
-60,8,-26,108,116,-103,-6,-118,36
-56,-86,-96,125,99,-99,-64,-68,60
-24,104,-106,-68,-18,-78,-110,88,-38
104,-120,-14,-95,-80,-60,-64,-30,-60
86,106,-10,28,43,83,76,12,54
48,-96,54,114,74,113,42,-64,42
-82,-62,-12,-31,-38,-82,-68,78,38
-102,-110,104,-37,-4,-78,-22,82,-112
-52,114,98,4,91,-82,60,122,12
-104,16,94,37,119,-70,-82,-116,64
-38,28,-54,-90,-42,-47,-90,-12,122
-118,108,-80,-63,-73,-29,72,108,6
122,-70,-128,-100,18,41,-90,-100,-24
42,120,-68,127,23,32,-8,6,88
116,38,14,-39,-43,-71,84,2,-86
16,8,0,-51,-5,-83,64,8,-124
-72,-116,62,-108,-24,-18,80,62,114
-28,-88,-58,-107,24,-51,92,-82,-94
48,106,104,23,117,-19,-6,52,40
-98,-74,76,54,-116,-37,102,96,68
52,-100,104,56,58,-119,16,-92,48
-124,-78,68,40,33,118,-50,-52,22
114,110,54,-25,-117,-3,106,80,-68
-78,-2,-14,-54,16,15,-42,112,64
-40,-106,-30,35,-122,-73,28,-96,-30
-116,-124,32,85,-118,-54,-58,-58,-112
-68,-28,2,-27,62,23,-98,106,10
-116,-114,-50,-9,93,44,68,-14,-48
-118,66,120,-13,38,-56,-16,68,-76
-110,62,60,-65,35,-60,58,-20,-42
98,-112,92,72,-54,15,-56,44,-50
122,12,-114,5,-62,4,-58,-82,-116
44,-24,-20,42,-84,-42,-84,-82,-94
52,-52,46,16,-103,-34,-44,-108,82
26,80,-16,69,94,-71,118,-34,-42
44,88,16,40,47,-37,34,80,-100
-4,38,46,82,72,-47,100,70,2
-18,12,-40,49,28,-27,40,102,110
-86,-108,114,122,26,17,-30,-106,32
28,-64,24,110,0,9,-86,-48,90
-114,-98,62,108,-62,57,74,-78,8
-106,-90,112,-120,23,36,98,-100,-48
106,50,68,32,35,67,-88,18,-6
-90,56,-8,53,15,46,26,78,-66
-64,108,116,-115,-21,11,0,100,94
-62,-52,38,-84,20,6,-118,-80,-26
70,-80,-18,-42,94,101,96,62,-66
-70,-24,-60,17,-105,80,-102,-6,102
-120,110,-114,42,-56,-115,-52,-20,-76
-20,28,20,85,21,-116,-2,-94,102
86,16,-82,87,-8,15,16,80,-54
-114,-18,110,-71,-65,52,-58,-6,-94
0,-88,116,-74,-58,42,70,70,-128
-114,-72,106,85,-69,97,8,100,24
16,-122,-126,33,-26,42,50,100,102
52,-20,124,65,-75,75,24,-112,124
-68,126,38,4,-23,29,110,-34,-36
-122,0,-46,-60,-37,110,-12,114,48
-40,-112,-26,-73,123,92,-56,-10,96
-26,122,-14,-75,54,79,90,16,-30
126,30,-6,23,107,-99,96,-52,16
122,88,2,-86,-128,115,80,-108,70
86,28,-114,34,66,74,16,126,68
-64,82,-102,59,40,34,-56,-120,-92
-68,-16,-100,54,-54,113,-88,14,-28
-42,-42,-18,-101,-29,52,-86,22,-108
108,-106,44,0,13,119,76,102,-82
66,22,-46,126,-95,98,-22,34,-72
60,-16,-24,-30,-105,-36,-80,34,-50
-82,38,22,74,-39,-31,-68,-48,100
-88,36,84,-85,14,-76,-6,2,16
-60,66,42,0,-33,3,26,60,-90
-58,-26,-124,8,-62,6,-66,78,66
76,-104,4,-71,62,-49,-14,108,82
72,28,-122,-26,-121,-32,-68,-72,96
80,86,46,105,8,-61,14,-72,38
84,-8,-106,119,0,95,-118,-62,-26
-106,-56,22,82,109,110,-14,-114,-54
-74,10,86,-17,29,-85,8,-86,-28
108,-120,-42,-8,-58,-115,-40,122,32
-102,-18,124,74,-120,79,120,2,-120
-70,-62,64,84,-91,91,-46,-22,-30
78,64,-50,-21,-19,37,-92,-2,-12
98,-32,94,-38,-39,66,-114,16,106
52,-122,-32,-14,-102,-95,10,62,-106
-48,-76,50,3,-123,-96,-22,-104,106
-44,2,-2,-119,-118,20,114,-8,-110
6,28,-78,114,75,43,126,58,86
30,-124,24,-122,28,-56,-12,44,20
92,-44,60,55,0,-32,48,116,-100
-8,-2,-92,-45,-37,45,44,20,-10
66,-68,-54,-54,-36,80,84,18,-128
64,18,80,-2,-4,72,50,32,16
-98,22,76,-71,0,87,60,-104,50
24,-58,-82,115,0,-38,-76,-124,22
104,-64,-114,115,58,-26,-34,120,-78
104,62,8,-61,25,-83,-10,-98,-6
88,82,34,-36,-8,-78,76,6,-58
-94,-24,-36,-103,-28,57,-4,-4,110
100,-70,24,-101,-15,83,86,-18,66
100,-60,-58,-65,106,-97,98,116,-38
112,-72,-8,-68,103,-95,56,-92,-52
6,68,-90,-54,92,107,-84,-116,-112
-52,48,-54,-59,94,98,-124,-92,-114
-86,0,-88,-61,-111,29,104,116,-16
-2,-60,-28,-52,69,36,104,120,-36
106,58,-18,93,93,30,-62,-20,-30
74,112,-42,103,46,45,14,-38,-50
-10,64,84,96,91,-67,-32,124,36
70,-66,22,117,4,-47,90,-56,-104
78,56,122,18,-35,33,2,-110,54
82,-42,30,-8,-69,22,12,-50,74
18,-20,110,2,113,97,-122,-118,-102
-10,-2,32,12,108,93,-38,106,98
-84,118,-98,96,-60,-24,120,-112,50
-42,-56,44,91,-11,-39,32,-16,-116
-94,118,108,-91,-53,-69,-78,-50,24
38,-86,-76,-85,-46,-53,34,-104,26
88,4,-4,115,-4,79,-128,-36,-22
-8,22,48,-82,-98,80,108,26,18
126,126,-64,42,125,-99,-62,-26,12
-80,-122,-86,57,85,-88,-128,-18,2
-128,-54,62,10,68,-79,-38,-36,18
-28,-100,-70,-33,89,-90,104,-10,110
-84,-16,-34,-80,-67,80,12,96,-18
14,-34,114,24,-51,101,58,-68,28
-68,12,44,22,106,-63,38,80,22
20,2,-12,79,49,-24,-58,-30,-56
-26,126,74,-106,79,-62,8,-64,32
110,-40,78,-105,62,-60,10,32,-72
-28,46,-28,-73,62,-32,-96,0,84
-82,6,16,-20,-122,-46,40,84,-52
32,16,124,117,107,-4,102,-28,110
18,24,100,-63,-125,-43,-54,-34,-72
-32,-50,4,-71,-119,57,62,-52,2
100,-84,-58,127,-35,17,74,94,-102
-20,60,120,-107,75,54,92,-74,-68
82,-18,-64,107,-124,56,58,10,-24
18,64,24,5,88,30,40,66,-98
-128,-94,-20,-63,93,18,-100,38,-104
-88,-88,42,-57,76,88,-8,-78,-88
-18,80,118,-51,70,101,-54,-52,18
-78,-48,104,-76,96,58,-96,-28,54
52,102,42,-92,103,61,116,40,-24
8,96,-128,12,-19,6,72,-120,-44
-112,-94,26,-61,40,4,-32,20,-50
72,2,-20,126,37,-51,-24,-54,-124
10,-44,6,62,26,-11,-110,-30,34
-24,-50,-48,-39,-46,107,100,90,72
108,-126,-94,-69,-66,-119,-106,96,50
78,98,-74,60,-87,-68,38,70,114
-102,36,-128,66,-25,-105,14,106,-90
78,72,-102,68,-52,89,-122,-84,38
24,102,-108,72,-50,74,34,-36,96
-76,58,-122,125,-30,101,-118,-72,74
-94,-6,-94,92,-65,94,-24,-98,112
0,84,30,10,90,1,106,112,58
-100,-90,-72,90,102,6,-64,52,56
-4,58,-118,-1,-21,43,-42,6,32
-96,120,-116,2,117,26,-82,-40,-116
108,52,70,-23,57,17,26,-112,26
34,-4,0,99,45,24,-28,-50,-4
-122,118,74,84,-89,74,22,66,94
30,76,-98,-27,-85,106,-72,68,-86
96,90,16,-121,-101,58,28,-42,2
10,32,8,-74,114,71,46,-118,8
56,-112,48,-114,55,22,-128,-84,96
-128,-84,-98,14,24,-46,-26,-122,30
-100,-14,-96,-74,-72,-77,80,118,-62
104,14,-126,9,-16,118,-86,-62,-8
-36,66,-70,-90,121,126,24,126,-58
-36,-16,-68,8,-49,126,14,78,80
-106,-28,86,48,-88,-117,72,80,90
-102,122,-70,106,-34,-106,114,72,106
-18,72,-58,85,-35,-104,52,106,120
-98,100,32,-27,61,-12,64,44,74
30,102,64,10,-58,22,-16,58,96
-20,-58,-32,77,32,-34,126,-122,6
-120,-78,-24,-100,-49,74,-84,28,-64
24,6,-112,-5,112,-4,-44,-12,-54
-28,-2,94,10,29,-69,48,-124,82
-96,6,-98,-58,109,-61,36,-22,-44
96,-98,50,62,-84,4,-96,76,-32
68,46,2,42,100,9,114,-34,112
-86,10,-92,87,-6,-25,24,-34,2
20,36,62,-39,-27,-53,76,46,-80
-86,-22,-106,28,-46,-61,14,-102,-40
94,90,-102,5,-82,-42,92,100,126
56,64,-118,89,-82,-112,-106,-100,14
-8,-28,-26,76,-69,-89,-96,-56,82
-14,118,60,-76,10,-61,64,54,54
100,124,-16,-65,-2,-58,78,-60,-122
-16,-88,12,24,88,13,26,90,62
114,-18,4,-12,60,18,-110,44,126
-52,-16,-6,26,11,36,24,-82,98
90,54,94,58,-44,72,80,-40,114
-100,18,-94,7,-90,93,-22,42,96
82,42,32,-13,-87,108,78,40,86
-2,-68,80,-15,-46,89,-56,40,-108
26,-112,60,-6,-54,67,66,-72,-60
-2,-64,-70,-24,122,-26,-6,44,44
88,-100,-42,-7,-102,-2,-24,-104,14
-110,78,-26,-50,35,-124,98,-46,66
80,-40,4,-49,45,-114,-86,48,44
-38,-54,-2,-28,-95,55,-120,-122,52
-46,34,24,-66,-108,60,-66,-76,50
54,-104,-46,111,-97,-39,-56,-82,108
-40,-48,-60,111,-52,-59,-112,-4,38
98,-72,-30,62,-20,-116,126,48,-86
-4,118,88,8,12,-110,-116,28,-62
-20,88,122,30,67,-117,80,10,-60
-52,102,124,25,53,-108,-10,14,-12
-70,-124,-78,111,-36,70,96,50,90
60,-30,112,-117,-66,88,-56,-114,8
-72,112,-66,-128,-20,118,56,-66,-96
86,24,86,-101,-5,-117,38,6,-64
-76,-62,28,76,-53,-4,104,-68,-90
122,-38,44,123,-36,19,56,22,-54
