-12580,-9668,2872,-955,20,1742,7008,14076,-244
-12580,-9668,2872,-955,20,1742,7008,14076,-244
-12492,-9588,2880,-962,8,1720,6784,14020,-52
-12492,-9588,2880,-962,8,1720,6784,14020,-52
-12580,-9676,2940,-952,42,1754,7052,14024,-120
-12580,-9676,2940,-952,42,1754,7052,14024,-120
-12616,-9672,3096,-967,47,1756,6980,13992,-196
-12560,-9684,2936,-977,57,1744,6904,13996,-88
-12560,-9684,2936,-977,57,1744,6904,13996,-88
-12556,-9656,2960,-968,104,1698,6832,13952,-212
-12632,-9648,3092,-984,108,1686,6868,13888,-264
-12632,-9648,3092,-984,108,1686,6868,13888,-264
-12512,-9592,2924,-1004,84,1635,6840,14012,-212
-12604,-9624,2932,-967,75,1606,6944,13984,-324
-12604,-9624,2932,-967,75,1606,6944,13984,-324
-12640,-9588,2932,-997,87,1601,7000,14084,-360
-12632,-9552,3032,-982,61,1599,7012,13972,-112
-12640,-9628,2964,-973,70,1613,6872,14048,-164
-12628,-9548,2952,-1010,53,1628,7036,13980,-108
-12672,-9576,2972,-1007,64,1667,6944,14056,-240
-12652,-9524,2836,-974,82,1679,7000,14104,-132
-12640,-9460,2884,-1008,98,1696,6872,13980,-132
-12684,-9516,2848,-1001,108,1722,6804,13944,-132
-12612,-9552,2924,-979,103,1722,6844,13896,-296
-12584,-9568,2968,-996,86,1768,6916,13956,-252
-12664,-9512,2816,-1001,100,1780,7008,13900,-280
-12620,-9420,2996,-1016,91,1746,6852,13960,-372
-12592,-9460,2872,-992,56,1756,6764,14016,-272
-12552,-9472,2952,-1021,21,1747,6872,14104,-340
-12656,-9524,3108,-999,40,1731,6940,13976,-176
-12548,-9472,2892,-1018,7,1721,6996,14088,-160
-12640,-9560,2908,-1034,35,1718,6948,14068,-312
-12548,-9536,2816,-1058,3,1658,6976,14020,-192
-12668,-9508,3032,-1030,39,1667,6948,14108,-212
-12556,-9564,2968,-1019,32,1680,7044,14100,-132
-12592,-9564,2928,-1043,35,1639,6964,14056,-176
-12572,-9580,2908,-1053,9,1642,6892,14080,-228
-12620,-9584,2956,-1044,37,1652,6876,13972,-148
-12624,-9508,2940,-1067,29,1663,6900,14024,-260
-12580,-9512,2980,-1030,47,1643,6940,13900,-284
-12560,-9504,3160,-1040,37,1678,6844,13900,-212
-12564,-9480,2980,-1026,43,1704,6768,13916,-168
-12536,-9556,2900,-1017,32,1695,6816,13984,-448
-12620,-9512,2996,-1031,22,1726,6756,14048,-68
-12524,-9480,2884,-1026,27,1725,6924,14016,-332
-12468,-9720,2852,-1030,37,1744,6904,14136,-296
-12512,-9100,2872,-1014,50,1783,7104,14084,-236
-12648,-9768,3216,-1024,56,1790,7060,14000,-260
-12528,-9436,2944,-985,54,1798,6988,13916,-208
-12664,-9400,3136,-984,69,1821,6872,13928,-212
-12636,-9708,3064,-1009,62,1809,6796,14060,-308
-12664,-9476,3024,-1012,82,1810,6936,14008,-304
-12616,-9508,2908,-992,53,1805,7012,13972,-168
-12668,-9624,2788,-1015,29,1807,6904,13956,-280
-12636,-9608,2856,-1001,9,1791,6888,13984,-148
-12624,-9588,2820,-1008,48,1765,6772,13936,-412
-12540,-9636,2968,-1018,54,1734,6844,14048,-144
-12640,-9676,2936,-1016,61,1706,6964,14104,-296
-12684,-9584,3024,-1032,80,1671,7052,14056,-144
-12584,-9512,2944,-1006,89,1602,7032,13992,-64
-12576,-9480,3096,-1015,114,1577,6932,13888,-124
-12552,-9260,3032,-999,102,1549,6828,14024,-212
-12632,-9368,3016,-976,45,1566,6796,13960,-148
-12692,-9404,2932,-978,20,1575,6852,13940,-144
-12612,-9412,2852,-959,-10,1637,6800,13952,-196
-12604,-9396,3012,-951,-12,1689,6812,13912,-264
-12496,-9404,2852,-947,-7,1793,6840,13944,-148
-12596,-9464,2884,-947,3,1877,6884,13984,-204
-12524,-9536,2700,-911,1,1958,6960,14080,-176
-12468,-9536,2832,-935,41,2019,6984,14044,-320
-12572,-9540,2868,-909,53,2041,7024,13928,-232
-12520,-9548,2880,-934,80,2028,7032,14000,-216
-12592,-9592,2896,-940,65,1992,6976,13972,-140
-12560,-9536,2888,-945,80,1950,6824,13976,-296
-12696,-9676,2884,-952,66,1890,6900,14056,-216
-12668,-9644,2972,-948,52,1826,6984,14012,-144
-12540,-9716,3004,-983,34,1780,7076,14020,-236
-12568,-9472,2796,-992,75,1693,6992,14080,-96
-12564,-9696,2860,-970,66,1653,7056,14092,-220
-12628,-9664,2976,-998,57,1621,6928,14024,-152
-12664,-9688,2844,-982,40,1585,7028,13952,-24
-12652,-9668,2952,-980,42,1618,7064,14036,-272
-12672,-9620,2948,-1004,32,1632,7044,13996,-236
-12608,-9512,3080,-1020,15,1635,7012,14016,-124
-12604,-9580,2988,-1005,44,1628,6932,14008,-176
-12664,-9456,2872,-998,29,1649,6848,14004,-36
-12612,-9504,2920,-989,63,1710,6876,14012,-228
-12636,-9496,3008,-970,106,1721,6956,13996,56
-12652,-9400,3092,-972,55,1769,7060,13956,-96
-12700,-9424,3012,-954,32,1796,7120,13920,-48
-12552,-9472,2796,-968,-7,1823,6992,13896,76
-12680,-9476,2808,-973,-25,1832,6888,14052,-184
-12724,-9436,2844,-967,-46,1857,6788,13992,-100
-12564,-9476,2832,-975,-48,1860,6776,13932,-180
-12676,-9436,2848,-993,-49,1861,6804,14000,-88
-12620,-9472,2936,-1007,-41,1850,7120,13944,-164
-12668,-9492,2912,-1013,-32,1832,6892,14036,-236
-12644,-9624,2852,-1020,-31,1841,6968,14068,-260
-12692,-9508,2932,-1009,-8,1812,6796,14020,-176
-12620,-9644,2988,-1027,-3,1827,6984,14036,-120
-12644,-9620,2824,-1031,6,1792,6784,14000,-180
-12576,-9608,3052,-1016,3,1758,6876,14036,-176
-12624,-9780,2956,-1007,41,1746,6892,13912,-52
-12616,-9620,2872,-1040,63,1741,7108,14048,-276
-12536,-9668,3076,-1036,79,1681,7092,14100,-140
-12604,-9680,2920,-1056,77,1666,7136,14020,-108
-12576,-9652,2996,-1042,76,1614,6968,14044,-240
-12552,-9672,3040,-1035,96,1571,6908,14120,-156
-12528,-9656,3020,-1019,106,1543,7020,13956,-216
-12564,-9640,2896,-1031,69,1534,7228,13968,4
-12544,-9536,3036,-1052,68,1527,7028,14024,-196
-12684,-9616,3064,-1026,71,1541,6932,14000,-192
-12520,-9416,2952,-995,53,1552,6864,13940,-40
-12628,-9552,3008,-1031,63,1546,6960,13888,-104
-12472,-9424,2920,-1038,47,1569,7076,13856,8
-12584,-9508,2960,-1024,72,1586,7024,14012,-188
-12620,-9572,2992,-1025,54,1615,6968,13972,-164
-12592,-9524,3000,-1024,49,1657,7080,13912,-204
-12592,-9504,2940,-1013,61,1688,6920,13944,-72
-12548,-9560,2872,-1011,69,1711,6948,14020,-112
-12660,-9504,2976,-1023,74,1743,6880,14028,-12
-12520,-9652,2892,-1031,69,1758,6976,14000,-108
-12552,-9584,2860,-1013,67,1759,6996,13988,-64
-12680,-9588,2840,-1028,73,1773,7092,14028,-148
-12660,-9660,2912,-1004,70,1729,7024,13992,32
-12604,-9636,2964,-1039,70,1695,7032,13932,-68
-12696,-9540,2992,-1052,85,1664,7068,14068,-72
-12644,-9528,2900,-1033,72,1599,7084,14044,-168
-12740,-9560,2860,-1071,54,1574,7108,13992,-120
-12580,-9568,2804,-1065,62,1538,7000,13984,-104
-12672,-9536,2952,-1077,25,1503,6932,13964,-232
-12576,-9504,3000,-1045,30,1488,6892,13964,-124
-12540,-9452,3020,-1048,23,1474,6888,13928,-156
-12548,-9552,2952,-1060,5,1470,6848,13996,-212
-12560,-9412,2828,-1095,9,1477,6932,13976,-232
-12680,-9488,2864,-1060,16,1479,7004,14000,-12
-12600,-9456,2936,-1055,19,1502,7008,13840,8
-12636,-9544,2804,-1054,41,1501,6996,14032,-176
-12632,-9576,2728,-1072,32,1526,6916,13952,-160
-12748,-9560,2876,-1070,53,1556,7072,14000,12
-12744,-9544,2972,-1086,44,1573,7116,14000,-40
-12640,-9592,2756,-1090,47,1559,7008,13904,-40
-12676,-9608,2824,-1084,52,1521,6916,13912,-108
-12700,-9848,2660,-1096,37,1481,6764,14052,36
-12816,-10076,2808,-1079,44,1434,6880,14004,60
-12648,-10236,3268,-1091,42,1375,6936,13936,108
-12712,-10496,3340,-1112,15,1276,7220,13996,296
-12836,-10528,4188,-1124,32,1217,7468,14016,388
-13212,-10740,4456,-1132,102,1091,7564,13932,804
-12884,-10896,5164,-1171,63,1002,7580,13896,892
-12932,-10284,5736,-1178,52,893,7924,13908,728
-13220,-10248,6088,-1236,55,801,8112,14140,860
-13504,-9284,6280,-1249,44,704,7280,14068,740
-13832,-9880,6704,-1261,50,666,7448,14048,532
-14052,-9376,6600,-1313,133,644,7108,13912,524
-14892,-7868,6796,-1302,229,626,6836,14060,360
-15112,-8092,6596,-1314,346,540,6748,13828,144
-14996,-8328,6404,-1356,351,488,6676,14128,-80
-14916,-7816,6176,-1342,332,485,6508,13872,0
-14844,-7788,6172,-1353,313,514,6704,13804,284
-14580,-8532,6308,-1347,251,553,6804,13744,384
-14512,-8728,6300,-1367,125,640,7048,13780,628
-14172,-8836,6148,-1354,-1,719,7068,13692,692
-13992,-8632,6224,-1388,-109,773,7052,13800,652
-14180,-8456,5760,-1435,-111,805,7224,13740,744
-13856,-8600,5496,-1469,-57,758,7492,13588,904
-13620,-8564,4988,-1531,-30,736,7660,13908,912
-13264,-8440,4480,-1636,-37,701,7636,13804,744
-12844,-8836,4292,-1719,-57,635,7428,13880,416
-12612,-9128,4192,-1755,-100,562,6988,13764,276
-12420,-8872,3820,-1871,-172,495,6700,13772,284
-12212,-9244,3860,-1923,-229,451,6768,13856,176
-12160,-9308,3740,-1985,-249,480,6948,14000,128
-12036,-9648,3732,-2070,-224,430,7024,13972,-108
-11908,-9676,3404,-2135,-180,400,7052,13912,-216
-11932,-9788,2952,-2227,-192,358,6924,13980,-636
-11796,-10076,2652,-2262,-226,314,6996,13988,-468
-11596,-9944,2052,-2318,-253,287,6980,14108,-532
-11300,-10324,1792,-2330,-252,282,6872,14136,-408
-11152,-11244,1940,-2309,-249,303,7052,14316,-572
-11012,-11664,2292,-2340,-182,272,7048,14404,-396
-11080,-12744,2892,-2345,-192,273,6920,14208,4
-10756,-12468,3116,-2362,-194,276,7232,14004,368
-10656,-13524,2872,-2397,-212,272,7328,14296,480
-10408,-14736,2856,-2436,-200,328,6940,14308,172
-10164,-15128,3176,-2446,-205,412,6648,14324,456
-10336,-16120,3852,-2483,-182,508,6632,14128,632
-10188,-16456,5000,-2478,-202,621,6904,14152,660
-10380,-17216,5952,-2446,-210,771,6832,14404,756
-10224,-17504,6708,-2480,-259,908,6524,13864,492
-10400,-16704,8048,-2528,-314,1013,6324,13540,624
-10668,-16468,9636,-2614,-391,1104,6024,14120,196
-10812,-16960,10588,-2627,-454,1224,5624,13872,260
-10480,-16856,10928,-2653,-513,1320,5288,13604,-368
-10136,-16704,11140,-2657,-585,1471,5448,13772,-544
-9596,-16600,10736,-2699,-678,1643,5204,12996,264
-8560,-17144,10224,-2672,-773,1795,5432,13344,136
-7424,-18208,10340,-2643,-848,1908,6204,13220,712
-6804,-19308,11348,-2556,-866,1997,6628,12932,636
-6356,-20096,12488,-2473,-902,2116,6892,13388,888
-6452,-20392,13552,-2430,-847,2276,7176,14216,584
-7088,-18576,15336,-2369,-755,2435,7676,14252,456
-7676,-17012,16712,-2221,-689,2572,8120,14096,328
-8080,-16364,17600,-2049,-671,2751,8592,14100,272
-8200,-16052,17600,-1825,-699,2942,9624,13996,400
-8172,-15860,17864,-1570,-826,3157,9288,13872,-192
-7512,-16628,17604,-1245,-936,3406,8544,13788,-608
-7188,-16572,17728,-933,-1052,3617,7904,13604,-1472
-7080,-16192,18648,-761,-874,3379,7452,14488,-2184
-7792,-15852,19992,-197,-865,3654,7032,14552,-2788
-8436,-16120,21904,-77,-815,3768,6520,15244,-4096
-8924,-16512,22840,164,-919,3643,6056,15196,-4320
-9180,-16480,23336,421,-455,3546,5596,16024,-4960
-8896,-16736,23520,554,-194,3329,5368,15824,-5420
-8620,-16096,22788,639,44,3160,5352,14964,-4896
-8168,-15668,22544,733,467,2865,6744,14712,-3416
-7848,-15628,22608,746,984,2225,7312,14852,-2260
-8408,-15240,23308,918,1570,1617,7828,15096,-1392
-8928,-14808,23568,1014,2092,1061,7748,15376,-468
-8632,-14344,23304,1109,2313,564,7100,15184,212
-8740,-13828,23128,1259,2484,336,5636,15244,516
-9048,-13956,23132,1380,2643,231,4584,15260,1224
-9392,-13756,22252,1457,2843,-1,4164,15256,984
-9128,-12984,21536,1574,3012,-164,4340,15272,768
-9004,-12904,21152,1612,3060,-338,4332,15164,860
-9632,-11172,21128,1709,3149,-187,4644,15140,932
-9768,-11348,20744,1754,3315,-24,5208,15392,972
-10164,-11072,20568,1758,3280,364,5708,15200,1216
-10408,-10556,19680,1756,3334,699,6192,15168,1200
-10400,-8768,18704,1743,3333,888,6812,14756,1576
-10544,-6792,18568,1634,2840,1462,6948,14476,1372
-10580,-6432,18844,1411,3369,1621,6844,14264,1348
-11152,-5552,18792,1297,3566,1813,6344,14144,1268
-11368,-4348,18516,1077,3615,2101,6092,13912,916
-11416,-2608,18388,787,3435,2325,5740,14040,388
-11776,-1584,18132,614,3372,2688,5700,14092,-64
-11604,-700,17280,492,3462,3065,5364,13992,-292
-10980,-40,16308,288,3631,2860,5632,13944,-1128
-10536,980,15236,196,4233,3120,6548,13984,-1348
-10448,1984,14348,116,4174,3020,7776,13644,-1580
-10256,2604,13356,50,4472,2492,8556,12972,-1096
-9744,3552,12500,58,4336,1864,9004,13048,-860
-9776,3744,11924,-36,3825,1001,8820,12808,-312
-9544,3572,11464,-223,3287,152,9216,12620,928
-8692,4232,10724,-40,3033,125,9372,13132,1236
-8572,4484,10344,-291,2220,-328,9340,13568,556
-8136,4692,9540,-192,1635,-769,8476,13420,-644
-7664,5236,8708,-452,1775,-1007,7320,13668,-1716
-7844,5464,7584,-471,1586,-1567,5976,13588,-3092
-6604,4848,6436,-649,1550,-2798,5004,14048,-3580
-6268,5544,5432,-886,400,-3662,4832,13812,-3988
-5968,5304,4320,-641,-257,-3407,4796,14204,-4164
-4728,5040,3248,-599,-527,-2648,5404,13908,-3916
-4344,5068,2576,-590,-571,-1650,6296,13608,-3564
-4200,5256,1844,-530,-774,-609,6884,12824,-3292
-3468,4428,1100,-339,-1387,421,7280,12624,-2920
-3004,4264,212,-222,-2347,1134,7156,12452,-2320
-2500,3712,-536,-93,-3156,1925,6956,12640,-1956
-2040,2908,-1216,-123,-3202,2590,6788,12456,-1608
-1496,2224,-1868,-78,-3051,3086,6780,12568,-1220
32,1048,-2880,-4,-2587,3590,6764,12416,-980
324,-336,-3940,-36,-2151,3929,7044,12548,-716
1612,-760,-4900,-37,-1342,4321,7144,13216,-572
2360,-2048,-5708,9,-467,4930,6992,13736,-592
2704,-2304,-5984,93,-89,5503,7244,13992,120
3168,-2384,-6168,181,315,5995,7792,14180,492
2996,-3064,-6012,319,359,6434,8112,14400,456
3564,-4760,-5844,380,580,6717,8420,14336,432
4112,-5516,-5496,303,539,6973,8704,13556,476
5044,-6296,-5304,209,227,7136,9104,13340,612
6088,-7140,-5744,28,85,7119,9064,13404,280
7292,-7932,-6256,-227,-272,7065,9484,13340,392
7648,-8132,-6220,-534,-680,6889,9200,13004,-532
7676,-8256,-5660,-1014,-1270,6717,8848,13416,-592
7440,-8820,-4164,-1150,-1800,6296,7924,13692,-932
7176,-9776,-2036,-980,-2244,6162,7624,14416,-1136
7452,-10468,116,-1056,-2825,5838,7772,14328,-964
8088,-11848,1680,-1138,-3097,5428,8000,14276,-664
9956,-12748,2932,-1189,-3115,5002,8448,14224,-492
11608,-13504,3860,-1283,-3120,4436,8852,13992,92
13268,-14368,5012,-1393,-3093,3687,9060,14000,552
14500,-15516,6148,-1404,-3183,2982,9280,14148,1012
15404,-16452,8136,-1411,-3359,2290,9048,14292,820
16028,-17044,10416,-1510,-3674,1765,8984,14700,536
16692,-17684,12632,-1737,-4224,1372,9564,15104,312
17948,-17188,13976,-1985,-4474,821,9408,14764,-488
19932,-16244,15280,-2071,-4102,211,9492,15336,-1412
21680,-15876,16020,-2055,-3239,-409,9936,15476,-1984
23044,-15408,16680,-2132,-2558,-970,9948,15368,-3128
24032,-15784,17956,-2074,-2018,-1513,10008,15420,-4712
25352,-16636,18884,-2007,-1486,-1969,9840,15036,-5436
26704,-15940,21436,-1967,-858,-2576,9572,14320,-5568
27368,-14156,23956,-1980,-479,-3211,8852,12776,-5220
27592,-12544,26428,-1949,-129,-3780,8580,11768,-4700
27288,-10748,28432,-1889,21,-4142,8300,11800,-4084
26568,-9212,29624,-1689,-24,-4202,7492,12652,-3860
26308,-8900,30016,-1559,155,-4007,6608,13368,-3012
25728,-8944,29524,-1462,-180,-3683,5176,12764,-1960
25056,-8416,29904,-1459,-93,-3514,5056,12088,-1444
23392,-7056,30972,-1326,308,-3152,5888,12116,-584
22320,-5868,32140,-1134,879,-2889,6188,10496,-200
21320,-5008,32767,-989,1272,-2632,7216,9064,56
20044,-3904,32767,-758,1559,-2261,7352,8436,-108
18992,-3264,32767,-600,1810,-1988,6152,9052,-456
17432,-1896,32767,-489,1683,-1415,5284,10312,-1484
15720,656,32767,-529,1454,-1073,4468,11124,-2024
14480,1568,32767,-414,1256,-646,4676,11556,-2964
13312,2852,32767,-373,1260,-235,5108,12416,-3448
11936,3284,32767,-371,1294,142,4812,13932,-4272
11732,2440,32767,-311,1551,523,5604,14268,-4624
11200,1588,32767,-100,1908,916,6216,14784,-4740
9928,1856,32767,-19,2256,1312,6704,13560,-4240
8432,3284,32767,-16,2174,1907,6848,14524,-4036
6584,4944,32767,-13,2453,2433,6608,14332,-3948
4424,6876,32767,48,2559,2818,6504,14316,-3812
2008,7808,32767,137,2587,3117,6652,14908,-3508
-172,8864,32340,287,2332,3266,6684,15596,-3408
-1456,9180,30600,566,2338,3223,6420,15860,-3352
-2652,9080,28496,562,2590,3241,7072,15728,-2660
-3860,9964,26268,352,2685,2925,7844,15520,-2100
-5240,10700,24036,261,2973,1518,9092,16012,-1656
-6492,11448,22344,-226,4115,-398,9440,16548,-1292
-6568,11308,21064,-471,5246,-2673,10340,15464,-1244
-6704,11272,19804,-889,5672,-4854,10240,14852,-1268
-7352,11044,17892,-1521,5941,-6699,9680,14628,-332
-7520,11748,16152,-1464,5343,-8934,8632,13708,-592
-7672,12316,14484,-1148,5521,-11386,6980,12972,-348
-7616,12100,12816,-1164,5649,-12907,6088,12776,-392
-6744,11912,10844,-993,5929,-14014,6444,12556,-444
-6476,11704,9288,-1900,6041,-11321,6708,13028,-1196
-6064,11312,7764,-2277,4047,-10327,7784,12968,-1888
-5212,10644,5964,-2682,3213,-9719,6872,13448,-2272
-4556,10172,4880,-2151,2002,-8432,6452,14404,-2224
-3848,9572,3920,-1737,1443,-7015,6652,13496,-2440
-3404,9060,3212,-1668,801,-5470,6248,14276,-2928
-3208,8604,2436,-1338,808,-3645,6332,13804,-3116
-2484,8148,1960,-1374,678,-1988,6552,13440,-3124
-1640,7204,1720,-1179,525,-197,5948,13124,-3380
-1152,6212,1260,-1051,847,1182,5964,12664,-2692
-924,5048,624,-1028,1285,2415,6336,12956,-2180
72,4200,-332,-1308,1664,3379,5928,13288,-1568
628,4112,-920,-1442,2913,3864,5772,13272,-1496
884,4004,-1100,-1565,4841,4239,5084,14008,-1292
1272,3532,-1380,-1493,7052,4588,5564,14636,-948
1960,2724,-1056,-1433,8648,4809,6072,14824,-492
2172,2608,-984,-1113,9478,4549,7100,15112,-112
2456,2772,-816,-944,8982,3750,7836,14900,-132
2884,2316,-900,-831,6658,3307,8484,14340,-164
3668,1764,-884,-893,4441,3038,9020,14104,388
4424,1408,-1348,-1076,2670,2877,8948,13496,688
4724,768,-1540,-1336,1086,2502,9028,13316,648
4724,736,-1632,-1712,-224,1885,8884,13136,888
4708,-16,-1804,-2100,-1870,1610,8352,13096,780
4396,-460,-1728,-2724,-3222,1507,7636,13156,484
3908,-1676,-1812,-2860,-4898,1473,7044,13392,236
4084,-2824,-2236,-2427,-5238,1679,6912,13172,-76
4932,-3220,-2596,-2064,-4842,2416,6700,13300,-176
5768,-2572,-3020,-2052,-4071,2793,6852,13228,-52
7448,-2224,-2956,-1796,-2853,3372,7200,13296,88
8356,-1292,-2584,-1765,-1454,3911,7504,13528,396
8256,-1344,-2132,-1802,-817,4526,7736,13660,484
8208,-2324,-1612,-1767,-545,5144,8024,13672,232
8328,-2964,-1136,-1649,-60,6017,8108,14004,-176
7884,-3824,-248,-1558,-147,6374,8208,14348,-528
7080,-4784,456,-1102,-96,6771,8492,14380,-968
6592,-5124,1072,-634,158,7018,8908,14308,-1400
6400,-5308,1072,-613,-305,7268,9076,14240,-1760
7808,-6320,1440,-725,-960,7171,8816,13864,-1796
9300,-7208,1964,-982,-1532,6966,8408,13684,-1556
10904,-7816,2080,-1408,-1825,6431,8020,13500,-1216
12816,-8160,2168,-1833,-2120,5558,7640,13356,-1288
14268,-8060,2704,-2237,-1687,4751,7532,13228,-944
14456,-8216,4200,-2135,-2108,3909,7132,13336,-712
14004,-7504,5584,-1769,-1852,2538,6776,13600,-1072
13636,-7748,7212,-1286,-2420,1651,6420,13748,-1508
13484,-8688,8996,-1857,-3463,1982,6492,13784,-1860
14148,-9000,10680,-1897,-3456,2096,6340,13752,-2404
15496,-8828,12244,-1808,-2506,1540,6472,13984,-2636
17604,-9288,12784,-1825,-2232,1073,6536,14120,-2824
19552,-8612,12360,-2307,-2005,498,6692,14196,-2576
21492,-8264,12668,-2486,-1894,-139,6996,14312,-2116
22632,-7532,13116,-2387,-1793,-526,7208,14268,-1288
23460,-6844,14216,-2146,-1893,-701,7144,14272,-968
24060,-5608,15748,-1686,-2309,-571,7380,14208,-628
24736,-5584,18464,-1255,-2662,-445,7392,13900,-728
25312,-5512,20308,-894,-2813,-54,7612,13576,-544
26636,-5912,22000,-735,-2756,295,7688,13388,-848
27592,-6540,23188,-691,-2637,649,7516,13308,-980
28536,-6968,23936,-776,-2456,1080,7404,13412,-1192
29168,-7840,24296,-939,-2552,1479,7332,13440,-1344
29512,-8284,24432,-974,-2436,1837,7204,13556,-1176
29088,-7472,25184,-894,-2309,2174,7200,13600,-1124
27912,-5532,26344,-692,-2200,2626,7228,13588,-980
27208,-4200,27284,-438,-2028,3109,7320,13564,-1064
26368,-3048,28628,-192,-1936,3731,7872,13812,-308
25780,-2424,29476,63,-1699,4255,8136,13600,-112
25204,-2392,29296,272,-1441,4671,8732,13396,136
25068,-3376,28572,396,-1026,4992,8792,13248,208
24608,-4228,28080,394,-465,5183,8544,13388,368
24536,-4748,27584,393,11,5323,7976,13516,268
23584,-3404,27592,325,411,5311,7740,13584,168
22440,-2972,28220,373,671,5324,7748,13660,0
20748,-580,29144,443,894,5375,7960,13380,-52
19616,948,29272,521,1002,5375,8164,13240,-168
18920,1868,29512,562,1134,5293,8228,13124,-276
17840,1504,28972,576,1300,5145,8208,13052,-392
17424,1252,28052,591,1591,4874,7972,13380,-800
16368,2028,27656,502,1725,4632,7688,13388,-904
14936,2804,27388,448,1891,4444,7704,13284,-912
13748,3556,27044,319,2018,4180,7712,13332,-912
12340,5528,26872,184,2135,3785,7696,13488,-1288
11052,7924,26804,59,2218,3451,7656,13600,-1108
9872,9012,26504,-74,2211,3177,7740,13600,-836
9064,10092,25796,-168,2150,2974,7804,13604,-840
8672,10436,25128,-230,1882,2850,7904,13580,-708
8156,10460,23988,-167,1569,2732,7960,13668,-700
7240,10512,23000,-171,1247,2554,7908,13896,-868
5556,11064,22072,-126,1100,2176,7564,13844,-1012
3984,11536,21232,-100,1236,1508,7208,14184,-1160
2484,12256,20152,146,1584,426,7132,14092,-996
1192,13024,19416,263,2211,-1084,7212,13880,-804
88,13660,18536,90,2205,-3078,7272,13808,-940
-2024,14404,17796,-358,2895,-5761,7256,13540,-972
-1740,14792,17024,-950,2724,-7773,7240,13340,-788
-840,14672,16324,-1428,2265,-9954,7440,13444,-916
-1992,14964,15168,-1689,2504,-12807,7520,13376,-792
-3320,16300,14136,-1597,3201,-15017,7720,13416,-428
-3116,16048,13292,-1884,3698,-16954,7784,13488,-848
-3908,16056,12348,-2435,7586,-15683,7892,13568,-956
-3664,15228,11260,-2807,3368,-15663,7420,13696,-1692
-3908,15472,10712,-2805,4409,-17263,7356,14292,-948
-3596,14120,9716,-2372,2542,-16345,7088,14200,-1016
-3572,13624,8756,-2518,1476,-15588,6664,13680,-1472
-4440,13180,8000,-1985,118,-12523,7164,13696,-992
-4464,12776,7200,-1169,-441,-8952,6952,13476,-1244
-5080,12972,6140,-1252,-1140,-5188,6816,13396,-1312
-3956,11996,4808,-1237,-1087,-1953,6864,13656,-1340
-3848,10928,4604,-1258,-735,1141,6632,13464,-1660
-3220,10248,3904,-1261,112,3319,6728,13540,-1412
-2988,9928,3268,-1219,1680,4947,7132,13900,-1564
-2960,9020,2860,-1570,2841,6098,7328,13656,-1472
-2220,7496,1980,-1784,4809,6738,7184,13452,-1684
-2312,7528,1572,-1887,6685,7235,7020,13988,-1676
-1860,7332,1720,-1835,8743,7696,7168,13760,-1648
-1436,5964,1056,-1656,9909,7751,6864,14000,-1272
-648,5300,632,-1391,10432,7462,6740,13920,-1640
272,4380,252,-1226,10401,6257,6860,13804,-1224
604,4004,-112,-1035,8462,4336,6988,13672,-1284
928,3940,-528,-892,4769,2819,6984,13600,-1068
1780,2968,-724,-706,1896,1545,7292,13508,-972
2356,2440,-1180,-701,654,362,7272,13420,-932
2980,1364,-1416,-876,-1138,-726,7220,13608,-1244
3216,528,-1468,-1140,-2927,-852,7324,14000,-1104
3332,-188,-1552,-1321,-4338,-409,7488,14060,-1128
3276,-1496,-1452,-1399,-5736,656,7484,14084,-1008
3784,-1764,-1448,-1307,-6200,1832,7560,13816,-832
4204,-1788,-1708,-1061,-5840,2870,7644,13720,-692
4944,-2720,-1904,-853,-4870,3730,7408,13428,-912
5880,-2716,-1752,-630,-3549,4601,7620,13364,-764
5872,-2688,-1372,-375,-1803,5396,7504,13428,-952
5460,-3456,-816,-180,-159,6224,7400,13700,-876
5244,-4440,-240,-196,882,6989,7544,13760,-900
4716,-5724,-24,-145,1401,7602,7496,13764,-540
4792,-6596,52,-421,797,9014,7588,13840,-744
6196,-6916,232,-1062,-1295,10184,7708,13784,-700
8104,-7040,416,-1776,-2892,10739,7604,13820,-636
9180,-6720,792,-2148,-4083,11731,7740,13748,-824
9124,-6640,1152,-2901,-5468,12509,7600,13672,-468
8504,-7276,1744,-3183,-6300,12322,7576,13660,-840
7944,-8276,2484,-2601,-5852,11404,7532,13700,-684
7368,-9484,3276,-1438,-4669,10761,7424,13624,-976
7216,-10544,3564,-857,-3814,9513,7560,13720,-832
9484,-11428,3764,-451,-3547,8804,7588,13568,-676
12032,-12080,4368,-705,-3770,8179,7640,13524,-936
14352,-12728,4840,-1166,-4374,7526,7376,13868,-724
15792,-12876,5876,-1697,-5187,6836,7176,13936,-872
15368,-11716,7264,-2043,-5512,5472,7268,14004,-828
14804,-10736,8640,-2024,-5184,4787,7272,14052,-1048
14820,-10076,9968,-1579,-5217,4641,7284,13936,-952
15092,-10372,10964,-1141,-5246,4390,7512,13620,-960
16972,-10860,12508,-1484,-5296,4629,7512,13468,-1072
19332,-11660,14156,-1982,-5227,5830,7376,13328,-1180
21948,-12108,15708,-1679,-2598,5555,7496,13612,-1164
23496,-12076,16852,-1580,-1213,4602,7556,13440,-1216
24812,-10924,18444,-1382,-356,3754,7620,13340,-1084
25080,-9732,20012,-1324,-129,3072,7744,13340,-944
25724,-7244,21860,-1093,-276,2270,7844,13292,-956
25980,-6440,24644,-977,-261,1929,7860,13296,-772
27052,-6524,26368,-792,-233,1848,8164,13460,-796
27880,-6400,27376,-744,-785,2051,8356,13476,-560
28600,-6896,28160,-784,-1418,2185,8160,13556,-236
29452,-8172,28004,-749,-1844,2072,7876,13792,-340
29632,-8200,28036,-625,-1969,1776,7940,13716,-312
28544,-5856,29284,-567,-2352,1599,8000,13612,-280
26776,-2884,31108,-586,-3022,1700,7936,13428,-412
26400,-1800,32688,-596,-3583,1902,8128,13556,-104
25816,-1156,32767,-562,-3793,2097,7812,13712,-316
25476,-1040,32767,-477,-3436,2142,7900,13612,-304
25176,-1656,32767,-286,-2752,1902,7860,13560,-300
24732,-2660,32767,-156,-2135,1787,8196,13740,-252
23508,-2552,32220,-148,-1423,1511,8000,13644,-112
21488,-776,32400,-156,-783,1229,7848,13276,-520
20060,340,32767,-187,13,947,7732,13376,-560
18984,2240,32767,-252,623,720,7488,13488,-644
18152,3240,32767,-267,729,712,7644,13524,-676
17072,3988,32767,-243,753,795,7652,13572,-620
17172,3668,32767,-262,864,906,7652,13444,-912
17104,3508,32767,-238,871,1040,7636,13568,-888
16660,3208,31748,-223,1054,1189,7816,13340,-1068
15316,5244,31520,-282,1358,1217,7620,13448,-1340
13540,6916,31616,-420,1697,1258,7516,13660,-1676
11104,8600,31992,-517,1890,1305,7308,13808,-1612
9320,8720,31944,-591,2012,1381,7244,13792,-1808
7500,8412,31088,-665,2008,1505,7144,13796,-1652
6256,8544,29340,-678,2029,1649,6572,13820,-1888
6688,7872,28312,-735,1940,1679,6332,14044,-2004
4016,7320,27484,-856,1529,1859,6196,13984,-2064
3552,7720,26060,-663,1341,1747,6480,14008,-1908
1480,10204,24832,-449,1346,1678,6700,13708,-1600
364,10772,23464,-341,1513,1458,7116,13748,-1096
-3116,11344,22032,-332,1927,1298,7360,13524,-872
-2452,11464,20572,-415,2188,675,7412,13620,-692
-5168,11732,19260,-549,2219,-966,7120,13552,-808
-3804,12412,17380,-965,2389,-3179,7516,13680,-364
-4132,12748,15824,-1400,3496,-6876,7824,13888,-348
-4992,12736,14844,-1727,3763,-10113,7952,13696,-308
-6028,13460,13900,-1934,3885,-12210,7780,13792,-344
-4616,13844,12516,-2090,3863,-14217,7500,13924,-432
-6168,14484,11652,-2336,3961,-16228,6968,13784,-776
-5428,13928,10528,-1896,9708,-16909,7100,13704,-752
-5668,15436,9568,-3013,5343,-14739,7532,13648,-584
-5600,13704,8736,-3230,5714,-16982,7316,13784,-1164
-5124,12992,8016,-3487,4187,-15680,7296,13564,-1484
-4532,11896,7032,-3476,1706,-14056,7244,14016,-1636
-4540,11916,6296,-3572,1063,-11873,7272,13688,-1600
-4056,10608,5648,-2029,423,-8329,7152,13584,-2068
-4412,10096,4980,-2172,-557,-4740,7340,13656,-2104
-4104,10256,4248,-2029,-485,-1804,7296,13940,-2248
-3916,9248,3520,-1570,175,1519,6964,13516,-2756
-3600,7812,2908,-1297,555,4410,7040,13640,-2160
-3172,7060,2220,-1581,2208,6458,7016,13696,-1836
-2948,6524,1648,-1694,3756,7902,6476,13696,-1976
-2624,6364,932,-1832,6156,8848,6448,13864,-1792
-2068,5440,448,-1842,8935,9211,6736,13660,-2024
-1692,5148,24,-1816,10117,9233,7220,13660,-1908
-1352,5164,-464,-1630,10671,8842,7492,13404,-1732
-572,4308,-1028,-1248,10166,7486,7540,13420,-1432
264,3844,-1428,-924,8136,5111,7984,13452,-1268
836,3460,-1736,-751,4645,3063,7632,13664,-1476
1712,2940,-1928,-671,2582,1432,7380,13624,-984
2056,3084,-2532,-579,799,8,6968,13768,-1296
2360,2632,-2812,-552,-1084,-526,7068,13704,-1148
2560,2164,-3352,-1026,-3103,-176,7844,13696,-1064
2748,1880,-3524,-1101,-4687,541,8264,13660,-936
3196,1392,-3712,-1066,-5482,1495,8364,13520,-692
3884,744,-3876,-982,-5547,2455,8124,13508,-684
4360,100,-3932,-805,-4516,3306,7780,13400,-856
5152,-244,-3768,-603,-3114,3983,7552,13308,-692
5840,-48,-3776,-537,-1869,4721,7748,13072,-684
5720,-252,-3552,-516,-255,5509,7852,13036,-488
5316,-748,-2968,-419,1150,6330,7760,13124,-668
4820,-1136,-2228,-274,1913,7158,7960,13128,-712
4528,-1760,-2092,-383,1103,8977,7984,13248,-768
6040,-1476,-1816,-908,468,9529,8032,13464,-872
7124,-1596,-1648,-959,-29,10100,7900,13512,-640
8304,-2336,-1100,-1182,-1195,10797,7564,13624,-472
9072,-3044,-588,-1907,-3101,11560,7724,13676,-380
9632,-4012,396,-3266,-4622,12128,8060,13660,-56
9404,-4652,1284,-3505,-5649,11485,8064,13616,-72
8600,-5912,1716,-1950,-5056,10596,8052,13844,168
8308,-7144,2216,-1351,-4169,9914,7560,13556,-916
9568,-7308,3052,-943,-3734,8609,7692,13300,-1240
11984,-7900,3852,-704,-3092,7617,8188,13604,-1004
13912,-8532,3800,-829,-2707,7155,8004,13520,-1128
15128,-9020,4352,-1240,-2772,6615,8200,13304,-980
15648,-9648,4720,-1641,-3150,6032,8100,13580,-1048
15804,-10160,5816,-1782,-4296,4718,7884,13684,-1008
15328,-10504,7032,-1950,-5121,3658,7468,13812,-784
15344,-10672,8008,-1767,-4846,3494,7296,13908,-888
16944,-10104,9712,-1562,-4681,3120,7256,13680,-884
18448,-9580,11244,-1009,-5300,2517,7448,13464,-996
19220,-9204,12044,-1390,-6260,2994,7608,13264,-992
20352,-8896,12936,-1964,-5970,3642,7524,13532,-800
21368,-8596,13312,-1625,-3436,3076,7632,13484,-620
21636,-8220,13692,-1433,-1522,2549,7652,13708,-588
21812,-7996,14712,-1190,-970,1814,7784,13808,-588
22144,-8204,16072,-994,-1078,1178,8036,13600,-888
22784,-7240,17680,-725,-1449,811,8108,13496,-576
23488,-6916,18984,-613,-1102,861,7988,13252,-1016
24460,-6708,19792,-474,-522,1139,7924,13240,-892
25492,-6704,19924,-474,-242,1300,8052,13560,-644
25960,-7528,19672,-594,-281,1063,7796,13756,-404
26072,-8416,19084,-685,-161,672,7928,13756,-292
26072,-8496,18932,-768,-297,328,7892,13612,-420
26340,-8584,19956,-879,-697,148,7744,13628,-244
26212,-8380,21284,-919,-1238,57,7928,13356,-480
25448,-7392,22464,-882,-1625,195,7972,13264,-436
24544,-6056,23832,-830,-1721,294,8160,13324,-324
24452,-5540,25180,-872,-1915,384,8068,13516,-284
23996,-5848,25900,-824,-1755,441,7764,13736,-460
23500,-6332,26132,-820,-1696,544,7608,14028,0
23568,-6336,26320,-886,-1714,670,7476,13980,-156
23228,-5836,26780,-918,-1434,674,7456,13852,40
22564,-5164,27512,-854,-1003,691,7548,13628,-60
20540,-2380,28804,-687,-592,762,7692,13500,-184
19508,-1300,30212,-531,-122,892,7948,13496,-200
19144,-828,31212,-397,282,1033,7980,13388,-256
18800,32,31660,-342,675,1147,7916,13396,-492
18608,296,31744,-348,958,1257,7768,13356,-508
18744,12,31476,-338,1143,1363,7804,13320,-480
18460,-56,31012,-360,1327,1490,7784,13340,-896
17540,1096,31468,-368,1490,1533,7912,13480,-1068
16360,1920,31748,-376,1618,1539,7884,13480,-1176
15324,2352,32108,-325,1823,1584,7748,13612,-1512
13364,4700,32767,-350,1879,1665,7628,13672,-1572
12560,5092,32767,-461,1832,1780,7528,13740,-1556
11744,4676,32767,-362,1734,1867,7764,13912,-1568
10588,5680,32264,-370,1669,1884,7700,13796,-1616
9524,6644,31080,-414,1511,1763,7276,13796,-1716
8728,6940,29720,-494,1286,1643,6948,14144,-1708
7384,7540,28636,-451,1140,1573,6940,14140,-1548
5336,8512,27188,-465,1059,1582,7452,13812,-1164
3884,9332,26176,-344,963,1589,7816,13644,-956
2720,10164,24920,-310,717,1766,8020,13476,-1136
1276,10976,23652,-419,667,2089,7748,13548,-1016
428,11516,22500,-554,554,2126,7488,13772,-1104
-188,12336,21276,-753,1138,1704,7356,13920,-756
-1000,12488,20156,-844,1204,1335,7344,13324,-480
-2320,13104,18656,-1036,1037,162,7248,13292,-568
-2536,14192,17480,-1277,1889,-2109,7092,13536,-620
-3264,14672,16132,-1476,2471,-4697,7140,13512,-996
-3172,13652,15024,-1559,2791,-7517,7208,13400,-1072
-3440,15228,13736,-1548,3844,-9731,7320,13700,-856
-4580,13956,12264,-1837,4292,-11328,7284,13736,-868
-3640,12988,11044,-2146,4047,-12765,7072,13756,-968
-2940,13912,9528,-2184,4566,-14120,7308,13844,-1068
-5200,12900,8692,-1913,4595,-15020,7348,13840,-1308
-3284,12384,6948,-2169,5363,-14705,7216,13896,-1448
-4532,11880,5808,-2597,3035,-12091,7184,13956,-1664
-3716,10332,4784,-3046,2226,-11848,6952,13788,-1632
-3000,11532,4220,-3028,1535,-9931,7232,13900,-1572
-3912,10036,4264,-2629,442,-7386,7100,13736,-1876
-2864,9608,3536,-1968,-283,-5189,7192,13528,-1712
-2644,8464,3200,-1716,-14,-2263,7056,13680,-1456
-2180,8356,2632,-1780,-237,645,7000,13724,-1676
-1452,7872,1684,-1690,29,3246,6728,13480,-1860
-720,6560,852,-1545,1019,5370,7088,13760,-1120
-348,6732,744,-1630,1954,6925,7292,13772,-1184
224,6600,548,-1647,3476,7720,7280,13756,-1108
488,6620,440,-1774,4982,7879,7272,13800,-1216
696,6472,140,-1766,6212,7878,7624,13840,-912
1016,6364,-240,-1589,6760,7648,7868,13552,-1068
1544,5988,-56,-1445,7072,7329,7752,13484,-1188
1868,4888,-176,-1213,7205,6917,7476,13560,-1288
2048,4392,-448,-866,6648,6060,7360,13452,-1208
2452,4184,-700,-491,4980,5028,7408,13512,-1212
3200,3288,-1276,-684,1493,4594,7652,13512,-1340
4016,2444,-1724,-485,-767,3919,7484,13488,-1368
4384,1472,-2152,-483,-2032,3088,7408,13412,-1084
4724,772,-2504,-654,-3335,2758,7484,13572,-732
5568,436,-2444,-1030,-4259,2737,7924,13552,-176
6212,428,-2380,-1240,-4616,2732,7916,13456,-196
6352,-360,-2468,-1212,-4547,2995,7924,13336,-52
6520,-1020,-2412,-895,-4266,3642,7668,13292,-248
6832,-1192,-2296,-666,-3443,4562,7612,13252,-356
6572,-1104,-1616,-514,-2947,5568,7676,13392,-468
6608,-2820,-1320,-406,-2096,6487,7612,13176,-724
6988,-3124,-1028,-330,-1301,7445,7728,13448,-548
7324,-3272,-648,-527,-311,8354,7804,13360,-408
7272,-3628,-648,-844,-306,9231,7984,13472,-368
8280,-3440,-428,-1343,-511,9876,8068,13484,-72
10124,-2404,664,-1707,-913,10331,8056,13588,88
10400,-3212,1684,-1860,-1654,10798,8104,13552,232
10312,-4020,2288,-1881,-2314,10826,8152,13620,136
10232,-4656,3344,-1474,-3061,10197,8140,13524,-416
9832,-5664,4240,-861,-3201,9644,8192,13552,-288
9124,-6452,4880,-581,-3111,8888,7996,13496,-868
9556,-7540,5272,-314,-2892,7971,7964,13388,-1364
11236,-7892,5644,-404,-2691,6956,7864,13508,-1244
12916,-6868,5908,-780,-2525,6065,7800,13556,-972
12940,-6284,5884,-1466,-2801,4874,7816,13544,-848
12520,-6348,6112,-1822,-3093,3411,7980,13544,-316
12356,-7268,6972,-2217,-3080,2700,8092,13684,-388
11960,-7900,7744,-1706,-3645,2364,7916,13760,-368
12104,-8352,8448,-1042,-3455,2096,7828,13624,-300
13164,-8656,9732,-857,-4065,1494,7760,13708,-420
14220,-8304,11280,-1522,-5060,2066,7800,13492,-792
14720,-7928,12064,-1661,-4109,2060,7612,13532,-560
15808,-7452,13032,-1859,-2611,1439,7636,13552,-732
16180,-7104,13784,-1692,-1256,1056,7620,13688,-680
15972,-6812,14380,-1724,-651,746,7624,13648,-720
15820,-7048,14620,-1770,-275,111,7516,13736,-512
16384,-7676,15444,-1679,-519,-195,7840,13620,-552
17448,-8304,16364,-1475,-242,-211,7992,13452,-364
19388,-8876,17736,-1398,-298,-217,7800,13376,-368
20576,-8576,19400,-1446,-235,-311,7976,13468,-288
21040,-7412,20924,-1408,34,-454,8016,13688,-152
21428,-6976,22140,-1336,-92,-428,7896,13676,-164
21344,-6840,22592,-1209,-385,-201,7504,13668,-232
21012,-7420,23456,-1132,-918,313,7580,13604,-248
20592,-7396,24600,-965,-1618,948,7704,13552,-324
21068,-7620,25608,-827,-2084,1520,7660,13252,-320
21668,-8740,26704,-718,-2292,1933,7848,13348,-408
22548,-8764,27100,-659,-1871,2081,8084,13452,-52
22800,-7844,28376,-625,-1400,2198,7980,13428,104
22696,-5932,30048,-699,-939,2303,7876,13512,44
22308,-4584,31848,-682,-441,2554,7772,13732,416
21880,-2928,32767,-579,-112,2874,7916,13856,348
21072,-2604,32767,-401,152,3092,8084,13612,452
20428,-1768,32767,-328,309,3316,8132,13324,308
20300,-2040,32767,-238,474,3377,8048,13344,144
19472,-2264,32767,-167,715,3333,7872,13344,88
18916,-1968,32767,-179,673,3255,7752,13508,-204
18204,-12,32767,-163,713,3106,7804,13488,-192
17528,724,32767,-173,851,2891,7804,13536,-152
16448,1756,32767,-96,770,2789,8040,13364,-420
15172,2648,32767,36,754,2786,8044,13424,-392
13952,4040,32767,111,673,2883,8084,13332,-244
13244,4788,32767,102,610,2989,8152,13276,-480
12092,5000,32767,56,576,2912,8156,13296,-504
10972,5740,32767,-56,578,2806,8080,13440,-332
9440,5784,32767,-156,539,2665,8096,13328,-428
7560,6896,32767,-270,631,2442,8052,13468,-456
6004,8184,32767,-371,781,2221,8020,13296,-388
4388,8904,32767,-471,918,2036,8092,13420,-488
3072,9420,32444,-545,1009,1930,8048,13388,-608
1852,9628,30924,-576,1022,1865,7792,13528,-756
884,9964,29312,-694,922,1870,7560,13476,-744
-752,11392,27984,-691,678,1853,7528,13612,-1004
-2404,13088,26564,-796,562,1959,7480,13764,-808
-3424,13760,24832,-768,266,1971,7412,13756,-760
-4404,13840,23116,-713,251,2100,7400,13668,-880
-4772,14960,21548,-755,-109,2047,7316,13808,-732
-5156,15140,19976,-990,-221,2051,7260,13712,-840
-5996,14480,18060,-1070,55,1560,7244,13756,-884
-6252,14384,16868,-1330,595,602,7476,13752,-892
-6372,14452,14344,-1439,909,-217,7392,13660,-1020
-6348,15928,12284,-1587,1370,-1859,7388,13664,-1000
-5608,15780,10724,-1642,1807,-3935,7456,13672,-1196
-4992,13700,9016,-1832,2504,-6435,7376,13760,-1008
-5116,13188,7644,-1632,2614,-8669,7108,13560,-1396
-5512,12440,6824,-1683,3058,-10104,7132,13788,-1548
-3324,12360,5352,-1293,2946,-11088,7080,13808,-1628
-4468,11004,4608,-1309,2635,-11385,7304,13676,-1800
-2780,10720,3720,-1507,2795,-11363,7256,13660,-1724
-3540,10220,3496,-1341,3813,-11503,7296,13920,-1568
-2072,9032,3156,-1243,5005,-9662,7332,13940,-1684
-1980,9236,2708,-2036,1693,-8626,6832,13676,-1668
-1684,8152,2748,-2283,1079,-7909,7132,13768,-1148
-1404,8280,2896,-1664,196,-6045,7360,13732,-956
-1184,7528,3480,-1550,21,-4204,7560,13852,-772
-648,6868,3520,-1145,544,-2397,7600,13644,-456
-56,5852,3268,-923,1641,-639,7664,13604,-416
196,5820,3608,-1049,1943,986,7644,13572,-336
456,5796,3508,-1089,2912,2238,7444,13464,-452
884,5700,3296,-1047,3634,3562,7308,13520,-396
1456,5728,2956,-1108,4161,4661,7548,13420,-184
2064,5044,2612,-1102,4768,5340,7692,13524,-116
2056,5360,2572,-1066,5807,5794,7972,13340,68
2276,4960,2412,-985,6069,6227,8296,13332,204
2452,4368,2232,-1195,6081,6921,8284,13076,288
2560,3600,1756,-1019,5684,7044,8248,13196,424
2860,2856,1140,-805,5646,6831,8140,13188,156
3496,2424,404,-644,4690,6455,7904,13440,216
4056,2292,-272,-632,2603,5775,7692,13268,-304
4792,2424,-960,-631,-251,5450,7776,13608,-92
5236,2620,-1020,-892,-2139,5401,7888,13368,-276
5384,2144,-1432,-1668,-3261,5661,7912,13488,-264
5448,1948,-1832,-2207,-4773,5582,8152,13392,60
5652,1504,-2028,-2211,-4582,4379,8404,13556,368
5552,680,-2300,-1390,-4048,4320,8124,13696,20
5528,-320,-2152,-1195,-3343,3700,7964,13588,-196
5328,-1676,-2084,-1239,-2998,3571,8000,13628,-148
4968,-2784,-1884,-1198,-2053,3506,8000,13472,0
5216,-3756,-1812,-1305,-1807,3741,7944,13668,-420
6100,-4336,-2148,-1551,-1674,4093,7780,13684,-508
7336,-4776,-2076,-1596,-1030,4757,7760,13548,-396
8140,-5272,-1820,-1824,-574,5193,7976,13700,-396
8800,-6112,-1928,-1954,-389,5636,7956,13608,-424
9420,-7244,-1696,-1910,-451,5883,7796,13784,-428
9516,-8352,-1568,-1780,-778,6250,7688,13588,-440
9284,-8668,-1076,-1511,-1081,6464,7864,13644,-404
9408,-9516,-428,-1269,-1340,6239,7640,13380,-744
10164,-10264,812,-1385,-2063,6102,7828,13628,-820
10544,-10528,2092,-1416,-2568,5546,7620,13476,-1076
10584,-10892,3664,-1437,-3150,4924,7824,13376,-1180
11308,-11420,4616,-1628,-2962,3874,7536,13288,-1168
12520,-11756,5636,-1646,-2369,3123,7476,13492,-1212
12696,-11820,6916,-1252,-1370,2840,7292,13608,-1180
13616,-12300,8036,-1071,-914,1972,7124,13584,-884
14764,-12596,9660,-1035,-1707,1161,7452,13680,-764
15852,-12896,11992,-1495,-2725,1352,7624,13692,-608
16556,-13344,14388,-1332,-2628,1117,7800,13536,-532
17472,-13596,16508,-964,-2181,825,7932,13456,-452
18516,-14236,18996,-565,-1772,856,7780,13268,-600
19344,-14484,20896,-516,-1935,703,7804,13428,-392
20080,-14064,22796,-465,-1686,702,7976,13284,-356
21056,-13748,23908,-535,-1237,609,8088,13440,-308
22136,-13408,24720,-486,-812,546,7980,13456,-220
22488,-12508,25176,-427,-584,348,7992,13448,72
22872,-11688,25532,-298,-556,313,8024,13396,252
23248,-11020,25932,-186,-712,443,8196,13384,468
23460,-10780,26156,-83,-908,877,8220,13384,528
23096,-10532,26212,32,-961,1282,8140,13332,564
22720,-9584,26556,53,-1299,1851,8296,13380,712
22548,-8840,26864,-18,-1743,2372,8316,13516,868
22160,-8076,27600,-166,-2241,2802,8448,13436,1156
21576,-6900,27964,-234,-2603,3252,8512,13496,1036
21364,-5736,28360,-237,-2556,3644,8312,13408,1048
21176,-5416,29080,-264,-2366,3908,8248,13472,948
21164,-5852,29628,-277,-1931,4102,8300,13352,936
20732,-6832,29624,-248,-1509,4096,8276,13348,832
20240,-6824,29432,-364,-1222,3991,8220,13204,504
19616,-6252,29624,-601,-1009,3734,8064,13424,304
18976,-4968,30400,-737,-702,3353,7948,13372,296
17972,-2396,31352,-871,-430,2963,7968,13280,-76
17928,-1312,32068,-983,-278,2594,7792,13480,92
17648,-360,32656,-1005,-110,2184,7844,13452,244
17412,128,32767,-835,-47,1892,8068,13356,236
17128,280,32767,-627,66,1794,8180,13372,216
16976,-824,32767,-571,87,1707,8160,13352,100
16444,-1140,32767,-498,123,1606,8108,13488,-32
14748,916,32767,-532,308,1412,8028,13424,-152
12500,3748,32767,-659,445,1119,7904,13468,-388
11028,4624,32767,-783,628,914,7828,13368,-620
9152,5560,32767,-944,699,754,7948,13212,-580
6360,6896,32767,-994,747,551,7784,13264,-920
6120,7752,32767,-899,855,547,7496,13684,-1004
4768,6432,32767,-791,975,580,7128,13716,-1036
3280,7916,31928,-831,933,565,6992,13760,-948
1324,9116,30736,-773,1208,574,7372,13820,-684
312,9904,29860,-744,1264,520,7712,13712,-356
-828,11316,28372,-580,1432,618,7716,13576,-220
-1872,11584,26740,-590,1301,654,7988,13584,12
-2268,12872,24316,-733,1122,726,7876,13544,156
-3164,12444,22144,-780,934,894,7872,13456,16
-3052,13200,20548,-878,982,860,7564,13480,-44
-3020,13928,18588,-1064,1223,771,7836,13420,84
-4604,13496,17128,-1284,1399,630,7972,13512,-56
-5092,13256,15072,-1309,1553,679,7968,13452,-36
-3964,12648,13340,-1513,1678,142,7976,13596,-204
-3144,12872,12032,-1550,2232,-666,7772,13728,-208
-3320,12988,10028,-1796,2435,-2001,7404,13536,-488
-4500,12788,8944,-2142,2878,-4670,7432,13700,-664
-3584,11060,8336,-2147,3182,-7275,7612,13552,-720
-3412,10560,6880,-2386,3688,-8771,7592,13528,-1032
-2756,11744,5572,-2345,3388,-9476,7452,13492,-952
-3916,10676,5156,-1984,2810,-9563,7588,13672,-1048
-3728,9328,3820,-1756,2180,-9507,7408,13584,-952
-3608,10564,2932,-1722,1999,-9539,7316,13648,-1136
-4476,10376,2064,-1570,723,-8883,7308,13528,-780
-3068,9528,1884,-1583,155,-7649,7556,13608,-1048
-3276,8724,1080,-1834,-1076,-5866,7568,13596,-980
-2692,7504,828,-1843,-1770,-3829,7392,13696,-996
-1520,6592,572,-1644,-2040,-1975,7888,14024,-516
-1152,6428,524,-1167,-1340,-270,7588,13676,-1068
-992,6420,108,-1075,-548,1682,7612,13548,-688
-504,5872,-224,-1004,467,3089,7304,13576,-804
-4,5600,-420,-720,1682,4460,7336,13512,-772
748,5096,-684,-613,2682,5357,7436,13500,-920
1284,5016,-1008,-766,3406,5882,7860,13352,-812
1900,4404,-1084,-992,4104,6357,7884,13384,-1004
2584,3680,-1116,-1179,4198,6452,7932,13436,-1044
3248,3408,-1136,-997,4798,6425,7720,13536,-1048
3372,3556,-1344,-783,5176,6479,7764,13452,-1076
3444,2672,-1596,-603,5156,6428,7804,13584,-664
4052,2000,-1708,-490,4807,6397,7580,13564,-764
4968,1736,-1764,-423,4068,6513,7404,13672,-720
5244,2092,-1924,-530,3132,6523,7408,13736,-836
5660,2228,-2028,-674,2132,6450,7420,13420,-508
6432,2412,-2004,-865,1277,6299,7684,13364,-460
6916,2556,-1868,-972,104,6323,8244,13240,-80
7088,2176,-1488,-956,-985,6051,8240,13184,44
7428,1540,-1396,-935,-1819,6033,8332,13376,236
7548,472,-1172,-1039,-2213,5498,8124,13420,284
7348,-336,-456,-1031,-2508,4896,7952,13588,184
6952,-856,-184,-946,-2693,4420,7852,13500,-188
7292,-616,-140,-915,-2613,3939,7828,13476,-80
7748,-232,-184,-940,-2614,3841,7948,13432,-288
8408,-136,40,-1132,-2742,3880,8008,13408,-24
9388,-52,324,-1541,-2881,3782,8160,13460,132
10152,48,856,-1937,-3063,3776,8260,13640,412
10828,28,1236,-2121,-3419,3676,8168,13656,560
10972,-124,1724,-2138,-3605,3414,7948,13712,412
11168,-1100,2600,-1819,-2982,2880,7780,13584,316
10916,-2320,3552,-1287,-3327,2782,7796,13384,-20
10468,-3656,4608,-1259,-3496,2486,7928,13348,-500
9832,-5072,5648,-1115,-3301,1947,7780,13244,-896
9808,-6316,6052,-1322,-2871,1864,7704,13072,-1268
11084,-7944,6068,-1346,-3088,1571,7696,13084,-1152
12840,-8184,6524,-1437,-2054,867,8084,13400,-644
14232,-7780,6664,-1910,-2363,509,8056,13532,-304
15252,-6968,6600,-2567,-2849,940,7964,13528,320
16404,-6044,6984,-2422,-2002,867,7896,13564,644
16356,-6564,7808,-2015,-1417,370,8004,13608,400
16396,-7488,8884,-1294,-764,158,7992,13400,480
16160,-8612,9908,-1024,-741,271,7684,12964,-248
15804,-9240,11112,-902,-1099,325,7932,12964,-328
16068,-10088,12208,-872,-794,548,8128,13084,-752
17556,-10824,13500,-965,-341,529,8156,13380,-1012
18756,-10452,14372,-1237,-383,317,7720,13364,-1016
19432,-10304,15308,-1470,-362,12,7420,13512,-912
20312,-10272,16204,-1567,-339,-99,7420,13724,-688
21296,-10292,17260,-1443,-353,-215,7568,13708,-472
21464,-10428,17932,-1113,-624,222,7764,13504,-420
21396,-11388,18940,-753,-1145,802,7784,13416,-280
21356,-12388,19788,-388,-1439,1481,7944,13384,-428
21920,-12344,20684,-250,-1606,2190,8008,13320,-260
22948,-12552,21800,-329,-1147,2593,8208,13332,-180
23508,-12440,22380,-380,-670,2825,8216,13420,-208
23700,-12268,22892,-450,-364,3104,8120,13640,264
23696,-12036,23740,-447,-127,3425,7868,13684,212
23816,-11768,24772,-471,-120,3918,7676,13764,416
23892,-11736,25804,-542,-418,4555,8116,13588,344
23228,-10572,27060,-417,-341,5031,8264,13316,304
22512,-9508,28680,-382,-351,5227,8228,13200,104
22168,-8536,29676,-284,-414,5232,8092,13184,68
21216,-7828,30204,-290,-194,5112,8116,13276,-80
20280,-6412,30780,-228,-81,4992,8120,13424,4
19948,-6288,30948,-193,28,4870,7828,13368,-80
19216,-5876,31240,-113,57,4744,7940,13328,-12
18320,-4560,31968,-104,78,4552,7908,13156,268
16948,-3076,32767,-15,255,4307,8280,13084,300
15920,-1604,32767,44,416,4040,8320,13036,236
14896,-16,32767,-4,629,3807,8380,12944,284
13864,1324,32767,-31,754,3574,8472,13088,-64
13012,2636,32767,-78,914,3384,8476,13132,-224
12324,3012,32767,-106,1024,3145,8488,13404,-304
11232,3184,32767,-128,1298,2795,8292,13352,-504
10004,4340,32767,-162,1469,2486,8284,13284,-556
8168,6136,32767,-252,1537,2261,8136,13288,-312
6620,7824,32767,-310,1661,2084,7884,13548,-264
5276,8864,32767,-382,1662,1957,7772,13652,-324
3444,9572,32324,-453,1462,1948,7880,13688,-372
2716,10464,30288,-435,1202,2030,7980,13472,-376
2452,10276,29396,-438,911,2178,8028,13440,-500
1684,10752,27748,-417,560,2230,8056,13552,-476
-832,11000,26164,-269,585,2274,7892,13376,-324
-980,9756,24416,-352,308,2221,7964,13336,-168
-1320,11964,22744,-433,-112,2226,8020,13372,-420
-1068,12624,21116,-593,16,2405,7828,13508,-544
-868,12240,20080,-833,284,2578,7676,13508,-392
-3932,12088,18908,-1054,337,2567,7980,13428,-496
-3292,13072,17700,-1180,590,2331,7980,13392,-320
-3888,12172,16388,-1382,543,1693,7992,13448,-556
-4176,12040,14900,-1536,480,568,7788,13668,-676
-4288,12360,13192,-1789,1789,-2150,7756,13660,-552
-2844,12448,11484,-1986,2921,-5119,7784,13660,-780
-4464,11372,10720,-2434,3486,-8163,7600,13524,-744
-4704,10840,9716,-2586,4302,-10310,7768,13600,-668
-2652,11820,7724,-1961,4541,-11418,7764,13516,-612
-4336,11496,7336,-1752,3959,-12114,7588,13528,-668
-4520,9408,6676,-2270,3555,-12804,7880,13636,-336
-3540,10336,5644,-1788,3073,-13516,7616,13500,-872
-3592,9604,4856,-1466,3148,-12807,7480,13628,-896
-3616,7832,3840,-1815,2325,-10933,7556,13604,-640
-3240,8100,2812,-2009,855,-8572,7596,13564,-672
-3360,7084,2616,-2108,268,-6684,7556,13424,-728
-2924,6480,1932,-1691,629,-4965,7372,13288,-752
-2836,6492,1388,-1292,645,-2628,7540,13284,-988
-2584,5764,864,-1322,1431,-544,7772,13360,-596
-2272,5592,260,-1235,2066,1285,7428,13192,-1484
-1832,4872,-16,-1038,2846,2867,7572,13324,-656
-1228,4848,-40,-1200,3324,4045,7524,13472,-744
-752,4884,-160,-1186,4177,4925,7468,13576,-968
-96,4696,-376,-1259,4932,5739,7696,13408,-996
836,4524,-748,-1269,5371,6061,7728,13352,-996
680,5192,-540,-1156,6050,6287,7996,13140,-652
1148,4676,-640,-960,6275,6363,8232,13344,-416
1780,4476,-920,-788,6139,6636,8404,13208,-376
2216,4548,-1036,-628,5476,7015,8460,13348,-308
2960,4304,-1396,-739,4655,7198,8232,13236,-228
3700,3732,-1564,-756,3646,7334,8120,13412,-100
4060,3492,-1568,-763,2375,7348,7932,13472,-304
4128,3372,-1768,-785,1034,7378,7888,13436,-324
4164,2796,-1716,-779,-500,7095,8008,13328,-328
4232,1768,-2044,-730,-1396,6705,8020,13156,-232
4392,1312,-2280,-456,-2517,6293,8048,13364,44
5212,1176,-2600,-289,-3218,5989,7980,13452,-64
6140,1208,-2624,-569,-3635,5370,7988,13508,-76
7240,776,-2684,-977,-3734,4587,8036,13460,-104
8336,544,-2500,-1213,-3684,3977,8164,13564,-152
8704,-96,-2064,-1245,-4047,3649,8264,13324,-120
8808,-1188,-1784,-1055,-4101,3461,8356,13152,-200
8360,-1912,-1168,-572,-3996,3689,8536,13348,-312
7452,-2772,-592,-380,-3945,4043,8480,13464,-480
6944,-3076,-216,-411,-3668,4253,8240,13396,-400
7516,-3700,-68,-651,-3165,4203,8000,13400,-252
9388,-4452,-200,-1053,-2847,3923,8052,13400,-196
11704,-5532,-320,-1899,-3112,4025,8116,13484,-260
13116,-6016,-204,-2411,-3718,4015,8072,13384,-244
13916,-6756,196,-2470,-3921,3913,8096,13484,-156
14380,-7128,1304,-2158,-4283,3908,8060,13568,-100
13984,-7684,2472,-1509,-3899,3375,7984,13428,-96
13212,-8100,3792,-1089,-3960,3165,7740,13396,-372
12504,-8300,5156,-617,-2622,3254,7576,13536,-516
11952,-8396,6292,-276,-2271,2984,7684,13576,-976
12428,-9032,7588,-411,-1208,2206,7688,13564,-756
14916,-9372,9400,-1228,-1811,2150,7736,13468,-668
16304,-8948,10976,-1972,-2057,2524,7780,13524,-468
16844,-8608,11632,-2120,-1800,2288,8016,13464,-188
17052,-8308,12100,-1805,-1590,1910,8000,13344,-52
16964,-8552,12948,-1175,-866,1501,8120,13340,216
16864,-9180,13776,-582,-412,1373,8188,13360,196
16920,-9292,14692,-302,-332,1319,8232,13332,184
18024,-8856,16696,-123,5,1350,8196,13416,136
19632,-9268,18748,-249,190,1201,8084,13540,76
20932,-8928,19732,-509,339,775,8108,13648,308
21988,-8792,20352,-855,309,161,8136,13600,472
22848,-8580,20712,-906,541,-347,8100,13660,576
23396,-8796,21056,-747,352,-846,8460,13448,1160
23208,-9540,21248,-448,-136,-686,8144,13392,412
23380,-9168,21392,-263,-441,-302,8224,13364,716
24248,-9316,22296,-240,-794,219,8164,13124,560
24696,-9864,23008,-368,-903,661,8492,13024,664
24788,-9356,23356,-642,-964,983,8532,12828,556
25356,-8416,24300,-955,-971,1144,8324,12980,480
25852,-7908,25760,-1042,-712,1293,8172,13016,376
26256,-8204,26996,-915,-621,1548,8152,13192,432
27016,-9380,28088,-712,-608,1883,8140,13288,468
27620,-9908,29216,-506,-588,2179,8340,13500,564
27492,-10596,29856,-339,-474,2477,8460,13444,620
26800,-10164,30908,-343,-382,2663,8444,13472,552
24924,-8384,32600,-434,-275,2714,8468,13616,656
22652,-6188,32767,-606,-53,2693,8392,13776,752
20392,-3896,32767,-676,265,2662,8464,13604,608
19032,-2484,32767,-719,508,2620,8088,13532,504
18192,-2128,32767,-701,612,2599,7532,13568,236
17232,-2044,32767,-626,638,2656,7556,13452,-284
15616,-2156,32767,-468,611,2730,7528,13356,-492
12912,400,32767,-321,591,2730,7576,12872,-704
9996,3404,32767,-228,605,2666,7900,12628,-1084
7720,5500,32767,-138,783,2571,8120,12476,-1212
5892,6720,32767,-64,875,2418,8232,12408,-1376
4080,7964,32767,-47,918,2205,8132,12568,-1124
2740,8644,32767,-159,892,1986,8128,12848,-792
1652,9232,32348,-248,881,1663,8368,13252,-428
-48,9796,30632,-341,869,1264,8576,13612,-104
256,11536,29080,-438,950,900,8876,13788,196
-464,11816,27156,-484,849,615,8672,13780,336
-1288,13484,25696,-606,577,345,8664,13912,100
-2964,14412,24044,-654,393,339,8360,13880,224
-2356,14420,22500,-431,342,270,8192,13688,-196
-2972,14748,20532,-316,-162,328,7980,13640,-460
-2940,13884,18604,-391,-717,332,8220,13556,-624
-3356,15164,16556,-536,-1101,513,8208,13184,-592
-2720,14412,14732,-548,-988,663,8412,13076,-812
-2480,14040,13392,-642,-623,663,8320,12944,-904
-2704,14304,11912,-811,-144,479,8092,13100,-1004
-2004,13644,10424,-1061,241,34,7916,13056,-1164
-1468,13200,9088,-1156,583,-566,7892,13436,-1108
-612,12992,8408,-1391,1007,-1656,7856,13596,-980
-1180,12508,7544,-1510,1319,-2777,7704,13528,-940
40,12432,6864,-1542,1734,-4058,7688,13644,-704
-1164,12560,5692,-1727,1684,-5199,7676,13404,-696
-552,12936,4904,-1832,2242,-6521,7824,13372,-692
-1164,12336,4360,-1932,2298,-6979,7768,13304,-884
-808,12740,3436,-1822,2149,-7092,7700,13340,-1040
-408,11420,2940,-1598,2106,-7322,7728,13592,-1136
72,10316,2432,-1382,2188,-7514,7728,13568,-912
-4,10124,1684,-1541,2169,-7835,7852,13660,-844
860,8568,1428,-1568,1466,-7800,7692,13600,-1056
1024,8384,1376,-1622,1383,-6979,7600,13672,-1036
776,7964,1188,-1817,1408,-5656,7428,13708,-1008
824,7024,1256,-1877,1721,-4363,7276,13484,-904
972,5948,1400,-1714,2695,-3405,7296,13432,-956
904,5672,1356,-1618,3297,-2611,7452,13352,-768
728,5324,1796,-1585,3740,-1616,7748,13184,-692
1108,4044,1808,-1628,4448,-505,7716,13196,-616
1412,3520,1904,-1666,5101,654,7492,13148,-360
1588,2864,2292,-1719,5833,1818,7564,13192,-500
1676,1872,2364,-1723,6401,2672,7664,13372,-532
1864,1316,2120,-1708,6422,3232,7872,13296,-312
1912,1092,2196,-1806,6749,3517,8064,13424,-484
1920,52,2312,-1920,7019,3782,7840,13540,-648
2432,-408,2360,-1923,6503,4346,7800,13492,-748
2432,-200,2624,-1984,6019,4446,7748,13472,-652
2784,-1272,2640,-2016,5092,4499,7604,13380,-848
3028,-1900,2408,-1798,4122,4434,7632,13380,-972
3352,-2136,2492,-1546,2940,4280,7600,13520,-1132
3704,-2744,2500,-1373,1545,4403,7520,13380,-1044
4108,-4004,1912,-1608,-51,4554,7580,13528,-812
4588,-4384,1560,-1581,-1782,4410,7792,13372,-692
4912,-4704,1152,-1422,-2733,4196,7828,13460,-908
5692,-4952,932,-1541,-4029,4156,7728,13392,-1004
6548,-4608,756,-1857,-4693,3751,7700,13536,-912
6772,-5004,764,-2044,-4626,3184,7632,13528,-640
7108,-5844,652,-2066,-4392,2784,8012,13616,-728
7348,-6752,560,-2011,-3999,2346,8304,13488,-524
8212,-7976,716,-1926,-3780,1956,8396,13644,-528
9204,-8408,1148,-1802,-3711,1679,8312,13560,-572
9632,-8228,2136,-1946,-3625,1370,8292,13500,-372
10452,-9164,2332,-1792,-3511,1039,8564,13392,-216
11832,-9452,3084,-1964,-3570,971,8384,13580,-520
12688,-9548,3664,-2087,-3590,706,8220,13416,-292
13148,-9688,4052,-2191,-3453,561,8056,13428,-404
13428,-10064,4628,-2252,-3085,42,7808,13268,-528
13440,-10860,5020,-2053,-2136,-502,7960,13164,-544
13884,-11636,5884,-1779,-832,-1096,7820,13108,-592
15780,-12640,7132,-1850,56,-1375,8044,13156,-628
17620,-13216,9116,-2151,227,-1527,8168,13280,-244
18704,-13072,10644,-2309,282,-1621,8432,13508,-24
19712,-12968,12204,-2476,1056,-2023,8404,13436,-28
20964,-13584,14800,-2409,1004,-2052,8516,13536,320
21472,-14076,16828,-2259,869,-1654,8628,13612,456
21832,-14004,19100,-2088,768,-1743,8244,13308,52
22424,-13732,21472,-1680,918,-1410,8420,13172,428
23224,-13888,23448,-1536,831,-1016,8200,13224,220
23940,-13668,24592,-1606,393,-809,8172,13100,-100
25004,-13716,26000,-1678,144,-497,7968,13128,-348
26360,-13928,27544,-1734,-75,-173,7968,13048,-104
26816,-14160,29164,-1712,-232,285,7892,13204,-88
26944,-12188,29920,-1559,-157,695,7784,13192,-64
26960,-10428,31072,-1446,-234,1316,7808,13280,-120
27592,-9548,31744,-1266,-561,2041,7868,13136,-260
27680,-8500,31816,-939,-713,2716,8084,13084,-240
26816,-7368,32016,-751,-799,3210,8172,13184,-300
25500,-6004,32760,-679,-774,3492,8100,13396,-412
23828,-4324,32767,-628,-527,3637,7960,13684,-520
22208,-2456,32767,-670,-312,3726,7956,13520,-640
20848,-768,32767,-722,-277,3776,8040,13296,-520
19632,-28,32767,-683,-313,3911,8204,13160,-536
18608,412,32767,-517,-330,4094,8244,13120,-600
17816,-4,32767,-291,-243,4230,8352,12876,-704
16448,560,32767,6,-85,4239,8376,12916,-736
14804,2468,32767,175,84,4150,8464,12864,-608
13004,4260,32767,281,370,3972,8484,13008,-444
11160,5588,32767,347,656,3705,8456,12976,-200
9412,6228,32767,299,883,3348,8444,13064,-100
8340,7272,32767,175,1027,2945,8568,13124,-52
7132,6636,32767,45,1149,2432,8576,13188,-140
5640,7152,32740,-76,1226,1865,8500,13316,-308
4372,7940,32112,-158,1255,1300,8408,13280,-348
2588,8916,31276,-186,1247,830,8412,13292,-336
1388,9536,29968,-146,1275,482,8444,13160,-508
232,10480,28628,-42,1124,293,8488,13172,-568
-444,11652,27608,80,1017,221,8392,13144,-444
-464,12220,26264,27,771,194,8464,13240,-580
-2784,12244,24864,-117,557,176,8484,13200,-560
-2908,12620,22664,-325,362,67,8672,13200,-584
-3668,12340,20752,-527,260,24,8756,13012,-500
-3396,11548,18452,-731,112,-133,8768,12988,-464
-4256,12276,16604,-770,158,-448,8408,12936,-524
-4028,11160,14704,-957,202,-570,8192,12984,-748
-4852,11656,12848,-1079,295,-867,7948,13392,-992
-4144,11112,10980,-1126,667,-975,7900,13536,-1348
-3976,11196,9372,-1158,1150,-1201,7680,13704,-1500
-4564,9544,8532,-1324,1414,-1748,7516,13636,-1628
-4288,9360,6984,-1249,1725,-2382,7748,13648,-1728
-4020,10192,5704,-1288,1836,-3309,7696,13624,-1680
-4124,10944,4120,-1287,1982,-3833,7560,13572,-1908
-4580,10272,2876,-1075,1663,-4135,7364,13664,-2020
-4092,10148,2184,-682,1322,-3812,7280,13564,-1952
-3668,9432,1200,-527,690,-3255,7380,13380,-1804
-3412,9736,628,-605,-143,-2823,7392,13340,-1556
-3132,8672,192,-777,-830,-1888,7472,13384,-1688
-2664,7328,-372,-820,-692,-1281,7636,13332,-1664
-2044,7212,-744,-793,-435,-723,7584,13356,-1496
-1548,6956,-992,-832,73,-353,7420,13232,-1504
-1208,7136,-1284,-737,-24,239,7404,13492,-1480
-868,7204,-1240,-770,224,997,7180,13612,-1460
-496,6472,-1240,-696,323,1969,7068,13560,-1292
-200,5732,-1036,-538,1080,2974,7196,13488,-1184
140,4900,-968,-524,1871,3873,7564,13376,-1352
616,3836,-900,-464,2665,4519,7764,13260,-1176
1052,3524,-724,-460,3119,4904,7832,13236,-1188
1332,3168,-444,-441,3271,5148,7920,13264,-1056
1656,2676,92,-437,3193,5405,7884,13340,-864
2260,1580,824,-397,2875,5622,8068,13432,-808
2996,976,1268,-409,2685,5894,7948,13488,-560
3304,532,1500,-531,2338,5954,8040,13548,-524
3708,-288,1524,-672,1924,5922,8088,13356,-196
4308,-1536,1844,-1133,1166,6169,8184,13436,-364
4596,-2368,2004,-1201,-24,6019,8000,13536,-412
4916,-3232,2272,-1112,-305,5760,7944,13436,-728
5720,-4036,2240,-1129,-640,5474,7956,13492,-552
6660,-4364,2676,-1235,-1302,5257,8016,13416,-708
7172,-4836,2972,-1328,-1667,4847,7652,13412,-760
8012,-5200,3124,-1277,-1911,4499,7544,13400,-752
8944,-5800,3288,-1282,-2329,4194,7592,13344,-752
9452,-6332,3640,-1275,-2865,3831,7956,13544,-632
9716,-6764,4048,-1377,-3315,3499,8036,13468,-500
9732,-7384,4260,-1452,-3713,3085,8052,13164,-528
10420,-8156,4604,-1459,-4175,2892,8024,13308,-368
11120,-9004,5068,-1682,-4172,2404,8168,13364,-540
11852,-9872,5244,-1608,-3883,1894,8168,13288,-348
13668,-10612,5896,-1682,-3348,1509,8036,13380,-496
14780,-10688,6164,-1905,-3044,1135,8060,13536,-452
15420,-11216,6728,-2013,-2632,902,8020,13628,-516
15596,-11800,7412,-1884,-2427,846,7764,13772,-564
15628,-12588,8156,-1746,-2306,947,7804,13660,-552
15752,-12632,9208,-1541,-2179,1194,7916,13548,-568
16364,-12308,10556,-1429,-1908,1455,7848,13476,-760
17712,-11932,12056,-1343,-1617,1739,7868,13468,-672
19100,-11188,13084,-1364,-1224,1983,7948,13428,-372
20372,-10836,13704,-1413,-900,2141,7980,13288,-164
22224,-10972,13868,-1369,-452,2386,8040,13284,68
23644,-11248,13944,-1230,-301,2634,8100,13228,192
24544,-11568,14240,-1122,-383,3092,7988,13024,-40
25448,-11876,15300,-1007,-428,3532,7924,13092,-216
26244,-11780,17164,-947,-554,3818,7972,13020,-120
27124,-11728,18752,-893,-563,4007,7984,13164,-216
27508,-9888,20460,-886,-583,4159,8024,13144,-364
27476,-9276,21900,-916,-820,4510,8248,13240,-212
27440,-9392,23292,-777,-720,4899,8360,13296,40
27208,-9600,24320,-827,-1167,5576,8456,13452,124
27044,-9704,25024,-970,-1088,5599,8276,13408,124
26840,-10316,26172,-829,-701,5836,8456,13412,204
25924,-10144,27244,-715,-456,5731,8452,13292,188
24888,-9328,28416,-747,-543,5718,8516,13264,248
24200,-8428,29716,-767,-544,5722,8412,13228,52
23296,-7256,30444,-671,-590,5733,8392,13316,240
22464,-6240,30836,-563,-550,5688,8332,13372,8
21676,-5536,30888,-561,-579,5512,8172,13264,140
20704,-4780,30696,-483,-396,5190,8184,13192,304
19440,-3540,30732,-360,-66,4895,8320,13212,172
17836,-2284,31208,-235,73,4562,8496,12988,204
16440,-1448,31464,-88,253,4299,8692,13048,200
14600,720,32260,-129,394,4113,8608,13044,40
13160,2884,32767,-153,421,3916,8524,12976,124
12136,4732,32767,-321,581,3665,8628,13140,-12
11156,5740,32767,-315,830,3366,8560,13124,92
9860,6956,32767,-421,911,3015,8412,13140,-52
8612,7736,32767,-502,1035,2660,8392,13220,-8
7172,8448,32767,-500,1250,2368,8312,13392,-124
5620,9036,32164,-503,1354,2113,8396,13332,60
2324,10024,31180,-498,1613,1997,8408,13308,-72
28,11612,29556,-639,1175,1827,8696,13368,-80
2520,10800,28800,-612,1009,1769,8556,13260,-248
428,11744,27004,-783,461,1830,8420,13200,-376
-456,12076,24764,-808,-112,2084,8260,13204,-556
-1640,13140,22508,-857,-571,2018,8212,13252,-744
-1964,12944,20696,-880,-1427,2283,8196,13464,-652
-2400,12968,18880,-998,-1746,2557,8080,13200,-700
-2956,12840,16992,-1185,-1695,2808,8188,13352,-520
-3288,11668,15212,-1397,-1202,2923,8332,13240,-548
-4000,11444,13300,-1599,-745,2809,8252,13236,-640
-3436,12704,11280,-1853,-217,2042,7892,13192,-588
-3544,12860,10124,-1908,210,1211,8128,13272,-624
-3364,12720,8852,-2177,494,-697,8096,13392,-752
-3572,13032,7936,-2554,1786,-3687,8228,13368,-772
-2524,12408,7356,-2415,2943,-6530,7820,13252,-832
-4000,11780,6884,-2495,3482,-7745,8096,13232,-796
-3320,10732,6432,-2432,3288,-8366,8076,13304,-1112
-2208,10800,5140,-1944,3111,-9181,7792,13248,-1180
-2344,11108,5068,-1689,3265,-9798,7864,13504,-1300
-2660,8592,5744,-1416,1940,-9940,8012,13432,-1152
-2728,8508,5264,-1172,1193,-9669,7836,13432,-1220
-3064,9476,4224,-1053,-219,-8242,7832,13152,-1316
-2508,9500,3916,-1295,-724,-5712,7528,13136,-1640
-2508,9004,4028,-1486,-1495,-3784,7900,13360,-872
-2772,8324,4000,-1273,-1002,-2060,7640,13400,-1056
-2224,8480,3792,-961,-439,-462,7728,13556,-868
-1920,8092,3620,-748,311,912,7940,13580,-916
-1812,7856,3424,-582,931,2177,7804,13488,-832
-1480,7408,3388,-423,1505,3549,7552,13556,-852
-784,6704,3220,-448,2316,4680,7556,13528,-632
-288,6500,3188,-648,2867,6058,7832,13360,-612
12,5980,3216,-648,3129,6713,8132,13272,-396
504,5456,3200,-668,3614,6707,8212,13200,-284
1028,4860,2924,-881,4025,7221,8408,13276,-140
1428,4380,2908,-1264,3274,6785,8456,13120,-176
1416,3524,2968,-1077,3181,6661,8456,13108,-188
1372,2596,3040,-802,2988,6531,8260,13144,-8
1864,1236,2888,-590,2269,6492,8092,13232,-100
2600,512,2664,-610,1164,6343,8040,13316,136
3332,212,2756,-451,500,5905,8088,13416,-56
3852,-384,2228,-327,113,5548,7992,13512,256
4952,-692,1652,-506,-515,5184,7992,13424,348
5904,-524,1072,-712,-983,4828,8072,13284,556
6740,-384,700,-830,-1204,4467,8436,13348,656
7164,-696,312,-1056,-1439,4143,8580,13328,772
7504,-1272,-316,-1287,-2254,3865,8496,13280,760
8032,-1804,-244,-1533,-2609,3739,8400,13280,652
7612,-2268,56,-1614,-2863,3429,8304,13400,48
7404,-2724,184,-1324,-2590,3395,8044,13276,-216
7380,-3004,404,-1302,-2917,3429,7892,13376,-640
8268,-3588,300,-1406,-2860,3497,7732,13404,-584
9984,-3800,412,-1751,-2719,3584,7644,13304,-724
11224,-3980,616,-2105,-2582,3232,7772,13332,-748
11736,-4532,484,-2363,-2471,2635,7804,13412,-480
11816,-4916,636,-2420,-2329,1789,7784,13448,-308
11776,-6248,1200,-2220,-1970,1326,7716,13552,-292
11376,-7364,1876,-1534,-2578,1323,7708,13480,-444
10828,-8084,2736,-1229,-1837,1235,7624,13408,-760
11160,-9228,3728,-1105,-2804,1476,7580,13376,-680
11548,-9900,4896,-1589,-3302,2379,7632,13480,-1240
12300,-10372,5928,-1917,-2926,2986,7576,13700,-1184
13780,-10868,6800,-1888,-2210,3200,7372,13572,-1388
15360,-11100,7896,-1832,-1238,2646,7360,13636,-1264
16184,-11496,9264,-1946,-817,2308,7948,13636,-600
17204,-11876,10420,-1918,-1281,2315,8028,13660,-676
17936,-11668,11000,-1752,-1369,2413,7984,13492,-492
19248,-12540,11852,-1317,-1214,2955,8108,13340,-608
20240,-13192,13704,-1113,-1316,3307,7820,13260,-536
21276,-13292,15668,-988,-1336,3428,7876,13264,-640
22264,-13136,17736,-984,-1021,3187,7992,13340,-496
23400,-12508,19376,-950,-900,2890,8020,13220,-448
24356,-12276,20892,-1031,-931,2763,8048,13292,-208
25104,-12028,22548,-974,-1128,2854,8036,13256,-220
25436,-12256,23700,-719,-1272,3260,7856,13128,0
26048,-12000,24456,-513,-1504,3767,8032,13040,-84
26676,-11372,25468,-366,-1469,4205,8120,13000,-120
27092,-10756,26260,-274,-1239,4587,8152,12976,4
26628,-9816,27576,-305,-1049,4935,8208,13184,188
26248,-8228,29764,-414,-1209,5272,8380,13416,380
25948,-7368,31032,-477,-1313,5650,8456,13580,672
25624,-6892,32116,-450,-1371,5964,8288,13580,696
24984,-6860,32767,-273,-1346,6190,8292,13448,884
24376,-7232,32767,-83,-1301,6258,8464,13336,1020
23136,-6664,32767,-54,-1073,6153,8624,13352,872
20984,-3720,32767,-145,-757,5818,8740,13028,864
19404,-1468,32767,-230,-558,5421,8932,12876,800
17940,52,32767,-322,-533,4997,8960,12984,400
17260,652,32767,-333,-539,4648,8868,13116,380
16568,1204,32767,-322,-445,4231,8644,13100,580
15648,2416,32767,-418,-520,3975,8476,12932,208
14964,2284,32767,-447,-494,3581,8348,13000,356
14244,2208,32767,-442,-430,3175,8328,13032,24
12576,4136,32767,-448,-286,2833,8432,12848,-84
10724,5908,32767,-526,-263,2567,8528,12832,-384
9508,6180,32767,-621,-48,2249,8504,12936,-500
8548,7028,32767,-696,167,2037,8284,13132,-484
7584,7740,31884,-754,302,1874,8216,13388,-368
6512,7984,31060,-823,498,1713,8400,13484,-264
6484,9024,30076,-808,552,1594,8476,13564,-200
5056,8240,29164,-690,504,1500,8576,13600,-212
3424,11284,27448,-685,377,1378,8308,13728,-416
680,12148,26140,-660,269,1497,8096,13660,-512
376,10456,24768,-596,-92,1506,8056,13540,-624
336,12580,23196,-622,-383,1649,8112,13300,-576
-60,11308,21032,-630,-653,1791,8064,13268,-652
-2752,11532,18888,-667,-714,1868,8036,13260,-576
-2504,11524,17072,-732,-744,2189,7856,13232,-464
-3912,12004,16276,-713,-346,2291,7820,13180,-640
-3972,11584,14968,-787,19,2429,7872,13324,-364
-4872,10952,13396,-817,309,2015,8144,13204,-308
-3788,11884,12168,-860,149,1730,8436,13256,56
-4492,10304,11408,-1084,396,743,8576,13344,-232
-4424,10524,10332,-1309,1522,-1485,8368,13240,-108
-4032,10440,9528,-1456,2750,-3480,8508,13512,80
-4664,9872,9116,-1692,3397,-5629,8224,13364,-260
-5140,10288,7720,-1975,3820,-7391,8024,13376,-492
-5504,10984,6824,-1866,4049,-9148,7836,13548,-684
-4296,10100,6352,-1773,3613,-10358,7324,13564,-1096
-3904,9560,5912,-1976,2817,-10781,7464,13456,-1392
-4492,9120,5316,-1985,2167,-10622,7376,13508,-1560
-4372,9384,4720,-1785,1183,-9671,7276,13684,-1648
-3784,9036,3840,-1800,-250,-7237,7348,13588,-1752
-3180,8724,3508,-1902,-1246,-4395,7488,13696,-1616
-2848,8664,2696,-1733,-1888,-2031,7172,13736,-1576
-2260,7812,2068,-1477,-1668,-240,7180,13704,-1456
-1432,7656,1580,-1116,-1066,1470,7196,13788,-1248
-1060,7804,1188,-829,-123,2594,7224,13868,-1376
-660,7380,800,-621,1002,3954,7464,13704,-796
-312,6808,460,-565,1886,5162,7440,13528,-668
192,6356,-32,-927,2316,6551,7412,13592,-880
448,5896,-156,-897,2483,7536,7428,13464,-888
544,5200,-440,-1324,2818,8660,7416,13336,-956
724,4628,-780,-1530,3083,8231,7664,13268,-668
1836,4672,-772,-1048,3370,8648,7672,13016,-1048
2760,4488,-612,-891,3624,8093,7876,13376,-600
3540,3744,-688,-812,3357,7774,7744,13096,-112
4012,3536,-1056,-707,3112,7067,8088,13312,-356
4308,3468,-916,-394,3070,6635,8292,13452,-48
4300,3132,-644,-252,2424,6196,8436,13384,112
4220,2244,-136,-164,1419,5939,8488,13240,-88
4160,1036,-180,-128,484,5720,8428,13260,-108
4176,524,-176,-61,-344,5479,8336,13232,56
4328,-36,-20,-157,-1131,5090,8184,13416,-16
4756,-968,-104,-342,-1632,4957,8168,13356,68
6208,-1668,-176,-603,-2140,4746,8252,13372,180
7376,-1448,208,-981,-2187,4368,8300,13248,484
8048,-2076,500,-1393,-2076,3877,8292,13332,548
9108,-2824,464,-1800,-2125,3346,8424,13196,652
9592,-3300,792,-1927,-2158,2780,8592,13244,780
9628,-4484,1092,-1921,-2321,2245,8396,13292,880
9304,-5792,2100,-1796,-2579,1809,8184,13340,460
9056,-6828,2268,-1586,-3000,1594,8020,13396,84
9980,-7464,2376,-1348,-2967,1017,8084,13368,-168
12260,-8004,2764,-1177,-2942,405,8148,13236,-424
