-13024,-8592,2816,-1204,-70,2045,7544,13596,-592
-13024,-8592,2816,-1204,-70,2045,7544,13596,-592
-13036,-8520,2860,-1178,-65,1977,7420,13536,-612
-13036,-8520,2860,-1178,-65,1977,7420,13536,-612
-13096,-8448,2944,-1141,-69,1931,7632,13608,-596
-13096,-8448,2944,-1141,-69,1931,7632,13608,-596
-13088,-8508,2852,-1118,-20,1898,7556,13600,-420
-12956,-8524,2980,-1095,-7,1868,7772,13544,-344
-12956,-8524,2980,-1095,-7,1868,7772,13544,-344
-13052,-8656,2972,-1086,43,1861,7692,13496,-180
-13052,-8656,2972,-1086,43,1861,7692,13496,-180
-13076,-8712,3080,-1055,100,1882,7724,13580,104
-12944,-8756,3136,-1060,84,1886,7832,13568,-36
-13024,-8832,3004,-1078,107,1870,7852,13592,84
-13064,-8984,3100,-1085,123,1862,7788,13604,208
-13096,-9012,3128,-1104,120,1834,7908,13576,200
-13092,-8900,3140,-1072,152,1777,7824,13576,152
-13092,-8900,3140,-1072,152,1777,7824,13576,152
-13104,-9072,3112,-1055,159,1678,7640,13580,8
-13244,-8952,3148,-1053,120,1604,7580,13616,-228
-13204,-9040,3044,-1046,130,1593,7672,13576,-152
-13244,-9068,2836,-1044,132,1510,7804,13644,-268
-13152,-9028,3080,-1021,132,1525,7672,13548,-212
-13152,-8948,2980,-1017,140,1510,7608,13556,-228
-13156,-8980,3000,-1014,127,1525,7672,13564,-112
-13156,-8980,3000,-1014,127,1525,7672,13564,-112
-12976,-8888,2684,-996,56,1542,7684,13648,-216
-12936,-8844,2980,-1003,26,1539,7716,13652,-244
-12980,-8808,2824,-1004,34,1512,7676,13612,-104
-12876,-8876,2940,-991,31,1473,7932,13516,-252
-13044,-8764,2800,-991,30,1447,7644,13548,-148
-13044,-8764,2800,-991,30,1447,7644,13548,-148
-12964,-8776,2908,-994,94,1377,7644,13504,-336
-13004,-8816,2952,-994,114,1347,7612,13592,-336
-13048,-8860,2764,-961,97,1334,7632,13576,-200
-13200,-8840,2876,-994,96,1295,7716,13612,-272
-13212,-8824,2836,-950,105,1301,7712,13608,-412
-13212,-8936,2832,-955,173,1248,7576,13644,-228
-13308,-8972,2888,-955,182,1241,7592,13600,-156
-13276,-8784,2916,-967,203,1246,7608,13640,-296
-13216,-8764,2868,-971,204,1232,7732,13636,-340
-13148,-8872,3024,-968,221,1217,7760,13648,-416
-13212,-8860,3008,-997,197,1210,7720,13608,-344
-13280,-8852,3104,-975,242,1208,7732,13516,-376
-13168,-8676,3076,-972,266,1237,7764,13496,-244
-13276,-8668,3032,-954,273,1239,7776,13476,-284
-13172,-8488,3048,-957,285,1233,7680,13532,-352
-13220,-8464,3068,-954,254,1257,7624,13532,-332
-13248,-8468,2956,-942,275,1259,7568,13548,-328
-13268,-8404,2968,-963,287,1282,7528,13612,-284
-13272,-8436,2964,-943,294,1268,7732,13524,-216
-13272,-8436,2964,-943,294,1268,7732,13524,-216
-13324,-8376,2868,-945,286,1341,7556,13632,-516
-13324,-8376,2868,-945,286,1341,7556,13632,-516
-13308,-8420,2912,-947,282,1410,7632,13736,-208
-13212,-8600,2800,-957,250,1425,7596,13700,-408
-13204,-8520,2716,-938,243,1425,7512,13672,-288
-13184,-8620,2700,-973,238,1473,7476,13612,-180
-13204,-8680,2840,-982,243,1476,7588,13716,-312
-12980,-8632,2664,-980,238,1468,7596,13520,-324
-12980,-8632,2664,-980,238,1468,7596,13520,-324
-13184,-8776,2784,-999,211,1501,7680,13596,-532
-13228,-8768,2900,-987,190,1479,7656,13588,-432
-13200,-8684,2784,-990,185,1505,7624,13596,-456
-13112,-8788,2904,-981,177,1491,7608,13656,-452
-13240,-8788,2728,-987,175,1511,7620,13636,-488
-13184,-8564,2788,-1005,181,1496,7544,13640,-460
-13136,-8660,2752,-974,140,1502,7512,13644,-376
-13172,-8624,2680,-972,149,1474,7756,13696,-380
-13176,-8656,2816,-964,167,1493,7748,13660,-416
-13176,-8656,2816,-964,167,1493,7748,13660,-416
-13296,-8428,2764,-955,134,1505,7716,13552,-280
-13268,-8500,2716,-977,161,1495,7504,13588,-268
-13196,-8600,2816,-963,185,1521,7544,13636,-328
-13276,-8596,2800,-973,157,1554,7564,13608,-348
-13292,-8544,2756,-957,168,1596,7544,13592,-76
-13352,-8576,2796,-965,177,1624,7600,13620,-192
-13364,-8620,2952,-970,188,1641,7592,13576,-360
-13244,-8552,2832,-956,184,1649,7672,13588,-228
-13244,-8552,2832,-956,184,1649,7672,13588,-228
-13292,-8576,2944,-996,143,1671,7516,13668,-252
-13368,-8656,2828,-993,126,1649,7676,13520,-88
-13336,-8676,2704,-994,88,1662,7776,13536,-192
-13300,-8692,2852,-1001,37,1654,7832,13548,4
-13364,-8632,2860,-1028,25,1654,7876,13556,-240
-13328,-8744,2776,-1023,1,1649,7652,13600,-264
-13304,-8828,2908,-1047,19,1604,7512,13516,-292
-13312,-8608,2912,-1048,14,1581,7460,13580,-380
-13308,-8656,2900,-1026,-7,1585,7564,13516,-388
-13228,-8624,3020,-1034,3,1574,7740,13564,-520
-13228,-8632,3008,-1028,3,1579,7508,13588,-360
-13172,-8552,2932,-1037,3,1562,7544,13664,-416
-13160,-8652,2920,-1034,26,1555,7520,13684,-372
-13192,-8500,3032,-1008,-36,1556,7644,13600,-548
-13168,-8448,2964,-972,-9,1578,7652,13680,-328
-13168,-8448,2964,-972,-9,1578,7652,13680,-328
-13168,-8624,3008,-973,-20,1652,7540,13556,-256
-13256,-8528,3032,-974,-6,1669,7600,13616,-296
-13128,-8676,2940,-989,-22,1735,7692,13660,-372
-13184,-8544,2764,-983,-15,1758,7632,13732,-332
-13096,-8672,2864,-1002,-17,1800,7392,13552,-296
-13088,-8604,2800,-1006,-22,1822,7524,13592,-368
-13228,-8672,2660,-992,-9,1826,7672,13632,-448
-13240,-8708,2928,-997,-20,1795,7652,13648,-460
-13240,-8708,2928,-997,-20,1795,7652,13648,-460
-13204,-8708,2708,-1050,-5,1725,7672,13612,-368
-13244,-8788,2840,-1006,-23,1697,7740,13692,-368
-13196,-8760,2824,-1001,-36,1661,7524,13612,-400
-13128,-8876,2928,-1006,-36,1610,7780,13568,-324
-13216,-8772,2796,-1012,-11,1511,7724,13636,-260
-13244,-8880,2872,-1012,-3,1472,7656,13596,-212
-13316,-8812,2964,-1008,30,1428,7704,13688,-92
-13168,-8776,3036,-1000,51,1398,7716,13632,-168
-13168,-8776,3036,-1000,51,1398,7716,13632,-168
-13100,-8692,2996,-999,66,1350,7764,13692,-252
-13116,-8608,2980,-1005,55,1372,7844,13640,-152
-13144,-8504,2984,-1001,-14,1386,7716,13576,-296
-13188,-8488,3036,-993,-66,1400,7760,13664,-192
-13236,-8360,2912,-1015,-99,1451,7716,13628,-252
-13248,-8444,2872,-962,-98,1516,7692,13620,-460
-13184,-8324,2952,-998,-99,1592,7604,13528,-536
-13184,-8324,2952,-998,-99,1592,7604,13528,-536
-13048,-8504,2960,-937,-142,1670,7696,13716,-352
-13156,-8640,2984,-974,-182,1694,7872,13680,-184
-13104,-8668,2860,-937,-227,1730,7616,13672,-320
-13168,-8640,2936,-944,-279,1694,7836,13636,-288
-13188,-8804,2960,-936,-285,1680,7844,13764,-384
-13236,-8876,3052,-905,-336,1645,7704,13824,-396
-13320,-8956,2880,-898,-351,1596,7784,13912,-332
-13320,-8956,2880,-898,-351,1596,7784,13912,-332
-13432,-9012,2948,-881,-415,1533,7432,13808,-436
-13364,-9068,2872,-876,-446,1435,7648,13676,-388
-13364,-9068,2872,-876,-446,1435,7648,13676,-388
-13468,-8928,3236,-890,-510,1252,7652,13780,-592
-13440,-8936,3232,-871,-492,1170,7608,13780,-548
-13440,-8936,3232,-871,-492,1170,7608,13780,-548
-13240,-8664,3748,-914,-505,902,7544,13672,-416
-13240,-8664,3748,-914,-505,902,7544,13672,-416
-13204,-8560,3648,-893,-525,702,7404,13724,-224
-13204,-8560,3648,-893,-525,702,7404,13724,-224
-13400,-8560,3844,-855,-552,574,7536,13756,-320
-13400,-8560,3844,-855,-552,574,7536,13756,-320
-13480,-8364,3808,-823,-574,550,7608,13672,-260
-13480,-8364,3808,-823,-574,550,7608,13672,-260
-13460,-8452,3824,-832,-577,599,7404,13552,-660
-13460,-8452,3824,-832,-577,599,7404,13552,-660
-13356,-8372,3684,-871,-589,577,7524,13828,-652
-13356,-8372,3684,-871,-589,577,7524,13828,-652
-13408,-8324,3772,-879,-562,600,7724,13556,-480
-13248,-8216,3864,-878,-538,626,7724,13476,-568
-13248,-8216,3864,-878,-538,626,7724,13476,-568
-13188,-8816,3660,-918,-453,654,7460,13888,-692
-13188,-8816,3660,-918,-453,654,7460,13888,-692
-13288,-7888,3344,-955,-397,684,7592,13740,-632
-13288,-7888,3344,-955,-397,684,7592,13740,-632
-13244,-8216,3240,-932,-351,688,7792,13664,-584
-13244,-8216,3240,-932,-351,688,7792,13664,-584
-13256,-8572,3364,-940,-255,698,7364,13992,-736
-13348,-8516,3472,-960,-200,695,7176,13908,-960
-13348,-8516,3472,-960,-200,695,7176,13908,-960
-13232,-8504,3356,-958,-237,631,6924,12852,-892
-13296,-8544,3176,-947,-241,612,7356,11300,-440
-13296,-8544,3176,-947,-241,612,7356,11300,-440
-13352,-8596,3304,-891,-326,574,6952,13832,-620
-13352,-8596,3304,-891,-326,574,6952,13832,-620
-13584,-8512,3404,-878,-372,494,6544,13652,-920
-13584,-8512,3404,-878,-372,494,6544,13652,-920
-13580,-8480,3124,-935,-503,372,10244,-7248,3688
-13580,-8480,3124,-935,-503,372,10244,-7248,3688
-13324,-8504,3060,-953,-520,530,7056,15740,864
-13324,-8504,3060,-953,-520,530,7056,15740,864
-13236,-8528,2912,-922,-648,346,4436,14956,-712
-13236,-8528,2912,-922,-648,346,4436,14956,-712
-12948,-8624,2792,-951,-869,498,6724,13988,12
-12948,-8624,2792,-951,-869,498,6724,13988,12
-12792,-8580,2536,-969,-1072,600,8700,13068,892
-12792,-8580,2536,-969,-1072,600,8700,13068,892
-12448,-8584,2284,-921,-1321,834,8748,12872,860
-12448,-8584,2284,-921,-1321,834,8748,12872,860
-12240,-8508,2104,-882,-1406,1079,8336,12688,752
-12240,-8508,2104,-882,-1406,1079,8336,12688,752
-11768,-8452,1804,-924,-1479,1085,7896,13032,56
-11768,-8452,1804,-924,-1479,1085,7896,13032,56
-11268,-8296,1536,-810,-1556,927,7984,12044,56
-10752,-8300,1488,-783,-1627,808,8168,11568,296
-10752,-8300,1488,-783,-1627,808,8168,11568,296
-9804,-7920,1604,-690,-1778,412,7668,10128,-360
-9356,-7696,1388,-651,-1903,133,7436,8832,-488
-9356,-7696,1388,-651,-1903,133,7436,8832,-488
-8532,-7356,1548,-706,-2253,-414,6840,7720,2364
-8532,-7356,1548,-706,-2253,-414,6840,7720,2364
-8104,-6836,1252,-700,-2805,-874,4056,9460,-3340
-8104,-6836,1252,-700,-2805,-874,4056,9460,-3340
-7856,-6576,1180,-616,-3392,-1057,708,12856,-4168
-7804,-6516,1336,-616,-3563,-1022,-504,12808,-6076
-7804,-6516,1336,-616,-3563,-1022,-504,12808,-6076
-7712,-6460,1308,-629,-3480,-583,-5048,12760,-3868
-7712,-6460,1308,-629,-3480,-583,-5048,12760,-3868
-8532,-6516,1192,-577,-3419,157,-8252,14992,-3584
-8532,-6516,1192,-577,-3419,157,-8252,14992,-3584
-10056,-7052,1404,-168,-3182,721,4220,10992,1364
-10056,-7052,1404,-168,-3182,721,4220,10992,1364
-11908,-7432,1832,-292,-2792,1782,6476,10040,-96
-11908,-7432,1832,-292,-2792,1782,6476,10040,-96
-13740,-8216,2184,-588,-2052,2387,9464,13768,1444
-13740,-8216,2184,-588,-2052,2387,9464,13768,1444
-16692,-8736,3424,-649,-1652,2415,3552,18920,-4292
-16692,-8736,3424,-649,-1652,2415,3552,18920,-4292
-19516,-9564,4500,-672,-1022,2216,7048,23632,-4584
-19516,-9564,4500,-672,-1022,2216,7048,23632,-4584
-24576,-10540,6488,-1228,-242,1760,8584,25856,-4580
-26604,-11052,8160,-1504,-108,1463,7216,25692,-3640
-26604,-11052,8160,-1504,-108,1463,7216,25692,-3640
-31492,-12120,10204,-1746,170,1136,5536,26816,-348
-31936,-11644,10800,-1702,483,1277,5224,26024,324
-31936,-11644,10800,-1702,483,1277,5224,26024,324
-31800,-11696,11820,-1510,1408,2194,4904,26008,-2028
-31800,-11696,11820,-1510,1408,2194,4904,26008,-2028
-30600,-10236,11088,-1244,2384,3093,7100,30296,-3864
-30600,-10236,11088,-1244,2384,3093,7100,30296,-3864
-29772,-10776,9304,-1179,2903,4095,10088,32400,-3412
-29772,-10776,9304,-1179,2903,4095,10088,32400,-3412
-28876,-11720,7876,-1063,3409,4473,12320,30848,-1556
-28876,-11720,7876,-1063,3409,4473,12320,30848,-1556
-26608,-11920,7168,-1257,4650,4106,13752,25724,2264
-26608,-11920,7168,-1257,4650,4106,13752,25724,2264
-20416,-11584,128,-1562,5426,3970,12592,22124,4560
-18540,-11088,-112,-1261,5396,3961,11128,22008,3876
-18540,-11088,-112,-1261,5396,3961,11128,22008,3876
-14704,-11700,2512,-860,4200,3484,8740,20436,4228
-14704,-11700,2512,-860,4200,3484,8740,20436,4228
-10716,-10472,2888,-1180,-66,466,5844,18388,1912
-10716,-10472,2888,-1180,-66,466,5844,18388,1912
-7976,-9924,1456,-693,-86,-2115,6956,12092,4188
-7976,-9924,1456,-693,-86,-2115,6956,12092,4188
-4924,-9732,-304,-814,-1562,-1943,5376,8512,4212
-4924,-9732,-304,-814,-1562,-1943,5376,8512,4212
-1824,-9004,-916,-146,-2382,-1577,1276,3968,2036
-688,-8444,-1216,-240,-2245,-1859,-56,2696,2392
-688,-8444,-1216,-240,-2245,-1859,-56,2696,2392
928,-6060,-1724,-112,-178,-1102,-744,352,484
1288,-5444,-1664,-294,97,-330,-436,-896,316
1288,-5444,-1664,-294,97,-330,-436,-896,316
2176,-3292,-1268,-878,-1191,1631,-1964,528,-1268
2176,-3292,-1268,-878,-1191,1631,-1964,528,-1268
2568,-2332,-784,-1229,-3249,2566,-3436,-1392,-1904
2568,-2332,-784,-1229,-3249,2566,-3436,-1392,-1904
3396,-2092,-348,-1496,-4723,2144,-4580,-4292,-1640
3396,-2092,-348,-1496,-4723,2144,-4580,-4292,-1640
2024,-1792,-1012,-1869,-5348,1627,-3412,1164,-1268
1356,-1880,-1056,-2035,-5689,1522,-3040,1988,-2768
1356,-1880,-1056,-2035,-5689,1522,-3040,1988,-2768
304,-2264,-1356,-1638,-5234,1432,856,124,-2960
304,-2264,-1356,-1638,-5234,1432,856,124,-2960
60,-1480,-684,-1631,-3794,1720,3392,-2424,-716
60,-1480,-684,-1631,-3794,1720,3392,-2424,-716
300,-1036,368,-1504,-2692,2265,-1128,-2184,-540
300,-1036,368,-1504,-2692,2265,-1128,-2184,-540
-92,-504,1304,-1617,-2014,2878,-5584,-1636,748
-92,-504,1304,-1617,-2014,2878,-5584,-1636,748
-1220,68,-160,-1789,-1729,3717,-3364,-1792,2004
-1220,68,-160,-1789,-1729,3717,-3364,-1792,2004
-4716,-1952,-156,-2030,-1135,4100,2364,176,3888
-4716,-1952,-156,-2030,-1135,4100,2364,176,3888
-13056,-6128,-388,-2762,-616,3197,9356,22720,6732
-17764,-8748,-292,-3362,-1563,2432,7740,25656,4240
-17764,-8748,-292,-3362,-1563,2432,7740,25656,4240
-24772,-11456,2056,-5129,-12450,-775,12928,29532,-2760
-24772,-11456,2056,-5129,-12450,-775,12928,29532,-2760
-26136,-11244,2748,-737,-8055,-7071,9876,32767,-2992
-26136,-11244,2748,-737,-8055,-7071,9876,32767,-2992
-29236,-11900,4564,-754,4029,-6696,7368,31832,-8504
-29236,-11900,4564,-754,4029,-6696,7368,31832,-8504
-30312,-11896,7760,76,3866,-6212,7900,25596,-7788
-30312,-11896,7760,76,3866,-6212,7900,25596,-7788
-32768,-11912,7560,-1979,-2654,-3215,5012,23752,-3572
-32768,-11912,7560,-1979,-2654,-3215,5012,23752,-3572
-32768,-13624,8840,-1864,-3190,60,7348,30884,876
-32768,-13624,8840,-1864,-3190,60,7348,30884,876
-32768,-14692,8196,-642,588,4837,8868,32767,2920
-32768,-14692,8196,-642,588,4837,8868,32767,2920
-32768,-12896,7696,-412,2294,8949,11552,29368,1544
-32768,-12896,7696,-412,2294,8949,11552,29368,1544
-32768,-10836,7340,-1620,1756,11774,9692,32767,-3120
-32768,-10836,7340,-1620,1756,11774,9692,32767,-3120
-30556,-9108,6964,-1076,1125,10564,11884,32767,-4840
-30556,-9108,6964,-1076,1125,10564,11884,32767,-4840
-25404,-8772,4640,-1123,3750,4689,15236,32288,-1600
-25404,-8772,4640,-1123,3750,4689,15236,32288,-1600
-21424,-11068,3012,-810,6923,-2,11728,29080,1452
-19912,-11116,3336,-601,7237,-1036,11636,25844,2668
-19912,-11116,3336,-601,7237,-1036,11636,25844,2668
-16788,-10156,5348,-120,5802,-2619,9936,19324,3932
-16788,-10156,5348,-120,5802,-2619,9936,19324,3932
-12848,-8992,6680,354,5653,-2835,10556,14540,5576
-12848,-8992,6680,354,5653,-2835,10556,14540,5576
-7224,-8104,4804,191,5246,-4136,5016,10800,5296
-7224,-8104,4804,191,5246,-4136,5016,10800,5296
-3320,-5488,2176,375,5362,-4810,-684,8328,3864
-1836,-4564,1044,300,4529,-4301,-1852,6436,2800
-1836,-4564,1044,300,4529,-4301,-1852,6436,2800
332,-3516,1084,745,1821,-2704,-796,3792,2884
332,-3516,1084,745,1821,-2704,-796,3792,2884
1884,-3492,1232,1467,1958,-1976,2780,-1628,1552
1884,-3492,1232,1467,1958,-1976,2780,-1628,1552
2824,-2468,2420,36,-373,971,4748,-6172,1124
2824,-2468,2420,36,-373,971,4748,-6172,1124
2252,-2116,928,-1043,-3169,3114,-4396,-3448,-1436
2036,-2132,808,-1536,-4632,3897,-4628,-2248,-2524
2036,-2132,808,-1536,-4632,3897,-4628,-2248,-2524
1528,-1340,532,-1658,-6499,5285,-7380,-1868,-3840
1528,-1340,532,-1658,-6499,5285,-7380,-1868,-3840
528,-2212,1240,-1079,-5511,4760,-11312,3892,-6328
528,-2212,1240,-1079,-5511,4760,-11312,3892,-6328
316,-1792,976,-377,-3385,4719,-3848,1112,-3404
316,-1792,976,-377,-3385,4719,-3848,1112,-3404
860,-1440,1112,236,-1951,4658,604,-2392,-572
284,-720,3920,360,-1420,4459,2308,-2816,112
284,-720,3920,360,-1420,4459,2308,-2816,112
-20,-1928,2516,-430,-352,4091,2492,-1624,28
-20,-1928,2516,-430,-352,4091,2492,-1624,28
-356,-52,116,-943,1097,3548,588,-180,-764
-792,132,232,-884,970,3332,688,620,-420
-792,132,232,-884,970,3332,688,620,-420
-1216,-1268,-188,-1731,336,3990,344,1456,832
-1216,-1268,-188,-1731,336,3990,344,1456,832
-2100,-2416,-408,-2055,1041,4225,420,5532,1416
-2768,-2896,-352,-2381,678,4294,456,7060,2480
-2768,-2896,-352,-2381,678,4294,456,7060,2480
-7280,-4608,-1084,-2640,529,3677,7436,12828,10208
-7280,-4608,-1084,-2640,529,3677,7436,12828,10208
-16180,-9700,-204,-3120,-2313,2760,10324,17048,5644
-16180,-9700,-204,-3120,-2313,2760,10324,17048,5644
-24048,-14468,2644,-3790,-9300,4084,6760,26072,-1244
-24048,-14468,2644,-3790,-9300,4084,6760,26072,-1244
-25920,-15100,3024,-884,-5297,3964,-48,32767,-6576
-25920,-15100,3024,-884,-5297,3964,-48,32767,-6576
-32752,-17892,6820,-1342,5556,-5524,13880,32767,-6232
-32752,-17892,6820,-1342,5556,-5524,13880,32767,-6232
-32768,-18212,9056,-605,1855,-6512,15884,32767,-2956
-32768,-18212,9056,-605,1855,-6512,15884,32767,-2956
-32768,-16924,9220,-875,-1246,-3693,10088,32767,-4932
-32768,-16924,9220,-875,-1246,-3693,10088,32767,-4932
-32768,-14372,9088,-1212,-2205,-2703,10012,32004,-4728
-32768,-12624,8408,-1313,-2103,-1846,7108,28616,-1148
-32768,-12624,8408,-1313,-2103,-1846,7108,28616,-1148
-32768,-11208,8692,-1417,-2550,3666,5628,32767,428
-32768,-11344,8680,-1097,-2171,5944,7448,32767,-236
-32768,-11344,8680,-1097,-2171,5944,7448,32767,-236
-32768,-12848,8932,-470,294,9418,13552,32767,-4912
-32768,-12848,8932,-470,294,9418,13552,32767,-4912
-32768,-12508,8804,-1228,2320,9532,12864,30980,-6204
-32768,-12508,8804,-1228,2320,9532,12864,30980,-6204
-27880,-10324,7708,-793,4493,6340,13300,26320,1512
-27880,-10324,7708,-793,4493,6340,13300,26320,1512
-21512,-8388,7208,-887,4954,3885,11948,22656,3960
-21512,-8388,7208,-887,4954,3885,11948,22656,3960
-16192,-7612,7036,-720,3764,3217,8096,18660,5676
-16192,-7612,7036,-720,3764,3217,8096,18660,5676
-10356,-5828,432,-592,1562,115,9152,17120,4432
-10356,-5828,432,-592,1562,115,9152,17120,4432
-7136,-5956,52,-1543,2958,-4990,3388,13784,708
-7136,-5956,52,-1543,2958,-4990,3388,13784,708
-3288,-5848,-476,-1548,1975,-6533,312,9180,1104
-3288,-5848,-476,-1548,1975,-6533,312,9180,1104
-424,-4320,-340,-359,1633,-6375,2232,4064,-472
-424,-4320,-340,-359,1633,-6375,2232,4064,-472
2092,-3424,900,1286,3076,-5989,-292,-688,-152
3096,-2364,2104,1843,2986,-5662,-1136,-2764,-1696
3096,-2364,2104,1843,2986,-5662,-1136,-2764,-1696
4144,-1968,636,1426,1098,-4419,-2832,-6828,-444
3292,-1340,-444,1368,567,-3543,-3176,-6696,-532
3292,-1340,-444,1368,567,-3543,-3176,-6696,-532
3496,-1532,-2412,156,-468,-336,-3696,-1356,-1496
3496,-1532,-2412,156,-468,-336,-3696,-1356,-1496
2856,-2644,-3632,-909,-1672,3100,-4900,-76,-1736
2856,-2644,-3632,-909,-1672,3100,-4900,-76,-1736
2504,-5080,-4320,-1291,-2591,5872,-3580,724,-1648
2504,-5080,-4320,-1291,-2591,5872,-3580,724,-1648
264,-4424,-2848,-1535,-3472,6752,-5804,2292,-1236
264,-4424,-2848,-1535,-3472,6752,-5804,2292,-1236
244,-3268,120,-872,-1920,5914,-2272,-612,-340
736,-4536,-1916,-598,-1146,5340,440,-1964,-480
736,-4536,-1916,-598,-1146,5340,440,-1964,-480
28,-2192,-2156,-448,794,4042,3676,-2420,-876
28,-2192,-2156,-448,794,4042,3676,-2420,-876
-300,-1640,-664,-560,834,3547,3212,-700,-752
124,-1476,-944,-989,-24,3789,1780,376,-1888
124,-1476,-944,-989,-24,3789,1780,376,-1888
-172,-3276,-1516,-1151,-236,4706,-1096,776,-544
-172,-3276,-1516,-1151,-236,4706,-1096,776,-544
-4256,-5708,-1116,-1759,-714,4672,3780,10048,10896
-4256,-5708,-1116,-1759,-714,4672,3780,10048,10896
-14012,-7444,1548,-3035,-2345,3114,3104,21116,3200
-14012,-7444,1548,-3035,-2345,3114,3104,21116,3200
-23944,-12908,5868,-6477,-9973,-379,13604,22868,1844
-23944,-12908,5868,-6477,-9973,-379,13604,22868,1844
-28868,-13816,6484,-3056,-13153,-2738,9724,32767,-988
-28868,-13816,6484,-3056,-13153,-2738,9724,32767,-988
-32768,-15116,8488,-1837,353,-4107,2516,32767,-2168
-32768,-15116,8488,-1837,353,-4107,2516,32767,-2168
-32768,-15096,5512,-1370,715,-3941,4344,31960,-6900
-32768,-15096,5512,-1370,715,-3941,4344,31960,-6900
-32768,-14640,10308,-3313,-3245,1616,17320,32767,-13772
-32768,-14204,11672,-3055,-2900,2144,14312,32767,-12084
-32768,-14204,11672,-3055,-2900,2144,14312,32767,-12084
-32768,-15908,12292,-1765,459,3202,9660,32767,2740
-32768,-15908,12292,-1765,459,3202,9660,32767,2740
-32768,-15400,9440,-567,2571,6196,12548,32767,5596
-32768,-15400,9440,-567,2571,6196,12548,32767,5596
-32768,-12740,2988,-21,4898,9460,10304,32767,-3112
-32768,-12740,2988,-21,4898,9460,10304,32767,-3112
-30376,-11092,3564,-987,4300,12021,13212,32767,-4260
-30376,-11092,3564,-987,4300,12021,13212,32767,-4260
-25640,-11848,8052,-422,4274,9222,16784,31980,-1440
-25640,-11848,8052,-422,4274,9222,16784,31980,-1440
-20156,-12052,7608,-497,5967,2624,13396,24656,3644
-20156,-12052,7608,-497,5967,2624,13396,24656,3644
-14460,-11280,3940,-999,5394,-2718,8792,17544,6616
-14460,-11280,3940,-999,5394,-2718,8792,17544,6616
-9400,-9692,1324,-343,3624,-3551,5768,12508,5208
-7848,-8240,1180,-584,2653,-3725,4016,13584,5600
-7848,-8240,1180,-584,2653,-3725,4016,13584,5600
-3680,-5060,2012,-227,4074,-4239,628,8584,2540
-3680,-5060,2012,-227,4074,-4239,628,8584,2540
284,-1600,2280,-1236,2884,-4043,-868,3360,-220
1472,-416,3368,-782,2880,-3946,-648,108,360
1472,-416,3368,-782,2880,-3946,-648,108,360
3456,1124,-352,-1472,1034,-3413,296,-4300,1064
3456,1124,-352,-1472,1034,-3413,296,-4300,1064
2756,988,-732,-1179,653,-2978,-464,-7196,788
2756,988,-732,-1179,653,-2978,-464,-7196,788
1744,164,156,246,1662,-3338,-1628,-4352,-952
848,-1356,472,18,1065,-2272,-3388,-1928,-2308
848,-1356,472,18,1065,-2272,-3388,-1928,-2308
128,-1416,-148,656,2018,-859,-2776,2572,-3656
128,-1416,-148,656,2018,-859,-2776,2572,-3656
40,-1512,188,-686,-134,830,-5852,1304,-1372
40,-1512,188,-686,-134,830,-5852,1304,-1372
-112,-1084,1420,-937,-2282,2679,-8656,2416,-3000
-112,-1084,1420,-937,-2282,2679,-8656,2416,-3000
-464,-820,1028,-685,-2311,4544,-1216,368,-964
-464,-820,1028,-685,-2311,4544,-1216,368,-964
-364,996,3644,-90,-637,5037,3680,-2832,620
-364,996,3644,-90,-637,5037,3680,-2832,620
1068,-2312,1956,88,418,4109,4416,-572,-728
-988,-2620,2788,14,-11,3713,3204,836,-1552
-988,-2620,2788,14,-11,3713,3204,836,-1552
-56,-2052,-1336,-437,-11,3131,-220,2848,-1536
-1336,-880,72,-813,277,3400,-928,3004,-1652
-1336,-880,72,-813,277,3400,-928,3004,-1652
-3076,-2480,2688,-1722,239,4471,-720,508,-584
-4496,-2936,3704,-2103,462,4862,-1468,240,-652
-4496,-2936,3704,-2103,462,4862,-1468,240,-652
-7392,-4504,3956,-2359,449,4965,-984,4484,936
-7392,-4504,3956,-2359,449,4965,-984,4484,936
-11384,-7884,3772,-2269,99,5042,7208,13776,4600
-14224,-9340,3220,-2751,-888,5391,8432,15044,5112
-14224,-9340,3220,-2751,-888,5391,8432,15044,5112
-21716,-12280,5764,-5126,-6357,6587,13772,20388,3544
-21716,-12280,5764,-5126,-6357,6587,13772,20388,3544
-26688,-9456,6828,-3175,-9697,6293,8936,32668,-968
-25304,-8604,6420,-2479,-7224,3286,7544,32767,-656
-24020,-8624,3924,-282,1166,-1473,3932,32767,-2584
-24020,-8624,3924,-282,1166,-1473,3932,32767,-2584
-26856,-9644,4628,-300,3163,-2768,6356,29772,-5644
-26856,-9644,4628,-300,3163,-2768,6356,29772,-5644
-29524,-11416,8156,-681,-1968,-290,15956,27080,-9184
-30796,-10588,9188,-706,-1397,-357,11420,24292,-8828
-30796,-10588,9188,-706,-1397,-357,11420,24292,-8828
-32768,-14008,8232,-966,-953,-39,6276,28404,-2912
-32768,-14008,8232,-966,-953,-39,6276,28404,-2912
-32768,-15472,6372,244,1264,3580,8400,32767,5568
-32768,-15616,5280,864,1601,6322,10276,32767,6512
-32768,-15616,5280,864,1601,6322,10276,32767,6512
-30564,-15484,2912,1323,1944,10503,11516,32767,924
-30564,-15484,2912,1323,1944,10503,11516,32767,924
-29960,-15280,4144,895,583,12075,11996,32767,-5308
-29960,-15280,4144,895,583,12075,11996,32767,-5308
-29904,-15516,6924,391,-136,9744,14452,31724,-5268
-28956,-14928,6924,-85,185,7712,14428,31016,-4696
-27620,-14452,6332,-665,1437,5276,13232,31352,-2844
-27620,-14452,6332,-665,1437,5276,13232,31352,-2844
-24284,-13712,4100,-505,2951,3270,11952,28884,-640
-24284,-13712,4100,-505,2951,3270,11952,28884,-640
-21256,-12248,2608,-5,2727,2494,11040,23404,1000
-21256,-12248,2608,-5,2727,2494,11040,23404,1000
-19036,-10880,3200,698,4114,1714,8008,22060,2592
-17340,-9488,3552,709,4279,1246,5944,18888,2304
-17340,-9488,3552,709,4279,1246,5944,18888,2304
-13504,-7376,4580,618,3618,723,5584,15444,2884
-13504,-7376,4580,618,3618,723,5584,15444,2884
-9380,-4780,4128,567,2468,17,3984,11220,5016
-9380,-4780,4128,567,2468,17,3984,11220,5016
-5848,-3460,2300,-617,1099,-1657,4852,8252,9392
-4228,-3124,880,-868,1883,-3069,4056,7564,5556
-4228,-3124,880,-868,1883,-3069,4056,7564,5556
-1928,-2136,1984,-1253,1217,-4238,2528,3124,3164
-1928,-2136,1984,-1253,1217,-4238,2528,3124,3164
-640,-2080,2332,-999,859,-4389,3764,68,2792
-640,-2080,2332,-999,859,-4389,3764,68,2792
1884,-1108,684,-877,-834,-3975,3564,-3728,1244
1884,-1108,684,-877,-834,-3975,3564,-3728,1244
2500,-108,-272,-2422,-3433,-2947,-1280,-3848,-1284
2500,-108,-272,-2422,-3433,-2947,-1280,-3848,-1284
2016,724,-600,-2370,-4219,-2117,-2868,-5932,-1836
2016,724,-600,-2370,-4219,-2117,-2868,-5932,-1836
236,312,-1328,8,-2089,-1661,-8032,-4432,-4968
236,312,-1328,8,-2089,-1661,-8032,-4432,-4968
-1500,956,-2724,127,-1378,-1959,-12988,-1712,-4180
-1500,956,-2724,127,-1378,-1959,-12988,-1712,-4180
-972,-764,500,379,-516,-1544,-9788,3672,-3916
-1176,32,-1444,99,-375,-703,-5180,2456,-2344
-1176,32,-1444,99,-375,-703,-5180,2456,-2344
-488,892,-140,-492,-1021,1352,700,-1276,176
-488,892,-140,-492,-1021,1352,700,-1276,176
160,1244,1784,-676,-1216,3332,2268,-1848,412
160,1244,1784,-676,-1216,3332,2268,-1848,412
76,-264,1352,-689,-1294,4908,1040,-92,-680
76,-264,1352,-689,-1294,4908,1040,-92,-680
-660,-400,2076,-645,-688,5335,-668,672,-1192
-660,-400,2076,-645,-688,5335,-668,672,-1192
-1620,-1184,2600,-1061,-338,5660,-500,1344,-1960
-3304,-2092,3220,-1220,19,5566,-792,1068,-1580
-3304,-2092,3220,-1220,19,5566,-792,1068,-1580
-7348,-3872,3584,-1709,201,5688,2084,1624,1880
-7348,-3872,3584,-1709,201,5688,2084,1624,1880
-14456,-10028,1672,-1943,-692,6393,5596,21376,6564
-14456,-10028,1672,-1943,-692,6393,5596,21376,6564
-22444,-12616,4100,-3705,-6429,9789,11544,17148,4748
-23956,-11964,5792,-5830,-11023,12093,16736,22200,2720
-23956,-11964,5792,-5830,-11023,12093,16736,22200,2720
-26540,-13252,7924,-2127,-12281,8370,8340,32767,-6836
-27712,-13760,8644,-996,-2478,453,3748,32767,5128
-29500,-12168,5480,-600,2399,-5448,-5040,32767,-3292
-29292,-15924,6964,324,5549,-6085,-828,32767,-5980
-31384,-13700,6864,844,3524,-6792,7936,32767,-12724
-31476,-15152,7476,-591,469,-5314,21436,28364,-9956
-32392,-14728,8928,-2049,-2046,-4741,17936,23660,-14212
-32768,-14904,10652,-2020,-1533,-4133,9900,25804,-10496
-32768,-14440,11228,-1620,-1902,-2746,6308,29324,-2760
-32768,-13568,11712,-1292,-2201,-204,5688,31336,2304
-32768,-13076,9952,-862,-712,2412,5956,31724,7124
-32768,-13164,8144,-186,148,4947,5128,32767,7208
-32768,-12436,5668,5,1331,7508,5888,32767,5652
-31392,-11872,4164,380,2352,10098,7112,32767,2920
-29608,-13100,3920,606,2290,11953,6376,32767,-1228
-28508,-14112,4724,695,1528,13870,6720,32767,-6520
-28276,-15460,6452,-307,1111,14882,8656,32767,-10304
-28060,-16088,8048,-87,968,13571,12984,32767,-9140
-27740,-15976,9468,-361,2292,10717,17164,30224,-6204
-27172,-16492,9924,-837,2512,7771,15368,28600,-3596
-26420,-15504,9580,-1002,4162,4592,11888,28664,-2100
-25276,-14696,8964,-918,4495,2944,10256,27504,28
-23776,-13428,7932,-582,4645,2300,9464,25376,1308
-21844,-11828,6296,-240,4035,2002,8976,24016,1976
-19940,-10976,5184,150,3449,1535,7596,21164,1808
-18456,-10248,4680,359,3149,1156,7144,20500,2444
-16828,-9072,4588,489,2825,1094,7620,20432,6000
-15372,-8244,4136,265,3138,715,7488,17272,6640
-13212,-7776,3664,-96,3024,616,8704,15584,6856
-11088,-6788,3532,-210,3006,85,6984,14448,4180
-8748,-5804,2464,-288,2636,-484,4764,11240,4216
-6504,-4332,1272,-690,2304,-1451,3856,8860,4480
-4140,-3952,112,-1114,2465,-2615,3708,9200,4908
-2136,-3696,-732,-1373,2064,-3392,2700,7072,2548
-816,-2368,12,-1176,2009,-4282,2024,5948,3360
-256,-1288,236,-1367,1845,-4166,1776,3428,616
84,-672,240,-702,1766,-4462,3004,1416,764
652,-396,760,-1146,412,-4157,3200,-436,504
780,-124,660,-1042,-172,-3745,1596,-3172,1240
712,112,-232,-342,129,-3818,2712,-3688,1264
1152,940,-744,-1052,-977,-3129,1764,-28,-644
1440,1320,-1168,-1473,-2072,-2499,-1244,-2300,-904
1620,1540,-1288,-810,-1876,-2156,636,-3020,-1136
1620,1540,-1288,-810,-1876,-2156,636,-3020,-1136
1268,852,-696,-1213,-2390,-1423,-1120,-8500,-1148
796,572,-552,-760,-2317,-1287,-6168,-6452,-2600
796,572,-552,-760,-2317,-1287,-6168,-6452,-2600
412,-368,-1524,-431,-2049,-898,-13928,772,-4088
412,-368,-1524,-431,-2049,-898,-13928,772,-4088
-244,-1416,196,-332,-1545,-482,-9592,3768,-3088
-244,-1416,196,-332,-1545,-482,-9592,3768,-3088
-672,-1012,-816,-417,-745,449,-1732,844,-1284
-672,-1012,-816,-417,-745,449,-1732,844,-1284
-504,-604,-460,-990,-1305,2039,580,-1056,-160
-504,-604,-460,-990,-1305,2039,580,-1056,-160
60,-108,-692,-1018,-1574,3408,1664,-1656,-768
60,-108,-692,-1018,-1574,3408,1664,-1656,-768
64,-176,-396,-1072,-767,4015,1736,-868,-2460
64,-176,-396,-1072,-767,4015,1736,-868,-2460
-292,-412,-204,-1190,177,4200,1244,224,-2180
-292,-412,-204,-1190,177,4200,1244,224,-2180
-1144,-1300,540,-1516,8,4498,-1784,1880,-796
-1952,-1848,888,-1607,686,4499,-3084,2324,792
-1952,-1848,888,-1607,686,4499,-3084,2324,792
-5656,-4428,764,-1905,929,4826,2128,3512,8040
-5656,-4428,764,-1905,929,4826,2128,3512,8040
-13808,-9828,2356,-2010,-106,5164,1300,19056,4064
-13808,-9828,2356,-2010,-106,5164,1300,19056,4064
-21704,-12956,4804,-5140,-5983,9052,9208,19276,172
-23652,-12348,7576,-6466,-10915,8702,16948,24624,-3012
-23652,-12348,7576,-6466,-10915,8702,16948,24624,-3012
-27184,-12168,9408,-791,-9636,2144,12600,32767,-3296
-27184,-12168,9408,-791,-9636,2144,12600,32767,-3296
-30900,-13656,7456,-1263,3524,-6068,7628,32767,-2896
-32620,-14324,8588,-1010,4592,-6459,2616,32767,-3624
-32620,-14324,8588,-1010,4592,-6459,2616,32767,-3624
-32768,-15156,11252,-1753,-2646,-3745,13740,22684,-3200
-32768,-15140,12368,-2182,-2860,-2735,6832,20088,-6252
-32768,-15140,12368,-2182,-2860,-2735,6832,20088,-6252
-32768,-17520,13944,-1933,-833,-452,-220,32767,-3752
-32768,-17520,13944,-1933,-833,-452,-220,32767,-3752
-32768,-16792,12172,-1016,2121,3579,11744,32767,3488
-32768,-16792,12172,-1016,2121,3579,11744,32767,3488
-32768,-15860,9996,-146,3210,8811,12592,32767,1980
-32768,-15860,9996,-146,3210,8811,12592,32767,1980
-32768,-16596,8440,115,3227,12586,12648,32767,-6036
-32768,-17844,8584,66,2668,12934,11484,32767,-7828
-32768,-17844,8584,66,2668,12934,11484,32767,-7828
-30048,-17872,9292,-747,3372,9533,15160,32767,-5312
-27828,-17228,9336,-1035,4544,6638,14500,32767,-3700
-27828,-17228,9336,-1035,4544,6638,14500,32767,-3700
-23660,-14472,7672,-506,4259,3991,10580,29640,-448
-23660,-14472,7672,-506,4259,3991,10580,29640,-448
-19500,-10480,6300,354,3534,2081,7576,32767,2180
-16480,-8720,4720,858,3434,1016,4124,13600,4020
-16480,-8720,4720,858,3434,1016,4124,13600,4020
-11272,-5688,3116,1080,3562,-349,7564,16028,3564
-11272,-5688,3116,1080,3562,-349,7564,16028,3564
-6908,-3640,1812,526,2643,-2032,3864,9984,3496
-4076,-2284,940,446,1961,-3347,1712,10448,3536
-4076,-2284,940,446,1961,-3347,1712,10448,3536
-1192,-744,-388,-180,1493,-4989,2056,3720,3708
-160,-580,-516,-112,960,-4685,1988,836,3764
-160,-580,-516,-112,960,-4685,1988,836,3764
2020,812,280,-37,670,-3762,2636,-1308,2704
2648,832,-32,534,556,-3199,1816,-3808,3964
2648,832,-32,534,556,-3199,1816,-3808,3964
2232,1264,-564,-28,82,-2473,-1500,-6660,1944
2044,864,-1296,-442,-384,-2025,-3284,-7132,736
1776,1172,-1484,-589,-772,-1104,-4608,-5080,-1800
1776,1172,-1484,-589,-772,-1104,-4608,-5080,-1800
1248,640,-960,-1078,-2075,638,-7688,-2900,-3968
1248,640,-960,-1078,-2075,638,-7688,-2900,-3968
184,-236,76,-1440,-2979,2217,-7392,1880,-5192
184,-236,76,-1440,-2979,2217,-7392,1880,-5192
-864,-932,284,-1008,-1991,2239,-4644,-2124,-1108
68,-1292,-296,-775,-949,1708,-3280,1736,-2008
68,-1292,-296,-775,-949,1708,-3280,1736,-2008
-600,-1244,-584,-120,1015,827,-456,836,-1280
-600,-1244,-584,-120,1015,827,-456,836,-1280
-780,-988,-448,45,1366,471,3404,-1504,840
-780,-988,-448,45,1366,471,3404,-1504,840
-248,-1192,-828,-459,637,1008,4296,-904,828
-248,-1192,-828,-459,637,1008,4296,-904,828
204,-508,16,-745,191,2219,808,1692,-1172
556,-732,300,-993,-389,2791,-136,2756,-1788
556,-732,300,-993,-389,2791,-136,2756,-1788
1300,-1140,452,-965,-73,3415,-1356,976,-1292
1300,-1140,452,-965,-73,3415,-1356,976,-1292
296,-920,1036,-915,438,3674,-456,-1504,-352
-1092,-1336,1352,-905,569,3774,-272,-1076,-196
-1092,-1336,1352,-905,569,3774,-272,-1076,-196
-3468,-2776,2960,-1093,822,3819,-652,1528,372
-3468,-2776,2960,-1093,822,3819,-652,1528,372
-6036,-4124,3108,-930,620,4138,-2684,6724,5516
-6036,-4124,3108,-930,620,4138,-2684,6724,5516
-13296,-9176,2204,-1093,-1329,4844,2184,14748,3520
-18188,-12148,2624,-2490,-4149,5714,8800,13572,3736
-18188,-12148,2624,-2490,-4149,5714,8800,13572,3736
-25584,-13652,6308,-5360,-12630,8120,15248,26120,-1356
-25580,-11816,7696,-2807,-10812,7181,16640,28820,-2200
-25028,-13272,7156,-266,-6052,2360,23412,32767,992
-25028,-13272,7156,-266,-6052,2360,23412,32767,992
-29896,-16268,5712,-1111,2082,-8661,13316,32767,6140
-29896,-16268,5712,-1111,2082,-8661,13316,32767,6140
-32768,-18368,9768,38,13,-7780,-8208,32767,-6396
-32768,-18368,9768,38,13,-7780,-8208,32767,-6396
-31188,-14960,12256,-1394,-3895,-2837,21008,30208,-15236
-28744,-13448,11308,-1856,-3555,-2086,24492,31380,-15272
-28744,-13448,11308,-1856,-3555,-2086,24492,31380,-15272
-32540,-14512,9680,-1499,-5052,-743,1420,32767,-7420
-32540,-14512,9680,-1499,-5052,-743,1420,32767,-7420
-32768,-15256,10216,-1097,-3199,3370,7760,26568,11212
-32768,-15988,9092,-1235,-1378,5935,7712,26696,11040
-32768,-15988,9092,-1235,-1378,5935,7712,26696,11040
-32768,-14320,5116,-1064,-180,11562,4828,32767,2268
-32768,-13580,3424,-733,-528,13082,4736,32767,-4736
-32768,-13580,3424,-733,-528,13082,4736,32767,-4736
-30648,-14656,3160,-737,-521,13142,10020,32767,-7432
-30648,-14656,3160,-737,-521,13142,10020,32767,-7432
-28936,-16212,6816,-487,4494,9276,22176,32767,-7852
-28936,-16212,6816,-487,4494,9276,22176,32767,-7852
-26292,-15964,8408,-590,8589,6489,16512,31228,-3472
-26292,-15964,8408,-590,8589,6489,16512,31228,-3472
-23432,-14212,6164,326,8935,5361,12272,24244,4348
-23432,-14212,6164,326,8935,5361,12272,24244,4348
-17568,-10532,3176,829,8680,4124,4156,21756,5180
-17568,-10532,3176,829,8680,4124,4156,21756,5180
-12008,-6680,1732,561,7646,824,5480,15160,7948
-8844,-5256,1788,-446,6721,-2830,6032,11984,8012
-8844,-5256,1788,-446,6721,-2830,6032,11984,8012
-3896,-1112,2996,-1990,2266,-10993,4660,4748,6348
-3896,-1112,2996,-1990,2266,-10993,4660,4748,6348
216,844,2368,-2042,-239,-10430,312,5116,2420
216,844,2368,-2042,-239,-10430,312,5116,2420
3792,2328,1288,1054,1268,-8017,2600,76,1360
4384,1720,840,1481,988,-6414,4396,-2168,1012
4384,1720,840,1481,988,-6414,4396,-2168,1012
2516,-116,-1056,1115,-1105,-6202,564,-7048,504
2516,-116,-1056,1115,-1105,-6202,564,-7048,504
1320,-1248,-2364,425,-2296,-5581,-5628,-4660,-2624
1320,-1248,-2364,425,-2296,-5581,-5628,-4660,-2624
472,-1508,-2072,-1352,-2726,-2418,-3800,-3148,-3968
-256,-628,-1260,-1867,-2927,-654,-2708,-4160,-3908
-256,-628,-1260,-1867,-2927,-654,-2708,-4160,-3908
-900,-272,148,-2254,-2875,2688,-3316,2932,-3708
-900,-272,148,-2254,-2875,2688,-3316,2932,-3708
-588,704,8,-1760,-2376,3953,-6072,3392,-2872
-588,704,8,-1760,-2376,3953,-6072,3392,-2872
-456,-380,1204,-618,-394,2747,-5356,2056,-780
-336,-1132,744,7,-29,2331,-3540,152,68
-336,-1132,744,7,-29,2331,-3540,152,68
-276,-1316,8,322,-151,2350,144,-788,1104
176,-1388,312,372,197,2689,1000,-744,952
176,-1388,312,372,197,2689,1000,-744,952
764,-1528,384,158,54,3556,3516,-196,1052
764,-1528,384,158,54,3556,3516,-196,1052
1108,-1092,860,-724,-1053,4437,1256,1120,-456
1108,-1092,860,-724,-1053,4437,1256,1120,-456
636,-412,2032,-999,-527,4740,460,856,-448
788,-832,1964,-1157,-759,4814,188,-28,-292
788,-832,1964,-1157,-759,4814,188,-28,-292
-464,-1524,2184,-1360,-549,4994,-420,-2848,-416
-464,-1524,2184,-1360,-549,4994,-420,-2848,-416
-3912,-4196,1992,-1438,496,5091,-2032,-1312,-1936
-6432,-6180,2096,-1366,765,5096,-524,3672,-1732
-6432,-6180,2096,-1366,765,5096,-524,3672,-1732
-14620,-9676,2716,-1720,-1018,5840,3160,22908,7712
-21572,-12468,3728,-2346,-4054,7171,2404,24168,4708
-21572,-12468,3728,-2346,-4054,7171,2404,24168,4708
-27592,-14112,6496,-7512,-12903,9660,12728,27480,-1088
-27592,-14112,6496,-7512,-12903,9660,12728,27480,-1088
-25020,-12564,7844,2319,-6252,-3059,17464,32767,-2744
-25064,-12752,8436,-1018,3345,-10031,20924,32767,912
-25064,-12752,8436,-1018,3345,-10031,20924,32767,912
-30624,-15632,6688,677,6369,-11082,3444,32767,-2008
-32768,-15680,8156,454,1476,-9075,-3212,32767,-8116
-32768,-15680,8156,454,1476,-9075,-3212,32767,-8116
-32564,-15600,9212,131,-3562,-4765,16976,29856,-11008
-32564,-15600,9212,131,-3562,-4765,16976,29856,-11008
-29844,-15792,8148,-2295,-2582,-3037,9224,17112,-3228
-32760,-15316,8416,-2324,-1328,-1286,3160,32767,-792
-32760,-15316,8416,-2324,-1328,-1286,3160,32767,-792
-32768,-14364,8896,-1289,-2801,5074,1132,32767,5172
-32768,-14364,8896,-1289,-2801,5074,1132,32767,5172
-32768,-14872,7416,-307,398,11280,10364,32767,-1468
-32768,-14404,6416,-561,817,13834,12376,32767,-5404
-32768,-14404,6416,-561,817,13834,12376,32767,-5404
-32140,-14156,5340,-1103,290,16275,10432,32767,-3680
-29772,-13532,5280,-969,2054,13036,11724,31684,-1508
-29772,-13532,5280,-969,2054,13036,11724,31684,-1508
-26508,-13344,5280,-1473,3320,7773,15804,32767,-4116
-26508,-13344,5280,-1473,3320,7773,15804,32767,-4116
-23604,-12496,5560,-1178,4843,6366,12592,26484,-540
-22512,-11440,5064,-474,5026,5640,12780,21784,-804
-22512,-11440,5064,-474,5026,5640,12780,21784,-804
-19372,-10380,3168,258,4461,3156,7600,21276,256
-17364,-9112,2436,512,4316,1034,5056,19664,124
-17364,-9112,2436,512,4316,1034,5056,19664,124
-13480,-7200,2048,636,4213,-1850,6156,14312,3424
-10804,-5540,1828,133,3031,-3207,3748,13172,4316
-10804,-5540,1828,133,3031,-3207,3748,13172,4316
-6500,-3676,2240,-25,2004,-5374,3136,10364,8208
-6500,-3676,2240,-25,2004,-5374,3136,10364,8208
-3700,-2620,2140,-206,2321,-6895,2012,8236,5304
-3700,-2620,2140,-206,2321,-6895,2012,8236,5304
-1300,-1164,2168,1578,3812,-5817,2796,2332,3960
-1300,-1164,2168,1578,3812,-5817,2796,2332,3960
172,-868,2332,490,2655,-3895,3788,-692,1896
640,-168,1008,-206,1519,-2504,3784,-2184,-408
640,-168,1008,-206,1519,-2504,3784,-2184,-408
1400,276,-376,-1253,58,-802,408,-3116,-400
1400,276,-376,-1253,58,-802,408,-3116,-400
1624,-108,-1192,-2548,-2293,273,-412,-5584,-20
1624,-108,-1192,-2548,-2293,273,-412,-5584,-20
1868,-600,-1140,-2427,-2622,1330,-1200,-3736,-2480
1600,-412,-1216,-2339,-3175,1776,-4252,-4624,-3120
1600,-412,-1216,-2339,-3175,1776,-4252,-4624,-3120
1056,-376,-212,-1438,-2145,1663,-11456,3656,-7796
1056,-376,-212,-1438,-2145,1663,-11456,3656,-7796
680,-896,-92,-668,-1102,1263,-8680,3248,-3380
420,-556,-1116,-282,-1126,1147,-7352,1148,-2820
420,-556,-1116,-282,-1126,1147,-7352,1148,-2820
120,-372,-1172,159,-85,1313,-1016,-432,-1984
120,-372,-1172,159,-85,1313,-1016,-432,-1984
212,-300,-252,-158,-733,1929,3624,-3216,8
212,-300,-252,-158,-733,1929,3624,-3216,8
368,-744,152,-289,-1329,2734,2536,-3264,788
584,-696,-28,-479,-1247,2793,-204,-632,-84
584,-696,-28,-479,-1247,2793,-204,-632,-84
824,-500,400,-589,-1349,2755,-3232,2464,-1068
824,-500,400,-589,-1349,2755,-3232,2464,-1068
100,-368,308,-918,-285,2590,-1604,1888,408
100,-368,308,-918,-285,2590,-1604,1888,408
-540,-1488,380,-1123,-68,2799,220,812,1252
-540,-1488,380,-1123,-68,2799,220,812,1252
-3788,-2988,324,-1629,-333,3619,5768,4100,5228
-3788,-2988,324,-1629,-333,3619,5768,4100,5228
-11788,-7988,1812,-1878,-1251,4441,168,19752,5752
-17176,-12068,3348,-2062,-2734,5535,5808,20616,6368
-17176,-12068,3348,-2062,-2734,5535,5808,20616,6368
-31388,-16856,4324,-7534,-11638,8393,12188,32767,-5876
-32768,-18284,6704,-6438,-16797,6573,8648,32767,-5132
-32768,-18284,6704,-6438,-16797,6573,8648,32767,-5132
-32768,-19068,8816,-108,-1407,-4618,12288,32767,-1356
-32768,-19068,8816,-108,-1407,-4618,12288,32767,-1356
-32768,-16960,10788,-267,9193,-6772,16828,30900,-12148
-32768,-13800,12704,1612,8581,-5776,9272,32308,-14448
-32768,-13800,12704,1612,8581,-5776,9272,32308,-14448
-32768,-12956,14392,-2708,-4065,-894,1348,32767,-8680
-32768,-14504,13464,-2319,-4119,-311,6572,32767,1484
-32768,-14504,13464,-2319,-4119,-311,6572,32767,1484
-32768,-16924,9092,-1205,-3691,2558,7724,32767,8680
-32768,-16924,9092,-1205,-3691,2558,7724,32767,8680
-32768,-16668,5428,-117,1728,8197,8508,32767,-604
-32768,-16888,3400,-118,2926,10924,12836,32767,-3376
-32768,-16888,3400,-118,2926,10924,12836,32767,-3376
-32768,-14748,2964,29,2311,16074,20900,32767,-9460
-32768,-14748,2964,29,2311,16074,20900,32767,-9460
-28652,-15020,7284,-329,968,18401,16652,32767,-7880
-28652,-15020,7284,-329,968,18401,16652,32767,-7880
-24988,-15444,8460,679,7820,10995,13556,28988,2600
-24988,-15444,8460,679,7820,10995,13556,28988,2600
-19584,-13252,6768,1095,11205,5059,9888,22952,5988
-19584,-13252,6768,1095,11205,5059,9888,22952,5988
-14240,-8920,3096,173,3178,2315,1712,12732,6936
-11804,-7624,2524,356,1797,-573,5112,14476,3232
-11804,-7624,2524,356,1797,-573,5112,14476,3232
-7492,-5504,1424,-449,3663,-3269,3684,8152,4348
-7492,-5504,1424,-449,3663,-3269,3684,8152,4348
-3236,-2624,2764,-1409,1695,-3424,-304,6488,4728
-1688,-1316,2376,-911,218,-2380,-2240,5584,2652
-1688,-1316,2376,-911,218,-2380,-2240,5584,2652
224,-220,740,-352,23,-2506,1548,1072,2940
224,-220,740,-352,23,-2506,1548,1072,2940
1300,1112,-880,-278,-923,-2858,3240,-3156,5480
1300,1112,-880,-278,-923,-2858,3240,-3156,5480
1984,1676,-1652,3980,4044,-4338,2104,-6160,3940
3124,688,-1408,3110,5093,-4308,356,-7660,4572
3124,688,-1408,3110,5093,-4308,356,-7660,4572
2208,844,-1028,684,3011,-2103,-2848,-3264,-436
2324,1028,-1272,-1028,-5,162,-4896,-3596,-1432
2324,1028,-1272,-1028,-5,162,-4896,-3596,-1432
1624,480,-1352,-2412,-5017,2973,-5068,1288,-4012
1624,480,-1352,-2412,-5017,2973,-5068,1288,-4012
88,-288,-1132,-3251,-5095,4209,-7568,1604,-5792
-144,-764,-952,-3124,-3923,3316,-6760,5116,-5516
-144,-764,-952,-3124,-3923,3316,-6760,5116,-5516
-524,-1848,440,-1012,-1504,2434,-4844,752,-2176
-524,-1848,440,-1012,-1504,2434,-4844,752,-2176
-288,-1732,1260,-136,-1076,2425,-2756,-1664,-756
-828,-1884,104,68,-612,2372,-1088,-2240,308
-828,-1884,104,68,-612,2372,-1088,-2240,308
-532,-1288,-180,-311,-1409,2892,1056,-2156,160
-532,-1288,-180,-311,-1409,2892,1056,-2156,160
-252,-636,308,-1124,-2388,3346,1616,-200,-1244
200,-952,364,-1252,-2355,3636,1448,568,-1620
200,-952,364,-1252,-2355,3636,1448,568,-1620
500,-1072,728,-1682,-1494,4045,1364,1096,-1360
500,-1072,728,-1682,-1494,4045,1364,1096,-1360
-32,-1280,1896,-1877,-461,4646,108,988,-440
-32,-1280,1896,-1877,-461,4646,108,988,-440
-1516,-2536,808,-1897,107,4693,-1284,244,564
-2680,-3544,1072,-1900,377,4767,-2740,740,2356
-2680,-3544,1072,-1900,377,4767,-2740,740,2356
-5700,-4952,2276,-1659,519,5083,-5792,8904,6640
-5700,-4952,2276,-1659,519,5083,-5792,8904,6640
-12844,-8340,2552,-1244,401,5322,5616,17624,4804
-18348,-10096,4996,-2196,-1364,6365,13228,16820,7232
-18348,-10096,4996,-2196,-1364,6365,13228,16820,7232
-28056,-14180,7500,-10609,-11992,11018,18116,32767,-2596
-28056,-14180,7500,-10609,-11992,11018,18116,32767,-2596
-30748,-15376,8476,-153,-8328,1163,17880,32767,-6180
-31884,-15020,6788,-556,4971,-6726,18172,32767,1144
-31884,-15020,6788,-556,4971,-6726,18172,32767,1144
-32768,-18108,9116,-642,7167,-10560,-744,30132,-9532
-32768,-18108,9116,-642,7167,-10560,-744,30132,-9532
-32768,-16668,13752,-673,962,-7182,6152,32767,-20140
-32768,-14744,14696,-1907,1113,-6037,11180,32767,-16212
-32304,-14444,13216,-1960,470,-5995,11436,32767,-9328
-32304,-14444,13216,-1960,470,-5995,11436,32767,-9328
-32768,-15060,10304,-924,-497,-2636,11016,32767,5640
-32768,-15060,10304,-924,-497,-2636,11016,32767,5640
-32768,-14652,7476,197,-837,4450,8056,32767,10232
