-10080,-8980,2708,-739,-1192,1899,7120,14196,-1144
-10080,-8980,2708,-739,-1192,1899,7120,14196,-1144
-9800,-9508,2960,-621,-798,1796,6932,14064,-1660
-9740,-9304,3236,-562,-596,1703,6588,14088,-1944
-9668,-9308,3256,-503,-327,1531,5752,14456,-2420
-9668,-9308,3256,-503,-327,1531,5752,14456,-2420
-9640,-9180,4064,-353,351,1195,5348,14508,-2588
-9640,-9180,4064,-353,351,1195,5348,14508,-2588
-9972,-8760,4768,-270,1111,717,6732,14268,-2456
-9972,-8760,4768,-270,1111,717,6732,14268,-2456
-10376,-8908,5316,-187,1888,205,7208,14080,-2412
-10376,-8908,5316,-187,1888,205,7208,14080,-2412
-11140,-9836,5756,-114,2715,-368,6592,14312,-800
-11140,-9836,5756,-114,2715,-368,6592,14312,-800
-12064,-9716,6036,-65,3182,-801,6860,14328,-376
-13068,-10120,6012,-62,3287,-1045,7128,15232,-556
-13944,-10564,6368,-27,3555,-1214,8080,13804,652
-15084,-11128,6880,48,3623,-1317,8456,13628,976
-15724,-11572,7240,184,3994,-1416,8656,13408,1588
-15820,-11652,7532,265,4312,-1440,8816,13520,2280
-15668,-11688,7636,261,4386,-1328,8296,13696,2140
-14848,-12136,7344,307,4729,-1224,7936,13908,1604
-14444,-11808,7216,310,4641,-976,7320,13568,1432
-13728,-11156,6508,430,4601,-786,6960,13624,1476
-12696,-10256,5436,434,4137,-370,7532,13340,848
-12344,-9200,4440,467,3639,133,8100,13284,664
-11988,-8604,4064,480,3117,666,8100,12876,540
-11508,-8840,3196,510,2437,1229,7728,12576,296
-11024,-9092,2688,439,1627,1844,7296,12580,-136
-11100,-9396,2380,403,926,2503,6872,13004,-588
-11060,-9024,1808,383,579,2956,6844,13492,-884
-11408,-9484,1524,359,-124,3336,6900,13672,-1344
-11824,-9292,1756,365,-705,3771,6848,13444,-1292
-12288,-8832,1688,268,-1209,4093,6928,13492,-1604
-12704,-8616,1948,234,-1302,4324,7184,13724,-1940
-12888,-8824,2052,188,-1251,4537,7568,13628,-1852
-13068,-9292,1980,135,-1077,4563,7968,13728,-1632
-13128,-8948,2116,86,-669,4551,8232,13224,-1332
-13220,-8828,2244,-11,-410,4458,8624,13280,-996
-13196,-8772,2176,-106,-122,4410,8832,12980,-800
-13068,-8544,2356,-135,193,4300,8800,13376,-708
-12868,-8580,2164,-204,282,4197,8640,13384,-408
-12700,-8548,2172,-235,267,4019,8436,13488,16
-12508,-8444,2108,-308,201,3797,8380,13588,144
-12220,-8596,2168,-348,-106,3555,8212,13444,20
-12092,-8844,2140,-381,-339,3361,8260,13244,-268
-11952,-9212,2084,-403,-728,3138,8048,13068,-916
-11864,-9260,2040,-445,-993,2927,7776,13204,-1192
-11740,-9484,1992,-446,-1173,2683,7304,13352,-1344
-11756,-9792,2160,-500,-1168,2411,7068,13376,-1336
-11792,-10304,2416,-499,-1096,2105,7264,13328,-1252
-11972,-10896,2524,-505,-965,1823,7284,13388,-1284
-12044,-11324,2532,-545,-768,1585,7148,13464,-1152
-12072,-11480,2332,-550,-592,1417,7148,13248,-952
-12224,-11268,2212,-579,-442,1282,7340,13140,-724
-12040,-11332,2372,-574,-323,1144,6828,12708,-640
-11980,-11420,2668,-612,-185,979,6592,12712,-640
-12096,-11428,2632,-670,-40,793,6348,12516,-284
-12052,-11688,2996,-674,116,532,5316,12056,-964
-11932,-11696,3188,-701,234,282,5092,11784,-504
-11932,-11708,2840,-740,403,19,5244,12092,-1216
-11932,-11708,2840,-740,403,19,5244,12092,-1216
-11736,-10836,3600,-837,696,-388,5492,12136,-2192
-11684,-10204,4004,-862,917,-600,5340,12456,-2632
-11908,-9688,4428,-874,1161,-751,6300,12284,-2780
-12024,-9440,5120,-864,1356,-841,7692,12568,-2928
-11904,-8804,5316,-895,1554,-798,8508,12884,-2756
-11920,-8984,5904,-873,1541,-645,9604,14224,-3440
-11736,-9608,6036,-876,1536,-404,9616,13576,-2496
-11812,-9308,5712,-846,1424,-71,10332,13420,-1716
-12068,-8924,5132,-840,1341,229,9860,13480,-1252
-11904,-8680,4604,-788,1237,577,9072,14288,-840
-11800,-8708,3916,-815,1129,850,8592,14600,-812
-11744,-9176,3380,-878,943,1099,8484,14460,-864
-11876,-11560,3076,-853,649,1398,8748,13932,-556
-11980,-12236,2780,-881,547,1528,8780,14044,-1004
-11736,-13564,1820,-795,23,1767,8664,14744,-1076
-11736,-13564,1820,-795,23,1767,8664,14744,-1076
-11960,-14956,648,-456,-495,2379,9084,14448,-1672
-12356,-15064,820,-226,-594,2668,9256,14248,-1644
-12420,-15200,956,-58,-608,2865,9300,14416,-1720
-12308,-15204,1072,84,-660,2953,9584,14264,-1508
-12308,-15204,1072,84,-660,2953,9584,14264,-1508
-12192,-14892,1216,54,-741,2875,10548,14020,-1032
-12148,-14724,1380,18,-755,2759,10536,13724,-1164
-11832,-14248,1692,22,-496,2482,10904,13532,-660
-11596,-13952,1964,21,-224,2109,10468,13076,-688
-11144,-14060,2328,-63,-56,1574,10496,12836,-128
-10640,-14324,2184,-123,116,911,10436,12640,184
-9892,-14892,1796,-238,367,163,9400,12528,108
-9288,-15596,1260,-347,441,-639,8640,12692,268
-8600,-16440,712,-426,591,-1465,9484,13288,-884
-8116,-18052,1016,-526,806,-2447,6792,13416,-1040
-8088,-18300,2416,-608,1070,-3545,7756,13432,-1176
-8068,-18508,3952,-618,1353,-4656,7804,12824,-508
-8188,-18320,5228,-666,1584,-5714,8388,13180,-868
-7940,-18356,6196,-667,1845,-6654,9284,13176,-884
-7396,-17980,6276,-659,2059,-7490,9832,13256,-1180
-6820,-18560,6044,-571,2258,-8256,9720,13760,-1852
-5760,-20784,5876,-551,2639,-9080,8756,13656,-2552
-4980,-22788,5580,-483,3083,-9793,8408,13904,-2640
-4192,-24984,6052,-443,3509,-10436,8060,13192,-2124
-3472,-28744,7064,-464,3925,-11055,7912,13480,-2004
-4512,-28216,9920,-464,4342,-11576,7168,12812,-1628
-6704,-26068,14088,-508,4537,-12083,7604,11868,-320
-6704,-26068,14088,-508,4537,-12083,7604,11868,-320
-7308,-23872,17324,-452,5015,-12808,9720,12184,804
-7376,-22812,17604,-369,4594,-12911,10344,12596,1300
-6816,-24336,17616,-246,4634,-12939,10072,13164,672
-6816,-24336,17616,-246,4634,-12939,10072,13164,672
-6504,-27564,19004,-158,3909,-12535,7252,14224,-304
-6984,-28676,20228,-80,3785,-12286,6668,14336,-164
-7728,-29488,21276,-204,3649,-12266,6296,14528,-868
-8616,-28592,21496,-281,3584,-12172,5336,13888,-1620
-9520,-27528,21704,-376,3279,-12004,3616,13916,-2644
-10580,-25396,22212,-546,3202,-11444,2440,14168,-2048
-10928,-24056,21888,-512,3531,-10914,1040,14728,-3012
-11148,-23164,21600,-454,3817,-10344,2732,14564,-3460
-11148,-23164,21600,-454,3817,-10344,2732,14564,-3460
-11440,-22932,20848,-388,3923,-9501,5840,14288,-3732
-11176,-23512,20580,-386,3927,-8899,6648,13552,-3580
-11588,-23272,20348,-419,3916,-8353,5568,13984,-4148
-11592,-23036,20448,-588,3920,-7751,3924,14104,-4192
-11644,-23056,21052,-681,3985,-7288,3464,14864,-4568
-12204,-21400,20880,-826,4031,-6988,4492,14328,-4492
-12388,-19508,20408,-1038,4101,-6794,5560,13664,-4120
-12396,-19060,19680,-1168,4032,-6722,6120,13440,-4024
-12316,-18432,18636,-1326,3768,-6583,5872,13808,-4168
-12516,-16660,17736,-1431,3435,-6379,5240,14220,-4472
-11624,-16788,17304,-1495,3080,-6195,4476,14292,-4544
-11624,-16788,17304,-1495,3080,-6195,4476,14292,-4544
-10800,-14660,14992,-1503,2976,-5746,4672,14180,-4480
-10632,-13788,15276,-1466,3692,-5543,5116,14316,-4304
-10980,-13216,15120,-1397,3662,-4652,5456,14252,-4440
-10740,-10884,13984,-1401,3390,-3854,6424,14932,-4752
-10316,-8632,12620,-1268,3652,-3203,6992,14460,-4956
-10460,-5764,11832,-1189,3712,-2804,7416,14116,-4596
-10332,-3444,11080,-1184,3975,-2830,8532,14648,-4180
-9768,-2016,10612,-1142,4875,-3864,9380,13692,-4120
-10088,-216,10244,-1057,5172,-4708,10888,12464,-3024
-9916,904,10212,-890,5175,-5326,11676,12084,-2380
-10072,1924,10152,-768,5614,-5584,11856,11276,-744
-10220,2580,10036,-819,5685,-6017,9888,9648,836
-9632,2732,9700,-724,5628,-6291,9228,10048,2728
-9596,4312,9436,-722,5784,-7291,5904,10532,3284
-9496,5488,8728,-809,6229,-8679,3148,10376,3300
-10088,6348,8464,-1296,6193,-9934,1344,12016,4108
-8904,6556,8060,-2011,5479,-11116,-560,11836,3684
-8904,6556,8060,-2011,5479,-11116,-560,11836,3684
-7944,6528,6212,-2667,3559,-11381,-2840,12472,880
-7760,7560,5676,-3083,1675,-11268,-1140,13044,-1068
-7460,7476,5352,-3286,1714,-11445,928,13716,-4092
-5920,6896,4960,-3211,781,-10331,2492,16452,-5828
-5220,7676,4128,-3177,804,-8701,4140,18244,-6772
-5220,7676,4128,-3177,804,-8701,4140,18244,-6772
-3120,6344,2392,-3288,1905,-6337,10424,19568,-7944
-2416,6660,1252,-3395,2353,-6113,11840,19864,-6240
-1628,6832,484,-3548,2444,-6201,11780,20096,-5284
-908,7304,-368,-3444,2490,-6530,8368,21724,-4300
68,7160,-1156,-3512,2322,-6617,4640,21212,-2272
1128,6748,-1980,-3501,1721,-6125,3480,20712,-1820
2120,6004,-2760,-3326,2000,-5627,4360,20636,-2352
3244,4924,-3536,-2835,2544,-5406,5852,20716,-3352
4052,4460,-4220,-2330,3077,-4645,5764,20908,-3704
4768,4308,-5148,-2201,3301,-3226,5592,20040,-3740
4768,4308,-5148,-2201,3301,-3226,5592,20040,-3740
5528,3428,-5708,-2293,1910,-994,6632,17128,-2032
5108,3716,-5460,-2380,770,-82,6812,16312,-1064
5148,3852,-5284,-2342,265,353,7088,15856,-520
4988,3668,-5116,-2277,246,315,6912,15656,484
4836,3472,-5132,-2162,34,386,6816,14800,1092
5120,3484,-4800,-2122,86,547,6460,14144,1700
5648,3260,-4684,-2157,-96,758,6148,13208,2040
5648,3260,-4684,-2157,-96,758,6148,13208,2040
6136,2048,-4768,-2732,-1278,1681,6072,11572,2752
6564,1596,-4724,-2623,-1915,1605,5708,10828,2696
7360,1552,-4248,-2580,-2084,1509,5996,10520,2896
7468,1044,-3564,-2603,-2149,1388,5524,10280,2504
7288,724,-2908,-2464,-1413,989,4696,10920,1524
6756,44,-1940,-2382,-467,340,2996,11520,-220
6756,44,-1940,-2382,-467,340,2996,11520,-220
5932,-1336,-612,-2147,1079,-1145,2432,12756,-2416
5692,-2520,-792,-2239,1628,-1921,3000,13064,-3208
5692,-2520,-792,-2239,1628,-1921,3000,13064,-3208
8924,-5560,356,-2483,1938,-3738,3552,11708,-4876
10280,-6304,1512,-2552,1475,-4847,4304,12568,-6060
11460,-6820,2516,-2576,1669,-5906,4320,13160,-7312
12192,-7012,3352,-2420,1731,-6976,5304,13252,-7136
12192,-7012,3352,-2420,1731,-6976,5304,13252,-7136
13112,-8040,5524,-1892,2995,-9211,5456,14424,-6472
12952,-8180,7236,-1731,3642,-10102,5764,14984,-6320
12400,-8120,8488,-1864,3979,-10785,6668,15248,-4500
12292,-7816,9468,-2022,3907,-11436,6580,13448,-3772
13160,-8988,10736,-2188,3635,-11867,7740,11944,-2356
14360,-9628,12308,-2072,3321,-12213,7640,9376,-1460
15548,-9320,13696,-1679,3521,-12757,7200,8196,-896
16720,-9624,14956,-1326,3596,-13346,7304,7940,-648
17264,-9580,16024,-990,3591,-14055,5252,7076,300
17264,-9580,16024,-990,3591,-14055,5252,7076,300
17784,-10088,18220,176,4523,-15076,-720,9216,216
17780,-10388,19188,703,5249,-15297,-1184,10200,-1416
17588,-10060,20572,875,5147,-15321,-2232,13084,-2772
17344,-9488,21416,777,4990,-15416,1052,14104,-3824
17112,-8780,21996,591,4522,-15677,6952,16460,-3284
17196,-7848,22344,555,4280,-15649,11452,17652,-2588
17352,-7400,22800,707,3979,-15283,13772,16568,-468
17692,-7436,23252,631,3548,-14674,14100,15960,2096
17692,-7436,23252,631,3548,-14674,14100,15960,2096
18140,-8364,24608,78,2901,-13023,10328,16604,6200
18140,-8364,24608,78,2901,-13023,10328,16604,6200
18048,-9556,26748,-719,1454,-11544,10508,15908,9240
18048,-9556,26748,-719,1454,-11544,10508,15908,9240
17156,-10724,29884,-1105,395,-10971,10084,19792,7396
16344,-10520,30316,-1137,-647,-10645,9568,19988,4492
16012,-10964,30276,-831,-1615,-9728,10108,20588,1880
15732,-12000,30664,-673,-972,-9113,7904,18788,1500
15528,-12620,31248,-712,209,-8825,4732,20532,-1608
14832,-13084,31684,-1050,1271,-8950,3236,20996,-3276
14044,-13528,32732,-1442,2454,-9670,3724,20908,-5236
12816,-12536,32767,-1738,3285,-10465,5580,21104,-7460
12188,-11788,32767,-2051,3474,-11171,5816,20704,-8560
11452,-11228,32544,-2354,3622,-11924,5312,19476,-8544
11224,-10476,31924,-2660,3888,-12599,4040,17648,-7812
10772,-9808,30988,-3284,4255,-13517,2888,16924,-6952
10620,-9952,30416,-3865,4688,-14409,2792,15732,-6172
10676,-10724,30504,-4059,5594,-15342,2092,14980,-5412
10676,-10724,30504,-4059,5594,-15342,2092,14980,-5412
8300,-7936,30692,-4368,6443,-17058,2648,13828,-4764
7552,-6272,30688,-4295,6328,-17820,2460,13372,-4404
6864,-3912,30544,-4171,6155,-18373,1840,12688,-4528
6564,-1396,30252,-4082,5932,-18870,1900,12136,-3640
5896,-316,29552,-3927,6367,-19260,1888,11080,-2960
6052,228,28944,-4025,6528,-19487,1668,10808,-2788
6688,452,27924,-4117,6620,-19687,2100,9944,-2016
6616,616,27564,-4247,6717,-19403,2564,9728,-1584
6340,1228,26916,-4177,7144,-18916,2540,10080,-2032
6340,1228,26916,-4177,7144,-18916,2540,10080,-2032
5604,3072,25188,-4244,7298,-17767,2096,11716,-2112
5376,3492,24444,-4045,7340,-17030,1708,12100,-1956
5300,3600,23380,-3651,7772,-16478,312,12736,-2792
5172,3912,22284,-3193,8214,-15859,648,12872,-3816
5564,3672,21636,-2800,8654,-14985,1224,12848,-4488
5708,3600,21224,-2435,9236,-14283,2292,13232,-5548
5520,3584,20720,-1989,9693,-13519,3800,13676,-6488
4908,3644,20200,-1498,10252,-12798,6024,13436,-6296
4904,2824,19544,-880,10937,-12060,7640,12936,-5568
4688,2188,18836,-447,11445,-11257,7876,12544,-4568
4188,1340,17808,-233,11747,-10255,8792,12924,-3428
3572,1428,17116,-225,12393,-9307,9028,14168,-2428
2560,2012,15916,-98,13027,-9530,8128,14536,-916
1692,2792,14668,103,14417,-11004,5224,14108,572
1040,3412,13632,-340,13909,-11463,1944,13760,2212
304,4328,12836,-554,13248,-12520,-652,13212,2968
52,5468,12072,-554,12535,-13253,296,12196,2904
-100,6104,11464,-565,12013,-13726,1636,10844,1836
132,6044,10712,-708,11759,-14339,4672,10948,1460
-60,6524,9704,212,14429,-14133,6132,11664,68
-1740,6536,8836,602,14703,-14208,6224,14100,-1888
-1988,9112,6680,169,12491,-14846,6268,16316,-2764
1908,7248,6556,-982,8859,-15504,6904,17580,-3380
-728,7080,6120,-1928,4239,-16611,6312,17476,-2404
-3244,11464,5640,-2012,481,-17993,5688,18176,-1480
1124,8092,5624,-1402,-163,-19446,5172,18716,-1180
-832,10948,4792,-908,455,-19951,5608,17028,116
36,10416,3880,-459,2085,-17999,4080,16272,1260
-812,10488,2776,-1346,1748,-15455,1084,16744,544
-424,11724,2160,-1800,1514,-12521,-52,17900,-44
1592,11472,928,-2008,2919,-10935,796,18820,-884
1260,11192,-400,-2250,3887,-9823,2128,19660,-1216
1324,10964,-1240,-2750,4802,-9103,2624,21096,-2544
1928,12128,-2228,-2639,6695,-9193,3536,21344,-3728
2224,12276,-3144,-2578,7239,-9157,5216,22580,-4952
2656,11008,-3660,-2505,7079,-9011,8496,22312,-4896
3056,10560,-4036,-2362,6740,-8576,9616,22052,-4784
3208,10272,-4552,-2372,6345,-7913,7672,21932,-5016
3452,10068,-5108,-2405,5466,-7162,6080,21636,-4984
3424,8696,-5332,-2531,4899,-6501,6100,21128,-4376
3456,7740,-5308,-2639,4032,-5768,6500,20624,-3592
3400,7652,-5236,-2750,3422,-4886,6128,20940,-3580
4504,7332,-4784,-2636,3070,-4103,5884,21264,-2412
4116,6964,-5132,-2712,2741,-3485,5496,20296,-1960
4688,7404,-5160,-2753,2275,-2944,6188,19124,-1060
5024,7024,-5348,-2568,2231,-2426,6380,18556,-880
5332,7152,-5276,-2368,2532,-1874,5752,17568,-816
5180,6864,-5428,-2418,2126,-738,5600,16764,-748
4600,6208,-5132,-2776,2412,-42,5640,15152,588
3928,5064,-4880,-2719,1339,5,6480,13904,1312
3444,4280,-4688,-1871,1239,463,6244,12264,1888
2828,3236,-4520,-1529,336,737,5360,11052,1968
2880,2060,-4544,-1392,-321,781,3692,10312,2224
3928,1924,-4084,-1292,-579,916,3148,9932,2480
4656,1420,-3408,-1415,-92,673,2200,9588,2464
5344,972,-3108,-1595,147,507,940,8892,-172
5672,976,-2828,-1889,351,188,312,9852,1608
5672,508,-2576,-2025,666,-579,-488,9680,144
5672,508,-2576,-2025,666,-579,-488,9680,144
5720,-220,-1572,-2171,1219,-1856,196,9632,-956
5616,-568,-1028,-2205,1061,-2145,456,9900,-1920
6140,-916,-756,-2357,580,-2274,2192,8736,-376
6860,-1148,116,-2593,102,-2619,1468,8940,-3652
7760,-1616,600,-2704,-294,-3034,2492,9892,-4180
9000,-1772,1020,-2825,-585,-3477,4564,11004,-3928
9000,-1772,1020,-2825,-585,-3477,4564,11004,-3928
10464,-2272,1468,-2844,-1115,-4151,4600,14232,-4232
10764,-2288,2404,-3005,-1079,-4717,5392,14936,-4496
11308,-2380,3044,-3109,-1242,-5253,3472,14500,-4328
11560,-2800,4064,-3034,-1209,-5998,4144,16772,-4464
12484,-3496,5204,-2569,-1024,-6330,5236,16116,-3456
13608,-3748,6644,-2341,-756,-6646,5208,15708,-3852
14432,-2876,7424,-1963,-873,-7574,7444,15400,-4412
14432,-2876,7424,-1963,-873,-7574,7444,15400,-4412
16380,-2376,9416,-2166,-211,-10102,10032,13140,-5420
16528,-2044,10832,-1912,193,-11763,10496,11908,-4992
16400,-2548,12152,-959,1886,-12804,10180,11576,-4280
16520,-3704,13212,-430,2643,-13724,10188,11492,-2184
16940,-4552,13568,98,2270,-14031,10312,11876,-444
17832,-5188,14324,54,2886,-13900,10288,10984,1724
18924,-5772,16288,-87,3393,-14812,9300,11184,3960
19288,-6924,18528,248,4466,-16052,8752,10908,6504
19232,-7264,20124,645,4924,-17167,7788,9920,8192
18984,-7996,21836,682,5667,-18272,5048,9904,8928
18544,-8560,22684,343,5202,-18464,4552,10964,9244
18208,-9652,23216,24,5011,-18055,2860,12520,8260
17784,-10916,23484,-74,4527,-16847,-632,14652,4984
17272,-11400,23964,-177,3754,-15873,500,15104,3688
16428,-11652,24200,-240,2496,-15173,4264,14300,3340
16124,-11748,24648,-320,990,-14634,8532,17796,28
16124,-11748,24648,-320,990,-14634,8532,17796,28
15984,-11160,25448,-524,-514,-14269,16720,18808,-1936
15708,-10796,26144,-918,-532,-14040,18244,19832,-2232
15044,-10312,26968,-1422,230,-14411,15068,19940,-980
14424,-10556,27992,-1966,-423,-14593,6772,20560,460
13632,-10604,28336,-2135,782,-14988,404,20364,892
12864,-11136,28772,-2647,1232,-15088,-1832,19928,1544
12124,-12220,29024,-2985,1649,-15128,2916,19000,384
11172,-12388,29208,-3341,1801,-15404,8732,18188,-1120
10508,-13252,29836,-3477,1975,-15747,9336,18136,-1556
10508,-13252,29836,-3477,1975,-15747,9336,18136,-1556
8768,-13416,31612,-3751,2337,-15917,2608,21008,-5312
8004,-12896,31296,-3814,2863,-15931,5116,20552,-6772
7452,-12496,30748,-4122,3566,-15845,7184,19288,-7140
6848,-11928,29784,-4468,4199,-15587,7240,17572,-6192
6644,-11132,28428,-4790,5210,-15536,5700,16484,-5652
6376,-10752,27240,-4898,5771,-15614,3724,15232,-4904
6096,-10160,26144,-4914,6317,-15696,2564,14416,-4100
6096,-10160,26144,-4914,6317,-15696,2564,14416,-4100
6460,-9784,25896,-4728,7102,-15879,2400,14204,-2708
6448,-9136,25744,-4553,7557,-15826,2260,13876,-1944
6460,-8140,25172,-4374,7857,-15708,2284,12856,-1344
6412,-8224,25296,-4271,8283,-15792,2596,11764,-860
6532,-8188,25604,-4195,8539,-15664,3040,11048,-732
6884,-7832,25188,-4136,8892,-15489,2800,10632,-960
7396,-7176,24152,-3969,9044,-15236,2264,10260,-1316
7736,-6876,23220,-3824,9185,-15079,1392,10080,-1472
8312,-5488,23020,-3580,9433,-14917,1100,10476,-1792
8864,-3564,22964,-3467,9652,-14708,1040,10504,-2040
9804,-2660,22476,-3189,9823,-14321,1444,10496,-2164
10392,-2152,23024,-2983,10158,-13972,1296,10676,-2220
11004,-1416,23448,-2847,10493,-13521,40,10080,-3736
11344,-1416,23572,-2658,10984,-13049,596,10984,-2536
11904,-1596,23392,-2429,11639,-12686,740,11108,-3700
11892,-1792,23328,-2297,12112,-12467,1224,11548,-4468
11892,-1792,23328,-2297,12112,-12467,1224,11548,-4468
11160,-1212,22600,-2158,12759,-12381,1868,12604,-5856
10912,-1176,22188,-2020,12607,-12330,3136,14252,-6988
10316,-160,22448,-1857,12466,-12214,5680,16296,-7872
10316,-160,22448,-1857,12466,-12214,5680,16296,-7872
8572,2272,23920,-1435,12250,-12292,14448,18280,-5936
7916,2500,24160,-1008,12106,-11903,15492,17116,-4048
7380,2196,23708,-563,11581,-11458,11684,16476,-2332
6856,2180,22384,-132,10697,-10831,8324,13632,-364
6032,2876,20752,-215,10363,-10056,5776,10296,996
2324,2852,19088,-379,10633,-10154,2428,7888,2152
1744,6924,16660,136,10872,-10089,-3368,7236,2016
7488,5780,16012,-214,8247,-9150,-7412,8832,2040
3796,6464,14440,-1136,4705,-8731,-4456,9632,1500
1968,8704,12920,-1601,2379,-7996,1360,10152,-460
4384,6020,12732,-1467,913,-7557,3888,13004,-3032
3044,8424,10960,-1754,-951,-8675,5912,15276,-4332
3652,9708,10044,-2452,-2310,-10003,6280,18308,-5712
2976,9884,9272,-2536,-3007,-12172,7200,19816,-5824
-328,13408,7680,-2382,-2278,-14435,8396,21004,-4612
696,12800,6324,-2541,-1850,-16274,7392,19008,-2592
-744,12148,5464,-2501,-1200,-17854,3860,17568,-1084
-392,12496,4876,-2579,706,-19362,360,16852,12
228,12332,5128,-2594,1876,-19924,-160,17756,188
-908,11680,5048,-2541,3188,-19692,2228,19056,-1032
-908,11680,5048,-2541,3188,-19692,2228,19056,-1032
-1820,11776,4028,-2357,6266,-16825,7288,21020,-4352
-1684,11592,3296,-1865,8437,-13925,8456,23036,-6384
-1284,9948,2592,-1767,8745,-11074,6556,24100,-8156
-124,9568,1436,-1999,9006,-9042,5792,24568,-7736
-16,9408,628,-2081,8513,-7264,4824,23836,-7132
700,8980,-284,-2342,7567,-6191,4420,22656,-6624
464,9548,-1476,-2480,6422,-5280,4212,21348,-5500
464,9548,-1476,-2480,6422,-5280,4212,21348,-5500
264,8436,-2832,-2768,4651,-5031,5936,19184,-3276
620,8296,-2904,-2556,4082,-4738,6140,18456,-2496
832,6972,-3316,-2372,3853,-4313,5716,17952,-1980
-112,5860,-3976,-2349,3904,-3918,4328,17632,-2236
-108,5580,-4796,-2385,3743,-3405,4032,17160,-1512
704,4280,-5184,-2482,3322,-3006,4328,16936,-1780
920,4280,-5740,-2486,3081,-2802,4964,14512,-1132
1512,3908,-5628,-2426,2727,-2605,4852,14556,-1072
1876,3676,-5556,-2262,2302,-2307,4896,14112,-1304
3068,3592,-5168,-2066,2124,-1746,5080,13112,-936
3492,3620,-4896,-2382,1217,-939,6032,10840,836
3692,3396,-4800,-2176,1392,-278,4132,12328,-540
3744,2708,-3980,-2188,1689,-138,3928,11472,-620
3484,2000,-3376,-2551,1161,865,3864,9496,212
3204,1480,-2776,-3123,814,1222,3856,9504,-120
3072,1016,-2408,-3224,513,1210,3708,8612,-248
3284,508,-1976,-2932,1232,716,2444,10084,-1284
3564,-240,-1052,-2685,2038,-53,932,9424,-1832
3900,-1096,200,-2741,2063,-779,392,9164,-2048
4336,-1792,360,-2842,2285,-1530,504,9160,-1840
4336,-1792,360,-2842,2285,-1530,504,9160,-1840
5648,-2672,424,-2877,2073,-3117,-652,10360,-4112
6176,-3324,380,-3050,1986,-3972,1628,13376,-3560
6492,-3748,180,-2903,1817,-4704,2528,12896,-3744
6920,-3372,-328,-2697,2203,-5871,3628,13548,-3276
7420,-2644,-144,-2415,2912,-7206,5084,13428,-2788
8128,-2936,876,-2114,3068,-8268,7196,11768,-1848
8608,-2632,2392,-2002,2652,-9247,9648,9148,-508
8860,-2232,3900,-1985,1898,-10354,12612,5960,1504
9660,-2672,5440,-1809,920,-11549,15304,4080,2704
10152,-2800,6540,-1312,181,-12477,14440,3468,3620
10588,-3416,7272,-675,1266,-13655,11992,3788,3188
11252,-4164,7896,-143,2326,-14470,6372,6084,1312
12120,-5272,7900,176,3060,-15305,-4472,7984,-4004
13140,-6188,8676,-213,2625,-15684,-16372,12252,-5788
14720,-6496,10288,-1184,1952,-15728,-16728,16424,-6196
16072,-6236,12812,-1867,1277,-15508,-3880,15612,-4416
16704,-6104,15112,-2187,1061,-14837,9448,15988,-4728
17588,-5624,16780,-2419,977,-13805,17204,15076,-3168
18436,-6516,18440,-2683,1266,-12684,19904,13968,316
18508,-7404,19760,-2563,1486,-11318,16052,16092,3040
18560,-7484,20552,-2567,1393,-10002,10720,17372,4224
18712,-7004,21620,-2443,832,-8642,3768,19760,2104
18860,-7588,22540,-2340,-100,-7436,6704,15768,4680
18728,-7624,23304,-2513,-792,-6356,7240,15420,3164
18948,-7364,24396,-2633,-956,-6166,7164,18088,-376
18776,-7848,25256,-2770,-775,-5435,8616,20944,-4240
18496,-8180,25680,-2231,-800,-5769,9416,23328,-8048
18008,-9340,26492,-1359,-1659,-5009,11832,24592,-9168
17272,-9936,27324,-700,-2310,-3205,13644,25124,-9376
16816,-9536,27716,-984,-855,-2179,11124,23380,-9028
16944,-9248,28568,-1470,495,-1728,8132,22144,-8280
16816,-9504,30000,-1820,720,-1338,7560,21612,-7920
16548,-9504,30820,-2163,869,-1199,7528,20176,-6612
15760,-9000,31476,-1740,1395,-1490,6956,19760,-5924
15320,-9400,31968,-1136,2323,-1372,6412,18748,-4884
14360,-9572,32140,-1370,2869,-2704,6576,18384,-4144
13084,-9556,32420,-1734,3725,-4096,6936,18352,-3740
11692,-8960,32620,-2029,4433,-4987,6308,17528,-2412
11032,-8864,32456,-1850,5149,-5486,6020,17356,-2112
9860,-7312,32408,-1552,5378,-6221,5948,16600,-2232
9612,-6016,32576,-1695,4999,-7352,6572,15324,-1772
9588,-5392,32596,-1973,4685,-8319,5984,14188,-1696
9300,-4544,32136,-2192,5026,-9387,5632,13440,-1812
9356,-4624,31632,-2140,5187,-10243,4992,12120,-1300
9612,-4988,30664,-2094,5592,-10989,5492,11108,-436
9476,-5088,29480,-2060,6313,-11833,5816,10852,276
9332,-5336,28128,-2009,6912,-12737,5044,9712,-152
9092,-5584,27188,-1984,7674,-13708,4864,10240,-696
8484,-5432,26336,-2126,8381,-14338,4676,9816,-1308
7652,-3092,25700,-2277,8940,-14946,4816,9076,-1404
7288,-2344,24872,-2439,9184,-15381,4556,9200,-1680
7616,-1840,24244,-2588,9334,-15574,2856,9068,-1724
7704,-1896,24596,-2531,9456,-15503,2052,9568,-1684
7496,-1644,25132,-2322,9817,-15376,2088,9240,-932
7696,-1464,25200,-2079,10077,-15250,1408,9796,-940
8188,-1476,24860,-1915,10448,-15090,1292,10168,-252
9048,-2108,24960,-1743,10644,-15005,632,10764,-476
9388,-2620,25080,-1582,10715,-15013,12,11764,-1212
8908,-2232,25072,-1386,10845,-15092,264,10916,-2804
8412,-1816,25188,-1414,10996,-15118,1244,11996,-2848
8124,-2160,25276,-1495,11171,-15076,2276,11876,-4872
8308,-1900,25164,-1531,11450,-15079,4064,11372,-5180
6596,-912,24804,-1459,11714,-15050,7120,15024,-5616
7720,-1004,24720,-1594,11397,-14533,9716,16268,-6440
7588,-236,24484,-1397,11028,-13882,12172,17680,-5836
7052,1288,24296,-1098,10679,-12867,15060,16892,-2656
6244,1784,24484,-724,10304,-11670,17888,13512,804
5312,2052,23768,-264,10020,-10617,15372,10316,2508
3756,3272,22460,364,9652,-9353,7776,9132,3272
3168,3484,20724,432,11015,-9274,1976,11052,3732
2792,3668,19308,827,9619,-7568,-5364,10572,1852
2792,3668,19308,827,9619,-7568,-5364,10572,1852
1596,6580,17408,353,6342,-6227,-8400,10404,1060
1188,6656,16492,-92,4235,-5522,-7104,13704,968
-12632,5612,15484,-682,1837,-5092,-4224,14524,-560
-17708,13360,12128,-1366,-886,-4874,808,15608,-3360
3244,7496,12764,-2097,-2206,-4699,6160,15932,-4528
1840,7140,11160,-2443,-3639,-4965,9752,16848,-6540
-4016,10796,9868,-3139,-4810,-6612,11108,18268,-5224
756,10944,9560,-3638,-5346,-10147,10720,21448,-4920
-1756,11136,8356,-3831,-4767,-12039,8512,21024,-3276
-3624,15400,7288,-3545,-3111,-14084,5548,21208,-1804
-1252,13704,7624,-3191,-2672,-14797,6620,19792,-236
-3604,14260,7124,-3654,-1352,-15770,7372,19316,220
-288,14868,6240,-3962,1177,-16956,5508,20504,-444
-96,10492,5228,-3699,3267,-17070,3724,21008,-1360
-984,12060,4808,-3157,5575,-16779,3604,21248,-2076
-204,12220,3856,-2899,6602,-14815,3808,21700,-3636
2176,8952,2160,-2628,6350,-12635,3976,23020,-5220
2096,9400,556,-2219,6671,-9941,4852,22952,-5512
2096,9400,556,-2219,6671,-9941,4852,22952,-5512
2840,8988,-1620,-2305,7626,-5857,6700,22768,-6104
3304,8924,-2480,-2502,8197,-4223,7904,21384,-5632
4440,6928,-3256,-2565,8519,-2687,8828,19820,-4172
4240,7132,-3704,-2519,8017,-1561,8716,18820,-2908
4316,7140,-4288,-2200,6889,-724,7888,17356,-1740
4316,7140,-4288,-2200,6889,-724,7888,17356,-1740
3756,8364,-3604,-1422,4292,-1125,7528,15456,-424
3864,7284,-3560,-1259,2827,-1683,6956,14436,40
3860,6756,-3636,-1015,1630,-1929,5760,13832,416
4672,6344,-3776,-1539,-185,-1502,4656,13476,284
5584,5892,-3516,-1683,-807,-1657,3528,13056,212
5752,6036,-3684,-1836,-1044,-1845,2476,11964,-156
5752,6036,-3684,-1836,-1044,-1845,2476,11964,-156
6916,4468,-2344,-2095,-1385,-1457,1488,10420,-392
6428,4828,-1896,-2345,-939,-1083,1992,10392,-764
6872,3616,-1384,-2143,-647,-595,2724,10024,-924
6988,2368,-1052,-2107,285,-586,2840,9676,-1228
6732,2168,-1120,-2186,737,-442,2920,9008,-1452
6588,1768,-940,-2452,1237,-229,2488,9020,-2088
7216,1172,-940,-2568,2374,-625,808,6876,-2312
8032,948,-1020,-2347,3421,-1031,2152,11364,-2820
8032,948,-1020,-2347,3421,-1031,2152,11364,-2820
8144,1328,-720,-2194,4616,-2436,-12,11212,-5072
8948,760,-556,-2366,4276,-3076,984,11316,-4880
9056,724,-664,-2252,3645,-3525,2380,11336,-5248
8908,644,-348,-1902,3206,-4078,4232,11236,-4712
8784,296,8,-1679,3084,-4734,5472,11508,-4324
8900,364,248,-1606,3395,-5560,5856,11148,-3580
8976,524,612,-1683,3941,-6777,5192,10584,-2740
9116,860,848,-1791,4018,-8051,6544,8452,-1472
9116,860,848,-1791,4018,-8051,6544,8452,-1472
10536,-56,1232,-1617,3644,-10353,6248,6980,-1104
10536,-56,1232,-1617,3644,-10353,6248,6980,-1104
12304,452,1852,-1213,3312,-13223,3808,6980,-1136
12812,468,2620,-474,3850,-14210,1840,9548,-3048
12812,468,2620,-474,3850,-14210,1840,9548,-3048
13804,920,4236,907,4484,-15679,2992,15448,-4628
14288,576,4632,910,3965,-15829,6528,17940,-3656
14516,456,4840,197,3048,-15868,9084,19572,-1572
14516,456,4840,197,3048,-15868,9084,19572,-1572
15540,-1124,5388,-1026,2570,-16060,12580,18916,1140
15644,-1340,5792,-1212,1843,-15368,12700,16864,2136
15644,56,6192,-1494,1421,-14073,8840,13884,2532
16092,-336,7756,-1749,926,-12124,5176,15856,1300
16092,-336,7756,-1749,926,-12124,5176,15856,1300
16140,-2048,11524,-1907,6,-7888,6912,18420,-2920
16252,-2924,13080,-1976,-429,-5964,11400,20372,-2192
16120,-3748,13696,-2042,-853,-4277,13780,22020,-4912
16012,-4380,14520,-1903,-1614,-2926,12612,22760,-5816
15896,-5556,15232,-1668,-1640,-1909,10100,22560,-5712
15072,-6844,15756,-1551,-1710,-1338,9724,21680,-5380
14840,-7864,15656,-1689,-526,-1608,7148,21336,-5376
14012,-8112,16240,-1847,-816,-1137,5844,20952,-4928
13500,-8400,17496,-2251,-851,-1282,5676,20156,-4136
12736,-8176,18724,-2369,49,-1691,4896,19760,-4340
12388,-8680,19888,-2491,1083,-1980,4332,19156,-4884
11820,-9252,20848,-2678,1454,-2398,4636,18608,-5508
11308,-9648,21524,-2766,1464,-2648,5316,17792,-5268
11088,-11428,21812,-2688,1882,-3314,6080,16608,-5068
10972,-13096,21948,-2557,2163,-3902,6680,15868,-4844
10144,-13168,22556,-2514,2304,-4062,6580,15052,-4492
9328,-12332,23452,-2408,2276,-3860,5704,13360,-3728
9096,-12052,24376,-2212,2408,-3864,5104,12380,-2952
8140,-10280,24628,-2072,2921,-3592,4272,11212,-2848
7848,-8668,24468,-2145,3326,-3543,3080,10748,-3140
7840,-7420,23920,-2163,3886,-3185,2728,9572,-2552
7644,-7440,23276,-1625,4531,-2734,2808,8652,-2344
7412,-7240,22444,-1078,5170,-2520,3392,7116,-2140
7092,-7280,21016,-481,6050,-2853,3940,7512,-1608
7052,-7448,20936,-6,6492,-3161,3440,7416,-1984
6752,-9096,22656,284,7046,-3619,3636,7280,-1068
5732,-6120,24580,555,7122,-4105,2404,8720,-1572
5660,-3952,25488,457,6809,-4723,2584,8952,-1432
6020,-3380,25584,137,6202,-5385,3704,9300,52
6348,-3116,25564,-272,5582,-5998,3128,9904,-888
7144,-3360,25216,-734,4951,-6569,3120,11028,-1288
7788,-4020,24952,-955,4468,-7311,3048,11956,-1640
8032,-4720,25188,-909,4317,-8131,3508,14188,-2712
7940,-5924,26608,-756,4333,-8885,5020,14948,-3572
7768,-6812,28092,-770,4374,-9638,6304,15340,-3780
7692,-6852,28732,-842,4514,-10277,7576,14584,-4100
7356,-5628,28508,-1035,4414,-10954,7636,13000,-4048
6956,-3848,29140,-1205,4672,-11240,8092,12768,-2300
7408,-4292,30552,-808,5225,-11454,8916,13064,-2188
7980,-4640,31424,-949,6269,-11315,10488,13632,-1616
8620,-4348,32344,-1114,7316,-11239,10904,15432,-1804
8656,-4832,32767,-1044,8988,-11395,13960,15524,-2116
7392,-4964,32767,-981,10467,-11518,15052,16120,-928
7652,-5848,32767,-791,11372,-11489,15860,14540,1064
6096,-4828,32767,-602,11846,-11517,12224,13636,2640
5172,-4048,32767,-596,11983,-11099,4716,11852,3820
7416,-5232,32767,-391,11647,-10698,-300,10164,4584
6404,-3444,32767,-48,11843,-9798,-3408,10876,4296
7184,-4452,32396,64,11335,-8440,-3388,11080,2760
7780,-4200,31332,213,11138,-7848,-1132,11388,1272
7784,-3364,30636,387,9103,-6363,1388,13884,-2700
7676,-3504,29568,-131,6018,-6509,3256,15376,-5564
7756,-2892,28648,-228,2995,-6921,4896,16276,-6732
6972,-1912,28408,-651,1639,-6956,5456,18192,-7428
6672,-1388,27376,-1104,1020,-7218,7624,19044,-6708
6288,-380,26044,-1731,664,-7656,9612,19628,-5588
5832,540,25124,-2002,-37,-8116,9984,20216,-3700
5832,540,25124,-2002,-37,-8116,9984,20216,-3700
-6184,6060,21732,-2190,-770,-8902,4400,17760,1580
10824,964,22740,-2293,-380,-9003,2100,17832,1716
10824,964,22740,-2293,-380,-9003,2100,17832,1716
3648,4836,19664,-1901,-1592,-7052,3012,19516,-580
3648,4836,19664,-1901,-1592,-7052,3012,19516,-580
3940,4784,17104,-651,-854,-4622,7348,21220,-2828
3136,6648,16064,-954,-466,-4025,8360,21432,-2736
3136,6648,16064,-954,-466,-4025,8360,21432,-2736
356,9392,12964,-1269,-379,-3536,9928,20796,-2888
356,9392,12964,-1269,-379,-3536,9928,20796,-2888
-932,10620,10564,-1918,68,-6079,10540,18936,-1716
-932,10620,10564,-1918,68,-6079,10540,18936,-1716
-1940,11672,7936,-2578,2374,-11767,8052,16724,-764
-2104,11520,6360,-2818,2825,-12513,6104,15808,-688
-2104,11520,6360,-2818,2825,-12513,6104,15808,-688
-3060,11336,3584,-2266,5824,-13664,1992,15364,-600
-3060,11336,3584,-2266,5824,-13664,1992,15364,-600
-3516,11892,1632,-1921,6530,-13183,860,14972,-592
-3516,11892,1632,-1921,6530,-13183,860,14972,-592
-3960,11872,196,-2055,6196,-11503,3788,14088,-8
-3960,11872,196,-2055,6196,-11503,3788,14088,-8
-3792,12164,-32,-1628,4936,-8932,5308,11564,72
-3792,12164,-32,-1628,4936,-8932,5308,11564,72
-3448,11924,-680,-1800,4808,-6651,6432,10120,-312
-3448,11924,-680,-1800,4808,-6651,6432,10120,-312
-2248,9648,-1240,-2793,6419,-6038,6168,8388,476
-1864,8880,-1588,-2777,7189,-6280,5372,9888,244
-1864,8880,-1588,-2777,7189,-6280,5372,9888,244
-2032,7628,-1800,-2676,8151,-7360,3604,9500,-1664
-2032,7628,-1800,-2676,8151,-7360,3604,9500,-1664
-268,4908,-1436,-1845,8425,-7475,3300,10992,-3508
-268,4908,-1436,-1845,8425,-7475,3300,10992,-3508
1548,3300,-868,-741,9025,-7314,3104,13408,-5452
800,2344,-748,-631,9453,-7701,3108,12968,-5340
800,2344,-748,-631,9453,-7701,3108,12968,-5340
228,2668,-640,-555,8132,-10024,3316,13724,-4984
724,1552,-660,-618,6624,-10844,3488,14716,-4988
724,1552,-660,-618,6624,-10844,3488,14716,-4988
1816,1512,-940,-689,3681,-10684,4780,15156,-4616
1816,1512,-940,-689,3681,-10684,4780,15156,-4616
2756,-164,-1192,-292,1353,-8651,6596,15392,-2308
2756,-164,-1192,-292,1353,-8651,6596,15392,-2308
3892,-220,-1548,123,1048,-6167,10348,11748,-1408
4348,-36,-1488,256,1407,-5333,10348,8980,-620
4348,-36,-1488,256,1407,-5333,10348,8980,-620
5556,52,-1676,-859,848,-4997,7704,7468,772
5556,52,-1676,-859,848,-4997,7704,7468,772
7872,1572,-1736,-341,1325,-4897,5080,11980,444
7872,1572,-1736,-341,1325,-4897,5080,11980,444
9228,2096,-1280,600,2301,-4276,5196,13988,136
9228,2096,-1280,600,2301,-4276,5196,13988,136
10768,3112,36,1251,1587,-3589,5676,15456,1776
10768,3112,36,1251,1587,-3589,5676,15456,1776
12196,3012,1776,591,-1198,-1957,4968,13776,256
12480,2676,2824,-240,-3439,-1587,3280,11440,5876
12480,2676,2824,-240,-3439,-1587,3280,11440,5876
13776,2440,4108,-1759,-5621,-1629,-6104,15904,364
13776,2440,4108,-1759,-5621,-1629,-6104,15904,364
14204,984,6232,-2799,-4734,-2621,6604,15124,-3172
14204,984,6232,-2799,-4734,-2621,6604,15124,-3172
15388,-936,7568,-4078,-4743,-3263,15764,17872,-5792
15388,-936,7568,-4078,-4743,-3263,15764,17872,-5792
16176,-2576,9264,-4379,-4347,-3732,12252,24888,-7020
16312,-3140,9812,-4420,-4446,-3985,12700,23656,-7052
15796,-2760,10884,-3686,-4130,-4725,6676,23580,-5788
15796,-2760,10884,-3686,-4130,-4725,6676,23580,-5788
15500,-3048,13092,-1983,-448,-6290,7436,20592,-4120
15500,-3048,13092,-1983,-448,-6290,7436,20592,-4120
14960,-3120,13652,-3668,1186,-5931,4988,20320,-4720
14496,-3644,13188,-3104,3938,-7123,4412,19604,-5756
14496,-3644,13188,-3104,3938,-7123,4412,19604,-5756
14012,-5492,12288,-2698,4963,-8916,5712,16900,-6156
14012,-5492,12288,-2698,4963,-8916,5712,16900,-6156
12704,-3524,14748,-2960,4740,-9261,6508,15484,-6288
12564,-3944,16228,-2787,5731,-9188,6880,14908,-6208
12564,-3944,16228,-2787,5731,-9188,6880,14908,-6208
12180,-4392,18484,-2546,5623,-8585,6392,13140,-5492
12180,-4392,18484,-2546,5623,-8585,6392,13140,-5492
11772,-6048,18248,-2564,4156,-7692,3920,10168,-3964
11772,-6048,18248,-2564,4156,-7692,3920,10168,-3964
10920,-8000,17844,-2239,3953,-7125,2456,7500,-2208
11468,-9156,17524,-2044,4451,-6427,1712,6804,-1120
11468,-9156,17524,-2044,4451,-6427,1712,6804,-1120
11520,-7668,20080,-1283,4577,-5009,640,7764,28
11520,-7668,20080,-1283,4577,-5009,640,7764,28
11916,-6732,21948,-1176,4237,-2974,3660,8460,1128
12000,-7028,22304,-1281,4678,-2235,4776,8004,1876
12000,-7028,22304,-1281,4678,-2235,4776,8004,1876
12136,-8096,21972,-1247,4120,-824,4900,10568,976
11960,-7976,22232,-1014,4313,-838,5432,11296,1072
11960,-7976,22232,-1014,4313,-838,5432,11296,1072
11960,-9084,23176,77,3789,-1545,8304,12392,-120
11960,-9084,23176,77,3789,-1545,8304,12392,-120
12480,-8956,25120,137,1902,-2483,8792,12992,-704
12480,-8956,25120,137,1902,-2483,8792,12992,-704
12844,-8500,25700,-139,1839,-3463,8388,13484,-756
12732,-8196,26000,-72,3247,-3900,8468,12960,-476
12732,-8196,26000,-72,3247,-3900,8468,12960,-476
12400,-8372,27024,-262,4380,-4234,9072,14864,-752
12400,-8372,27024,-262,4380,-4234,9072,14864,-752
11888,-8552,30604,-639,5401,-4663,8880,15732,-780
11888,-8552,30604,-639,5401,-4663,8880,15732,-780
11156,-6460,32767,-1024,5978,-5093,10548,15236,-384
10824,-5100,32767,-1047,6551,-5604,8344,13524,-192
10824,-5100,32767,-1047,6551,-5604,8344,13524,-192
10076,-3304,32767,-1189,6879,-7320,4820,10456,1364
10076,-3304,32767,-1189,6879,-7320,4820,10456,1364
10060,-3148,32767,-716,7929,-9194,748,10608,744
10180,-2864,32767,-236,8375,-9675,1096,12144,-52
10180,-2864,32767,-236,8375,-9675,1096,12144,-52
9516,-1336,32767,36,7854,-11063,3276,15900,-3116
9516,-1336,32767,36,7854,-11063,3276,15900,-3116
9416,-1592,32767,-258,3435,-13883,5284,18512,-5020
9216,-1704,32767,-562,2710,-13967,4872,19328,-6200
9216,-1704,32767,-562,2710,-13967,4872,19328,-6200
8916,-2192,31324,-1129,2517,-11536,7716,18940,-5356
8916,-2192,31324,-1129,2517,-11536,7716,18940,-5356
8492,-1928,29596,-1130,832,-9485,4712,17784,-2360
8492,-1928,29596,-1130,832,-9485,4712,17784,-2360
7072,-532,27588,-735,164,-8082,4440,17860,-132
6092,492,26068,-1069,-680,-6883,5952,17504,204
6092,492,26068,-1069,-680,-6883,5952,17504,204
7004,1812,23780,-1237,-1222,-4093,3144,21148,-2024
7004,1812,23780,-1237,-1222,-4093,3144,21148,-2024
5956,3016,20024,-886,-1629,-865,3292,22788,-4696
5956,3016,20024,-886,-1629,-865,3292,22788,-4696
4340,5068,16868,-833,-127,570,6044,22244,-5440
4340,5068,16868,-833,-127,570,6044,22244,-5440
436,9128,15592,-1139,627,-82,8620,19080,-4028
1092,10760,15036,-1104,1239,-2499,8480,17176,-3136
1092,10760,15036,-1104,1239,-2499,8480,17176,-3136
-944,12424,12848,-2092,3757,-8106,7800,15548,-560
-944,12424,12848,-2092,3757,-8106,7800,15548,-560
-1608,13084,11116,-2430,5453,-11660,4788,15032,496
-2452,11836,9772,-2957,6307,-12067,3164,14548,500
-2452,11836,9772,-2957,6307,-12067,3164,14548,500
-3756,12556,7104,-2467,6105,-12362,3700,13860,524
-3756,12556,7104,-2467,6105,-12362,3700,13860,524
-3952,13052,4392,-2321,4828,-13032,4884,12496,-228
-2900,12344,3840,-2479,4492,-12995,5232,12184,196
-2900,12344,3840,-2479,4492,-12995,5232,12184,196
-3172,9928,2028,-2720,5882,-11670,5352,11156,8
-2164,9896,1368,-2998,6282,-10987,4512,10956,-156
-2164,9896,1368,-2998,6282,-10987,4512,10956,-156
-1440,9584,824,-2839,7591,-9912,2756,10568,-1376
-1440,9584,824,-2839,7591,-9912,2756,10568,-1376
-1072,7660,-156,-3083,8293,-9113,3072,9952,-2556
-1072,7660,-156,-3083,8293,-9113,3072,9952,-2556
-1000,6956,-544,-2879,8319,-7787,1768,11156,-4304
-1000,6956,-544,-2879,8319,-7787,1768,11156,-4304
-264,5808,-980,-1895,7778,-7025,1672,12616,-6384
284,6328,-1184,-1498,7876,-7102,1992,12860,-6328
284,6328,-1184,-1498,7876,-7102,1992,12860,-6328
1456,5592,-1920,-686,9521,-7493,4816,10828,-3012
1456,5592,-1920,-686,9521,-7493,4816,10828,-3012
2100,5576,-2020,-247,7070,-8468,3728,11480,-2136
2100,5576,-2020,-247,7070,-8468,3728,11480,-2136
3872,4596,-2236,-162,3648,-10397,4760,10100,-1772
4768,4420,-2372,12,2631,-10811,6040,9904,-1864
4768,4420,-2372,12,2631,-10811,6040,9904,-1864
5320,4888,-2232,614,1975,-10621,7256,11012,-1020
5320,4888,-2232,614,1975,-10621,7256,11012,-1020
6664,4340,-2516,1270,2540,-9374,7280,12904,-1568
6664,4340,-2516,1270,2540,-9374,7280,12904,-1568
8812,3364,-1844,1265,3173,-7941,7148,15028,-1316
9240,3456,-1568,1013,3101,-7580,5852,16364,-1616
9240,3456,-1568,1013,3101,-7580,5852,16364,-1616
10508,3144,-1192,331,1211,-6026,2056,17660,-1968
10508,3144,-1192,331,1211,-6026,2056,17660,-1968
10524,2740,-1116,-885,113,-3976,1256,17192,-2980
10524,2740,-1116,-885,113,-3976,1256,17192,-2980
10724,2428,-944,-1235,-2497,-2241,6412,17408,-2852
10724,2428,-944,-1235,-2497,-2241,6412,17408,-2852
12100,1524,-284,-1543,-2632,-1516,12396,18728,-3676
12100,1524,-284,-1543,-2632,-1516,12396,18728,-3676
13480,-108,284,-2345,-2670,-800,10556,21728,-4484
14104,40,536,-2667,-2388,-636,8860,20268,-3724
14104,40,536,-2667,-2388,-636,8860,20268,-3724
14340,124,1128,-2501,-1134,-282,7768,20216,-3028
14340,124,1128,-2501,-1134,-282,7768,20216,-3028
13672,204,1984,-2135,533,-609,6220,19772,-4516
13264,24,2372,-2138,642,-1094,5516,19112,-4964
13264,24,2372,-2138,642,-1094,5516,19112,-4964
12476,-1148,3584,-1936,873,-2345,4916,17604,-5128
12476,-1148,3584,-1936,873,-2345,4916,17604,-5128
12696,-3328,5264,-1929,1437,-2473,5276,16116,-5528
12696,-3328,5264,-1929,1437,-2473,5276,16116,-5528
13600,-3636,6968,-2664,901,-3349,6764,15392,-5444
13192,-3232,7680,-3126,767,-3634,6740,15188,-5156
13192,-3232,7680,-3126,767,-3634,6740,15188,-5156
12204,-2224,8452,-2879,2000,-5310,5952,13420,-4636
11956,-2436,8764,-2701,2531,-6059,5644,12528,-3968
11956,-2436,8764,-2701,2531,-6059,5644,12528,-3968
11292,-3948,9144,-2239,3444,-7243,5272,11028,-2728
10892,-4644,9472,-2143,3597,-7271,4980,10000,-1356
10892,-4644,9472,-2143,3597,-7271,4980,10000,-1356
11764,-4340,10832,-2222,3729,-7179,3276,8676,456
11764,-4340,10832,-2222,3729,-7179,3276,8676,456
11544,-4380,13556,-2764,3718,-7901,3220,8616,880
11544,-4380,13556,-2764,3718,-7901,3220,8616,880
11484,-5200,15496,-2909,4432,-8680,3352,9524,-260
11484,-5200,15496,-2909,4432,-8680,3352,9524,-260
11216,-6140,16204,-2225,5053,-8807,5728,10184,-836
11216,-6140,16204,-2225,5053,-8807,5728,10184,-836
11196,-7632,16992,-1412,5157,-8577,4200,12088,-1600
11196,-7632,16992,-1412,5157,-8577,4200,12088,-1600
12492,-7176,19856,-1430,5191,-8186,4980,12792,-1624
12492,-7176,19856,-1430,5191,-8186,4980,12792,-1624
13168,-6272,21620,-1995,4804,-8040,5772,12796,-2088
13520,-6504,22676,-2042,4437,-7832,6696,13108,-2504
13520,-6504,22676,-2042,4437,-7832,6696,13108,-2504
13968,-6968,23920,-1491,3821,-7005,8628,13008,-2712
13968,-6968,23920,-1491,3821,-7005,8628,13008,-2712
13892,-6992,24064,-25,4808,-6349,9928,12208,-384
13892,-6992,24064,-25,4808,-6349,9928,12208,-384
13624,-5552,25396,415,4903,-5326,9100,14196,-492
13624,-5552,25396,415,4903,-5326,9100,14196,-492
14480,-5056,25284,-375,4505,-4769,8944,15360,-1844
14480,-5056,25284,-375,4505,-4769,8944,15360,-1844
15380,-4952,25828,-716,4198,-4347,11024,14888,-1964
15380,-4952,25828,-716,4198,-4347,11024,14888,-1964
15692,-5552,27720,-463,4086,-5014,11440,11424,2084
15692,-5552,27720,-463,4086,-5014,11440,11424,2084
15268,-5980,29352,323,4038,-5758,2112,12568,2740
15268,-5980,29352,323,4038,-5758,2112,12568,2740
14360,-5572,31364,529,3786,-6993,-556,13732,2068
14360,-5572,31364,529,3786,-6993,-556,13732,2068
13736,-5864,32767,165,3317,-8774,6376,14372,-1048
13736,-5864,32767,165,3317,-8774,6376,14372,-1048
13376,-7568,32767,64,3873,-10816,8892,16540,-4200
12976,-7936,32767,87,4247,-11719,6556,18172,-4928
12976,-7936,32767,87,4247,-11719,6556,18172,-4928
12076,-8076,32767,202,5021,-13351,6284,17972,-4528
12076,-8076,32767,202,5021,-13351,6284,17972,-4528
11424,-5864,32767,-105,5450,-14621,7196,17244,-2460
11424,-5864,32767,-105,5450,-14621,7196,17244,-2460
11712,-3800,32767,-291,5692,-15312,4680,19308,-832
12380,-2840,32767,-515,5608,-15310,6100,18612,604
12380,-2840,32767,-515,5608,-15310,6100,18612,604
11704,12,32284,-743,5444,-14704,4440,19668,-400
11704,12,32284,-743,5444,-14704,4440,19668,-400
10768,1804,31256,-1120,4463,-13660,1808,21196,-1916
10768,1804,31256,-1120,4463,-13660,1808,21196,-1916
8968,2688,29120,-1530,2862,-12643,4940,20220,-2768
8244,3680,27348,-1635,2068,-12184,6528,19196,-2660
8244,3680,27348,-1635,2068,-12184,6528,19196,-2660
6416,4388,24660,-2181,895,-10761,8100,17152,-2264
6416,4388,24660,-2181,895,-10761,8100,17152,-2264
4492,5352,20828,-2200,877,-9473,5808,16364,-1272
3224,5984,18896,-2279,1239,-8225,3788,16668,-1720
3224,5984,18896,-2279,1239,-8225,3788,16668,-1720
1248,7824,15896,-2259,2252,-6386,2224,16980,-1904
1248,7824,15896,-2259,2252,-6386,2224,16980,-1904
180,8720,13216,-2066,3857,-4971,2396,15344,-472
180,8720,13216,-2066,3857,-4971,2396,15344,-472
-1108,9520,10196,-1929,5858,-4745,4080,13564,344
-1108,9520,10196,-1929,5858,-4745,4080,13564,344
-2460,11072,7720,-2911,7105,-9084,6128,11552,1120
-2816,11352,6660,-3333,7671,-12073,6044,11600,664
-2816,11352,6660,-3333,7671,-12073,6044,11600,664
-3364,10836,4736,-3232,7639,-15412,2920,9100,-1920
-3364,10836,4736,-3232,7639,-15412,2920,9100,-1920
-3944,10788,2860,-3240,6748,-18145,2940,11624,-4240
-4204,10320,1828,-3232,7616,-20217,48,11740,-5264
-4204,10320,1828,-3232,7616,-20217,48,11740,-5264
-3344,9708,832,-3739,6735,-21121,-360,13068,-6904
-3344,9708,832,-3739,6735,-21121,-360,13068,-6904
-2952,9032,-92,-3708,8163,-20774,2016,11444,-5860
-2952,9032,-92,-3708,8163,-20774,2016,11444,-5860
-2032,7668,312,-2703,8540,-18200,3332,11084,-4176
-1368,7064,612,-2501,8366,-16756,3152,11960,-3620
-1368,7064,612,-2501,8366,-16756,3152,11960,-3620
48,6416,936,-1967,9625,-13555,5268,10312,-1668
48,6416,936,-1967,9625,-13555,5268,10312,-1668
1152,6028,1464,-1465,11726,-11068,6956,6716,-1128
1152,6028,1464,-1465,11726,-11068,6956,6716,-1128
2496,5288,1884,506,10523,-8353,3920,6404,224
3376,4868,2084,1174,10687,-7737,-1952,6092,-5804
3376,4868,2084,1174,10687,-7737,-1952,6092,-5804
4544,4704,1432,3294,7938,-8974,-4904,12296,-3980
4544,4704,1432,3294,7938,-8974,-4904,12296,-3980
6180,4880,1140,1278,1369,-11161,-904,18368,-6172
6180,4880,1140,1278,1369,-11161,-904,18368,-6172
6552,5344,1032,-1179,-2237,-10790,3808,21360,-5540
6552,5344,1032,-1179,-2237,-10790,3808,21360,-5540
6972,5360,280,-1711,-3206,-6531,16032,18932,-3968
6972,5360,280,-1711,-3206,-6531,16032,18932,-3968
7552,3884,-1108,-1663,-5118,-858,19348,18660,-672
7552,3884,-1108,-1663,-5118,-858,19348,18660,-672
9368,4056,-2768,-1616,-4421,1880,21168,19812,424
9368,4056,-2768,-1616,-4421,1880,21168,19812,424
10460,4352,-3364,-2239,-1986,841,10480,23204,-4004
10460,4352,-3364,-2239,-1986,841,10480,23204,-4004
11600,3840,-3896,-3503,-331,-781,5620,22372,-7276
11600,3840,-3896,-3503,-331,-781,5620,22372,-7276
11568,3260,-3488,-5549,218,-619,5132,18520,-8464
11284,2936,-3348,-4505,127,-2354,7552,17264,-8544
11284,2936,-3348,-4505,127,-2354,7552,17264,-8544
11044,1932,-3080,-1379,4530,-3721,8584,17964,-7628
11044,1932,-3080,-1379,4530,-3721,8584,17964,-7628
10880,996,-2036,-1402,4278,-4916,5880,16644,-4756
10880,996,-2036,-1402,4278,-4916,5880,16644,-4756
12004,1028,-508,-1851,3461,-5577,4840,15072,-3348
12004,1028,-508,-1851,3461,-5577,4840,15072,-3348
11764,-600,1252,-2062,4044,-6695,6236,12540,-1336
11284,-872,2148,-2140,4050,-7061,6312,12132,-820
11284,-872,2148,-2140,4050,-7061,6312,12132,-820
10300,-1812,4672,-2197,4800,-7621,5840,11180,-236
10300,-1812,4672,-2197,4800,-7621,5840,11180,-236
9584,-3144,6852,-2587,4068,-8820,4412,10988,-824
9584,-3144,6852,-2587,4068,-8820,4412,10988,-824
9820,-4356,7900,-3194,2393,-8526,4220,10092,-1508
9892,-4952,8452,-3319,1815,-8364,3800,9488,-1884
9892,-4952,8452,-3319,1815,-8364,3800,9488,-1884
10008,-5348,8896,-3380,1375,-9002,3628,8740,-1948
10008,-5348,8896,-3380,1375,-9002,3628,8740,-1948
9644,-5420,12112,-3034,2041,-10193,2620,8796,-2012
9644,-5420,12112,-3034,2041,-10193,2620,8796,-2012
9692,-6400,13924,-2450,2341,-9363,2516,9212,-1284
9588,-6672,14376,-2525,1970,-8347,2656,9616,-1204
9588,-6672,14376,-2525,1970,-8347,2656,9616,-1204
10560,-7752,15532,-2479,1728,-8320,2148,11396,-1676
10880,-7552,16080,-2433,2073,-8374,2928,12236,-2188
10880,-7552,16080,-2433,2073,-8374,2928,12236,-2188
12216,-6416,16732,-2512,2235,-8205,4328,13392,-2868
12216,-6416,16732,-2512,2235,-8205,4328,13392,-2868
13236,-6032,18648,-1610,3840,-7564,5972,13296,-3392
13756,-6276,19224,-1206,4312,-7191,6012,13552,-3792
13756,-6276,19224,-1206,4312,-7191,6012,13552,-3792
14244,-7200,20424,-997,4085,-6382,6284,14976,-3200
14244,-7200,20424,-997,4085,-6382,6284,14976,-3200
14596,-6032,23168,-1455,3535,-4595,7120,16412,-4056
15048,-6208,24592,-1306,3640,-3360,8148,16292,-5148
15048,-6208,24592,-1306,3640,-3360,8148,16292,-5148
15400,-4840,26268,-975,2914,-785,16964,15460,-2388
15724,-4472,27056,-628,3090,127,15736,16076,992
15724,-4472,27056,-628,3090,127,15736,16076,992
15996,-5216,29392,-505,2670,314,3872,12320,4200
15996,-5216,29392,-505,2670,314,3872,12320,4200
15872,-5700,31200,-558,2155,-1725,2944,10360,6204
16024,-5976,31896,-593,1371,-3034,5072,10192,5196
16024,-5976,31896,-593,1371,-3034,5072,10192,5196
15992,-5328,32767,-754,-321,-6064,6364,16600,-440
15560,-4788,32767,-988,140,-6919,6400,19440,-2440
15560,-4788,32767,-988,140,-6919,6400,19440,-2440
14544,-4016,32767,-766,1089,-8584,6948,20576,-4828
14544,-4016,32767,-766,1089,-8584,6948,20576,-4828
13356,-6184,32767,-1471,1267,-9557,8620,20336,-4728
13124,-6916,32767,-948,2199,-9627,9676,19968,-3620
13124,-6916,32767,-948,2199,-9627,9676,19968,-3620
11592,-6852,32767,-606,3828,-10069,7352,17172,1212
10848,-6020,32767,-559,4505,-10240,4320,17596,1736
10848,-6020,32767,-559,4505,-10240,4320,17596,1736
8996,-4272,32767,-653,5706,-10276,-76,18832,-216
8996,-4272,32767,-653,5706,-10276,-76,18832,-216
7324,-3360,32767,-714,6074,-10672,3388,21264,-3600
7324,-3360,32767,-714,6074,-10672,3388,21264,-3600
6344,-2748,32767,-835,5689,-11295,7520,20932,-4408
6344,-2748,32767,-835,5689,-11295,7520,20932,-4408
5880,-2044,30584,-1232,5351,-11951,9232,18548,-2720
5880,-2044,30584,-1232,5351,-11951,9232,18548,-2720
4740,1280,28228,-1935,5066,-12468,9116,14572,104
4740,1280,28228,-1935,5066,-12468,9116,14572,104
5128,3088,24728,-2381,4882,-12229,8172,13696,3172
5128,3088,24728,-2381,4882,-12229,8172,13696,3172
4824,3836,22608,-2437,4912,-11154,4400,13092,3916
4036,4660,21648,-2545,4698,-10522,2996,13016,3532
4036,4660,21648,-2545,4698,-10522,2996,13016,3532
2748,6096,19796,-2590,4192,-9306,1280,12756,2624
2748,6096,19796,-2590,4192,-9306,1280,12756,2624
1212,7584,17292,-2566,4664,-8279,2056,12200,2184
840,8268,16308,-2770,4826,-8011,2696,12400,1132
256,9108,15248,-2803,5161,-7543,3028,12448,540
256,9108,15248,-2803,5161,-7543,3028,12448,540
-92,9176,13112,-2970,6398,-7907,4088,11888,-812
-92,9176,13112,-2970,6398,-7907,4088,11888,-812
-116,9584,11148,-2380,6899,-7889,4516,11860,-2408
-24,9496,10636,-2302,6634,-8042,3788,12944,-3684
-24,9496,10636,-2302,6634,-8042,3788,12944,-3684
-96,9188,9060,-2257,7153,-8962,2728,13812,-5912
156,8816,8072,-2459,7394,-10402,2884,13828,-6776
156,8816,8072,-2459,7394,-10402,2884,13828,-6776
-932,9392,6900,-2188,7263,-14120,2996,12776,-6064
-776,8964,6200,-1930,6854,-15684,2116,12964,-5812
-776,8964,6200,-1930,6854,-15684,2116,12964,-5812
-316,7920,5140,-1680,6915,-19347,428,13156,-4676
-424,7464,4700,-1715,7434,-21362,388,13568,-4884
-424,7464,4700,-1715,7434,-21362,388,13568,-4884
-2024,8852,3648,-1749,8321,-24634,1904,11244,-3312
1464,5848,3768,-1686,9061,-25403,2440,11272,-4536
1464,5848,3768,-1686,9061,-25403,2440,11272,-4536
180,8476,2612,-987,10756,-26369,5440,7852,-3604
180,8476,2612,-987,10756,-26369,5440,7852,-3604
1580,7196,1592,-553,12168,-24880,5876,9336,-2156
4028,5520,1540,411,12357,-23622,2620,10140,-2384
4028,5520,1540,411,12357,-23622,2620,10140,-2384
3624,6148,944,2286,11077,-19461,-4096,17400,-3172
3624,6148,944,2286,11077,-19461,-4096,17400,-3172
4404,4800,848,1863,12772,-13689,3328,18220,-780
4404,4800,848,1863,12772,-13689,3328,18220,-780
4324,6068,1400,-914,6441,-6086,10276,19844,-2160
4384,5808,1104,-1991,2857,-4440,11340,20208,-2980
4988,5396,960,-2572,625,-4092,12280,20756,-2708
4988,5396,960,-2572,625,-4092,12280,20756,-2708
5608,6280,640,-2172,-954,-4008,13508,19888,-1284
5880,6172,-48,-1885,-2211,-2502,14352,19452,-1092
5880,6172,-48,-1885,-2211,-2502,14352,19452,-1092
6272,5848,-688,-2233,-4197,795,13328,19824,-3588
6756,5932,-1192,-2584,-5518,1905,10388,20712,-4780
7612,5732,-1932,-2833,-5305,1851,8264,20832,-5408
7612,5732,-1932,-2833,-5305,1851,8264,20832,-5408
8708,4916,-2788,-3150,-1547,-1462,10508,19972,-7004
9084,4776,-3432,-3674,424,-2957,10064,18448,-6408
9232,4332,-3728,-4473,1378,-3656,7688,17840,-6788
9232,4332,-3728,-4473,1378,-3656,7688,17840,-6788
8656,3092,-3804,-3355,5207,-5749,5124,16184,-6860
8468,2572,-3584,-2686,6130,-5135,5276,15340,-6380
8596,1876,-3328,-2026,5772,-4637,5540,14004,-5272
8596,1876,-3328,-2026,5772,-4637,5540,14004,-5272
9964,512,-2164,-1918,4874,-4081,4832,12828,-3876
