-120,-78,30,79,120,-99,68,6,38
-52,-124,-32,107,-114,-97,84,94,8
58,-34,46,-6,3,115,-20,54,-126
88,-66,34,-1,16,106,20,62,-88
72,48,20,-106,52,102,76,16,-122
-68,56,-12,-87,53,110,84,-2,-128
100,92,8,-25,-116,-123,-38,96,-104
-96,-84,-94,-33,-118,-120,-60,-122,88
84,-4,-28,29,-3,-127,-124,-28,-98
-42,-66,4,39,-4,-117,-92,30,-122
4,-122,28,-111,100,88,80,104,-92
-4,114,-42,-106,104,84,92,106,-110
-116,84,0,-27,-112,3,10,26,-86
94,-88,-26,-10,-115,6,78,-6,-80
-50,72,-120,-106,-98,-10,108,64,-20
-22,58,-124,-99,-95,-6,-80,94,18
-36,116,58,23,-117,4,-24,56,-116
46,-94,-8,30,-114,6,-58,30,-122
52,48,12,68,74,3,-42,30,120
-32,76,62,67,60,-17,-56,38,-104
52,-34,104,111,-18,-36,4,-38,-40
112,12,-32,124,-25,-45,26,-28,122
-60,2,-84,-72,-123,-85,42,-112,-96
-70,8,-66,-71,117,-78,62,-72,-66
106,-4,-8,75,-49,-89,-12,-90,-62
100,-68,-8,81,-72,-83,34,-118,126
64,-114,-50,-77,38,-35,34,-90,120
60,98,24,-65,13,-27,-20,-80,-112
-50,60,24,-105,25,52,-28,114,62
120,66,32,-80,-3,57,8,88,50
-120,96,-26,127,-75,79,18,100,74
-124,84,-84,-122,-94,76,50,-82,82
-112,-62,-12,48,51,69,108,-110,14
46,-44,22,64,23,56,104,-46,0
-12,18,-64,76,88,30,-62,74,32
24,-48,-112,81,63,18,-64,112,-84
58,118,-116,-95,9,-42,120,-108,52
62,-48,-116,-98,-14,-48,-52,8,102
-24,-120,-128,-97,32,85,-60,-6,-122
-6,-116,-30,-109,16,71,52,96,-124
116,-10,-120,69,118,-121,80,-120,78
-48,-58,96,87,-56,-124,100,-56,34
-24,62,16,31,-37,-73,4,-38,42
106,-124,-56,60,-60,-91,84,66,-12
-20,-52,-4,50,-18,-96,112,16,56
12,76,114,-1,2,-102,-92,50,-24
116,-88,-128,79,17,-118,-12,94,6
-60,-74,-36,-20,54,-115,6,50,-30
-92,110,-50,-76,-104,-122,30,-34,-104
-62,-82,-84,-86,-41,-114,22,-8,124
42,-86,-72,-109,-64,34,-84,32,-112
-116,-36,-42,63,-66,42,68,40,88
112,104,-44,105,115,77,108,78,112
-78,70,-36,95,-118,94,80,68,-110
-64,110,-112,80,122,-59,66,-10,-42
-46,72,12,81,-117,-72,80,14,12
-40,-78,-74,-125,21,-112,-42,-56,-10
-40,-40,-84,-97,66,124,34,-84,12
64,-32,98,-112,-117,-125,-102,94,86
10,58,78,-111,-119,120,-60,6,-62
80,-118,52,-89,119,1,-114,8,-12
110,-128,98,-75,-113,-28,-124,-28,122
-98,104,90,-69,-99,-41,-56,20,-72
-44,116,-88,-67,-68,-50,-70,-4,-68
-98,104,90,-69,-99,-41,-56,20,-72
-44,116,-88,-67,-68,-50,-70,-4,-68
-66,-16,-2,-62,91,-22,126,-30,96
-74,-46,20,-75,96,-34,96,106,-122
-58,-90,70,-75,102,-32,108,30,-126
-98,-72,18,-75,122,-21,-16,-14,6
-58,-90,70,-75,102,-32,108,30,-126
-98,-72,18,-75,122,-21,-16,-14,6
-64,-88,-40,-7,19,117,2,-60,-74
-76,-98,-108,-26,1,-117,-68,-100,-118
-16,-48,-50,-93,57,1,-122,-118,6
94,108,-106,-115,16,16,112,-108,44
-50,-34,18,-81,-37,-72,-64,124,-66
-126,-50,14,-82,-44,-61,-100,-122,-6
-128,2,-22,-108,-47,-67,-102,20,-8
-124,80,-14,109,-58,-45,-106,-34,-10
-86,102,2,90,-40,-32,120,-10,18
50,34,-114,81,-23,-19,92,-38,46
-86,102,2,90,-40,-32,120,-10,18
50,34,-114,81,-23,-19,92,-38,46
42,122,-32,115,69,-71,-60,52,70
66,52,-22,104,77,-61,-46,30,26
82,-16,-86,-50,74,-14,-82,112,-118
38,-110,-22,-71,51,-11,-72,88,98
-46,8,20,5,-53,58,-72,-116,48
-66,-64,-90,-3,-51,70,-50,104,-4
-54,112,12,-54,27,53,-94,70,120
-104,104,-62,-50,24,55,86,58,-116
60,12,-48,-75,-50,47,126,8,84
-96,8,-72,-82,-53,49,-88,-4,36
-6,-14,90,-73,-85,49,-6,52,-64
-90,108,-104,-72,-93,40,38,58,8
10,42,-48,-67,112,60,-10,-62,106
52,-18,-38,-68,100,74,-50,-56,88
-112,-108,-74,-4,-17,-104,-4,-116,44
-88,-80,116,-2,-25,-104,-82,72,76
68,88,120,-123,91,-52,102,18,18
-28,98,-106,-120,79,-50,120,-34,-94
-44,20,-36,-3,-98,34,92,6,70
-28,-22,68,-7,-106,34,86,6,26
-30,-106,-28,-121,123,-30,-94,102,-32
124,-128,-12,-85,91,-7,8,116,-22
-66,122,-22,59,-40,23,-108,-122,-52
-122,64,-84,75,-71,36,-114,-124,-70
-76,-58,-96,112,68,-49,70,50,72
18,-50,-42,102,43,-47,-92,12,-96
116,-30,90,105,109,93,24,66,-98
-110,-48,-50,79,66,84,-18,80,-106
120,-122,78,100,97,27,-124,94,116
64,-120,14,-4,-27,20,76,-80,118
-62,-114,116,-69,-37,-49,44,-12,76
112,-112,-22,125,120,-58,-30,84,34
62,-114,-114,-44,89,-40,-124,-50,-14
-128,12,-68,-15,97,-82,-122,-4,98
-12,-118,-62,-67,79,-80,-124,-104,-58
28,-80,46,-19,-49,-108,-98,102,-54
82,-82,-128,10,-124,47,0,114,100
58,-106,126,51,-20,28,86,-68,122
-88,36,36,-100,-88,90,-18,-28,62
84,78,-128,-106,-120,55,0,-42,114
-70,122,-76,-106,71,8,124,0,116
-12,20,-22,13,81,126,46,60,82
14,-128,2,-29,-61,-94,-24,52,102
-8,-12,88,-30,3,116,38,60,-88
20,-80,-50,-35,-45,-73,-114,-60,26
32,-8,-82,-28,59,-80,-84,32,96
-80,-70,24,-68,69,49,-114,94,-116
90,-94,52,-98,54,61,2,-38,110
-4,114,20,-9,-95,36,40,-26,24
24,72,116,-91,-84,91,96,-46,-34
-56,72,-90,70,117,42,58,28,-94
92,80,126,-29,-124,105,-124,112,-68
-78,96,30,-80,-123,42,-82,-92,-16
106,-114,-38,85,92,91,36,-98,-8
-118,-88,-64,-76,-46,-44,124,-92,0
-108,-44,118,90,-46,4,-84,30,-46
-128,-94,-82,-106,-61,26,-108,-48,32
-102,-38,-110,115,-32,68,-106,66,58
0,74,28,-44,-53,121,108,114,-6
112,60,-16,-11,-42,-125,106,100,112
-12,80,-100,17,-57,53,-92,-50,32
-84,-120,66,69,-16,47,30,-82,-8
124,-48,114,96,-97,87,2,-12,20
-108,-108,-106,-111,-87,59,4,12,-8
50,-114,-62,57,2,82,22,-76,110
20,-120,78,59,66,64,58,-78,18
-120,-100,-4,-119,-63,-83,74,-76,32
-98,-62,-42,-92,-62,-95,74,-120,104
64,-86,114,77,-72,81,-54,-26,-44
124,-88,64,102,-105,67,-56,-66,-98
-118,90,90,-110,7,-124,-76,118,-32
66,40,64,-115,-42,-112,-46,68,-42
-26,-48,-8,-24,-28,-127,-90,10,-72
-36,-82,-20,-9,4,120,114,-14,-32
46,-110,40,101,-62,8,-10,106,-72
28,72,-80,92,-71,21,-10,112,-64
-2,118,0,-69,35,-17,-28,84,-114
-74,114,-18,-55,58,-3,44,56,98
54,-98,-38,45,-39,-88,-2,-70,-16
20,-122,12,69,7,-49,46,-48,116
-96,-124,-54,-125,101,-87,-36,-124,122
54,-96,32,-125,-127,-72,-64,-120,102
126,44,-44,90,-79,68,80,28,-100
118,98,-36,81,-62,85,58,-4,100
-122,112,-60,-109,-62,81,-52,4,104
100,-126,-24,-105,-39,72,-48,24,60
-118,108,6,69,-97,0,88,120,-104
42,84,110,60,-86,-8,72,92,102
12,-24,-102,-55,-47,-54,-48,0,-118
24,-82,-110,-57,-50,-64,-96,4,118
-30,86,12,85,-116,-78,0,-114,-74
-128,-52,44,77,-124,-77,-56,108,-104
-6,-88,-62,41,-47,-21,-124,-56,88
92,-38,-102,49,-35,-8,92,-56,50
92,28,-94,80,98,68,-110,-6,30
18,22,-52,91,119,68,-110,-12,42
-76,64,118,70,-32,-5,-122,110,-100
-48,52,12,56,-27,-11,-120,-120,-58
48,100,-2,45,72,107,-28,-128,112
28,16,96,40,87,100,-42,-106,-114
104,116,68,66,37,-25,-118,110,58
32,106,-110,63,48,-33,112,6,68
-4,-110,-54,25,-65,88,56,-122,12
52,116,92,33,-51,74,-50,112,40
-8,82,-66,-63,-128,-32,114,-96,-62
-86,-96,112,-31,-120,-56,108,102,58
-114,66,60,93,29,32,-72,-128,-68
-86,48,12,112,37,15,30,14,-10
-102,-108,22,-104,123,109,2,28,-50
-126,-84,42,-123,-123,101,42,12,-44
-116,24,54,93,69,-39,18,-36,94
32,40,34,79,45,-56,24,-54,-110
114,8,0,-91,94,113,80,-34,18
-48,-32,-18,-82,65,101,106,-62,40
64,114,-18,-99,-122,71,16,-82,102
96,102,32,-107,114,72,2,-58,-128
68,-42,-42,104,18,-86,-86,116,-10
26,114,-112,87,0,-70,-118,74,60
26,-124,64,-48,-101,30,-118,98,-30
4,-112,34,-46,106,64,74,118,-34
-12,46,-34,-40,-5,87,96,-120,82
0,-22,-22,-50,-88,116,-34,-50,22
-16,124,-18,43,-19,100,-52,-46,-36
-32,42,-40,23,-73,-98,126,-36,-126
-50,-70,-10,73,127,-5,96,36,-52
80,112,6,51,113,14,98,122,-114
30,-120,38,71,-5,56,-72,46,-126
-28,122,116,51,-1,39,-18,72,58
-6,-46,-126,-10,38,116,-70,60,94
-118,-28,-104,-30,41,111,10,80,104
-10,98,44,-12,-107,-13,-38,-128,120
-74,124,30,-32,-105,-26,54,-104,64
58,-26,18,85,-88,58,-118,-126,56
-82,-128,78,81,-82,33,-62,118,36
-16,-92,-14,92,44,127,-66,46,-56
-16,-74,-70,96,66,117,-70,34,-120
-114,82,44,12,-118,-26,-78,80,98
-68,106,46,10,127,-42,-72,52,-96
84,36,110,-108,11,-119,-94,-2,-88
106,116,110,-115,-7,-121,-114,26,-104
-2,84,72,126,96,123,-44,118,-96
-68,28,10,-122,47,119,-10,-106,-30
94,10,-24,-126,17,81,-24,6,-94
110,96,-56,-117,7,78,-42,18,-42
-96,4,-56,-56,54,19,90,-6,74
0,-8,66,-79,30,17,76,30,106
32,-46,-44,50,-52,-60,-62,-128,60
78,-122,-88,15,-52,-63,-98,-110,38
22,80,-76,39,78,123,-6,-54,124
114,-74,-46,-27,57,110,-74,-14,-78
-6,106,50,-17,-110,109,92,34,24
-110,60,78,-33,-117,117,58,8,-20
-22,-6,-76,51,-53,-76,2,-86,-38
-124,-54,-96,33,-44,-72,68,-56,-40
104,-106,-94,-101,113,30,112,-4,60
120,-42,-48,87,122,50,-90,78,54
38,122,120,-61,-31,-127,-36,120,-106
70,-88,-30,-82,-38,120,-40,112,-86
2,72,-112,96,-43,-118,100,-24,30
-54,94,16,58,-16,-118,98,-30,10
54,-46,16,86,-121,30,-102,-106,-112
-26,-86,-46,62,-116,13,-112,-98,82
-72,-76,-100,104,-84,-36,118,-102,-90
96,2,50,99,-61,-38,24,-64,-106
42,80,78,116,14,121,56,-24,6
36,-126,68,117,58,120,38,-30,22
-120,-72,126,-37,57,59,-8,36,-76
-34,-110,-114,-30,-113,45,118,-106,-46
-78,102,80,75,-89,22,-76,94,-26
86,-32,-24,28,-9,23,-76,34,24
-16,76,24,-77,-66,43,-70,50,56
-78,24,-90,12,-107,66,-94,-88,-20
116,-54,60,17,-105,-126,38,124,0
10,-120,60,91,108,-93,-110,-56,44
14,-124,66,68,-49,-114,-94,26,-96
54,124,100,27,-124,92,52,22,-94
-90,40,12,64,57,-114,42,48,42
10,-98,54,124,-1,46,78,54,-20
-40,-78,-126,123,-106,51,-58,56,-96
30,-94,122,6,-15,29,-32,4,116
32,-2,10,-125,115,85,126,100,108
108,-14,-6,-100,98,123,-72,90,64
-30,-112,34,21,-75,-7,-56,64,66
88,90,-80,-13,-117,-8,-36,-128,98
-92,-40,-24,54,-73,47,-74,-116,70
-22,34,34,5,-109,75,-22,34,104
78,-56,-18,19,89,92,0,-102,114
-4,-98,-112,-44,-16,120,2,-90,54
-94,56,-74,-96,82,6,4,104,-118
-24,-68,-102,-71,-91,17,26,68,-70
-24,-74,-52,-75,8,-47,-100,66,-68
124,8,-88,-110,-8,-28,-100,20,-106
94,-38,-116,-88,-119,67,-72,98,-8
44,82,-68,-115,-114,74,124,-118,114
100,36,14,-105,-114,71,-4,116,-28
60,64,-52,-110,-117,65,-38,66,-88
-106,34,-86,-69,14,-14,58,-120,76
-128,60,90,-73,-1,-36,24,-72,98
78,98,80,-81,93,119,94,-78,90
18,116,-74,-89,88,113,68,-26,-2
58,112,-98,2,-26,95,-30,44,116
72,-66,-98,8,-43,109,-16,-124,-46
-18,-86,98,4,115,-8,-88,-60,24
36,-86,-48,40,122,-7,126,-42,10
44,86,106,-123,54,-59,94,-58,86
4,48,-38,-112,51,-68,46,-124,126
-34,26,102,-27,126,84,82,32,86
14,-2,46,-21,-125,69,122,28,80
116,-76,-96,3,44,2,-66,82,2
98,-122,116,17,41,5,-38,54,-88
42,124,62,-122,-1,48,122,122,-30
20,30,74,-118,9,47,-106,88,-24
-44,98,28,-112,-128,126,-22,-94,112
-2,90,26,-121,-111,-128,-2,-72,46
98,20,86,124,45,-81,-12,124,96
92,56,70,-119,78,-86,24,92,80
-2,0,-6,78,-43,-56,-122,82,58
-16,-62,-36,72,-30,-61,94,112,64
96,70,-66,-19,-88,-12,-112,28,-78
18,56,68,-27,-60,-12,120,96,-38
-80,-32,76,122,0,-11,90,10,76
98,-62,86,109,4,-8,98,8,64
14,-92,-128,67,33,-16,2,-126,-118
-14,-52,-86,60,31,1,28,96,-70
-120,16,54,59,32,30,26,76,-118
42,30,64,56,23,29,46,68,-110
-68,2,38,86,4,77,106,106,-84
-6,-4,52,99,-18,78,76,126,-40
-70,102,-18,112,-84,117,4,20,72
-10,-58,8,107,-94,122,10,-24,64
-108,34,-88,-106,31,-105,-52,56,-122
-122,118,32,-104,32,-94,-40,64,-88
-50,-42,-102,-59,88,-39,38,-50,-124
-124,-20,72,-55,52,-26,118,-74,-124
66,-116,8,58,58,75,14,98,0
54,116,-6,63,36,78,72,-100,24
-6,-8,120,59,-41,-29,112,-78,30
2,-34,-90,74,-78,-14,98,-78,-118
-88,34,12,11,5,-52,44,-122,118
-126,6,-108,38,-44,-43,46,-110,54
82,-30,-24,78,87,110,-100,-74,62
48,74,-40,94,66,118,-106,-8,-126
48,-114,64,111,65,92,38,-86,-56
-106,-102,-30,126,48,79,52,-62,-16
108,102,-12,58,40,-68,10,-44,-52
26,66,48,73,18,-84,-10,56,-34
90,26,-20,-85,96,-17,24,42,12
8,-48,-18,-74,83,-28,34,44,-20
42,-102,94,73,118,58,50,-62,104
88,-114,-72,46,121,46,60,-34,86
-16,12,114,23,-12,-1,-78,-122,-120
-102,-16,-46,-20,54,-18,-76,118,34
64,-36,-56,-10,34,-113,14,-76,-86
26,102,98,-84,71,-114,-24,-72,12
-102,58,-66,20,8,77,-54,126,6
74,-116,-64,-18,22,106,12,-94,50
-86,-24,-28,-99,69,83,92,-8,76
76,10,118,119,126,99,38,56,78
-60,64,76,-66,67,-78,-6,24,-112
22,-78,-36,-34,102,-101,-98,-24,22
78,88,-22,69,-67,-44,102,-84,92
28,-118,-8,86,-24,-91,72,114,-22
102,62,-76,52,-77,96,-114,-124,-80
32,90,-78,95,-35,63,100,-42,54
50,-96,-58,-112,2,46,42,-106,-40
98,-70,52,-98,22,20,84,22,-8
-44,52,96,-11,27,84,-90,86,-72
-22,-4,-114,-8,32,73,-116,-26,-126
66,-90,-128,-41,7,-32,-48,-120,32
-62,96,48,-47,-11,-40,26,26,16
38,2,122,-126,-33,-42,26,64,104
-8,-56,68,118,-67,-30,56,76,86
8,126,56,-127,-77,111,-116,18,-64
28,42,10,-113,-106,-122,102,54,-54
-56,46,-104,-58,-43,112,90,-42,-80
52,62,-74,-70,-46,-127,88,-70,-46
16,-86,-10,106,-59,-54,6,62,-4
-18,-68,-88,84,-59,-44,-2,66,72
86,122,-22,43,11,-14,126,-102,-14
40,124,-88,24,0,-17,80,104,38
-46,62,-2,31,25,52,6,46,46
-102,78,-44,19,10,43,-42,68,-6
-82,-70,-18,-14,-81,43,94,52,-96
-126,-4,-10,-41,-115,38,120,-44,34
104,-80,124,-21,-121,33,64,26,4
14,-84,-110,-19,-126,18,44,-10,24
2,-114,-10,113,-53,9,2,58,-44
64,-108,96,-117,-63,3,50,114,-52
108,-70,-20,56,-59,-47,98,92,46
-66,20,-48,62,-66,-54,88,100,-30
-2,-62,-92,-40,-42,-101,84,-66,-92
-8,40,-102,-30,-36,-99,72,-20,-36
-108,-86,-42,-4,-81,-106,-76,-102,56
-58,-86,-78,13,-92,-109,-20,-90,24
110,42,-114,-78,31,103,-80,-38,-106
126,22,66,-48,29,112,-92,-24,-122
46,34,-116,76,-56,60,44,-80,32
122,20,8,73,-68,55,-6,-126,42
94,48,-46,-112,-101,32,-68,-10,-50
110,-2,26,-98,-94,40,-54,10,-82
-96,34,54,-46,106,48,-126,76,86
60,28,2,-48,110,46,-128,18,66
-32,-24,62,59,0,93,-18,-72,-6
-86,100,70,68,-14,106,-44,-48,-46
30,-22,60,-38,53,117,-4,82,68
-104,96,38,-25,66,-124,-4,12,-36
84,14,10,35,118,-89,124,64,-50
48,-124,-52,45,90,-78,-122,-12,-94
-28,-16,106,7,-10,-4,54,-20,110
-72,56,-102,-10,-2,7,82,-74,-118
18,104,126,-28,-13,84,-50,-48,-16
-102,60,-122,-81,-13,84,6,-72,-52
114,-64,86,-43,-74,8,-106,104,116
-114,20,-122,-119,-110,25,90,110,78
120,98,-108,-8,-31,-17,-42,58,24
-28,100,62,-94,-63,-9,106,-104,56
54,-24,96,-30,-14,104,124,-76,-88
-58,24,36,-20,-8,90,124,-80,-64
88,30,-58,110,-62,97,-52,-56,42
-76,94,-126,-34,27,73,-42,-44,-32
84,-110,-82,-62,46,-42,32,72,124
-46,118,-118,-66,91,-106,-126,-34,-8
64,14,-12,8,15,112,-56,-82,98
18,-114,4,23,-35,120,42,-100,116
-68,-102,8,60,56,46,-24,-126,-24
102,26,10,-47,31,-71,-16,-128,52
38,-48,-104,14,-124,-76,108,66,70
-118,84,-60,45,-118,-96,-24,-78,-22
-52,-94,-98,-1,40,-29,-106,-42,-40
-78,-50,-82,14,77,-16,28,102,-110
80,98,50,-98,-124,115,-72,-40,12
-68,-124,-98,-13,-115,126,-32,-30,-28
98,-128,-78,79,91,-97,78,2,88
-28,64,102,38,103,-69,126,-40,60
0,-12,-110,-128,-52,76,52,72,106
-50,6,18,-8,-4,110,116,12,126
70,-58,106,-115,-115,-90,-16,-92,72
-40,-36,-128,8,-43,-53,4,-40,92
-24,48,50,11,104,76,46,30,-32
70,52,-82,-97,110,-122,52,88,-62
38,-4,112,94,118,52,62,96,-20
-58,68,-118,26,-93,105,18,-118,4
72,-80,-20,-61,-106,33,114,-74,-12
46,76,54,-85,-87,49,124,-8,-18
-110,-106,48,-8,79,-66,96,30,-34
72,-24,68,-3,78,-68,76,72,-94
34,70,68,60,-7,126,74,-2,50
12,-32,-4,90,-3,90,92,-8,44
-128,-22,-90,-56,75,99,-42,-58,-4
-44,124,-90,13,87,87,-96,28,-58
4,114,36,-17,58,71,-70,38,92
-22,84,-26,30,40,76,-126,62,14
22,-100,-20,-3,125,-88,12,-30,86
98,-102,-48,20,103,-104,-30,-46,-96
-64,18,14,-40,-47,-63,8,12,98
-92,-32,-70,-29,-90,-63,52,-28,114
12,-64,-76,41,72,-64,-92,38,32
96,-128,-76,50,41,-55,-40,44,-2
12,-24,124,34,0,-92,-128,-46,90
28,-52,64,47,-15,-87,112,-92,-116
-86,-104,-38,-125,-119,4,-48,66,82
-124,110,16,-128,-110,19,-54,32,34
60,-10,-116,-78,126,118,-92,-64,6
72,-22,-54,-64,118,114,-106,-64,-24
120,-118,-90,-15,-107,-103,64,-46,-14
6,-102,104,-15,-91,-105,100,-10,6
120,-30,-48,-20,123,108,-16,-10,24
114,-36,16,-30,-120,105,-56,102,-102
38,84,32,-44,-57,104,-118,104,-118
30,-122,-36,-38,-60,99,100,-82,86
-86,122,-28,-26,-112,114,-38,82,-40
88,124,-26,-35,-111,126,-12,68,52
-94,-36,-66,-28,105,-38,-74,-118,30
-94,-50,104,-18,98,-33,-76,72,50
30,114,-6,-36,111,99,-52,94,12
-10,92,52,-14,108,106,-54,70,10
-24,20,-124,-42,88,-89,-74,-48,34
32,12,-80,-29,89,-94,-66,-74,-92
-62,-104,-14,94,-79,111,-40,-30,12
10,-102,-68,105,-61,109,-84,-78,126
-2,70,-12,-73,-36,80,-92,32,84
-4,96,-4,-54,-31,80,-14,4,50
76,-18,42,-117,124,116,-42,-88,70
-118,-14,100,-100,-108,127,-82,-98,68
116,-108,122,-46,53,-74,114,112,14
76,118,90,-54,77,-69,-100,116,-56
64,-44,120,-116,67,22,-34,-4,-64
-116,-52,-128,-110,94,32,-44,-10,-72
36,100,110,15,117,-122,-24,68,-104
-6,-96,108,28,-96,-115,40,-120,-32
82,16,-8,4,-81,102,-72,-116,-42
28,-76,-14,-6,-76,78,-106,26,26
84,-14,-70,79,77,93,-52,8,76
32,-66,-28,52,84,60,-102,-14,74
-90,64,-48,86,-98,72,-44,-22,-38
60,24,-90,52,-93,57,-44,-104,-4
20,32,-96,-42,3,-105,-68,120,-4
46,108,38,-78,26,-116,-52,104,24
-88,-6,-110,115,-92,109,126,50,-14
82,-12,-62,89,-80,105,36,-44,-34
108,-78,-52,-115,66,78,18,102,86
30,-118,0,117,63,78,-40,104,82
54,84,-70,-45,127,-77,4,4,-30
22,120,-42,-56,119,-112,16,-6,18
-40,-46,50,-51,25,-120,124,-72,62
2,-48,66,-51,38,116,-112,-14,56
22,-126,108,-3,120,69,98,42,-22
-20,-88,60,2,-128,53,118,36,-2
-128,74,114,56,-118,-112,20,-40,78
66,60,10,62,-125,-124,58,-74,-102
-90,-120,42,-43,35,84,18,76,-44
-52,96,110,-27,21,88,76,78,-122
120,-92,90,-24,-70,68,2,-2,-46
26,-66,-122,-5,-87,72,116,-12,-50
114,-6,48,-7,-124,125,-86,-94,-108
4,-42,-34,2,113,-117,-60,-120,-28
124,78,112,120,-115,40,30,60,30
112,34,50,-127,106,43,-20,56,-34
-88,-4,-124,-109,72,67,74,40,2
-126,18,38,-86,18,70,-38,-26,-18
-110,-24,46,91,-71,13,-128,0,28
6,-102,-6,88,-97,21,94,-18,62
94,24,68,-48,-66,-19,108,-86,64
-78,110,62,-49,-117,-9,-32,102,96
66,34,-102,0,-45,79,-76,64,40
12,18,-92,-25,-74,75,-128,80,6
-98,-86,64,75,0,118,-46,-108,-22
94,-6,100,64,0,119,-92,-98,-34
42,72,-42,-26,17,125,90,-92,96
18,32,64,-29,10,125,-114,-64,102
-48,-122,54,-107,41,80,-100,34,-26
-108,88,38,-121,37,69,-50,52,0
-26,-66,-14,49,-25,-16,122,118,74
56,30,40,43,-30,-20,-32,-84,100
-86,82,70,-29,-65,-98,-16,-110,2
-108,112,126,-18,-61,-107,-18,-128,52
-72,-22,-22,-75,-62,123,-28,-2,64
-106,22,76,-86,-69,119,40,-10,-32
66,-114,104,125,52,64,-14,86,-80
-38,-40,-72,-117,49,68,-70,92,-46
94,100,-116,58,10,-8,4,94,68
100,52,16,36,10,-20,24,-128,124
-48,62,54,24,65,-60,90,-104,0
126,90,-112,24,77,-72,74,-128,-14
-70,20,116,-117,70,97,-78,36,36
-12,-52,-54,99,74,102,-42,82,16
-56,88,-108,-97,106,117,68,-114,106
-66,-40,-80,-115,85,118,46,-94,-58
-66,80,10,2,86,-92,10,-10,-16
-114,-78,-26,29,109,-82,10,-38,12
-128,-52,28,-126,-11,39,-88,76,-18
-82,-106,-2,106,8,48,-22,74,32
-120,-108,-34,-78,20,-128,-36,122,18
-24,-118,-58,-103,21,125,6,88,52
82,-50,-108,-31,-117,119,-34,18,24
8,-50,-120,-57,-128,116,38,72,20
-56,-36,-112,-90,-44,94,34,-118,-72
-84,-38,-32,-120,-37,98,60,-112,-56
-8,8,-40,21,-86,76,86,-48,88
0,44,-56,-14,-85,69,48,-32,-116
88,-116,98,121,-88,88,-120,-38,-44
4,84,18,98,-78,83,-104,-38,-76
4,62,-18,94,59,-122,-6,-34,64
80,78,-30,77,87,-122,-8,-116,62
-104,42,118,-91,106,-103,46,-6,-12
96,38,-100,-92,116,-114,-58,18,122
-86,48,50,125,-61,93,-70,-126,-122
-44,70,-40,113,-20,90,-70,114,76
126,-26,50,85,38,44,-36,-60,-42
-46,56,52,68,54,33,-92,-42,20
0,-4,98,119,85,16,-40,-72,14
-102,26,66,83,-66,-6,-62,-54,12
-84,-108,38,-16,-45,54,-78,-24,116
-94,-80,42,-118,33,37,40,122,-100
126,78,-50,-103,89,85,-96,-16,58
32,-108,-62,-10,103,-90,24,98,88
2,-126,20,8,-1,7,32,-104,56
118,102,-70,-128,-52,-16,-84,-30,102
38,92,-84,101,-64,-29,-82,50,106
-128,34,-114,-29,-75,-20,-40,10,-94
-44,72,20,-84,65,-123,34,114,30
42,72,16,-18,8,75,-78,94,-58
-116,-28,-78,19,-50,105,-44,84,-32
14,78,34,46,-61,67,-56,120,116
-112,38,20,106,61,114,44,64,-90
82,-22,44,-108,74,125,-128,112,-36
-46,26,38,-58,84,74,6,36,-52
-110,120,14,-39,109,124,46,84,-70
36,42,62,8,124,0,-82,8,-6
-54,-62,32,-116,-93,61,-48,24,66
-4,-94,-128,118,115,96,-114,4,-116
-64,-74,-50,114,54,-115,24,-94,126
28,-42,52,-102,120,41,-114,6,-64
80,-68,100,-91,117,57,70,-52,110
36,88,66,102,-106,62,58,44,-108
-116,112,-60,114,-99,58,74,12,-80
96,-104,-96,0,-78,98,98,-82,-18
-2,-106,-100,18,-75,61,-90,44,-42
-28,-122,-46,-108,82,50,72,-42,110
120,-126,-40,-115,60,22,56,-40,-110
36,118,122,18,22,-120,-80,-120,-102
34,-4,-60,-6,15,119,122,-88,-76
-82,-90,0,21,-71,59,46,-104,-4
-102,-70,36,2,-86,61,6,-124,112
122,-14,78,-106,-106,115,-26,-70,-104
-106,-22,-6,-114,-97,118,-44,-44,-118
-74,44,18,-78,-107,-74,-60,-46,114
50,-8,-94,-69,-111,-78,-112,-42,106
-62,-112,-6,17,-77,28,80,68,118
-70,-30,-68,35,-88,39,102,86,-116
104,-82,118,72,-84,119,38,-116,16
38,-92,-80,84,-83,-126,0,94,8
-84,-28,-2,113,108,-43,24,114,-36
-86,-4,-26,113,89,-50,36,96,52
-128,92,-114,111,-2,-8,-60,18,-72
94,84,120,107,-7,-11,-26,4,-112
-126,14,-52,-40,-29,2,-102,-10,-70
-116,92,-32,-14,-33,9,82,34,-112
12,-34,-116,97,-43,-22,30,-64,-74
30,-6,-104,105,-36,-22,34,-58,24
36,-76,-102,-43,38,-29,-14,76,46
-48,-66,10,-21,44,-36,-50,96,16
-42,-28,70,73,-81,-50,98,-118,48
72,30,68,79,-75,-52,72,-88,56
42,-18,60,-111,-25,-74,-20,20,48
-58,-16,-64,-110,-14,-74,-42,20,92
70,-26,36,-65,94,-101,-8,30,76
94,30,-128,-66,78,-95,42,24,22
-112,80,32,-10,104,-55,64,-48,60
-76,-126,56,4,85,-48,20,-116,-84
22,-88,-30,111,76,26,-80,90,108
2,-70,-120,-124,60,36,-68,76,86
88,54,-80,26,-108,104,-6,28,90
114,84,-36,38,-124,109,6,8,-108
-50,-56,-64,118,-73,-66,22,82,118
76,-32,-74,115,-88,-62,18,126,76
-78,-84,64,-104,-124,-30,30,-34,30
-104,-82,12,-101,101,-33,72,-4,-8
-114,-128,64,-13,-2,9,50,86,118
-112,-84,80,2,-29,18,82,80,-48
20,-82,-56,-116,81,77,-32,110,-84
-96,78,-96,-107,47,81,18,-116,122
-88,58,72,-102,33,-128,-22,-92,-52
108,62,96,-75,14,-128,-116,52,-102
-80,44,112,-59,84,92,-118,12,-52
54,48,-66,-27,64,69,-120,72,-22
0,10,-72,86,73,-85,30,-54,-120
-32,-22,-74,94,113,-93,46,-44,116
70,118,92,44,29,3,-82,54,4
54,-8,84,4,67,-25,-62,82,126
122,-6,-40,-88,-21,83,116,36,66
-94,74,-80,37,63,106,-124,88,76
-54,70,24,-18,-51,-9,-6,48,114
-40,-118,68,-36,-69,-26,-34,124,90
82,72,-40,-96,52,-35,16,-48,-112
50,98,-20,114,103,-19,-58,-16,118
96,-54,92,-109,84,51,-44,104,82
-100,-68,76,114,-122,62,-92,-104,32
126,88,54,-45,106,29,-60,48,-94
-60,124,28,-53,-107,31,-22,54,-106
126,-114,-104,-61,-84,125,-8,90,-128
-52,30,-82,-29,-17,125,84,70,-36
-14,-128,70,27,-97,-61,8,50,50
62,-68,8,23,-71,-87,92,-20,32
118,-126,-38,53,86,0,-38,62,-106
-52,-92,-106,88,126,-23,-20,16,116
120,-128,116,78,94,31,-30,104,-50
84,-128,98,117,121,11,-26,72,4
-118,-126,-38,-114,81,29,114,-26,90
-18,122,28,-106,99,16,94,-58,120
-10,-84,16,-114,-14,-103,-10,-86,-78
-62,-122,68,-121,-20,-111,-58,110,-112
-8,-14,-92,4,85,-21,-12,-106,62
-96,-72,-120,51,103,1,-40,-126,124
-92,-122,-82,-4,67,69,104,88,48
108,68,-44,16,56,86,42,86,-120
30,-82,50,-84,-50,-3,54,-48,78
-102,102,16,-100,-73,16,-82,-14,4
-44,-30,-82,-11,98,73,-104,-46,120
-60,-8,-58,-32,75,77,106,-78,126
-22,56,-50,97,21,-114,36,-10,38
118,10,-98,73,20,-120,-48,-10,-110
-106,-102,118,-121,19,-41,26,32,120
-94,-80,92,99,18,-32,46,114,68
38,30,86,-3,-122,45,114,88,88
10,62,-60,-12,-118,45,126,80,82
-102,36,72,33,19,70,22,86,64
-50,6,0,45,39,79,28,72,10
46,32,94,-109,122,57,-110,62,-126
-2,-22,74,-81,-109,58,-76,44,114
24,46,-104,14,102,39,-52,-14,44
98,-2,48,39,76,32,-124,-76,58
38,-32,-14,-82,-72,54,12,22,70
104,-120,2,-65,-86,44,-8,96,82
30,50,122,121,-47,80,18,124,-102
58,-72,106,127,-55,89,42,120,-34
102,54,-86,-4,-6,99,118,-82,-18
88,20,-18,9,-7,105,104,-104,122
-38,-96,58,-97,127,77,6,-24,-2
-48,-122,76,-89,122,64,-60,-76,116
60,-72,0,26,33,35,20,76,-114
-42,122,-30,69,-46,25,42,114,-86
-52,-50,-120,-64,110,-46,-114,112,122
-104,6,-16,-85,97,-39,-94,98,44
-102,66,24,18,-62,0,62,-68,-58
64,0,44,22,-79,6,12,-98,10
86,78,38,84,-84,33,22,-112,-36
94,100,54,95,-116,45,28,-104,-58
70,-88,-48,29,-97,104,0,-110,58
52,6,-52,51,-108,121,60,-128,48
42,-40,-22,-41,-5,-30,-122,102,62
110,-62,28,-57,-28,-28,-94,-122,24
82,-48,-94,1,46,93,-78,58,106
-64,26,-112,6,75,95,-52,76,86
-26,124,120,-2,-118,124,-100,-50,-122
-128,98,-100,-55,109,-126,108,12,126
-40,-32,94,-109,-23,-55,4,2,2
-100,-54,106,108,-60,-59,-54,10,22
-48,84,-30,-113,71,-125,-76,90,110
2,102,24,116,65,120,-66,84,50
-76,-66,-88,-66,-3,-83,30,-18,-110
-112,-40,120,-62,1,-101,34,6,6
-6,-62,52,-90,-13,-16,108,124,2
74,-14,84,-49,21,-54,92,-128,-88
26,8,66,62,66,-78,-88,114,22
-80,22,20,52,99,-104,94,-126,14
30,-60,-78,97,-9,78,-92,82,86
-76,122,-70,71,-64,50,-16,-100,82
122,102,-46,26,-71,-118,-20,-20,-84
16,24,102,104,-86,62,-50,6,-46
-14,-116,50,71,121,27,-44,70,-54
36,-46,22,-108,-87,-24,8,78,-102
-20,42,92,54,-6,23,66,-102,-64
14,92,114,85,61,36,-110,30,-104
-60,-40,-2,109,-70,53,6,-120,58
-42,-76,10,45,-25,65,52,122,-24
-28,-114,-92,24,12,82,12,86,-102
24,-24,-96,26,12,99,98,-112,-80
-56,-118,-30,45,31,-9,48,-42,114
10,-62,-114,31,60,41,-112,-32,-40
10,58,-16,50,-41,14,-66,-22,-4
-6,70,0,-2,3,34,24,-70,-86
-66,76,120,34,95,-62,122,-8,-8
-2,124,-44,-44,-125,-61,120,-18,-50
50,88,-58,-124,-65,94,92,10,14
-48,-52,-88,66,-49,97,70,0,60
38,116,-82,-105,9,-72,-98,2,-96
-92,-64,44,-121,48,-61,-112,56,70
-14,-38,38,8,-61,-70,98,68,-30
2,50,8,23,-37,-73,46,68,-84
-108,64,92,95,-38,3,-4,114,-100
80,68,-116,104,-19,-21,-68,-124,-44
94,-2,-12,45,103,36,32,124,-36
-92,46,-66,72,-126,27,32,-126,-58
124,-84,122,-48,-102,-127,-56,66,-86
-90,-58,120,13,-111,123,-104,70,-22
10,-104,-36,-120,-43,-104,-122,-82,74
16,108,-6,-69,-52,-95,-80,-92,92
90,-2,100,-4,-75,-13,120,92,-108
26,102,76,46,-97,-7,-76,44,-56
100,36,56,-122,-76,-21,-50,-56,-102
20,8,-70,-110,-93,-16,-18,-78,-52
32,-24,32,36,-2,-23,-56,54,-84
68,-4,-66,36,-13,-18,2,90,-82
-24,-120,100,-75,-125,87,-12,-96,-16
-62,96,122,-80,113,83,-42,-68,-10
60,82,-10,-120,-14,-93,98,-84,72
-12,-108,-22,-117,-12,-73,-68,-106,-24
26,-14,-122,120,-50,117,-6,28,78
62,-50,-108,96,-55,-115,-6,62,20
50,62,10,-115,-89,47,16,-16,-92
-10,-6,-126,106,-90,50,-6,-8,-2
62,-62,-62,96,103,-83,-114,66,-12
-114,-12,-32,69,95,-68,-86,-126,-6
-128,8,4,8,11,67,-10,126,124
-90,50,54,0,20,79,-18,-92,98
104,104,46,95,-50,-1,-22,48,100
-96,122,44,84,-53,10,-46,26,90
58,-86,86,65,-97,-113,-54,8,-42
92,-76,-124,45,-92,-93,-96,10,-38
-48,-98,-120,-22,124,-13,94,48,58
-92,-112,108,-30,127,-12,98,76,62
-120,-58,16,-39,76,73,58,-14,-92
-32,4,38,-28,75,77,68,-10,-86
84,6,-108,-119,109,-80,20,-20,112
102,12,90,-103,-125,-72,-4,-40,120
-92,-24,-66,1,-116,-43,-54,-126,-6
110,-66,-20,10,-103,-42,10,-76,58
-62,116,-44,79,-59,-93,48,110,34
-80,-120,-22,70,-62,-104,44,-114,34
-22,96,-14,65,-37,74,92,86,32
-108,74,28,69,-30,82,112,112,104
16,-68,-90,105,-51,83,-46,64,-50
-28,-20,-30,101,-64,83,-50,48,12
-86,-4,4,10,-101,-120,54,100,-24
-128,2,52,-7,-105,-120,50,52,14
-88,8,-2,-115,112,-46,30,-62,-62
-96,44,42,-121,103,-36,-10,-82,-70
-98,-100,-90,1,80,30,16,-106,14
-68,-100,-74,-16,83,29,32,-124,-40
78,-108,122,-126,78,109,54,94,42
104,-128,-118,116,87,114,12,96,-64
-8,-122,36,40,112,-68,44,92,68
66,-60,84,37,117,-64,40,102,46
-108,78,78,-7,-81,-3,28,104,-48
78,-116,120,4,-76,-7,6,-128,-60
80,-22,124,-13,-19,38,-42,-62,-58
-126,-24,-90,-10,-10,37,-44,-78,20
-36,108,10,26,103,77,82,-82,-54
-16,-54,0,22,117,76,120,-60,-54
-20,-34,114,55,-11,90,70,-50,-6
-80,-98,108,58,-7,87,28,-78,30
-16,-124,-120,64,-122,94,-114,2,20
14,-114,90,56,-119,87,80,-28,-46
-126,114,22,-25,39,-125,-58,116,0
16,124,-120,-32,49,-119,-82,104,16
42,2,-16,-119,-25,-64,44,-50,-22
-18,-26,-4,126,-8,-60,62,-88,106
-108,-88,74,124,-34,-32,-4,-4,-84
-102,-92,52,110,-6,-26,-20,6,-4
-86,62,104,-74,-38,-66,90,-44,68
32,48,100,-49,-20,-54,52,-76,94
-112,84,-110,-118,25,-121,-68,-70,-96
-114,46,-100,-104,48,121,-40,-58,-42
42,-26,-46,-35,-57,49,10,-70,86
-46,-42,-4,-39,-60,54,52,-90,24
-58,28,120,-77,-122,41,62,64,-118
-78,-26,-114,-82,-123,50,72,106,-36
-92,-92,-4,21,-76,83,-20,-64,-58
-14,-28,-20,34,-68,80,32,-76,-8
66,-106,-116,61,106,-38,-116,30,-74
64,-34,100,54,87,-59,-50,-2,-12
-84,-48,-50,60,37,3,-38,66,106
78,4,-98,68,-5,-21,24,76,-86
62,-94,-94,-35,-108,-98,-112,-74,84
98,-90,-114,-18,112,-107,22,-120,90
72,-74,-60,13,-11,115,-54,122,6
-96,-64,-84,49,-38,112,-20,68,36
74,58,102,76,7,-23,-36,86,-110
122,116,-12,97,0,-4,12,34,114
32,76,22,67,-87,60,106,-22,-76
-82,54,54,38,115,59,-122,-12,122
120,52,-94,91,108,-4,-82,6,-58
62,-38,50,-106,-119,34,54,42,-16
28,4,-74,-65,103,-54,-70,56,-24
76,2,-110,-86,70,-44,-94,50,-16
-54,42,74,8,93,55,84,-30,54
118,-20,26,1,78,54,26,12,52
0,72,-18,9,123,-17,-78,52,-94
-58,-78,104,-8,119,-23,-116,110,46
60,20,-64,-17,35,48,-94,120,-30
-102,-22,-32,-37,37,29,-98,-54,-82
-86,-80,-30,65,101,15,76,-112,-64
-54,-76,12,54,104,-5,-106,-92,-26
-16,6,88,-38,124,29,126,98,-104
-10,22,72,-40,126,0,-56,104,-88
-10,-48,112,107,89,53,-78,86,84
-124,-56,-62,99,87,24,14,86,70
112,-26,-6,111,77,-127,94,-40,56
-24,14,-108,112,75,125,112,8,56
-60,20,108,31,63,-41,52,-122,-22
46,4,58,26,71,-50,76,-86,-12
116,8,12,-51,46,75,96,24,74
8,28,-40,-53,36,71,88,-10,36
-120,112,36,-112,28,-11,-36,112,86
52,102,66,-125,8,-20,-16,-98,22
-2,60,64,73,-73,-4,-16,-52,-38
-12,16,92,68,-82,-4,-28,-4,12
-90,22,-18,36,-113,37,-30,-20,68
122,40,-122,35,-111,36,-30,50,-8
-12,-82,66,-70,-82,-124,-90,-98,-122
-112,-24,-10,-62,-80,-119,-96,-112,104
30,-38,-28,-128,-26,-27,90,20,-66
0,-46,96,116,-20,-18,88,64,124
6,126,30,-94,32,69,-40,8,4
-80,104,34,-120,32,65,-54,46,8
-22,-60,122,21,96,116,40,-20,52
-74,-50,-88,15,92,115,90,42,74
-12,34,48,-112,-118,114,82,-122,32
-4,66,46,-117,-121,123,102,-82,6
-80,34,-52,-46,-112,110,-82,-38,-20
98,20,-42,-66,-110,111,-74,-66,-22
32,-66,-110,-13,-37,-108,62,-88,52
56,-72,-18,-37,-18,-116,28,-34,38
-6,12,-28,-111,-94,-63,-114,-106,122
22,70,6,112,-75,-78,-34,-100,-88
18,78,-24,116,-81,-68,-38,18,78
-28,-10,-78,71,-55,-59,-52,-4,80
-20,-64,38,-125,10,113,56,-4,-38
-50,-44,-6,106,27,110,26,-54,-84
-42,-124,50,28,96,81,8,-102,40
-102,-128,-124,30,115,75,2,-90,66
44,8,14,60,106,88,-6,-58,26
-116,48,-76,61,-116,94,6,-84,20
-26,22,96,82,86,98,52,-68,-106
-46,42,100,77,-101,94,-18,-110,-118
-110,-32,-20,-39,22,11,114,-42,64
106,-110,-108,-108,87,11,58,-36,40
-74,4,-82,-88,-58,-103,46,-22,76
120,-82,50,47,-45,-126,88,-106,94
22,-106,68,-68,84,102,-120,100,98
-114,-88,46,-35,39,74,-122,-122,74
-128,32,50,-100,5,-119,76,-18,22
42,72,4,-16,-33,111,64,108,-116
-76,-30,-102,-118,45,-124,-30,-38,88
-82,-70,118,-104,1,83,46,-98,12
-54,40,18,-105,10,-115,-56,-92,70
-60,2,-122,-62,-28,-118,22,-76,-94
-28,102,-58,14,50,-35,-100,-90,42
-42,-110,-102,42,14,-27,-40,-86,34
124,56,2,88,95,-12,-2,104,122
56,28,4,98,78,13,-12,110,112
66,-76,-100,97,28,-37,42,62,54
48,94,-84,46,14,-12,-30,46,118
80,10,-120,-34,-51,118,-46,54,-62
-12,-90,106,54,5,116,-120,62,-128
62,-30,24,38,107,9,-122,-98,60
28,2,-50,58,84,7,-122,122,32
46,-82,20,116,-9,-43,26,-58,-66
42,-46,34,123,-18,-57,-2,-78,-112
-6,-36,-38,28,-50,-36,-74,-116,118
-62,-104,-82,35,-50,-52,-68,-126,110
-56,-100,10,28,-32,-15,68,106,10
100,-52,102,15,-36,-27,108,-128,-36
-76,-96,-8,-97,-65,-120,-22,-52,110
22,14,14,-105,-57,-124,-32,-50,26
-48,92,-108,-116,76,-37,-8,-6,16
-24,108,120,-125,60,-32,-28,64,10
-14,96,46,-116,-77,90,-60,68,-66
36,-122,52,-107,-99,113,-72,80,-116
-96,-92,20,3,99,-1,-120,-86,34
-116,-90,-90,14,104,-6,80,-90,48
78,-104,44,90,-83,-112,48,-18,112
-102,-110,104,110,-77,-92,-46,22,-56
8,-22,118,63,-48,4,82,2,120
-66,114,-110,80,-47,9,62,-28,-66
24,74,-62,91,-19,66,-68,-36,46
36,50,94,114,-6,65,-30,-56,-102
-6,-94,-98,6,25,85,-44,0,-30
6,-80,-104,19,32,90,-26,14,44
2,40,-102,99,75,75,-44,30,-76
0,102,118,116,90,70,-68,2,-42
-38,48,126,-25,-77,49,68,-80,-84
22,24,-44,-23,-76,38,78,-64,-74
64,14,6,63,3,11,-90,-122,-92
96,34,-4,82,17,7,-120,122,-32
26,26,60,-40,-81,-7,-20,34,-102
24,50,-30,-11,-61,7,-38,28,-124
44,28,-40,-41,84,19,110,-104,-54
-96,68,-34,-23,90,18,-120,118,4
22,-92,-122,-36,-70,33,-86,-2,-90
86,108,-124,-19,-54,40,-118,-20,48
108,36,112,-79,60,68,-70,-102,-50
-4,62,-96,-77,73,77,-94,-126,-126
-22,114,68,50,-89,98,44,-14,-22
-86,104,18,60,-83,90,94,-34,-78
46,-102,36,-59,22,103,16,-10,-38
90,-84,64,-53,31,95,-4,-48,18
94,-42,-62,72,85,118,-40,-116,-98
126,4,-82,86,83,122,92,126,-102
-18,-70,-22,-94,110,-102,-18,122,-98
-92,124,-16,-85,96,-98,-24,-124,104
102,-44,-24,60,44,-26,68,-64,-32
126,-32,14,75,31,-24,70,-14,24
-72,104,12,8,91,50,62,-24,-26
-96,116,14,36,78,60,52,-14,38
14,-126,-8,91,-27,-125,-100,-28,-102
2,-68,-62,112,-60,-125,102,28,-108
16,110,-2,77,44,122,46,-40,-20
-32,-108,12,91,3,119,4,44,18
84,-114,-60,115,11,117,-106,22,-78
32,58,-36,-104,-56,113,-72,28,14
-56,-100,-80,14,-49,121,26,2,36
-40,-100,-2,45,-95,-126,-24,66,-46
8,78,2,38,85,97,78,48,-106
20,82,58,46,55,101,-114,90,-92
60,-24,90,23,22,21,-74,-58,-84
-110,74,14,25,15,16,58,96,36
38,28,12,123,-111,48,-18,42,124
94,18,26,-123,-111,34,90,44,-118
-20,-118,48,-88,-52,64,28,6,-10
-88,18,50,126,-42,42,-32,8,-34
116,-124,44,-117,103,-13,-88,80,66
118,-34,2,99,93,-7,-92,120,-28
106,-116,46,95,-99,-124,-110,-36,-108
-112,-10,22,73,-73,-115,-126,-14,-48
-14,-98,-30,68,31,60,-50,-30,18
-78,64,-48,48,63,77,-114,12,126
32,-14,-114,-38,-118,-97,70,126,6
36,-106,-54,-56,-122,-53,12,-90,-66
14,122,58,-86,-44,-115,-56,22,-106
104,24,-30,-119,-43,-112,-46,122,-8
60,66,64,41,101,118,-60,90,-100
-72,-54,2,50,-115,102,14,72,-74
-72,2,-6,22,90,-114,-18,44,-20
-70,58,16,-12,66,74,32,-40,-74
-74,82,108,24,103,105,-16,98,108
88,96,32,51,-124,106,56,14,30
84,48,-64,-80,-48,100,-2,-62,90
-102,108,-58,-26,-27,87,-32,-108,74
-10,120,-116,-119,48,106,70,38,-86
-16,92,-90,-110,53,77,78,-30,114
20,88,-88,-108,69,-66,120,-40,-24
100,-128,-108,-115,60,-67,98,-98,26
114,66,118,112,81,-4,-10,34,-2
56,106,126,98,48,12,-32,2,-80
-110,80,-120,-47,-74,-94,-18,-120,-102
-84,110,-66,-73,-104,-82,-44,-122,-38
54,-104,2,97,-69,118,-42,12,-96
-126,24,-8,65,-92,127,-40,48,126
60,80,-126,112,108,46,112,-80,-94
86,106,-124,61,124,65,-108,-40,-80
-96,-68,-64,69,-47,-22,86,-32,-68
-54,-24,-18,28,-28,-24,94,10,-74
-14,34,-56,117,95,98,-16,54,84
-44,96,110,73,110,112,-50,102,100
30,86,-92,-34,-13,-32,-52,-70,-122
28,52,76,-57,7,-23,-22,-56,82
-42,-120,42,-30,124,99,2,98,-4
-34,-16,-74,-50,127,94,24,30,26
84,104,6,-23,-107,122,-20,14,-58
0,88,-2,-32,-117,121,-16,36,-72
-52,-102,40,-91,73,77,68,38,50
10,-6,26,-89,72,60,86,-10,110
-36,8,112,-14,-45,3,-86,44,-32
122,26,88,-17,-55,-4,-122,-24,-50
120,-88,60,-17,103,-78,-62,-72,118
-88,62,-128,-12,83,-81,-64,-46,-64
8,64,-50,64,70,-118,88,-108,-54
-32,-88,-44,59,82,-117,18,-116,-58
-96,-20,-8,126,61,-117,-126,80,102
66,-20,84,-123,61,-120,-106,56,-90
94,40,-108,-76,-71,121,108,8,120
-64,60,74,-59,-92,113,74,6,120
20,26,98,26,28,86,-64,-6,70
68,58,-120,42,22,81,-84,36,66
22,-20,-106,115,111,60,-4,-76,114
98,-44,-112,124,89,47,-38,-78,124
-86,28,-10,-27,-92,59,8,82,-36
-26,72,-22,-2,-107,66,58,42,-4
100,-50,-94,37,-122,83,114,82,-66
-118,-72,-72,32,108,84,112,66,-56
-58,76,28,-48,-28,78,36,-66,-52
38,96,-12,-75,-82,74,62,104,20
18,114,36,-27,122,82,88,96,-106
-26,-92,-60,-32,121,96,84,60,-110
-106,14,-82,2,-10,-118,50,-124,-116
68,-56,-118,-38,-25,-126,34,-56,-84
54,102,-68,-41,-50,96,84,30,70
-108,104,-36,-31,-17,94,46,74,118
24,10,50,-114,-29,9,-4,-58,-72
112,-36,-16,-63,26,-9,8,26,-28
78,66,-58,12,18,57,12,16,72
-50,56,-30,32,68,19,82,70,0
-48,-72,120,-120,-54,-30,-106,46,-86
60,-76,-100,-89,-24,-64,54,56,-78
-52,-42,-102,-120,86,56,-52,-112,-118
-124,-56,90,-87,63,32,-110,-114,-38
58,-88,36,85,53,-53,112,-46,6
36,100,60,83,-36,-69,10,-54,-106
2,52,-124,68,-66,35,-28,96,38
72,52,-6,115,-74,10,-28,-92,-26
116,-100,-112,-16,-121,23,-92,-86,52
102,-6,-116,31,-91,23,-30,-84,84
4,-70,4,-39,-74,-66,-68,-88,-36
-98,-108,0,-76,67,-53,28,-66,-70
116,-36,26,100,52,-6,-74,80,-100
-32,60,20,40,79,8,74,-104,88
92,76,30,-59,29,-83,-82,-22,66
-52,-56,80,91,24,-55,-48,2,-102
68,80,-90,37,19,-90,80,114,20
2,20,-128,-22,25,-57,110,86,-22
108,60,-86,-60,53,106,78,84,-4
62,100,-110,118,62,-105,100,104,-42
76,4,-86,78,50,-28,-82,86,118
70,74,-118,57,84,-5,-66,-22,-124
-76,56,-62,-61,-61,16,66,-16,-46
92,84,-8,-65,-43,32,80,54,-42
30,100,-92,-71,-41,-49,-80,38,-58
78,100,-98,-71,-28,-69,-80,28,-96
-38,16,16,89,73,-114,100,-118,78
-104,-38,46,119,80,111,106,-114,-34
-52,16,84,10,-124,102,82,-50,124
-30,-20,-126,57,116,82,8,-112,50
-128,34,-72,-64,41,47,-6,-84,98
58,76,-84,-9,48,24,-14,124,14
116,0,-104,-40,106,86,122,-86,-116
70,-68,-44,-14,65,85,-124,-106,-94
50,-60,20,77,2,-88,32,0,98
-126,-38,10,102,-52,-97,12,-22,94
-96,-124,56,18,71,60,-48,88,-64
-48,-86,70,28,17,49,-62,66,-26
-2,-86,56,-89,-32,56,-110,-56,78
106,-54,108,-84,-57,69,-52,-60,90
-84,106,-116,-108,32,-61,-116,104,-32
-84,118,-24,-100,29,-39,-90,126,-78
40,-88,12,74,-67,127,-44,112,110
50,-56,48,67,-70,-122,-32,106,84
-94,-40,-104,123,-13,90,-126,6,-16
-18,2,-84,98,-11,100,-120,64,-60
-116,-16,80,-107,65,-46,-126,16,-26
100,-14,12,-121,79,-35,104,6,-98
-6,4,-42,-23,-40,-2,100,68,68
94,6,-10,-37,-24,-9,78,62,24
-88,110,34,-24,-81,-34,-76,-48,-26
76,-12,24,-61,-69,-42,-106,114,0
-38,-122,-96,-68,65,-41,88,-6,84
-122,28,-116,-94,73,-40,16,-16,-58
-18,48,114,9,103,51,120,18,-72
-36,58,-112,-5,116,70,56,22,-92
-14,0,46,-44,-76,-42,-110,46,32
-100,-68,24,-47,-67,-28,126,22,70
76,-106,86,-54,12,103,84,-60,68
86,-118,58,-29,5,117,122,-36,24
102,-8,68,-114,106,-104,-58,-68,-12
54,-34,4,-105,125,-95,-54,-88,-88
-6,12,-26,-56,4,114,38,78,52
-66,48,-38,-70,-1,97,-110,-72,38
-110,-46,58,-93,80,-109,-20,-78,30
-100,-72,48,-118,64,-119,-24,-88,60
-56,62,-38,77,102,97,32,10,-56
-54,48,-18,90,90,91,44,-30,-78
46,-52,-42,32,-72,126,32,104,-50
-64,-22,-78,59,-59,126,68,54,48
-52,-116,-16,47,81,74,-88,-70,-50
-98,102,-10,48,108,69,-76,-44,-40
-16,-86,88,-36,127,-118,-68,-64,-94
32,-108,22,-20,-91,113,-40,-22,-18
-66,-42,26,91,-27,73,4,-22,-16
32,-46,114,113,-26,54,0,-42,-60
-68,-116,-114,26,61,64,-58,94,118
-82,124,-106,40,56,45,-72,42,-116
60,-62,-104,25,125,-67,-70,-80,-50
-96,-26,-54,49,123,-78,-4,92,-104
-4,-14,-122,-22,87,-58,-2,-90,-50
88,40,60,-2,75,-54,18,-58,-100
-52,-38,-84,-24,4,66,6,54,18
-88,-74,-8,-2,2,94,40,-84,-30
90,74,44,77,41,81,120,-50,52
62,-104,8,70,11,113,118,-88,12
-22,-88,50,-39,122,-34,-50,84,68
108,122,-12,-47,82,-24,110,-122,46
-86,90,-112,-48,-83,-120,-90,-12,8
126,44,-62,-60,120,-101,-122,70,42
-82,10,84,-109,-49,-46,2,-20,8
-126,66,106,-113,-40,-47,4,10,12
46,122,-82,-122,-11,69,-90,104,38
14,124,100,-118,5,60,-80,110,66
34,56,-60,-78,112,-57,-128,-90,72
-16,54,-58,-76,112,-77,-110,-84,80
-38,32,66,-20,-99,-13,-120,92,-86
-70,-40,46,-19,-104,-26,-90,114,-20
106,118,94,14,92,82,-28,24,112
-58,-106,106,0,83,78,-6,0,-104
88,-64,40,42,-45,29,40,-64,62
-110,122,-14,49,-48,31,38,-20,50
90,-76,-22,51,122,33,90,122,-32
-126,-80,-64,59,111,16,108,-122,-20
-48,122,-120,4,26,41,-26,-74,6
-38,-84,-98,1,7,44,4,-74,14
94,-60,-10,-51,-49,55,40,-106,26
-6,-110,-46,-65,-57,47,36,-96,-6
-22,122,-50,101,-97,33,22,86,4
-2,124,58,95,-110,40,32,88,-92
-80,34,-74,-39,121,10,20,56,-32
-126,92,-74,-61,-117,0,-2,56,46
-54,16,-68,63,-82,-15,-66,-20,22
-86,-52,-66,61,-85,-13,-58,-48,58
0,86,86,15,6,-48,-98,6,2
-56,96,2,21,11,-55,90,-14,-10
80,58,104,-99,109,-99,-66,44,78
-56,74,90,-103,111,-94,-46,42,28
-66,-104,-40,52,-73,-128,-46,-8,32
-48,84,-100,54,-68,127,-108,-16,30
-6,-16,114,-6,11,86,94,-62,94
24,-12,-128,-19,30,89,120,-18,84
-124,-16,34,-96,-124,42,-124,78,36
-118,-64,2,-109,-101,34,-114,96,38
22,-42,2,25,14,-16,6,58,-32
66,30,-28,10,8,-14,-6,32,-18
78,-94,42,-18,115,-53,36,120,-38
92,-104,8,-53,111,-53,32,102,-8
46,44,-100,-92,-107,-11,0,-32,-80
-128,64,-90,-117,-102,-10,-6,-58,-26
-62,74,-74,-93,-90,47,-120,62,80
-104,42,28,-119,-103,59,-110,120,30
-46,108,112,-12,-10,99,-62,-126,54
-42,54,82,-27,8,105,-98,-90,46
54,88,104,-128,-70,-125,-88,84,40
10,-54,-104,110,-54,-115,98,58,-118
118,38,-124,-26,-5,-96,-68,88,78
54,4,126,-34,53,-95,124,36,64
-14,14,88,34,87,-71,124,80,-70
-14,68,-32,2,125,-71,92,-112,-66
-76,-2,-58,70,108,78,-100,-38,96
120,30,120,46,96,80,96,-18,102
-104,126,88,23,-89,25,40,-106,-108
74,116,-32,-12,121,35,-8,-24,118
-88,-84,-96,-105,36,-36,-124,18,4
-10,-80,108,0,49,-16,-88,4,-20
-90,-20,6,81,-94,-126,-68,78,80
-90,-40,-68,-113,99,88,68,50,56
60,94,74,71,-121,-23,-112,-72,-112
-48,-122,-38,-122,-112,-27,-68,-84,-96
-4,104,-88,-105,-119,-56,-30,16,12
-24,94,-34,-82,-74,9,-58,-56,-122
4,-100,-62,113,91,127,116,82,82
-4,124,-92,51,79,-126,82,110,82
-12,60,76,118,-15,49,4,-24,32
-10,-114,6,84,-22,78,-16,4,40
-100,-106,120,-43,-59,27,-28,36,50
-30,90,98,-51,-52,21,-68,56,0
-46,56,-26,24,-65,109,8,62,-110
-50,34,-84,-48,-93,39,-14,60,-28
-6,-38,60,-85,-115,2,-60,22,-10
-34,58,16,-3,63,19,-50,22,-114
-32,-74,-64,-70,-101,-29,48,122,6
90,-76,-98,-68,-73,-44,-102,78,-10
118,-6,52,-65,96,87,-96,-112,-40
124,-72,-128,-61,89,76,-104,-52,16
-6,-40,-48,-124,-39,61,38,30,100
-42,-114,-98,-127,-62,69,54,14,36
12,106,-68,126,-53,-107,62,44,108
52,88,-36,124,-77,-96,38,-36,-4
114,14,108,-103,5,78,126,-80,-110
-24,-2,66,-109,-47,97,52,102,-82
-10,-92,-108,109,-117,72,104,88,-124
-98,108,78,90,118,93,-116,48,122
60,124,102,74,60,-68,-74,-122,-76
108,98,-28,70,56,-62,74,-120,-104
-54,52,12,58,100,-12,126,-32,34
88,38,38,65,103,-6,-124,-26,104
78,-50,-82,4,97,35,-22,104,36
58,-18,-90,14,106,35,-34,126,116
-38,-108,-34,-116,85,60,94,-88,104
-8,-68,28,-118,82,60,52,-82,-116
114,14,-60,10,64,112,78,-28,-64
-120,40,-16,-10,68,118,-122,-28,-16
46,-54,-58,-112,122,-49,42,-30,-44
-42,12,-48,-114,-106,-18,38,-110,106
30,48,18,58,52,-22,-120,-82,40
2,-18,-48,44,70,-36,-106,-112,18
96,-74,50,4,60,-5,-68,78,-24
-106,-60,50,7,79,-1,-76,114,-68
92,-58,-92,23,-6,-45,90,86,-104
64,-18,46,16,6,-49,92,-128,-122
76,-28,-120,52,85,-113,-44,32,-42
98,10,-120,51,96,-114,-70,78,-126
-110,16,64,90,-74,-121,36,124,42
-80,-38,46,96,-63,-120,68,122,50
38,90,84,61,34,-108,20,-28,-22
-26,58,-120,60,45,-109,22,-26,-118
-128,90,-104,113,-61,-48,46,44,26
-106,50,110,115,-41,-38,36,-128,-8
82,-50,-66,-30,105,32,104,-44,62
6,-26,-88,-17,117,28,-114,-60,56
100,-78,78,103,-103,63,-8,44,-88
92,-50,-128,123,-109,58,4,34,90
-74,4,78,61,89,50,-42,-44,-118
-96,-8,100,78,75,47,-46,-62,52
60,-26,118,72,-68,58,34,-26,-20
40,-46,72,95,-77,54,-2,-28,108
116,4,68,-115,51,84,48,84,-22
-114,-4,-36,-77,41,91,34,122,-40
80,110,88,25,-86,121,10,122,-114
60,-64,106,58,-99,119,2,-64,-82
72,110,96,-90,-50,-68,34,-94,-46
54,-124,6,-58,-67,-58,46,-40,14
42,-112,94,65,-19,21,-20,-54,48
-78,-124,-102,83,-40,27,32,-30,52
-100,-120,-48,11,-43,47,10,82,80
96,34,-102,24,-65,45,58,120,-32
30,8,-108,-83,4,53,70,-22,10
36,38,120,-60,-20,54,114,12,26
0,-94,-88,-8,46,51,116,-52,-118
-10,-30,120,31,46,46,122,0,-60
-58,-12,-110,-78,110,-5,-80,-4,78
-58,-42,124,-44,92,-19,-44,36,96
114,-52,-34,-85,-31,-65,76,48,82
82,-116,36,61,124,-61,102,60,-8
80,76,122,-127,-54,-12,-72,14,-88
-48,94,106,93,-91,-15,58,-110,-88
90,12,60,120,-47,-40,36,86,8
84,-6,-24,91,-61,-61,-2,-10,-76
58,72,70,-80,76,90,94,66,-6
66,94,86,119,-128,79,-70,94,92
50,-128,-96,-107,64,-117,-116,-126,-128
-40,60,-46,102,114,-111,-54,84,116
30,124,38,81,-84,16,-104,-126,90
-62,-124,-28,23,-46,35,-88,-110,-38
-112,100,46,-26,6,-116,36,26,42
36,44,72,-28,38,-108,6,32,26
-70,-60,-42,29,43,77,72,-78,48
-68,-82,90,45,97,74,86,-92,100
66,-34,58,98,73,-31,-116,114,110
126,-22,-76,105,103,-49,104,-118,112
-76,-114,-24,87,-125,-44,-110,-70,-36
-26,-112,-88,97,-101,-67,-106,-110,-68
96,102,-54,-45,-31,52,-116,126,30
-2,114,-44,-32,-43,48,-100,66,-40
68,0,80,-56,99,-48,2,-52,124
-122,18,86,-61,84,-62,28,-34,-112
-110,-66,112,-116,-79,80,96,-60,-100
-10,-74,-124,-118,-84,76,110,-52,30
82,46,-106,73,63,2,126,-2,-70
82,-40,50,60,57,-7,-96,-18,-128
-2,-114,52,-20,41,-100,18,-20,-76
0,-114,0,-25,49,-126,-2,-48,-94
58,-44,-122,-122,86,-52,60,56,10
18,26,-46,-118,104,-60,-4,14,-18
-114,90,-118,111,-96,79,-82,88,34
106,78,-118,107,-87,68,-98,94,16
-94,-84,-70,-37,-75,-24,108,-90,30
-108,-32,-98,-34,-83,-37,86,-104,102
-124,126,-38,-32,73,-98,24,94,-128
40,112,-58,-36,64,-112,16,76,-122
86,-50,52,-28,93,87,48,48,86
-28,-66,64,-28,65,81,0,66,106
76,-56,-126,1,57,6,48,120,68
90,-16,82,4,24,-1,34,-128,34
56,-96,-68,-24,-63,-28,4,6,-74
-54,-72,-76,-34,-82,-25,-16,-56,-116
-58,-62,94,-56,-119,10,-54,-56,74
-54,-122,-96,-49,120,10,24,-110,78
-88,40,-112,-39,26,44,-100,-98,-116
-96,66,-98,-38,18,48,-102,-96,92
-56,-64,92,-40,-2,61,84,-110,-22
-24,42,22,-48,-4,63,40,-72,-56
58,4,-60,79,113,82,-28,-24,-112
-68,76,-64,61,99,87,-12,-68,-100
-28,-48,-42,-126,87,-88,40,-34,90
44,-72,-4,104,71,-76,76,-54,98
-28,20,-58,22,91,57,-22,-82,78
4,62,-40,-2,60,71,-16,-64,60
-78,74,68,28,119,-119,-102,-52,70
8,106,36,15,114,-108,-96,-40,4
122,-74,-44,94,81,-81,112,-86,82
88,-84,-38,112,78,-75,48,86,56
96,-20,-76,13,102,-22,26,-32,-6
52,-6,-60,23,107,-24,18,-52,6
114,26,32,-25,51,-7,-70,-44,-104
62,-36,40,-3,42,-16,-102,-58,-24
78,-128,66,45,-100,-5,8,-22,-76
80,108,40,69,-118,-1,-18,8,-56
28,-94,98,-33,86,36,86,4,-128
-38,-96,-114,-21,65,44,-128,18,-90
-34,60,-34,-78,67,-15,-18,-6,92
62,-8,-96,-122,57,-39,6,8,80
-62,0,-6,-88,85,58,-64,-6,86
-106,-14,-4,-64,105,46,-50,30,108
-50,-96,-98,100,20,-59,-98,-60,-32
102,-26,-124,-123,74,-55,54,-22,-32
-30,16,-20,50,35,-92,82,-36,66
-48,-58,42,74,64,-105,78,-26,-20
50,64,-14,-23,-84,39,-124,56,-46
88,-120,16,22,-40,38,36,-46,-120
8,110,86,-101,15,73,-70,-88,82
4,62,42,-79,50,38,-100,-72,92
112,102,-84,118,-127,-22,-14,116,108
-98,66,-42,90,104,-54,108,-90,-56
118,68,110,-87,-73,-58,90,-106,-82
38,36,-62,-20,-87,-94,2,-46,36
58,-40,-8,116,-68,52,-88,-56,-18
-44,-56,24,-103,-22,44,-2,-98,-46
110,-102,126,89,51,-95,-26,-112,-74
70,-82,120,74,47,-81,72,100,-20
-126,74,126,68,20,14,82,2,50
-128,88,-104,36,52,56,122,30,84
36,-30,-8,126,25,63,-54,64,54
-6,70,-54,90,61,116,-2,58,-124
-100,102,-110,-48,-90,-111,118,74,90
84,92,120,-115,-41,-74,-108,60,64
-50,-2,-78,-85,-42,30,-74,2,80
-124,118,116,96,-4,49,-62,-4,36
-48,68,-60,-72,-93,60,24,-24,-72
-110,0,-114,-116,-80,83,58,-24,-114
42,34,-118,125,84,37,124,-48,78
-66,6,-12,112,103,45,-106,-28,54
86,-116,86,20,81,114,-32,108,-100
92,102,-62,15,82,98,-78,-128,-66
68,96,-2,-53,77,0,78,-58,110
56,46,2,-49,68,-10,88,-10,102
70,20,-104,61,66,96,26,28,-106
-98,8,108,58,38,82,70,40,-84
30,108,96,49,-79,-11,-32,2,8
100,-88,6,38,-116,-20,-24,-46,-24
-104,-40,-38,-4,107,-7,-10,38,-76
122,-54,-78,4,59,-12,6,2,0
-96,-24,116,-45,-127,52,-92,100,70
-48,-16,56,-48,105,52,-38,-112,112
6,-4,30,-124,-74,53,-50,92,-94
-24,-60,112,105,-81,44,-42,96,118
2,18,-88,-27,127,-22,38,-56,-68
82,10,-124,-48,125,-30,-32,-88,-46
102,22,-34,47,124,-69,124,-30,126
58,108,-4,34,123,-84,118,-54,-78
-96,-110,-84,-62,-46,-60,52,-60,-120
-124,106,-48,-75,-31,-52,40,-64,22
-108,-92,-16,21,58,-34,16,-28,-92
-126,-40,-30,1,58,-36,-2,-78,-46
56,86,-46,-126,92,-12,-36,-56,116
-70,102,-8,114,95,-12,-66,-92,76
-62,52,56,101,114,55,36,-18,50
22,-12,34,97,110,63,20,-62,80
62,-72,-116,-3,98,62,-116,70,-38
46,-26,118,-10,87,58,-104,94,-54
30,-72,-96,76,-49,48,-128,56,-86
-80,-88,92,69,-53,47,-86,96,-118
-6,-112,-78,111,88,87,-120,-50,84
32,-104,114,126,87,90,-88,-116,66
60,-90,104,25,76,117,-48,-12,62
2,-100,54,41,83,116,-42,2,58
-28,80,-122,112,-93,-128,58,-46,-56
6,88,112,117,-72,124,20,-108,6
108,-74,40,-23,81,124,78,-100,18
108,-38,-10,-15,88,118,70,-80,24
116,40,12,54,-93,90,88,-104,-46
84,-36,-26,66,-78,72,64,-108,-16
-90,64,54,28,9,-57,-120,-120,-76
56,102,-20,25,23,-67,-90,100,106
-72,-44,-22,15,-43,5,106,-44,44
100,-50,-68,22,-21,-11,82,-94,-22
-36,-88,32,13,-104,59,102,-30,28
38,114,32,16,-95,51,124,-82,108
-120,70,46,-11,-1,-17,26,88,-80
-118,68,108,-15,-13,-28,-4,-122,82
60,100,50,-96,-94,26,84,-52,-68
20,40,66,-70,-86,31,86,-100,-70
-10,54,-126,-109,-89,-6,-106,120,36
-22,122,66,-84,-79,-5,-90,72,-126
-88,124,-104,-103,-14,117,68,-28,62
100,56,-122,-76,-9,105,-96,-62,16
90,-112,-104,11,118,41,-60,84,8
6,-108,126,51,86,46,-66,92,72
-106,-90,-28,46,-125,58,-8,-104,-54
-96,-66,16,78,123,64,40,114,-82
-22,-38,-38,-105,95,-31,-70,66,-78
88,-64,-32,-82,101,-7,-28,20,6
-4,-62,-8,18,81,1,78,78,36
4,-32,26,14,87,22,42,48,44
-106,38,92,29,-46,55,-112,72,-42
30,76,62,42,-116,75,98,82,-60
-28,-82,72,76,-9,-76,-94,38,20
-96,116,36,64,-17,-79,84,118,-6
-52,20,10,26,-68,-126,8,-100,-118
-26,42,10,-2,-82,-128,-22,-110,-98
38,90,108,-77,99,37,66,126,-64
2,92,-72,-99,90,29,44,-118,-16
-94,94,12,-77,-21,-113,22,106,122
-58,70,-28,-87,-39,-113,90,90,-70
-72,-52,-86,125,-94,32,-88,72,-28
98,-60,-80,123,-82,27,-66,86,84
100,-78,90,-39,-42,-74,-112,100,96
126,126,-126,-17,-29,-100,-60,-126,-10
-90,30,106,68,54,70,6,-78,-90
-78,-96,102,65,56,62,-10,-100,-96
20,114,8,62,-98,-37,-14,112,116
18,40,2,77,-104,-55,-42,52,64
-80,6,86,-96,3,-126,32,-64,44
-82,-30,124,-110,90,-127,76,-62,56
62,-128,24,84,-45,126,30,46,92
-6,90,-54,82,-49,109,-14,84,26
-80,-128,116,66,-64,94,60,60,74
110,-24,-70,63,-65,90,48,8,0
-62,92,-120,83,-42,85,-8,46,-120
-92,-126,90,79,-36,89,6,40,-90
76,106,-62,53,51,100,16,-96,-24
54,72,44,55,37,88,46,122,-12
42,-116,46,5,77,83,-12,-46,-64
124,-112,106,16,90,82,-28,12,-44
48,54,122,-62,-117,75,116,-68,-24
2,112,90,-59,-104,82,88,-26,-26
102,56,-34,45,-113,105,-38,56,98
90,112,-50,30,-113,108,-56,60,68
60,124,-108,-69,-75,-123,-32,-60,-116
100,-88,44,-90,-76,-121,-46,-60,-114
0,78,-124,33,-3,-47,20,38,90
4,-122,-100,-6,4,-49,12,46,90
-92,-84,-76,-60,-13,85,64,-26,42
-60,22,-54,-72,-22,101,8,22,-20
34,-42,-22,2,113,17,112,-52,18
4,-14,-64,-9,105,31,38,-62,-16
-4,24,12,45,-17,-110,28,-56,16
38,46,-8,55,-18,-98,24,-16,6
96,36,70,-36,-112,99,-68,-10,96
108,60,-82,-21,-92,100,-46,-38,124
-42,46,124,21,34,37,94,-104,-116
-92,102,92,4,88,10,92,114,118
-122,64,-38,25,42,84,94,120,-46
88,50,0,-30,100,84,-128,54,4
30,86,90,-72,0,-118,-100,-100,46
96,-10,116,5,-33,-86,22,124,82
32,36,-54,-126,-125,78,90,82,-84
88,46,50,-77,87,-100,-76,-76,-110
46,-56,60,38,-2,-104,90,-46,-24
-78,-120,-8,-44,45,126,124,52,-70
-62,-80,26,56,-125,24,-32,-42,-36
-92,126,24,96,-121,-8,-90,-14,124
-100,-32,92,-75,-61,51,82,50,-38
-32,4,14,-44,15,14,74,-48,-56
28,84,-4,-15,48,59,-76,-4,-52
-4,30,68,-14,14,45,-22,-28,16
94,62,-60,20,74,-5,100,-2,-116
-8,96,110,24,43,-16,-52,-46,114
-72,96,-22,7,-85,30,114,8,56
4,84,-58,11,-115,39,-112,2,-8
126,-56,80,97,-111,-94,26,98,62
-112,42,78,105,79,-82,96,-120,104
52,34,-78,115,-14,-116,8,14,-116
-70,68,-58,85,-64,-101,-20,66,104
-66,-122,64,118,-30,8,62,-18,-4
-64,-82,58,93,-49,27,46,-54,14
-12,-10,-30,55,-83,-63,-46,-70,-92
70,42,60,17,-100,-52,-46,-68,-24
76,-112,72,79,86,-47,36,-50,124
80,-76,100,-106,60,-47,14,-30,-114
-114,60,24,-19,10,-93,-114,48,-60
8,8,38,-15,12,-102,-28,120,-68
-108,-80,-52,-5,-49,-68,62,10,88
-50,20,-116,-21,-49,-64,74,-76,100
58,88,24,65,49,96,-68,2,104
6,88,66,81,29,107,-68,-12,108
-24,40,42,-77,116,91,66,76,16
92,66,4,-79,73,76,30,58,24
54,92,-10,51,64,-4,-68,-72,-94
56,78,12,74,49,-5,-62,-78,-70
-110,-112,36,116,81,30,-16,-46,48
-124,84,78,100,93,40,-44,74,12
52,12,-58,-7,76,-104,-100,-32,126
42,-126,16,-40,82,-108,108,-4,30
-22,-16,0,75,-21,-36,-116,84,66
-44,62,40,52,-33,-29,26,-116,90
4,96,-38,-70,-53,25,78,20,-86
114,-110,50,-73,-41,23,106,72,68
-110,48,14,123,-16,19,88,94,-118
-80,38,28,121,-26,16,102,120,118
114,-116,30,-81,61,7,70,-26,22
108,-92,-8,-78,82,4,58,26,58
-116,108,86,-102,-68,-45,68,8,36
4,76,-46,-115,-44,-45,64,-66,36
-66,-78,102,71,26,-40,-42,-60,60
-30,-62,14,58,38,-31,16,-108,-76
-24,-126,104,-83,123,-58,94,88,-52
24,-68,112,-93,-123,-56,-106,114,0
26,62,-124,35,119,-61,102,26,-42
-30,52,-112,23,-124,-71,70,54,-82
-30,118,88,23,106,-91,-74,76,10
-100,20,86,19,-127,-90,-76,58,-12
-76,52,-108,-109,12,-115,24,-82,-74
-78,56,-102,-91,22,-121,34,-108,-56
122,120,44,15,126,75,-28,-118,-22
62,90,46,44,-116,69,-20,-120,84
-96,-20,22,13,-43,9,80,-88,60
46,-12,120,20,-40,5,34,-102,-122
-62,58,114,-105,-41,-71,-28,-96,-84
-86,82,112,-100,-40,-77,28,-96,-30
-76,6,94,93,-68,-62,-116,-56,-30
-48,16,66,109,-75,-41,-90,-6,-26
-2,8,-94,71,120,48,-58,50,-62
92,22,-88,83,105,65,-70,120,-88
110,38,-92,1,-49,-97,14,-44,-100
124,42,-114,15,-66,-95,-8,-34,94
-60,40,86,22,2,-10,62,52,-60
38,66,96,45,-21,3,2,62,-4
-100,80,-104,-81,22,62,-20,-12,40
12,-114,126,-45,15,61,58,8,112
58,-74,22,71,-64,70,-36,-26,-36
34,-58,24,102,-107,75,-56,42,-80
-24,46,-58,-96,-96,-109,86,-94,114
70,-122,-52,-74,121,-116,-90,16,8
-52,14,-42,-16,-36,-17,-24,14,-58
-76,4,112,10,-57,-8,-8,-18,-52
94,-50,-122,-8,6,43,-114,-50,-48
78,-104,-42,8,-1,34,6,-34,74
-40,62,-82,-15,-114,-108,114,34,82
-128,8,40,-14,-114,126,64,92,94
-36,110,-102,6,-104,-98,32,72,-100
50,126,102,-9,-87,-122,80,92,-6
40,116,120,-22,-33,122,-26,-22,10
92,68,126,-70,-37,98,0,2,-58
120,-56,-84,86,69,-5,-88,26,-36
100,-104,-52,50,86,-33,-120,-8,-114
112,-26,36,-32,-65,-36,18,-40,20
-114,-54,86,-76,-69,-44,22,-64,70
-124,-42,10,37,-60,79,-58,-92,-40
-126,-74,6,-18,-36,95,-62,-76,102
42,62,88,-19,92,-11,-74,44,112
-46,44,14,-47,108,-7,-50,32,-6
-70,-24,100,92,-68,106,0,110,-112
-16,14,116,105,-36,115,-36,-114,-122
-104,24,92,-70,103,27,24,108,126
-118,6,44,-74,-86,12,2,66,-114
30,54,112,30,-49,102,-48,106,122
-102,98,-62,51,-21,70,10,8,-124
70,-18,-92,92,2,124,-54,122,-8
-94,20,-14,106,17,117,-60,118,-46
-92,-28,-86,-125,-30,-31,30,-72,-98
-24,-26,-50,-107,-28,-51,88,-52,88
98,-32,-86,35,36,120,32,-126,-10
-12,12,2,50,32,109,54,112,20
66,4,32,91,-73,1,68,-66,-90
106,-40,14,99,-64,-8,54,-76,56
12,-30,-100,-107,-121,-33,-20,58,-122
46,-10,-52,-98,-121,-40,-18,50,-18
8,-30,42,-76,-75,-72,22,-16,-128
58,-44,-84,-88,-64,-66,46,-72,28
-4,-30,-40,47,49,-76,94,-6,98
-92,-128,74,31,72,-71,98,-48,98
30,0,-54,-64,36,-71,124,82,6
-106,54,-28,-105,52,-67,-100,30,-50
-34,118,-94,21,125,84,-122,100,12
94,108,-52,29,118,73,88,112,2
70,88,6,-49,-44,-45,-58,16,102
16,70,-32,-72,-33,-40,-100,14,114
-12,34,50,-28,-104,11,-100,64,112
30,102,84,-54,-121,13,-128,10,-102
90,60,-90,92,79,40,-22,-14,-110
-14,58,-66,96,75,50,-40,16,100
-22,86,104,-79,122,-104,16,88,-100
-12,-116,42,-89,98,-103,-80,54,98
-98,122,96,-128,43,-95,70,78,-104
-116,-66,108,125,6,-110,-24,84,-114
48,-42,20,117,117,114,-100,126,-8
96,-48,-58,96,90,102,-72,82,-42
-34,-44,14,-63,-40,124,64,34,-20
26,2,50,-47,-13,118,50,62,-30
90,82,88,92,-25,93,82,40,-14
-84,104,-68,97,-37,83,68,42,32
-94,-14,-18,15,31,38,44,4,-80
-26,-2,-52,38,25,29,-18,14,-100
80,64,-24,-1,36,21,-70,-110,-30
44,80,-82,28,43,16,-36,-122,-8
-12,-102,66,42,-41,40,-58,-18,10
42,-120,116,48,-68,30,12,0,14
18,102,56,-25,-50,47,70,54,-38
34,110,112,-26,-73,40,70,66,-14
66,-68,50,-51,-80,25,-30,-122,-58
16,-78,36,-38,-107,29,-12,102,-48
-110,-44,-68,-61,-36,-38,-120,54,-8
-68,-62,48,-36,-47,-44,68,70,-32
2,36,120,-122,-99,-113,-98,126,-78
-116,66,108,-105,-103,-114,-78,104,-100
-46,-78,-44,-24,42,-74,100,44,14
-26,-28,84,-17,22,-71,68,-4,48
34,-114,104,122,-127,81,82,-122,-100
-6,-80,100,127,79,87,-110,94,106
-58,40,98,-96,-21,-26,-48,32,18
-56,96,-116,-91,-59,-18,-6,48,-70
-94,-4,126,-70,-77,71,4,-98,-56
-14,2,102,117,103,71,-26,-32,-76
104,-10,-42,114,32,-30,70,-10,-114
-6,-38,-64,72,5,-40,16,56,-110
-128,-68,-82,-52,71,-5,82,-38,-128
-104,114,-8,-76,115,-14,46,-66,-102
-32,60,-16,-60,53,80,-56,4,-88
84,42,14,-34,115,79,-78,26,-112
22,-24,52,-28,-96,18,-66,-22,14
4,-28,-18,-8,-54,15,-118,-20,-72
-86,108,16,-70,60,-46,126,44,76
-4,98,-60,-55,105,-51,-124,32,-104
-28,86,40,-85,56,115,-116,90,14
-92,54,-116,-74,112,96,88,70,-40
-4,-14,16,-9,61,126,-120,-84,88
-82,-48,18,-28,25,109,18,-62,100
102,-126,48,66,-44,-21,-78,-36,124
90,60,96,-54,-48,-81,-46,-30,-72
-40,-34,124,-18,85,117,-110,-92,82
-120,-34,78,56,123,90,56,-4,124
-2,-28,110,-18,-30,-122,-2,30,-32
-36,-26,102,-116,-31,109,62,-58,-118
-118,-12,-32,-10,96,-39,46,-88,116
-126,14,-78,-22,74,-30,-90,126,102
98,-84,-50,121,-12,85,32,100,-96
-70,-32,-48,51,1,-127,114,112,-38
36,10,-54,-2,-10,-87,-120,-48,68
58,46,-10,-91,17,-35,-56,-48,-100
-128,-48,-40,-124,78,-35,-88,70,70
18,-74,-106,83,112,6,-78,104,32
-6,-36,-116,17,96,10,-16,-46,40
40,-52,98,-38,126,50,-62,0,-32
58,-74,62,48,83,-105,68,-84,-46
78,8,26,31,-118,-89,90,-36,-66
84,-48,72,38,-55,86,118,-26,10
-40,-24,-104,22,-27,68,86,-74,-84
8,52,94,73,83,42,-102,-68,-14
-28,20,112,96,83,19,82,18,-22
86,112,110,37,2,-22,-56,40,-22
-118,102,106,104,-34,-49,-46,46,-26
-32,-120,96,-11,-6,-57,72,-126,-24
42,100,96,-5,-24,-65,78,48,-24
60,82,-36,62,-9,65,-32,-32,38
-4,40,-58,52,-51,56,-76,-64,86
-126,68,26,-10,113,116,80,-70,-98
-92,84,22,37,96,-122,82,-110,-38
-74,34,-70,109,113,-23,-112,106,46
-44,8,-114,-125,99,-19,-112,66,112
18,-108,-104,36,-85,82,108,68,126
-68,-86,-116,53,-76,93,-98,-38,-126
-110,96,-122,-111,-103,-52,78,82,-74
-28,100,22,-102,-80,-53,40,86,-56
-30,94,44,-56,101,52,-8,62,-6
96,82,66,-60,113,60,56,90,14
-126,18,-110,92,-31,-71,-88,-24,16
118,22,76,68,-29,-59,-128,-2,-128
34,-48,112,-87,-7,12,24,14,-16
62,-2,-128,-98,-21,19,56,-2,-22
42,46,100,97,-7,32,-62,-36,44
76,54,40,89,-2,21,-36,-62,36
38,-62,-120,117,55,16,118,-16,-126
102,-12,70,115,62,9,104,-84,52
-126,-42,-90,91,-128,22,-86,-70,-58
-122,108,104,94,-124,40,-58,-100,-128
32,22,16,109,-120,108,-62,20,102
90,116,46,118,-115,105,112,-28,84
64,52,-80,-103,-3,-115,-98,58,-70
-14,74,-28,-96,-2,-101,-96,52,100
-124,-20,38,-96,66,114,10,124,-50
-96,-66,0,-105,80,103,-34,62,120
14,100,-2,-43,-56,23,-26,-60,36
116,90,8,-31,-41,15,6,-76,-2
38,-68,38,24,-126,-48,-42,76,-16
44,-116,-12,35,-114,-52,-44,46,-12
110,98,-52,18,0,-105,-76,-8,-80
98,70,4,11,16,-104,-14,-24,-60
-22,-108,2,-120,7,125,-70,118,6
56,-24,56,118,3,122,-82,-108,-56
36,28,88,-20,-37,-127,30,50,122
-18,10,46,-16,-46,126,98,50,64
-28,84,98,-94,-15,-104,62,-40,-24
30,58,116,-104,-8,-106,14,-82,-22
-78,104,-110,37,50,-89,26,44,-106
68,92,-90,23,58,-91,-14,36,-100
-102,96,106,-82,-112,118,30,-98,30
106,86,-108,-84,-116,121,-12,-82,46
108,-122,106,90,-17,70,-78,-28,118
90,-94,54,74,-8,66,-92,24,72
-46,-34,92,-20,115,42,-12,-120,-102
-68,-24,-96,-21,-123,35,-30,76,-54
92,-78,2,-15,97,25,-34,74,86
-16,8,44,-5,108,26,-62,106,104
-126,-88,62,-32,-54,-14,94,-104,-124
54,-78,-124,-32,-16,-33,38,-64,-94
-96,42,40,29,-29,43,70,-12,84
-84,64,96,6,-25,25,-50,-8,32
12,-36,-126,-124,46,88,58,12,-114
-102,-44,58,104,-2,83,12,72,-112
-122,16,100,113,11,101,62,6,4
-98,54,-114,-122,0,94,124,14,-14
28,-68,76,54,102,-72,-50,-124,8
124,-24,64,84,120,-69,-50,-94,-16
100,20,-122,66,104,-99,78,20,-102
2,18,88,84,-113,-118,86,106,-42
-10,110,-20,102,-101,-102,58,-126,60
48,92,-70,-126,-78,125,-126,-126,-28
-28,2,124,0,-88,-55,92,92,-120
-120,42,90,50,117,-72,108,98,-74
50,18,52,-95,15,-112,-66,104,-24
12,10,8,-57,-12,-123,-50,124,-54
-2,108,-124,-44,-30,45,-58,56,38
-34,-70,82,-12,-58,79,-12,60,54
62,-62,120,-98,77,1,66,98,-36
-66,-52,120,-90,67,30,36,72,-84
-88,104,8,-86,16,96,-94,4,108
-44,110,50,-80,-13,123,124,30,92
48,-84,-46,-91,75,-15,114,-40,-48
-18,-112,-46,-113,65,-12,80,-36,-30
-116,36,94,57,23,-13,122,-122,-88
102,42,82,37,36,-16,-90,-116,-30
50,72,-8,-119,56,-44,-10,74,-10
-110,-116,-28,-116,66,-56,14,106,-78
124,34,-52,21,64,-113,-86,-88,-72
114,-128,-22,30,66,-128,-42,-116,-68
-122,-86,72,37,52,45,-60,-12,-98
-4,-74,74,31,53,42,-44,-10,-98
-40,14,-118,-95,-21,-57,-104,44,-108
8,30,88,-96,-34,-66,-128,44,-106
26,-72,66,-47,-103,112,52,-106,22
18,-100,84,-39,-99,125,46,-96,30
98,-94,-126,-103,92,102,100,-52,56
-82,106,96,-111,84,112,-122,-120,98
54,-70,100,-107,4,121,-52,98,-74
-24,-50,50,-100,-11,116,-62,126,-118
82,-68,-126,-49,-63,-108,6,72,-66
6,-100,116,-61,-73,-113,16,46,-92
-68,108,56,-109,108,-87,120,-104,-72
102,-90,-66,-104,96,-95,-116,-34,-44
-36,-100,-32,73,48,-64,-38,28,-116
-80,124,72,58,58,-68,-50,24,124
70,88,18,-8,-88,-49,32,-28,82
72,84,-110,-18,-66,-49,30,-6,126
-88,-84,118,73,-62,-31,122,118,100
68,-14,-128,37,-39,-35,94,-86,16
112,-52,-40,-58,117,-48,18,-84,-40
70,-36,2,-98,-121,-48,6,-44,-50
56,88,-74,-51,-25,-80,4,-22,-56
56,36,-48,-93,-12,-77,30,-28,-44
70,94,92,35,24,-91,110,-112,-60
-14,-126,10,0,35,-96,120,-62,-96
4,112,-92,51,-114,101,8,-112,-22
114,112,-58,44,-112,90,-8,-108,-100
-108,106,-24,-93,80,4,-76,42,-66
-68,120,-96,-111,82,1,102,24,-12
104,-102,-56,7,-110,-55,-88,-36,-58
-94,124,-40,-8,-98,-61,-58,2,28
44,-54,24,-104,-38,-101,126,4,-22
-2,-58,6,-109,-41,-97,110,10,-40
-68,-102,108,89,-31,-34,68,60,-122
-92,-104,44,92,-25,-29,26,4,-78
28,-78,-28,21,-82,36,-128,-28,-94
12,-108,-48,29,-78,43,-82,-34,-90
16,60,-26,-6,51,115,-56,6,-52
-38,32,-20,-5,80,-125,-34,32,-84
114,-4,-72,-7,-20,-105,88,-52,-42
58,-36,86,-54,-68,-118,100,-96,20
-38,42,84,28,-31,-54,-60,-62,120
62,0,32,12,-68,-53,-124,-14,-100
-96,26,-120,-112,106,-53,-8,-72,96
52,-28,110,-31,62,-85,36,-78,50
98,-92,-12,28,29,42,90,-4,-70
-110,-122,42,126,53,48,-108,-24,-70
92,0,-124,-42,73,-48,26,-64,-120
22,52,-88,-31,76,-50,42,-48,-110
70,40,-52,59,9,-112,-36,-126,-118
44,96,26,27,34,-95,-110,82,-78
-30,-58,108,72,57,31,40,-110,96
-114,-70,68,62,41,36,-78,-58,6
70,-64,12,-43,101,62,-58,-44,42
-122,62,-52,-64,100,51,118,-46,40
-62,102,108,42,-116,-124,84,90,114
-40,-114,-94,71,127,119,-4,88,-106
76,-96,56,-55,-74,70,116,30,22
-42,-26,-22,-36,-107,53,88,44,38
22,14,0,-37,-98,-22,92,-58,-40
-120,96,32,-48,-102,-33,122,-80,-38
-84,-14,108,-85,58,-5,-28,48,-64
-22,-36,78,-58,36,4,-6,58,-18
124,-42,-54,75,106,72,-22,-70,-14
-126,-88,-52,86,91,74,-32,-76,-58
-98,-52,20,22,114,-105,-58,-86,-116
-56,-80,28,36,110,-106,-96,-76,58
92,126,-44,-62,-21,-62,-48,-34,-32
20,114,-96,-39,-30,-41,24,32,-102
-70,74,-18,-27,-63,-30,12,98,-74
-66,64,-8,-3,-61,-39,66,56,-90
22,-36,92,4,-89,-96,-118,32,-94
-26,-12,-98,17,-93,-99,-66,18,-58
-106,-122,68,127,93,-124,-110,84,-98
60,98,-4,-128,94,-118,-22,-4,44
48,-104,28,-92,4,-86,2,102,18
-38,-108,104,-82,4,-76,52,70,68
40,-114,56,-124,-21,-16,-14,120,44
2,100,42,118,-30,-9,-8,118,44
0,104,96,2,-74,62,124,124,82
0,70,18,-6,-65,62,-126,-114,12
-126,-52,-42,93,-59,109,52,102,60
52,-54,-66,65,-63,105,36,86,20
-80,70,-72,-106,53,100,-102,52,-86
-64,-112,-46,-117,71,100,-108,-4,72
104,-106,88,48,68,126,-72,-2,-86
-124,-94,82,51,101,-121,-74,-44,-64
-8,16,56,-96,58,-82,-44,6,-18
-66,76,28,-119,64,-83,118,-94,-46
-64,-56,-84,95,-10,-13,-72,-88,84
-34,-18,-38,96,2,6,-74,-70,14
104,-40,-38,114,112,20,22,-100,-26
-100,-34,-10,112,-128,21,20,122,-28
-96,58,38,-97,-35,9,4,108,-18
-86,-38,20,-92,-22,-12,44,116,88
28,-108,-84,102,-113,-4,-74,-12,50
14,-72,76,101,-83,-5,-126,-6,84
22,92,-72,-108,108,32,12,70,-64
-82,36,-128,-94,-119,33,-42,-120,62
-28,-2,36,24,93,36,116,-18,70
-56,40,58,37,113,32,116,10,116
-80,44,26,-20,-13,23,6,26,112
124,52,46,-7,-12,25,-50,38,-62
-32,-20,-82,37,-8,79,-48,22,-106
-68,-30,-84,57,-5,85,6,10,-66
-108,76,-64,-100,5,-91,46,86,-26
-40,84,-18,-72,15,-88,34,110,-24
30,-10,-82,-86,4,-39,-70,-46,-44
-46,0,94,-72,14,-35,-108,-100,80
108,72,54,28,81,18,-42,-18,98
-112,18,-22,28,68,6,-22,52,108
-104,102,56,25,99,27,-40,-76,54
-76,-118,22,27,101,24,-34,16,64
-76,14,-80,113,109,27,-104,-106,44
-84,18,-82,121,108,29,-114,-94,-32
82,52,-72,-92,14,17,32,68,-2
-126,74,-38,-90,14,28,48,-4,30
28,84,-10,-12,-60,63,98,38,-10
50,-122,4,-4,-61,66,72,64,-22
-112,-34,116,48,-91,115,-120,-22,-94
-120,4,-56,41,-94,119,-112,-46,-56
52,-38,-100,-128,100,-89,8,12,98
72,66,-114,-122,83,-68,4,40,54
-96,62,88,73,-42,-32,-40,-126,114
-124,56,36,97,-58,-26,-26,120,38
18,14,84,-63,-25,28,-26,-100,96
56,-36,72,-54,-50,15,4,-120,100
120,-120,8,45,-113,35,-30,24,60
10,-128,6,46,114,37,-40,80,54
54,82,44,-117,-88,35,-74,-76,-110
-18,52,74,126,120,40,124,40,-112
-128,-102,-34,69,-42,-96,-24,18,-88
8,-120,40,58,-64,-86,-8,80,110
28,10,18,-14,101,-10,68,-124,-66
-110,-34,12,-2,93,12,18,-120,-60
68,96,88,0,111,25,94,-34,86
14,-128,114,-5,104,20,-120,56,-22
-86,66,-44,-37,-108,19,-110,126,64
30,58,116,-30,-82,10,-120,-118,96
-88,102,88,-56,-46,-75,100,-104,-8
114,-14,96,-46,-6,-76,-114,-100,66
-116,-126,-52,13,-116,121,-124,100,120
-88,82,50,14,-75,110,-108,-128,-128
90,-18,124,-115,95,124,-36,-88,80
-106,-40,100,-106,91,-119,-94,-122,-72
72,104,-46,-68,124,91,-68,42,22
-94,44,-46,-111,125,127,-64,-28,40
16,-24,62,-29,10,2,30,-48,20
56,-30,90,-92,1,19,-42,-68,18
-20,-36,-94,98,124,19,90,-116,8
38,-16,-100,98,116,21,-10,72,-38
18,-108,-66,-19,64,82,26,-118,-110
96,72,-90,-21,87,72,80,-96,-84
52,50,-106,-24,-93,8,-6,-2,48
22,30,-66,-14,-61,-5,96,-38,-76
60,104,46,-22,115,90,38,-56,-26
-38,82,-20,-39,-126,85,104,-14,-38
112,-106,-34,112,72,-94,-120,-30,32
60,108,20,112,71,-115,-70,-6,-32
96,2,-48,6,-100,60,80,0,-48
104,-42,8,39,-94,49,102,-74,-54
-114,-54,78,41,-47,-44,-38,-114,16
100,-56,-114,53,-46,-52,-98,102,-16
-12,30,-126,53,-35,52,122,-90,66
-62,16,-76,37,-44,37,-60,78,100
76,34,-102,-98,-89,-12,-116,-114,60
108,-36,108,-119,-86,-11,-122,-94,66
44,124,-22,2,-102,3,12,98,66
22,26,-48,-11,-102,-2,14,102,20
-64,-66,12,101,29,53,20,40,96
-118,-110,-58,88,47,55,18,42,48
82,-26,48,126,112,108,10,-74,126
94,-30,92,120,115,116,-4,-84,-58
44,-2,-128,44,119,-103,24,2,-92
32,22,84,42,-111,-89,-82,8,-96
96,68,28,-26,-7,-124,86,62,110
-46,-126,32,-38,3,124,66,52,-84
-44,80,84,-120,104,-9,2,122,88
-100,90,-100,-119,125,-33,-66,82,-120
74,0,-90,-108,-68,102,-42,84,-128
82,-102,-26,-114,-57,99,-34,24,-116
46,74,122,-116,-47,-40,64,96,-22
66,76,-80,-122,-51,-52,-6,80,-38
108,72,-106,-101,-34,74,18,-26,118
28,122,-98,-103,-45,51,-50,-50,-98
-128,84,92,-87,-15,76,78,116,18
-52,-30,-62,-66,2,49,-108,82,8
-98,100,24,86,24,83,10,88,0
-22,-74,-110,113,21,65,26,104,-20
-98,-44,70,53,-4,-106,48,64,60
-92,4,0,67,-18,-119,2,28,56
12,100,46,-41,-88,56,-46,108,30
58,82,-126,-34,-90,43,-12,80,-126
74,100,-118,47,90,64,-64,-56,88
-14,-96,-18,115,92,100,-52,-36,106
-26,-22,60,-105,46,-42,76,64,-66
-74,-32,2,-89,46,-63,112,46,14
-6,-20,-112,36,-87,-80,122,80,-66
-108,46,116,34,104,-107,-126,80,106
-102,6,72,-69,53,-127,-26,36,12
-18,-80,-18,-51,21,-122,-10,28,-48
108,-104,72,-54,-83,-113,-84,102,-12
-76,-14,60,-38,-113,-125,-34,98,-38
-78,56,-122,81,75,71,118,16,30
126,78,-100,84,55,66,92,8,62
48,110,72,122,125,50,-10,46,122
-42,-28,82,117,123,56,-44,48,50
-16,-126,-26,10,-109,65,76,-40,56
18,-126,-68,-48,107,66,-24,-6,34
-42,-74,-104,18,-20,-36,-28,-18,-6
-26,108,-88,9,-27,-49,-122,72,14
84,2,-28,2,-21,-21,72,-74,-60
104,44,-82,1,0,-34,118,-72,-86
68,-94,126,-63,43,33,110,6,58
120,-30,-86,-25,70,31,-102,112,48
18,104,-44,3,120,100,34,90,-20
58,-120,-68,67,-97,106,90,54,-52
-104,60,36,-119,35,-95,92,-86,64
0,44,-42,-84,112,-111,126,-74,14
-14,98,-4,49,68,-19,12,78,-126
-62,28,-62,-65,26,-29,2,96,-16
-108,86,64,114,81,19,-102,-30,-14
-8,34,-4,122,74,8,96,16,-66
-102,-84,24,-73,54,9,98,-44,-92
-52,56,-86,18,33,-47,78,-80,-80
-32,64,80,-81,-20,32,-18,46,-98
-66,118,64,97,-71,40,18,-12,-104
-100,112,-60,-73,49,-67,68,-32,110
-76,-66,-34,-120,36,-39,-44,-40,-120
88,100,62,-73,-70,13,-4,-106,8
-98,-78,44,-73,-67,39,2,124,2
-2,-52,-62,-93,-23,-39,-96,-106,-100
102,-80,-58,111,-8,21,-56,-80,-124
-110,-20,-116,68,-47,114,124,78,94
-126,-56,68,121,-22,-100,86,88,-10
30,-28,46,52,1,-74,48,-104,76
82,0,18,18,23,-40,30,-72,-12
106,-8,8,119,-25,75,40,-96,-48
126,18,52,101,7,95,58,-6,-38
-40,-58,120,-30,38,18,88,110,-112
-8,-48,-112,-39,55,28,40,98,-112
40,-18,-66,1,-83,5,-52,108,-54
-70,20,-4,22,-38,-6,18,122,-20
4,-102,-108,26,-70,-126,-52,-64,80
16,-124,92,56,-49,105,-116,120,102
-58,-118,-68,-106,76,-58,-112,-8,18
-14,-128,-12,-68,93,-74,-76,-6,60
-22,-108,-24,-27,-113,-8,-76,26,-12
-118,72,-24,-7,121,-28,122,-28,-28
-12,54,0,-93,-104,-117,24,-72,124
-52,-8,40,-74,-117,-113,-48,-16,-90
-26,90,108,-87,-107,-54,-66,98,28
-88,34,-128,-62,93,-45,-24,72,-26
-98,-106,-24,-55,-52,-4,-80,108,2
-68,-126,-38,-49,-43,-12,118,110,-26
4,-2,-82,47,-29,-46,-46,16,24
30,36,-100,61,-63,-48,-6,36,-36
-60,-70,34,121,111,-47,76,8,82
52,-12,50,116,118,-56,106,14,122
-58,-22,-94,11,95,-18,-72,62,120
-32,-22,28,-36,-6,-2,-114,36,50
46,22,12,-90,29,120,-54,-122,24
76,-120,-26,-82,24,121,-118,-70,96
-122,-10,12,62,32,-18,-98,-38,-14
-92,-50,-88,58,28,-13,-102,-74,62
38,0,110,-118,93,113,108,-62,58
-78,-16,76,-123,89,113,100,6,-34
-10,-2,90,-15,87,-85,-22,-128,-52
-16,-64,-22,-25,91,-84,26,106,30
10,76,-2,-122,12,-91,4,-88,-20
72,74,-90,119,9,-70,16,-68,-118
14,-90,-94,-3,126,-97,108,-80,-40
-20,116,-72,-22,121,-94,116,-66,-32
32,-58,-112,-112,-37,-58,-92,-118,-84
2,-90,-30,-118,-45,-53,-58,-76,-92
106,-46,52,98,114,32,-82,-82,-14
96,-98,82,98,113,36,-36,122,8
-64,76,68,-106,102,-117,42,122,16
104,20,92,-113,109,-115,12,-122,-4
-112,124,-12,-106,-104,-90,-98,10,-124
-36,-106,52,-108,-104,-68,-110,0,110
-4,94,-14,-108,-60,-100,-122,-114,22
-66,126,-32,-104,-53,-103,-110,126,42
42,-112,-62,118,-20,-81,22,-74,16
58,-116,18,115,-24,-71,100,-44,48
118,-40,-122,118,16,-5,38,96,-24
-72,-32,-126,110,24,5,48,126,14
68,-24,-60,100,82,105,18,106,4
42,20,-100,104,86,126,24,104,-20
-6,76,-90,117,-68,-24,102,14,44
54,108,-60,122,-53,-17,92,38,2
-112,90,-106,-67,65,108,-70,120,104
-76,126,118,-47,78,115,2,-124,-100
68,122,32,73,-89,-76,80,-48,22
48,34,32,81,-93,-68,60,-102,-54
70,-10,114,74,-12,-59,74,56,-22
-114,48,84,66,-17,-59,38,46,74
98,-72,-76,-38,61,-51,-94,106,-94
-2,-76,-12,-45,62,-50,-86,28,-110
-44,98,-62,119,-76,-22,-4,-78,114
-54,102,-74,109,-60,-32,-62,-122,-88
-8,-82,44,-56,-118,31,-112,-76,94
-24,110,42,-79,-57,37,-102,-52,82
-126,40,-58,84,-77,-93,102,90,38
22,-88,-90,78,-52,-94,62,88,22
42,-26,-110,16,-67,-14,-106,40,96
90,-56,-122,15,-51,-10,86,34,-90
-64,38,-58,23,61,-21,78,68,-30
96,40,-26,22,82,-19,16,48,-48
24,-76,-4,-67,-19,92,2,-124,-100
4,-114,-28,-75,-57,69,-22,122,-76
-102,12,-98,84,-2,116,36,106,4
64,42,68,97,-43,103,-100,110,22
-114,56,118,-75,57,11,104,-24,-16
-72,22,-14,-74,64,-12,86,-34,2
-30,-66,-98,-47,57,53,56,108,8
68,-52,118,7,63,25,38,86,56
4,54,66,-21,-57,126,34,-30,50
-24,52,-92,-22,-38,70,26,-10,-38
-38,-82,118,69,-43,100,30,-118,14
38,-74,-54,87,9,55,58,118,-40
14,124,68,-105,-77,7,10,64,-64
96,-22,118,-110,-94,2,-2,62,-78
-120,102,-92,-77,-100,38,-72,-94,12
-68,-106,-34,-28,-121,50,-48,-106,-58
0,96,-80,4,-10,127,-30,-40,8
126,114,-58,33,-12,-87,80,-12,-62
60,-102,-122,-45,-74,17,0,-10,-100
54,-94,110,-49,-100,42,-14,50,-92
42,76,-66,-77,126,-93,102,46,-64
36,-122,-98,-92,121,-71,96,68,-4
-118,-84,98,91,1,-57,44,-34,-38
110,-120,82,81,-9,-43,-6,-10,18
-128,-58,-20,-16,-19,-13,-52,66,-20
80,-72,-30,-16,-29,-21,-82,102,-2
86,-4,-122,-66,-121,-123,90,-24,30
-88,50,-120,-64,127,118,116,-18,-6
-102,116,-26,29,-94,-35,-58,122,-42
82,118,64,26,-98,-58,30,110,6
52,50,124,29,-73,63,84,-34,28
92,48,-126,42,-87,52,80,-116,54
-92,10,-96,10,1,114,-30,82,-48
112,-12,-72,8,-13,90,-14,114,-122
-50,-26,2,18,60,-31,28,-44,-16
6,38,-4,25,74,-41,62,-48,-58
60,12,24,88,75,-128,-120,58,36
-70,10,12,85,82,123,112,72,94
-90,114,122,106,33,58,-98,112,82
110,44,110,103,31,64,126,-124,10
90,16,-24,106,-103,61,88,-78,62
-114,84,24,102,-124,52,116,-74,50
-38,-4,-96,53,-47,64,94,102,-78
18,-12,-86,31,-55,61,74,80,-16
-126,10,-48,-124,77,64,50,24,-14
-76,-46,-46,99,70,58,34,-108,-68
-24,-64,56,95,38,20,24,-46,6
22,-14,12,86,36,-2,4,18,-16
58,30,12,122,-122,-33,-100,-124,-10
36,48,18,94,-106,-36,-12,-66,-14
-68,32,108,114,-29,-68,114,8,-4
-24,-120,92,95,-21,-68,-98,-18,-28
-90,98,90,-126,77,-49,-126,72,-80
-90,52,-126,104,83,-36,-120,56,90
-26,46,58,-38,-125,20,18,-36,110
-62,26,80,-50,-122,20,-14,4,126
40,-36,70,66,-90,19,-84,-116,122
76,82,14,55,-89,15,-70,-122,74
96,8,-92,-65,80,-1,120,32,-64
-12,34,-96,-72,100,-14,96,42,-60
88,-18,-104,86,69,-101,18,-112,84
124,-64,50,71,82,-105,-16,-88,62
-70,74,112,95,-102,125,-106,-72,-84
-98,104,120,93,-67,115,102,-124,-82
94,-62,-118,-63,-4,87,-8,-74,-106
46,-50,-66,-51,28,85,-64,-26,86
-34,-26,94,29,-14,22,-14,102,84
42,28,70,33,21,6,-64,76,118
126,124,-120,5,-50,-31,-8,-42,50
78,98,114,-8,-11,-36,-32,-86,-44
24,18,108,-52,11,2,-118,112,-118
106,10,-98,-91,67,16,110,102,94
-8,96,-118,-127,45,-51,-120,76,-2
-16,124,-122,49,65,-29,108,-118,32
-14,-74,32,-66,37,103,42,-36,112
-100,-102,-32,62,126,116,-52,68,112
4,-60,124,-36,36,-127,120,2,14
44,68,-114,36,-56,77,42,24,-56
90,-116,-54,40,-111,10,112,-36,-8
50,-82,90,-9,98,-32,-112,-64,-8
118,-106,-28,-104,81,-2,126,-24,84
-14,-82,46,-103,-49,-39,-46,-84,70
0,-106,84,-92,35,-100,76,126,42
88,-40,92,47,85,-68,-122,78,-74
18,-86,44,-49,0,67,12,90,-82
-8,-46,-82,-85,-85,104,0,96,-78
92,44,-108,59,38,33,-86,-42,-98
52,112,62,36,-28,79,-126,-50,-60
-72,44,18,-36,87,16,46,26,116
-126,76,-64,-41,-68,40,78,18,104
126,-68,96,-105,-97,123,-78,-108,74
98,32,104,-76,-116,119,-24,110,-112
-52,8,-82,4,43,-63,60,-48,100
-98,26,-126,9,50,-70,118,-112,-110
106,-18,-64,-71,-67,-100,-4,-48,-104
-74,-30,-10,-77,-74,-83,-22,-92,-68
66,22,-32,27,-89,-108,102,-4,82
-114,44,-84,36,-74,-104,-86,16,48
48,58,-110,77,-108,96,-54,-14,-22
62,30,-50,92,-99,90,-96,-60,18
4,116,-60,-128,84,-2,26,-38,114
98,120,28,121,86,-22,126,-40,-98
18,122,-60,-121,62,122,58,104,68
104,-86,-94,-110,62,115,50,90,64
6,14,110,11,55,120,-94,100,-120
-4,-28,54,11,63,121,112,92,90
58,78,122,58,-66,-58,22,32,-58
124,122,72,75,-49,-51,46,54,-94
-66,-76,84,-110,85,-30,-128,-48,-32
106,-88,68,-109,95,-33,86,-52,8
6,-100,26,-76,55,-36,-56,72,-40
18,-128,-4,-81,83,-45,-66,110,18
124,-100,-20,127,47,-62,-124,84,-74
82,-122,-46,127,73,-70,-124,76,-78
-102,72,-6,71,-19,-93,92,60,12
54,-8,-36,66,-6,-96,102,6,-66
22,-50,-82,107,-15,-101,-96,0,-74
68,-6,62,113,-13,-100,-80,12,-64
110,28,94,-28,119,83,-68,90,60
12,48,102,-14,122,93,-54,118,50
80,-60,-98,-36,80,57,110,-90,84
94,-80,-108,-21,84,75,104,-30,20
12,52,-86,-102,-89,-50,126,28,42
10,54,-58,-96,-68,-48,-106,40,108
-6,-102,122,-53,-4,11,-56,14,108
-110,-82,-118,-46,1,20,84,-74,8
102,-108,110,-79,-25,73,114,2,-122
-66,-90,-120,-85,-36,81,118,24,116
14,114,-110,-87,-120,-64,-12,-26,86
-22,-94,-90,-84,124,-54,-44,-20,124
-34,52,106,-100,-128,44,-24,72,76
66,50,-114,-100,-121,58,-56,90,-84
92,14,86,-53,78,124,90,-26,-62
-38,66,60,-56,107,118,60,24,6
-94,-12,28,-80,21,113,110,72,-68
-94,-32,88,-80,32,110,112,60,-62
90,28,-12,-125,50,88,78,32,-20
-66,42,24,-122,38,76,-80,-20,-36
-8,-4,-78,125,-112,-119,88,14,90
18,44,-16,-127,110,-121,106,6,-86
-124,-24,-16,-77,-78,2,120,-92,78
-108,-10,-64,-65,-97,25,-108,-118,10
-68,-34,-46,-1,8,-126,18,124,42
-66,-68,12,-5,-12,-117,78,100,66
6,-54,76,13,124,-49,-86,-84,-44
-22,-84,102,20,111,-49,-96,-70,16
4,-48,-106,119,-77,-13,-64,-52,-8
-8,-56,-116,122,-106,-5,12,-52,-12
-78,-102,90,-50,99,-12,52,34,66
104,120,102,-60,31,-20,42,102,6
24,96,106,-54,-121,-73,-74,-18,-128
6,10,-114,-51,95,-86,-38,4,108
2,-32,-108,52,-128,41,-14,68,-126
-18,-92,-32,59,95,31,62,74,58
-4,-34,118,40,-75,-21,6,-28,32
-100,-54,94,70,125,-22,30,30,6
-48,-48,124,24,99,13,126,0,-62
6,-124,94,19,61,16,40,-110,68
-50,34,-50,-109,112,-62,-2,-44,-88
52,0,-78,-95,92,-87,-84,18,-8
-24,102,10,77,-122,16,50,-38,-114
0,-114,58,83,-122,-38,-86,-118,2
44,-58,-2,69,-102,-76,-116,-98,122
-100,-70,-82,8,89,-106,6,-126,-108
52,-42,14,105,64,-102,120,10,-4
24,114,-96,-8,112,109,-120,6,56
-86,-12,32,-96,92,-66,-12,96,112
98,34,60,-114,-115,-57,58,-100,86
-66,46,-118,54,14,-79,-30,-76,102
-96,110,-56,-24,123,-36,-62,-28,-74
74,60,-120,-45,-36,119,48,-118,74
8,6,-56,-56,-7,-109,-120,-118,-118
-102,-32,72,-72,84,73,84,-40,124
22,-120,12,-73,-100,94,12,-8,124
32,-70,-50,111,93,-95,88,4,-76
-38,-110,-110,-119,115,-115,2,-30,20
28,-54,-100,15,82,-16,-54,-18,-64
-90,12,-102,45,114,-43,-8,-76,38
-24,-90,-78,81,-49,-107,-80,118,18
-64,-120,-6,99,-52,125,-24,90,-4
66,-106,74,-15,-96,-46,118,-68,22
-108,-124,-98,-5,-97,-68,-86,-84,110
-74,-20,-4,39,118,-90,82,-98,-118
-66,-20,28,78,97,-85,-98,-36,76
-92,114,-70,124,-18,109,-58,80,-16
-74,42,-6,-108,-43,92,-30,-66,-84
-50,-24,-58,20,-124,-54,-72,-42,-40
-30,-60,50,33,114,-64,-36,-92,32
-54,100,6,66,-85,35,32,-8,-116
2,-116,38,53,-94,37,46,-118,-28
-22,98,26,-39,-53,-40,-42,102,78
32,68,60,-46,-40,-32,-88,54,54
22,42,-18,125,-55,-95,-72,78,38
122,40,-26,111,-82,-67,-112,66,88
-48,-120,114,-27,125,60,32,56,60
-66,-8,68,-30,123,80,118,48,0
-82,104,100,57,-83,91,86,122,46
16,120,-86,19,-52,115,116,124,-24
-48,104,42,124,-100,78,-24,-98,44
-108,-74,-126,113,-83,83,-48,-96,124
-6,-16,122,-9,-26,-101,2,-106,-116
-88,-26,-104,-12,-38,-98,-38,-102,-26
-66,10,-98,-80,-25,-43,102,124,-4
-88,60,-70,-67,-52,-38,126,116,54
-18,-42,70,49,9,5,-70,-86,56
36,-100,14,26,-35,7,-66,-108,68
-104,-52,36,-8,-124,65,-26,86,-122
-36,-20,-102,9,-122,58,-2,114,-112
-12,90,32,119,-73,17,-22,-82,32
-100,84,-24,-126,-65,10,-34,96,-50
10,-10,-96,-47,17,-108,6,92,16
-2,-18,-124,-50,18,124,14,52,-28
92,-104,-100,65,68,-12,-40,80,116
-100,-116,-54,79,66,-24,-110,70,122
-24,46,-112,106,13,-107,64,-52,78
48,68,92,107,8,-117,108,-92,120
-86,20,-20,109,115,100,114,-106,84
4,38,12,103,98,99,126,-96,-78
-10,102,-42,86,-90,58,98,16,-100
-12,124,-40,73,-111,61,108,10,-114
-92,34,-128,28,-18,40,-74,-72,-18
-66,48,-88,22,-38,30,-96,-68,34
60,48,-88,3,54,39,52,-18,66
104,84,-96,-4,45,44,34,72,44
8,-14,70,-21,111,122,52,4,78
-38,52,2,-10,94,127,76,12,-102
34,96,-4,-3,67,-48,18,108,-50
-104,92,-26,-5,37,-45,80,72,-56
108,116,-76,-66,-36,8,40,-80,-62
-106,-102,-126,-50,-82,13,26,-48,-78
92,-104,-50,-70,-107,34,94,-6,90
-90,-90,-36,-84,123,28,48,38,22
12,-90,-2,11,-26,-38,70,-24,-104
24,-86,-32,-3,-61,-49,34,-20,-40
60,92,-4,-85,-78,7,-98,6,-52
-124,2,26,93,-117,-25,-124,52,-68
44,100,80,52,30,99,-112,-88,50
14,38,-72,58,47,62,114,16,2
-70,-2,78,-91,-56,22,54,120,98
-102,-4,-82,-37,-43,-2,32,92,-72
48,-76,-2,56,-31,-37,-54,-84,8
88,-16,110,114,8,-59,-58,-54,-12
104,108,30,15,-3,-29,-102,-2,4
104,88,-4,106,102,-37,-66,24,10
42,-96,104,-111,-48,45,-12,92,-64
-128,80,-110,103,63,44,-128,64,84
-74,74,-124,25,-107,72,104,126,-44
118,52,-98,11,112,84,2,-56,-66
-36,22,48,94,76,20,112,98,86
-58,62,102,24,110,-50,46,124,108
-104,-76,-128,3,-79,-118,-106,118,10
106,-24,-78,28,-3,101,-14,-2,0
-2,82,38,125,-117,63,2,116,-46
-80,40,126,108,-117,45,-122,30,-94
-64,-42,60,5,10,-87,20,54,-56
54,70,126,18,-18,-76,-18,-32,-70
-92,-10,4,-62,-61,-27,32,-116,-50
40,24,-42,-105,-90,0,-124,50,-62
82,50,84,39,52,15,-52,-90,-102
84,124,70,-42,85,73,-38,10,96
102,-12,-100,19,-62,-104,-52,54,62
66,0,-76,-52,-29,-55,-48,-126,-78
98,62,-2,119,-12,-47,-92,-110,-30
-10,32,-66,62,1,-19,-106,-68,-48
102,-70,-72,-115,6,-52,-86,-70,-30
-14,-104,126,122,2,-28,116,58,-126
94,-26,58,-108,119,-120,-100,124,-18
106,30,76,-111,-104,-124,96,-116,6
76,48,-82,-14,90,-41,62,-114,78
24,24,-128,-16,102,-73,98,-94,2
-16,12,-26,74,-36,21,-78,60,84
70,60,68,89,-34,-14,-42,66,100
-122,-52,2,81,46,-30,98,-94,70
88,-70,10,84,69,-55,50,88,114
82,-10,34,50,-119,-29,74,-8,84
92,-88,0,71,-121,-37,52,-100,122
-90,-36,-68,41,-21,38,52,62,116
-68,-50,18,75,-58,39,34,54,102
-96,-60,-84,-13,-59,-36,92,20,6
-110,-44,-96,-9,-72,-16,46,10,-58
94,-24,-54,-18,102,66,-24,68,78
82,-98,-106,-22,77,60,-50,62,50
124,-32,2,-31,80,98,56,-100,-112
-22,-8,0,-67,-44,99,52,-94,-30
24,-128,-38,-112,-63,-3,-126,-112,24
38,66,-104,-109,-46,6,-128,-78,34
114,-68,54,27,-16,-111,92,94,108
4,-10,118,5,-12,-97,120,120,38
112,26,-120,94,106,38,50,22,114
82,-62,42,72,105,42,28,4,-98
-56,-96,-58,4,19,-122,-46,-16,-78
-56,124,-126,6,21,-105,-2,-64,-116
58,-100,0,-24,-115,-80,82,24,100
10,-92,-34,-21,-119,-80,76,32,80
64,-14,54,5,126,-105,4,104,8
6,-28,90,10,120,-110,52,108,48
-80,-24,24,64,8,92,-4,-36,-102
-96,14,-42,79,-6,96,82,-58,110
84,64,-16,-99,10,66,-118,72,-120
28,54,-60,-106,-15,66,100,100,-66
-52,16,-80,4,36,115,104,-62,26
66,-32,122,17,32,121,114,-86,10
54,88,102,-103,117,-78,-104,-100,-28
52,-118,124,-95,96,-88,-96,120,-46
28,-80,120,16,8,-87,-106,38,58
-38,110,86,23,4,-90,-112,70,-2
104,94,-124,124,24,101,-104,-36,-6
-58,126,-120,-123,21,96,68,-100,4
118,-54,112,-120,60,19,-62,-56,-54
88,-24,-50,-121,63,11,-32,-74,-82
-102,-52,-98,-104,60,-17,-104,112,-88
-72,-40,50,-99,65,-26,92,54,-96
82,28,24,-126,112,-5,76,-8,-128
-84,86,46,-127,110,10,90,14,94
82,126,-2,78,-77,46,-20,110,-110
52,114,48,79,-74,52,60,100,-108
-50,-24,-14,109,-13,96,52,84,16
50,22,2,103,-7,105,70,54,26
-102,48,12,-89,36,-69,-28,6,-34
-120,-16,80,-71,44,-64,-30,16,-34
-128,126,96,-52,86,-2,92,54,80
106,58,102,-58,78,0,72,40,80
-58,104,108,-92,123,37,120,90,-112
-50,64,78,-86,-125,35,-74,116,-94
-8,58,-50,-86,33,62,-72,106,-68
-70,38,-80,-85,38,71,-86,66,-96
46,-6,-48,-120,-92,114,110,120,-32
48,38,-82,-122,-80,115,74,82,-122
-86,80,16,-45,48,-30,108,-94,52
108,22,46,-57,62,-13,20,-62,78
-32,120,-108,27,35,86,108,-86,-94
-26,86,14,37,57,89,124,-78,76
-104,-38,78,-126,-63,89,-98,-12,-22
82,-46,100,118,-34,78,-114,-52,4
-30,-84,66,51,93,-96,68,-32,14
-112,80,86,52,81,-116,16,-2,0
-44,22,-20,-8,-33,-60,-58,18,-22
-54,38,-42,-6,-77,-75,-80,12,56
-44,44,36,-92,5,-95,56,-70,-98
-42,88,52,-68,0,-95,112,-80,-46
-28,-78,-102,122,76,-50,-66,-4,44
18,-104,-102,-121,89,-65,8,46,52
-86,-24,44,56,12,93,-6,-84,82
6,18,70,92,33,77,38,-100,-50
-102,70,40,61,-34,115,72,98,30
-12,82,-2,101,-26,94,126,102,66
-38,-88,108,65,36,-12,44,44,-38
110,-82,108,95,38,-6,104,-2,-46
68,4,80,83,-78,87,-110,50,116
116,26,-24,85,-76,107,-70,38,26
-26,-38,-78,-68,-34,74,44,66,-66
-52,-36,-32,-57,-54,116,14,122,-124
-32,-48,58,82,122,-19,-8,108,-54
-56,-14,88,61,86,-5,-40,106,84
-58,110,-88,-103,-65,55,86,74,-52
94,36,122,-117,-73,50,48,-34,68
14,-6,-18,-112,-88,-104,-30,-24,104
-50,56,-8,115,-91,122,-110,78,114
-90,-10,-118,116,-121,-112,68,4,108
-102,-2,14,116,-97,-121,-122,20,-30
-96,-86,2,11,20,30,44,-92,32
-112,-56,2,2,34,21,62,-80,32
66,-46,-14,-34,-114,-1,-112,120,-28
100,-12,76,-51,-107,4,-68,96,-74
18,38,-58,-86,-60,-26,96,-40,-6
14,12,86,-94,-63,-31,112,-44,26
-34,-116,-16,-96,-55,-85,-10,124,84
78,118,-22,-98,-42,-82,22,106,98
-60,14,-14,-50,-45,85,50,2,44
-4,48,34,-48,-42,66,70,18,16
0,60,0,-33,-81,-39,-106,54,86
96,124,78,-29,-97,-47,-112,-10,68
50,-70,94,-48,102,-124,-92,-50,-76
-112,-30,84,-53,90,-118,-116,-60,-62
88,-34,-110,122,32,111,122,-46,-120
68,-48,94,114,17,110,122,-66,-52
-42,-96,-126,33,-86,67,40,120,-48
20,-8,108,19,-94,71,24,86,-8
96,32,112,-90,66,28,-118,-30,0
82,-12,-112,-93,61,28,-102,-32,4
2,-120,58,79,35,-7,-126,66,76
-20,-88,4,75,33,-13,102,-118,70
8,-98,22,-16,109,-36,-86,-44,-30
36,-32,76,-31,112,-29,-80,-22,50
34,-38,44,80,-124,-45,66,112,-22
6,-32,84,54,-121,-58,38,116,-24
60,94,110,-57,93,-99,-122,44,44
80,82,-84,-74,87,-99,68,30,34
20,-52,92,-85,99,120,-90,78,80
-92,-64,92,-83,94,116,122,100,80
-88,42,28,127,73,67,110,-100,106
-108,4,38,118,66,66,122,-44,118
96,-114,20,67,13,37,-28,18,-118
80,-74,50,58,-7,41,-58,72,108
88,-116,-34,-47,-95,-5,94,-30,-98
82,50,-6,-60,-110,-5,46,-16,-88
78,-90,-106,2,14,-58,-90,-88,-72
-82,-86,-102,-8,2,-62,114,-102,100
-66,-2,-30,-82,-79,-89,-110,-30,-60
-40,10,12,-83,-80,-94,-98,-80,-88
8,2,20,-116,-21,-86,12,-112,-34
54,30,110,-121,-2,-78,48,-60,-8
-68,-92,80,14,105,-40,82,-66,-96
0,-84,114,-2,126,-30,78,-38,-112
74,98,94,115,32,48,-34,26,-32
-126,-128,-112,90,47,38,26,46,-18
26,-2,-58,52,-93,122,18,-90,-80
126,-16,-64,52,-90,-119,36,-84,-68
-78,-100,-18,31,8,-40,-78,-16,-84
-80,-26,120,23,10,-36,-112,-12,-12
112,94,-80,-55,-114,62,8,-14,66
106,118,-126,-63,-96,85,-22,4,-40
-34,12,-68,92,-24,-53,102,50,-18
-42,36,-28,65,24,-50,-128,36,-34
120,-6,32,77,48,76,42,-48,-36
-32,-64,-44,0,6,70,-58,-32,42
34,-80,-48,64,-37,-49,-90,36,24
-124,-78,-20,37,-77,-53,-126,68,68
-54,-98,26,-19,-94,-101,78,-70,-70
90,82,58,25,-127,-109,-8,-80,-14
-28,-84,68,44,-35,-104,10,-20,-90
-32,-54,86,-120,-46,120,-22,-36,-4
38,-98,-34,95,98,-42,68,-14,20
-120,-94,-20,-98,115,-99,118,-118,-68
-60,-36,26,-42,45,-21,102,82,-104
124,-124,60,-49,-117,12,-92,56,64
-84,18,-128,-68,14,1,48,-34,24
16,-20,90,-87,-62,37,88,116,-42
-4,10,44,12,-41,75,-112,-74,-120
30,66,102,-3,-95,90,-38,38,38
24,-34,-72,51,-54,79,12,76,-92
66,-40,-92,40,-91,117,32,-120,-102
-38,114,-4,71,-51,11,-44,108,-76
-2,124,-34,50,-48,27,-66,-112,-32
48,-90,116,-46,-109,50,-104,-64,-38
0,18,40,-52,-90,74,-96,-82,94
-58,0,-108,-93,74,23,-122,42,-110
60,16,74,-103,83,25,124,38,-102
-58,-4,72,-56,57,38,-38,28,-48
104,66,0,-50,46,27,40,-126,-28
-92,-60,-128,8,-100,-97,-124,-56,84
-116,-84,-84,20,-111,-122,72,-34,-66
14,32,-68,93,-6,1,106,6,24
42,80,-106,105,-12,-35,100,-18,-20
-96,-68,-90,119,30,-119,68,108,-86
32,-32,98,111,30,-121,62,-122,96
88,82,30,98,-77,-66,82,66,-56
56,6,-80,92,-60,-64,106,60,-36
80,-32,-114,81,60,-3,-2,-110,116
-44,30,90,73,87,-3,34,-106,68
-96,-112,-14,-109,-90,13,86,-14,16
-18,60,34,-105,-81,21,100,18,100
-68,-112,-56,13,-7,27,-118,-2,18
94,-18,126,28,-3,28,116,-14,2
-56,112,62,-16,108,54,2,100,-118
-48,-114,-82,11,126,55,50,-10,-70
-114,96,64,-53,-94,74,-100,112,24
106,-30,-108,-43,-84,79,108,46,50
4,68,-52,-115,-107,123,-24,-40,-110
12,-118,-74,-96,-117,120,44,-32,94
-116,82,86,-96,-37,-109,-114,60,-92
-80,16,-34,-71,-26,-106,-78,-114,-18
-88,-44,-120,107,-99,-98,30,-58,-24
-2,102,6,116,-86,-95,18,-18,-44
12,-48,-126,51,117,-97,-46,-12,12
30,46,34,77,-118,-95,-78,-20,-2
-110,-84,-118,-127,-41,111,66,72,-62
-62,-78,-66,127,-17,99,44,56,-72
124,-110,-42,86,65,66,70,20,18
-126,92,96,88,75,72,70,32,42
60,-46,-56,8,-60,95,-28,56,82
50,2,74,-7,-47,93,-52,98,16
-128,-78,-42,-32,-81,-121,-44,-18,22
-66,-102,-100,-25,-70,-124,-22,-4,76
-56,28,32,-13,25,-106,-100,46,98
-100,24,12,-25,23,-109,116,100,-122
98,6,-108,-25,125,-121,86,2,0
-94,16,-96,-12,-124,-121,70,32,-74
-82,-46,18,-128,3,-96,-34,-88,28
106,-74,-10,-118,12,-105,-54,-72,30
14,38,-48,79,65,-85,76,4,42
24,-48,-60,91,61,-80,56,32,60
12,80,16,-33,58,-72,-108,0,-24
42,66,-42,-8,60,-72,-84,62,16
-34,32,-66,49,55,-62,-26,-102,102
86,74,-80,49,58,-63,-16,-88,-58
-38,-10,-94,79,83,-61,-50,-32,106
2,16,-84,105,81,-60,-26,12,-122
56,16,116,-17,65,17,-8,124,34
92,0,-100,-11,68,15,0,118,22
-98,30,80,93,50,94,78,-24,8
24,0,120,120,49,98,54,-42,-10
-12,-74,38,33,-93,65,-10,58,-26
42,-50,-12,58,-97,64,6,88,26
-122,64,56,2,-14,38,-54,-68,-20
-10,82,-28,21,-40,43,-50,-66,-110
22,12,-6,-72,23,56,-100,-4,96
56,18,-4,-58,13,64,80,-28,116
-44,-114,-56,36,26,117,54,10,66
-82,-82,-64,30,-16,124,64,20,48
-22,-122,-108,-100,106,-96,30,-108,20
-70,42,-52,-85,91,-88,20,-18,20
-22,116,48,55,37,-63,94,-50,66
50,122,124,68,32,-63,-86,-30,-74
104,-122,106,113,2,64,50,-88,-10
94,52,-128,82,4,77,8,-84,-78
90,-66,-30,101,82,108,-68,74,62
16,-52,-14,64,90,119,-70,-122,78
48,50,-16,-119,101,123,6,98,126
78,-2,-8,106,92,-128,-4,116,70
20,-84,100,-114,-15,102,34,-48,-82
-36,100,-82,99,-45,98,-16,-32,96
8,86,72,-77,-46,12,-72,-40,16
-4,98,36,-97,-26,14,-92,18,-2
114,2,36,-82,121,-41,122,10,2
8,-42,-4,-101,-113,-38,48,42,2
-2,-122,60,25,-126,-45,62,40,20
46,104,36,-1,-127,-44,94,74,22
62,-90,-54,-85,-76,24,66,8,-44
8,-94,106,-70,-86,31,42,28,-18
-46,-36,34,50,32,35,-120,56,26
40,-70,2,71,27,24,-58,8,-4
0,-126,-52,22,-107,-82,80,-90,-34
-124,-88,-36,41,-88,-92,94,-16,66
46,-58,64,-107,29,45,96,-30,0
100,28,116,-95,66,40,82,-68,4
-110,-36,16,-23,-48,-88,-32,-16,36
-34,-48,0,-8,-6,-101,-78,18,-18
16,-88,4,68,73,55,2,-82,2
6,110,-8,82,86,46,40,104,32
-66,28,70,-57,-11,-8,-26,-46,42
-76,-36,28,-34,-4,-13,-32,-8,14
16,-22,-32,59,-109,-23,-20,-8,112
-2,-112,-104,65,-109,-25,-32,-20,70
-12,-106,0,-76,-122,77,-36,-6,86
-88,-98,30,-77,-120,83,-16,24,24
-110,-32,-128,-116,-111,-104,-4,-30,58
-46,-60,-120,-115,-97,-90,58,-70,84
36,70,62,-42,18,-2,46,42,22
-16,42,126,-70,20,16,42,24,10
-18,-120,-44,-60,-114,-92,20,-50,116
-6,38,-74,-84,-79,-85,68,-70,116
-6,-96,-54,65,47,57,34,16,56
12,-42,-62,53,62,63,-10,54,86
70,56,-58,75,49,70,116,58,22
-66,-24,-80,41,43,69,100,54,-38
42,-116,122,-50,-77,-7,32,92,-56
20,-38,-42,-82,-93,-10,12,-128,-82
-8,62,114,-116,49,-67,-10,96,114
12,56,-124,104,18,-74,-2,68,-76
-12,62,116,-93,-42,-85,-16,90,116
82,50,-94,-108,-62,-91,0,120,84
-126,-50,8,46,-25,-106,24,108,126
-64,18,-62,50,-10,-116,58,62,98
-6,118,-126,-117,-87,52,-96,-42,2
-70,40,62,108,-68,31,74,-58,-20
-8,-74,-54,-72,70,20,-106,-54,76
106,-92,-124,-34,49,27,110,-76,56
62,-6,10,-101,27,5,-36,-116,108
-42,108,-92,-80,20,20,-96,-116,86
-120,-98,-76,120,0,-11,62,-108,58
22,-26,56,-73,29,1,14,-128,66
-76,56,-96,14,-35,14,70,-42,94
-110,114,48,17,-69,5,78,-30,60
-38,90,-88,-26,-15,14,110,-116,28
-88,64,-34,-4,-16,0,-120,-114,-14
-114,-64,58,87,37,-53,-12,118,68
-46,-56,-4,78,34,-61,6,-76,50
28,-16,-52,-79,4,101,2,-66,106
-10,28,-114,-72,-9,95,-34,-80,112
114,106,36,82,-96,60,-38,-52,84
78,-90,30,91,-97,54,-8,-72,36
-94,-56,-40,-69,18,-29,-24,76,-40
-76,-74,4,-60,-5,-25,-34,88,-72
0,34,-48,81,82,124,-42,-116,-14
-38,66,-52,102,69,123,-34,-94,-6
0,-48,34,62,-87,-7,24,-48,-32
62,-36,46,72,-95,-16,6,-18,-124
72,76,-54,-7,-31,101,-40,-12,10
34,48,-46,2,-52,76,-64,-30,0
-128,-120,120,56,-34,-64,36,22,54
12,-76,116,59,-63,-71,88,-70,20
68,90,0,52,62,64,8,124,-116
-106,-90,-26,47,51,57,36,-78,20
-38,118,-80,-38,84,-19,78,40,-58
-92,110,-48,-69,51,-24,106,36,-112
116,-48,-42,-56,-58,-86,104,34,122
118,12,-92,-125,124,-120,0,-8,-74
-122,-86,72,-64,35,-124,74,70,94
-54,-46,-26,-79,4,116,6,114,80
90,118,70,9,-38,-65,-102,118,-26
30,-116,10,56,-44,-94,108,-108,-64
-84,124,-48,67,119,-76,78,-102,72
-94,-64,-76,-122,-34,-59,42,-76,30
38,-122,-90,20,-114,79,-60,-82,56
-40,-100,64,-5,-67,31,-104,-64,-124
48,-94,-6,111,-117,67,102,-126,94
-56,112,-8,-92,-111,68,122,-120,38
-16,110,-82,-46,-28,110,88,-122,96
78,112,60,-5,-25,-115,98,-106,-38
-98,78,-120,-49,-12,-98,68,126,36
-98,54,10,-37,-39,-78,102,108,26
48,70,-28,-25,-96,79,50,-16,60
76,-94,-92,-54,121,77,34,20,38
-80,-8,-52,107,65,108,-78,54,126
-54,-20,-6,116,124,102,-118,94,116
16,-36,-6,31,-83,44,-106,26,-116
104,74,10,22,-59,71,-68,-8,-110
20,40,-78,123,22,-59,54,-6,-38
42,-82,62,97,71,-39,-80,-52,0
-60,-60,100,-118,-66,126,30,40,-30
50,48,64,115,-41,-104,102,66,34
-46,-40,94,-22,76,-35,42,-48,-24
2,36,-80,-58,63,-2,74,-28,10
58,88,36,60,-43,40,-106,60,104
88,116,-4,23,-33,57,-78,38,112
6,66,40,98,127,46,-102,-62,-50
12,-124,-64,69,-112,72,-128,-18,-64
70,-64,-46,-35,63,0,32,18,82
58,32,0,-49,70,7,16,-102,-26
38,-22,54,106,127,112,-122,102,-44
82,-46,20,106,-117,123,70,-86,-72
-62,22,-44,65,41,84,108,-110,20
-90,110,8,79,32,72,78,110,42
98,98,-102,-71,103,-17,52,36,74
-36,-120,74,-48,95,-11,38,18,20
62,-122,70,113,61,-126,72,-96,-106
118,2,-120,-128,18,116,-52,-92,-20
-82,-102,-64,-12,-17,25,26,-118,12
64,68,-116,-2,-38,11,20,76,6
-52,-34,-96,-86,45,-34,40,-116,-62
64,98,-46,-68,44,-39,32,-64,-120
124,-88,-72,106,-74,-34,-20,-116,-96
98,-102,-54,120,-83,-37,-14,-102,-92
60,54,-26,6,103,36,-94,120,-78
-106,88,70,18,103,40,-76,54,-2
-52,-58,110,114,75,-90,86,96,106
10,26,64,-127,81,-77,36,84,-118
72,-82,-52,-95,124,85,110,66,-68
0,104,-58,-102,119,99,68,98,-54
-54,-60,-106,124,120,28,90,40,-24
-32,52,-108,120,116,36,92,4,-74
12,86,-100,66,-118,-82,-10,88,114
76,86,-122,62,-110,-76,-22,24,-48
12,-76,62,98,-71,4,-10,-8,-22
-58,-30,66,105,-62,23,-44,-30,-14
88,-10,-94,-82,-26,78,96,-84,-10
-34,22,-110,-75,-21,86,-118,-54,-116
-28,14,52,62,27,-106,0,-26,-118
-6,26,-54,73,30,-115,38,-48,-52
116,14,16,-40,60,-63,68,-96,86
16,-98,-44,-35,54,-66,80,-84,72
-52,46,42,-119,-109,8,-44,82,72
-72,90,116,-102,-113,12,-62,56,16
2,28,70,121,-33,115,50,-102,-20
-110,-86,-54,-126,-33,123,6,-78,-28
-92,-46,-54,75,79,-70,-90,22,38
16,22,-90,98,97,-63,-98,0,-98
64,34,-104,-90,10,-48,-70,-100,-12
24,78,-54,-82,17,-57,-70,-78,52
-20,26,10,11,-70,-60,6,116,-4
-88,88,-110,30,-67,-58,20,104,18
98,-44,-18,-84,74,-94,58,-90,-90
64,-52,36,-78,80,-96,62,-82,120
104,-78,112,-14,-127,112,116,32,120
-68,-112,56,-11,-115,104,-128,-72,96
106,78,-46,-77,-105,78,16,-124,-110
-120,-70,-16,-72,-105,75,10,102,-52
16,-56,-126,-70,-62,87,-42,-112,-92
-30,8,108,-69,-45,90,-94,-114,-46
92,-2,-76,64,-9,-2,-78,42,58
38,26,-24,40,1,-19,-54,-4,56
-60,90,32,-58,55,-107,80,46,46
-36,-64,-48,-88,76,-121,64,38,18
-116,-112,-22,95,24,95,46,90,96
-114,-126,-8,71,34,89,-68,108,12
-56,-100,76,79,-82,10,16,-32,116
-90,-92,0,14,124,-3,-92,-22,74
-36,44,12,-103,33,89,66,64,-62
-26,64,68,112,-10,83,2,50,-38
44,-112,-70,-71,88,20,-88,48,-122
-108,108,124,-107,78,8,58,70,52
98,-20,-34,-23,91,0,-66,-68,-32
34,-46,98,-57,100,10,52,126,112
-46,-20,-66,-118,53,6,-96,-10,94
-70,22,124,-120,79,6,-38,-14,40
-98,16,-82,-12,-82,35,-40,26,6
-48,108,-68,3,-54,37,-10,22,68
110,-102,52,99,-7,11,92,50,82
48,84,30,108,9,12,94,48,54
54,-22,-96,37,37,96,10,-86,-38
76,6,96,59,17,120,-32,-100,-114
-106,52,-42,90,102,118,80,-68,70
122,84,-26,107,58,-102,74,-106,-60
-72,10,-2,42,48,-96,-96,-18,-18
-64,14,-88,47,4,-81,122,68,-30
48,-40,78,101,-53,-7,126,108,14
88,-64,68,102,-98,-13,86,-100,86
36,-46,-40,-53,-116,-127,-88,80,-2
-14,120,34,-60,126,111,106,102,-24
28,46,-120,-65,126,-105,80,54,-40
-102,-24,-90,-78,-111,-95,90,92,10
62,44,-38,45,-27,37,-38,-34,26
66,-112,36,45,-18,34,-34,10,-32
-12,28,-98,91,73,-46,104,-26,-86
-34,-40,-112,99,74,-57,-100,-14,-92
-22,72,96,-37,96,-124,10,-4,-100
-124,-30,92,-11,96,-126,64,10,-22
-92,118,56,-31,82,4,-90,110,-56
-124,-108,50,7,77,3,-72,92,-28
-120,-106,-64,57,-42,68,-58,-40,-92
-14,-98,52,100,-58,43,-26,-30,-48
-50,28,122,-117,118,121,42,38,78
122,-22,44,-94,112,117,12,12,-126
32,-116,22,51,46,-35,-82,-82,112
-26,94,16,58,42,-61,-40,-26,-100
50,-48,-20,58,52,127,-38,84,-122
40,40,-58,45,48,115,16,84,-28
8,24,90,-101,-75,51,-126,-24,74
114,-52,34,-118,-76,43,102,-114,104
40,-88,78,44,-103,79,124,22,-110
40,12,52,38,-107,88,-86,26,104
-50,106,-98,49,-127,121,50,-120,126
-84,40,-42,62,-113,-122,28,-128,-106
-84,12,-60,85,-40,120,-44,80,-84
-114,80,-66,99,-35,108,-34,-118,-52
-76,-16,4,-61,41,114,118,84,-84
8,44,50,-50,60,117,-120,104,-106
70,-72,-34,-35,-57,121,-122,-96,52
70,-6,106,-42,-50,117,116,-84,90
36,62,-128,120,58,72,18,-50,-68
86,4,-62,112,60,69,34,38,-46
52,18,-104,-91,-21,16,10,62,58
102,46,-110,-75,-20,12,-8,118,78
96,-70,-62,-50,89,-24,-92,12,118
90,-84,-46,-51,90,-32,-78,52,-100
74,126,-50,-49,115,-52,110,20,-76
-72,-74,-34,-45,126,-66,98,36,-42
56,124,-38,-36,91,-93,14,-68,50
-28,-80,-62,-40,121,-97,-22,-54,94
-62,-8,-122,-87,-96,-84,122,10,118
-58,-50,2,-96,-68,-87,96,40,98
44,108,-112,113,121,104,98,-98,-98
0,-70,-78,110,124,98,122,-80,-68
2,62,40,14,-53,24,30,-64,16
-66,46,20,-1,-41,23,8,-88,-12
-56,26,68,-23,-4,-12,110,-54,-70
-70,2,-124,-18,-4,-23,88,-72,-32
-32,-26,86,-21,81,-38,32,76,-52
30,-68,-124,-36,92,-37,60,62,-78
-14,8,124,26,-83,-49,-28,54,-66
-14,52,106,7,-74,-48,-82,82,-38
66,116,-86,85,26,12,100,22,-20
44,-64,-60,73,74,22,60,-6,42
-62,40,-62,8,-117,-43,-48,-108,76
104,-60,114,-62,-85,-43,100,-76,52
58,-54,32,35,-17,7,28,-82,-56
8,-120,96,-43,-38,7,-22,-40,-82
90,-56,70,-110,-63,-88,64,92,24
-38,-106,12,-105,-98,-86,-18,-78,82
54,-100,-48,89,87,-45,-106,-88,80
-104,-88,2,-113,59,-74,100,-84,60
-44,10,14,-88,2,-70,-32,46,-2
114,-24,-52,-51,-13,-128,54,-74,50
40,46,8,-63,-23,104,126,-48,98
-128,30,2,-37,23,110,-86,-96,40
80,-18,-80,-97,24,3,-48,112,10
-2,30,-46,-106,-55,8,0,92,-40
122,-4,68,69,53,68,90,114,72
-60,22,-4,61,23,79,82,68,-126
8,50,-102,59,38,-92,36,40,-106
102,-6,112,6,28,-90,74,24,-66
100,46,-92,-63,-68,-46,-96,-98,-126
-84,68,2,-47,-110,-38,-72,-90,-58
100,-126,-82,-72,-29,38,-90,-92,-18
82,116,-112,-31,2,48,-44,-88,-12
110,-44,-34,106,50,54,-40,72,-20
-124,16,-26,97,39,93,52,-112,-116
-92,18,-74,-114,112,18,84,56,-106
44,-10,-80,-126,92,23,62,54,-80
-72,-84,10,-70,8,108,20,-74,116
-20,-68,-62,-52,6,107,-18,-38,-2
-76,38,-116,83,-30,79,82,-48,60
62,58,-114,86,-47,70,-24,-112,76
-120,74,-124,85,-75,-19,4,38,78
126,-46,56,-107,77,-22,88,-48,-102
34,-72,124,-1,50,-82,90,-30,-84
56,-120,76,14,30,-89,-20,-16,48
86,26,0,-62,70,66,-46,-120,-98
18,-22,-122,-34,64,62,98,-4,96
-64,2,-32,-62,-11,26,-32,-40,32
-4,26,-24,-49,5,15,-24,-54,34
64,-32,-72,50,92,-5,14,110,36
-114,-28,-22,53,97,-16,28,-48,34
-98,68,-66,45,-55,-17,52,-116,126
-2,106,-4,53,-39,-22,78,-72,36
-126,-96,-54,-52,88,99,-54,-46,32
-80,-36,0,-39,103,97,2,-62,-92
-10,38,-84,-36,-38,-5,-6,98,54
-76,-52,106,-18,-31,4,22,124,24
-6,-94,100,-11,69,75,-80,122,94
106,-18,-92,4,80,83,-58,-32,94
-48,-62,-52,-80,-103,-103,126,100,-102
20,4,8,-64,-99,-108,112,60,106
-124,-28,-86,45,-24,-123,88,98,-12
-8,114,-60,36,-50,-123,68,112,48
100,-128,36,119,81,-89,24,82,46
18,-2,62,126,94,-91,16,104,42
-12,-48,-100,57,-25,-68,-114,-54,-2
-98,-30,-128,68,-2,-63,104,-102,-28
76,-14,-114,4,-121,-42,124,-36,-10
-96,-24,62,2,-113,-41,-98,-2,66
-98,60,88,-17,78,6,70,18,92
126,90,-118,-25,85,24,32,-56,100
102,34,102,-121,-31,96,10,42,114
-50,64,0,122,-38,97,28,-36,-74
-74,36,-82,109,52,-79,-52,58,32
-36,36,-124,118,53,-63,-68,52,32
30,32,-34,55,115,38,-100,-46,50
16,-46,74,34,-128,40,-128,-78,-2
52,116,-28,-93,27,93,6,-92,-34
-40,-74,-46,-103,20,96,-6,-92,-50
-96,-72,-92,5,-83,79,126,36,24
-100,8,108,-21,-77,76,92,78,22
-20,-74,-38,-47,55,98,-88,-32,92
80,-88,-8,-46,53,77,-86,-14,-102
36,66,-30,-59,47,80,-88,-110,14
-80,116,-72,-53,39,72,-100,-120,22
-14,-6,-68,9,-2,37,26,82,-106
-80,34,124,19,-10,33,12,14,-110
58,-86,92,-113,117,33,90,26,-102
82,-112,88,-109,109,35,76,-18,-94
50,84,44,-74,-112,38,-56,-112,-98
30,50,118,-73,125,34,-54,88,-56
-58,92,-74,31,-76,26,-96,-82,118
-116,120,-62,46,-97,32,-44,-82,120
-32,94,50,-4,-34,5,6,-36,28
-12,-114,82,16,-54,-12,8,22,-74
74,-48,-92,58,-38,-80,-114,48,80
-62,-112,-40,90,-54,-91,-76,0,36
-116,-42,46,-61,78,83,50,-120,90
100,-24,-26,-26,43,87,18,116,114
-80,-54,-16,-33,47,97,14,-24,124
-46,-22,-102,15,36,107,18,-2,-86
-66,-86,-54,-106,96,-127,-106,40,50
38,-112,20,-72,76,125,-76,16,-56
60,8,116,-117,-87,51,-58,-30,-2
116,98,20,-112,-116,42,58,-8,-10
-124,122,-4,-105,-66,-62,122,24,-12
66,52,-104,-119,-77,-74,120,8,-68
-128,66,118,-46,58,37,58,102,-80
-66,-92,-112,-117,45,18,70,124,-58
-66,38,-96,-69,-68,37,-20,-68,84
-28,-36,-72,-92,-50,4,46,-68,96
-78,54,96,65,-72,77,122,-6,122
-114,-6,30,40,-81,62,120,-4,52
-56,-16,-94,1,-13,-113,14,4,60
20,-84,-82,13,-27,125,-20,14,58
-90,-84,56,107,-72,55,6,-106,70
58,100,92,114,-86,70,-46,-34,-92
-114,-62,-104,23,45,-6,-124,88,-30
100,-70,-78,12,36,15,-68,-56,82
-2,-14,20,104,99,-69,34,82,-18
-46,84,-98,110,-127,-62,54,52,-18
8,88,-84,-121,-99,-45,-22,-50,-58
-68,80,-62,-126,-68,-58,18,-2,-14
-114,8,-128,52,20,103,48,-118,-86
92,78,94,45,40,107,72,28,-78
14,-128,84,-66,17,43,-2,-36,78
-82,76,36,-80,34,35,-10,14,-40
4,2,78,90,-77,42,-86,94,-68
-4,2,92,88,-60,49,-104,56,-46
-12,-32,-114,-124,78,88,-72,92,124
-2,-14,-58,-118,82,78,-80,92,-108
2,42,-26,101,-53,62,-72,100,-66
-36,60,-12,100,-38,73,-46,14,-30
32,-30,10,-99,118,114,80,-104,-46
44,18,66,-98,-119,112,-114,110,-76
-76,-18,-108,8,76,-35,-98,52,-44
-78,4,-64,-24,-123,-20,-92,68,-96
-84,118,74,-82,-101,-17,30,24,42
44,-50,22,-105,-88,-1,-14,4,126
-20,74,94,12,-46,-116,126,-84,-22
-82,96,92,-21,-46,-111,76,122,-56
54,-46,42,-77,-28,43,-112,12,-30
-80,-32,82,-109,-25,53,62,34,-8
-70,34,40,-120,-27,-117,-52,82,74
-50,64,62,117,-24,-103,-36,88,52
80,-68,78,-78,53,-44,-2,-32,46
18,-46,-82,-83,60,-44,36,12,-74
116,-66,96,-89,121,-48,-120,42,-12
122,-38,-6,-117,-126,-39,-110,78,-32
60,-70,82,127,-102,-89,96,88,-14
94,-56,44,113,-92,-92,72,86,-118
-104,-68,62,-110,-118,-124,-72,-52,-30
-114,-96,-58,-111,-114,-120,-82,-68,-22
-26,20,106,-107,-75,-76,106,-100,-54
-68,-70,-72,-103,-66,-79,62,-112,-70
74,-76,-20,-11,78,-19,-128,108,-30
-52,-112,-64,-20,99,-28,82,48,-36
-72,-10,64,-68,21,4,58,-60,-2
40,-84,-96,-44,57,1,76,-82,44
52,-74,0,-17,-118,-74,-44,116,-64
16,-78,18,16,-117,-93,0,-92,8
-98,-44,-74,119,-104,35,104,118,-40
-112,-46,12,-105,-104,16,124,82,-56
-50,-64,20,-54,109,115,-88,118,14
-36,-78,-40,-23,112,105,96,114,-58
0,-4,-92,84,-13,14,122,40,-24
8,22,112,90,-33,0,100,34,44
50,-68,-80,-86,119,-66,-24,-40,104
-100,-36,-36,-76,117,-76,-40,-68,-120
-68,-126,24,101,-30,-118,-38,104,-110
-58,44,40,111,-39,-115,-22,86,-110
-114,-96,36,52,72,-5,-26,82,70
-6,-116,24,52,50,16,-38,76,108
-60,12,94,104,93,122,62,-72,122
50,38,44,109,71,-117,60,-74,0
-12,102,20,-119,78,23,16,74,-68
-32,120,68,121,60,33,12,112,-8
-126,10,66,-110,-107,98,-18,-28,-8
-100,12,78,-110,-116,90,-20,-60,12
30,100,-122,-38,56,-120,52,120,-24
24,88,98,-25,47,-109,76,78,-20
54,-60,2,-85,78,-112,16,-2,-10
-34,-42,12,-119,29,-126,28,-6,28
-24,-36,44,41,42,-85,112,22,-34
-100,-40,124,-4,-9,-110,-116,82,-20
-60,-32,-44,-31,102,-106,-8,-98,10
56,-106,-70,-39,117,-117,-24,-84,0
50,80,-90,63,-69,-88,-116,88,-14
72,74,-50,115,-39,-83,-102,118,-88
-56,-128,54,-69,77,-107,72,112,-70
-82,102,118,6,118,-116,52,-90,0
