-16276,-32768,-8572,761,-5188,6169,-8344,220,-6224
-16276,-32768,-8572,761,-5188,6169,-8344,220,-6224
-14756,-31168,-8392,403,-4574,8315,-6992,4848,72
-14756,-31168,-8392,403,-4574,8315,-6992,4848,72
-13168,-29744,-8356,1043,-4211,9558,-5924,6948,3224
-13168,-29744,-8356,1043,-4211,9558,-5924,6948,3224
-10076,-30792,-5416,1453,1568,8176,848,6084,10284
-7628,-31404,-4712,1565,5346,6116,2440,6596,13872
-7628,-31404,-4712,1565,5346,6116,2440,6596,13872
-4632,-32280,-2628,784,172,4597,16436,-5828,14412
-3760,-31644,-3176,64,-2516,4558,23732,-10352,10876
-4260,-30252,-4380,14,-2296,3939,24696,-1216,9764
-4260,-30252,-4380,14,-2296,3939,24696,-1216,9764
-9292,-29076,-7336,-684,-2073,3438,8276,10016,-288
-9204,-32768,-4320,-1364,-2176,2729,540,14316,-3828
-3568,-32768,492,-1538,-2610,1781,-2084,11264,-696
-280,-32768,4796,-1528,-3152,767,-1860,9844,-952
5096,-32768,7692,-2110,-2842,681,644,9772,-1404
7032,-32768,9544,-2891,-2977,1466,4120,6888,-5044
8536,-32768,12276,-2952,-1921,1993,6760,6772,-5868
8728,-32768,9824,-3178,-1788,3186,8164,12548,-2480
17808,-32768,20276,-7194,-8299,5223,7676,21284,-6136
18756,-32768,17368,-12616,-29144,7258,16968,32767,1900
23232,-32768,22956,-10302,-32768,-2284,20704,32767,7736
16576,-32768,26524,5839,-32768,-6805,13772,32767,160
19868,-32768,32176,18824,-32768,-1286,5732,32767,-14400
15752,-32768,32767,-6031,-32768,80,20272,29120,-5532
15984,-32768,32767,-1399,1269,10828,32767,9400,-14828
10532,-32768,32767,12033,18109,7527,32767,22364,-12976
6100,-32768,32767,6695,6431,-1613,26916,32767,-22500
52,-32768,32767,3031,4453,-2617,26720,32767,-14332
-2512,-32768,31192,1539,6720,-3304,19816,32767,-10060
-5032,-32768,27280,-765,1915,-4361,15964,32767,-520
-5312,-32768,21536,-1876,3597,-4513,15996,32767,1116
-6872,-32768,17188,-1702,10479,-7682,12768,28312,6984
-4664,-32768,13272,-530,12069,-9877,15164,28540,7200
-3116,-32768,11540,-1161,10076,-6061,13536,32767,10232
-660,-32768,10432,-1993,4773,284,10164,28916,8972
580,-32768,9912,-1159,2812,4472,17548,27012,15824
1224,-32768,8524,-1207,-588,7355,9564,21748,12156
1484,-32768,6704,-1606,-1501,9102,10476,21664,13608
1204,-32768,5892,-2209,-1115,10074,15168,8512,10744
1056,-32768,5176,-2734,897,9070,20792,-2824,5476
1004,-32768,4700,-2869,3670,8468,20780,140,604
32,-32768,3368,-1597,8509,6497,12944,9808,-5248
-644,-32768,1884,-1185,14318,4370,3676,16728,-8552
-704,-29844,3316,-742,17311,4154,-256,14936,-8684
-1000,-28472,3152,-1198,19333,3994,1596,4864,-3680
-2800,-28412,2480,-1365,19770,4091,4504,-3188,1032
-4572,-28668,964,-404,22133,4255,3460,-5276,2352
-6316,-28440,200,-538,18392,4367,-4640,-6628,-3452
-7532,-28496,-1280,-909,16728,4747,-6744,-352,1572
-8408,-28444,-1876,-856,14575,6203,-9780,-1396,-1084
-10704,-28756,-2848,-1377,9713,7288,-7188,-3608,-2120
-13468,-28972,-3784,-1483,7658,7513,-7388,-3736,-2892
-16244,-27892,-4704,-422,6549,7049,-6484,-5472,-4716
-18312,-27568,-6112,480,7888,6589,-3432,-6536,-4904
-19552,-27636,-6268,1222,4862,6478,-288,-9480,-3288
-20224,-27772,-6700,696,6480,2932,1924,-9028,-2736
-20524,-27772,-6756,1435,1605,-271,1392,-6396,-1324
-20472,-28008,-6472,2218,-2721,-8344,64,-3372,-872
-20060,-28404,-5404,2748,-4272,-15803,-536,328,1640
-19276,-28428,-4976,2896,-1331,-17039,-2216,352,5272
-18556,-28780,-5216,2602,8834,-10921,-4920,-128,3788
-17924,-27272,-4800,2655,3585,-11265,-6520,1240,6564
-18048,-28268,-5168,1914,2345,-10391,-7724,220,3600
-17768,-28716,-4832,306,983,-9216,-4240,2300,5116
-16760,-29768,-4476,-219,-515,-8062,-2744,700,6252
-16292,-30256,-3504,-783,3470,-6669,-2000,1040,2148
-15956,-30340,-3536,-2115,863,-7014,352,-852,2300
-17112,-30760,-2784,-2785,769,-5647,-1464,-508,456
-18364,-29696,-2044,-1702,996,-3821,-2364,5736,-4368
-18836,-29732,-1652,-53,-1167,-2185,692,10028,-9236
-18920,-30340,-772,354,-1936,-1029,716,9168,-11816
-17920,-30588,-924,413,-1920,19,5384,2212,-7876
-14804,-27780,-1028,-68,-465,1063,17600,5104,-3280
-11856,-25444,-1476,-855,1307,2557,32767,21512,5104
-9444,-21672,-1280,-1500,2037,4138,32767,24164,-4588
-8712,-21144,-2044,-2262,2371,5689,10488,24680,4660
-10104,-16896,-2428,-3313,2795,6494,-32768,31400,-28936
-12436,-9332,-4552,-4027,4146,5773,11756,20520,-3908
-17108,456,-6036,-4433,6687,2946,32767,12296,29864
-22776,13056,-9956,-5125,7353,-424,-4572,20732,18688
-24448,30944,-8548,-6883,5320,-3392,-32768,32767,-28996
-25760,32767,-9060,-9131,4645,-5087,18100,28388,-14832
-23220,32767,-7832,-11002,5835,-5679,32767,21308,-6800
-24148,32767,-5752,-12550,6659,-4687,20264,20868,-9400
-26084,32767,-3548,-11491,2516,-2059,-5944,26780,-24188
-27676,32767,-1792,-9205,383,1373,-2728,32767,-32112
-29684,32767,440,-5142,-2055,3616,32767,32767,-23872
-31524,32767,3000,-1619,-1462,4517,32767,32767,-32768
-31708,32767,4768,-62,1654,3462,13040,15468,-20032
-32216,32767,6180,1180,5210,1439,18144,16216,-10076
-31992,32767,6972,3153,6681,980,20256,28924,-10604
-24920,32767,7964,4006,7112,1150,14644,32767,-13408
-26436,32767,8964,3523,5269,2465,14860,32767,-10544
-19792,32767,9244,2247,3298,3993,17704,29420,-2160
-17352,32308,10360,1198,2642,5650,16600,22776,2652
-17856,27672,11084,57,1216,6765,12248,21532,4376
-18556,25340,10364,-1315,725,6850,8388,22396,3096
-19492,21284,8884,-1542,1887,6804,8304,20592,4268
-21096,19372,7296,-1671,2660,6475,9560,21772,3696
-21096,19372,7296,-1671,2660,6475,9560,21772,3696
-22656,10524,2656,-587,1370,6548,9608,23404,1880
-23476,4760,368,-180,574,6586,9724,32767,-128
-25028,-1376,-2328,591,-1179,6700,12400,32767,-2356
-25028,-1376,-2328,591,-1179,6700,12400,32767,-2356
-24528,-12000,-5224,606,-3244,6199,19428,17880,2124
-24756,-18088,-7096,395,-2793,5257,12608,7944,2316
-25368,-23012,-8480,289,-2838,4758,5196,4540,1096
-26140,-26276,-9244,122,-2543,3596,-2408,1204,-640
-29716,-30624,-9820,-23,-2357,2337,-2820,3012,2652
-29716,-30624,-9820,-23,-2357,2337,-2820,3012,2652
-28216,-32768,-9624,-228,-2756,1589,-1760,-1640,2500
-24952,-32768,-11016,-66,-3330,1815,-2660,-1156,1804
-23932,-32768,-10016,147,-3875,1974,-2696,-2808,88
-19188,-32768,-8140,554,-4310,2398,-2836,-4436,-2324
-18220,-32768,-5984,859,-5559,2534,-2224,-5012,-4204
-14476,-32768,-3952,719,-6315,2804,-3888,-8384,-7516
-12288,-32768,-3472,592,-6850,3343,-7104,-5172,-8168
-12072,-32768,-5588,181,-6842,3849,-6564,-6772,-8944
-13976,-32768,-7108,-259,-6178,4594,-6564,-3304,-7372
-15792,-31544,-9596,-328,-4899,4458,-5160,-3680,-8388
-15780,-29088,-10576,-240,-4127,4618,-2300,-5020,-5612
-15180,-29232,-11700,-400,-3623,4889,872,-6168,-4612
-14300,-29160,-12544,-484,-3714,5520,-200,-3832,-4744
-14300,-29160,-12544,-484,-3714,5520,-200,-3832,-4744
-12788,-31644,-12836,-424,-1780,4945,-1168,-420,-904
-12788,-31644,-12836,-424,-1780,4945,-1168,-420,-904
-10820,-32768,-5704,-2,-1373,4693,-1992,2400,1700
-8808,-32768,-2872,75,-3116,4689,-3016,4756,1160
-7928,-32768,-1140,75,-2851,3926,-1756,4440,2496
-7928,-32768,-1140,75,-2851,3926,-1756,4440,2496
-8988,-29788,-908,54,-2980,2603,9024,-1972,5432
-9800,-26552,-3012,39,-2499,1135,13780,-4236,4880
-10468,-25064,-4828,-313,-2022,34,13644,-3260,4156
-10468,-25064,-4828,-313,-2022,34,13644,-3260,4156
-6976,-29216,2528,-1378,-1142,-999,5636,4356,3372
-5316,-31472,6704,-1481,-730,-697,1960,6992,868
-8288,-32768,9248,-1799,-129,-493,1084,8276,-144
-9440,-32768,10396,-2182,208,-960,2400,8100,1836
-9788,-32768,10108,-2698,226,-1873,2972,9992,3032
-10660,-32768,10644,-4286,406,-1679,8080,22012,3488
-2932,-32768,18952,-5528,112,-1059,16368,32767,3468
4132,-32768,25640,-7836,-512,717,23092,32767,5328
11760,-32768,32767,-13966,-1910,2168,15476,32767,4864
12640,-32768,32767,-22381,-26414,4006,-2276,29412,524
18312,-32768,32767,-18199,-32768,-12175,-4196,15156,2912
30208,-32768,32767,10115,-32768,-243,20264,-18656,9252
32767,-32768,32767,12685,-32768,-5983,30408,7416,-4196
32767,-32768,32767,-6373,-20237,-614,28004,32767,-9028
30652,-32768,32767,6627,15558,8708,17356,32767,-32632
23124,-32768,32767,7667,12085,5185,32767,32767,-5548
10976,-32768,32767,3716,1998,1133,32008,32767,-11220
1172,-32768,32767,5080,7418,-1314,17536,21664,3920
4324,-32768,32767,3776,8725,-4704,11788,21668,4972
5340,-32768,32767,-318,4093,-7374,10888,26836,9484
5340,-32768,32767,-318,4093,-7374,10888,26836,9484
6688,-32768,22148,-5018,6371,-7461,13376,27108,8948
5308,-32768,15588,-2595,5269,-8160,10508,30924,5672
1076,-32768,9848,-1531,7665,-4881,13704,31780,6792
20,-32768,9584,-2170,3540,1602,18552,32767,2996
-200,-32768,6636,-1783,1924,6048,15900,28020,-140
-1820,-32768,5184,-1600,1234,8681,18068,28028,-1240
-2044,-32768,2648,-1900,-1186,10932,18704,27192,-784
-2268,-32768,2004,-3110,1523,10055,14400,23876,-2036
-2456,-32768,2264,-3568,1008,9321,11508,19572,864
-2292,-32768,2744,-1818,6699,7554,8632,15284,1780
-1572,-32768,3368,-692,11255,5405,8016,5544,3556
-1512,-32768,4284,-548,16754,3585,5184,-436,2328
-2776,-32048,4084,-669,19013,2822,5840,2056,5128
-2776,-32048,4084,-669,19013,2822,5840,2056,5128
-6760,-28128,2720,242,20305,3950,-4532,132,-3728
-9464,-27564,772,-466,19612,5488,-6220,-2364,-2680
-11080,-26776,800,-747,17187,7021,-5236,-6112,-3880
-12832,-26620,-448,-1345,12591,7346,-3660,-9816,-5092
-15412,-27008,-1284,-1191,8207,7735,-8820,-7888,-9164
-18084,-27316,-1988,106,5667,8217,-11488,-5360,-12736
-18084,-27316,-1988,106,5667,8217,-11488,-5360,-12736
-22124,-27876,-3248,1181,4108,7149,-2788,-7184,-5456
-23644,-27772,-3128,106,43,2725,-424,-8732,-1548
-23728,-27556,-3640,598,-434,-2770,-1568,-8252,436
-23584,-26768,-3676,1535,-447,-8392,-2552,-5372,4024
-22912,-25156,-4448,4818,-1205,-12946,-2540,-2596,5024
-21096,-25076,-5996,6115,-633,-14074,-2520,-1100,5004
-19020,-23620,-6736,6589,3361,-11608,-1956,-944,9272
-17264,-25344,-7452,3260,-4608,-10813,-6104,92,5232
-14888,-24932,-8072,1465,-2456,-7673,-10860,4236,2328
-14528,-27464,-7844,1729,538,-6088,-11224,5696,480
-14688,-30504,-6500,2140,-667,-5191,-5640,3104,2856
-13800,-32768,-6016,278,946,-4396,-16,3692,-172
-12468,-32768,-5892,-474,2002,-5599,8036,2640,2596
-12928,-32768,-5268,-258,3112,-5715,9508,3584,2676
-14788,-32768,-4908,918,2327,-4796,10868,3400,1996
-15808,-32768,-3764,1568,1108,-2811,11312,1876,1820
-15520,-32672,-3148,1824,-518,-1759,12864,3700,-1544
-15080,-29524,-2176,1728,-339,225,4208,7904,-8664
-18004,-26588,-1476,728,612,2213,1204,6544,-17524
-18524,-24300,-1968,-269,994,3419,11300,14416,-11744
-15948,-20752,-2428,-1098,2931,5312,12012,13684,4124
-12960,-17364,-2704,-1821,2701,7332,12124,10704,5252
-12960,-17364,-2704,-1821,2701,7332,12124,10704,5252
-7244,-9108,-3436,-2634,3275,4621,-7320,32767,-11708
-7244,-9108,-3436,-2634,3275,4621,-7320,32767,-11708
-19256,13684,-6088,-5055,11554,-2633,27088,8580,13080
-22376,27536,-4040,-7285,15949,-7078,-596,17260,888
-26736,32767,-4412,-9513,16347,-9284,-15028,32767,-18084
-28804,32767,-4592,-9989,12944,-10769,18252,32767,-20556
-31080,32767,-2392,-10956,7074,-10598,7116,32767,-26104
-32768,32767,1592,-8520,4868,-7464,2944,32767,-32596
-32768,32767,5668,-5187,-695,-6841,32767,32767,-21772
-32768,32767,10556,-4846,-4993,904,32767,30428,-23752
-32768,32767,12860,-3505,-3953,4715,19204,3892,-9740
-32768,32767,13688,-1795,-3717,6618,3452,5008,-15984
-32768,32767,12492,-461,-3371,6291,6644,19808,-16400
-32768,32767,10508,146,973,2380,16876,32460,-16432
-32768,32767,9548,2194,3051,301,27948,25940,-3204
-32768,32767,10704,2521,3226,-513,24416,14176,6276
-25908,32767,11516,2530,4100,697,17260,23732,4592
-26148,32767,12540,1535,3210,3816,7032,32767,-3456
-23960,29380,11984,722,4784,5798,6308,24256,-5804
-25224,25696,9484,-95,5093,6781,10592,18560,-2072
-26220,19940,6128,-232,5496,6919,15460,17784,-3000
-29456,16676,3416,371,1882,6679,16084,21080,-2452
-31908,10488,628,493,-1353,7046,17884,25380,80
-31908,10488,628,493,-1353,7046,17884,25380,80
-32768,-5296,-2520,1174,-4703,8730,13624,32767,-2648
-32768,-5296,-2520,1174,-4703,8730,13624,32767,-2648
-32768,-23140,-696,289,-4408,9628,12352,25808,-1040
-32768,-30304,-1356,-358,-3594,7020,7228,9704,1748
-32768,-32768,-1248,-547,-3102,5353,2672,3988,3076
-32768,-32768,-2968,-44,-3229,3541,-1200,1412,2028
-30108,-32768,-4732,43,-3002,2542,-2424,1464,3068
-26792,-32768,-5572,407,-3007,2246,696,-512,2648
-26620,-32768,-6640,749,-3491,2785,1720,-1776,3240
-30520,-32768,-7116,1388,-6697,2986,-2052,-3168,56
-29172,-32768,-6956,1962,-7140,3050,-2932,-5764,1304
-29172,-32768,-6956,1962,-7140,3050,-2932,-5764,1304
-30720,-32768,-7480,1915,-6818,3418,-6672,-9348,-11636
-32768,-32768,-9412,2153,-5727,3274,-8724,-5280,-8508
-28168,-32768,-6456,2174,-4583,3551,-5800,-4004,-5520
-27156,-32768,-11044,1074,-4929,4473,-4812,-5836,-5176
-22600,-32768,-9196,238,-4980,5315,-4808,-4816,-6896
-21368,-32768,-8932,-237,-5119,6160,-1192,-5164,-6120
-19260,-32768,-9648,-985,-4553,6686,1268,-6464,-5096
-18324,-32768,-9384,-1379,-3036,6296,1852,-7652,-6620
-17936,-32768,-10748,-1692,-655,4464,2556,-5332,-4964
-18160,-32768,-11252,-2269,1198,4465,-24,-4744,-4504
-17288,-32768,-12232,-2500,440,4041,-2136,-3356,-4388
-16944,-32768,-12164,-2041,-965,4539,-2740,-608,-3780
-16032,-32768,-10536,-1832,-863,4986,-2172,1296,-2048
-14668,-32768,-6272,-1852,-752,5269,-2476,3792,-1472
-14668,-32768,-6272,-1852,-752,5269,-2476,3792,-1472
-9088,-32768,828,-951,447,5759,-1416,5152,2724
-8276,-32768,1052,-980,276,5966,2000,4540,2332
-8276,-32768,1052,-980,276,5966,2000,4540,2332
-8224,-32768,-2120,-1274,697,5488,5560,2884,628
-6516,-32564,-3476,-626,1289,4391,4824,5180,572
-5580,-31296,-3708,-285,1004,3936,5792,5368,2156
-7632,-32768,-2400,-71,1806,2766,7456,5004,3980
-7632,-32768,-2400,-71,1806,2766,7456,5004,3980
-4500,-32768,5476,-1923,3041,1218,6984,1516,4228
-5092,-32768,10184,-1958,3409,997,9412,1440,4828
-3952,-32768,14868,-2196,3902,711,10496,6392,6872
-1552,-32768,19996,-2425,4184,1068,12060,16892,7572
1196,-32768,22292,-3243,1421,1045,21172,32767,8316
3628,-32768,30444,-7749,-2488,1970,27476,32767,11192
19460,-32768,32767,-21423,-14912,1434,30708,32767,18996
19460,-32768,32767,-21423,-14912,1434,30708,32767,18996
20064,-32768,32767,-13414,-32768,-19292,9036,22232,15788
32767,-32768,32767,9199,-32768,1329,10656,20748,3020
26928,-32768,32767,-1716,-32768,-9068,11012,32767,-12296
29824,-32768,32767,-8147,-4532,6023,15588,32767,-28716
14956,-32768,32767,11853,12928,961,12560,32767,-31372
-4700,-32768,32767,9772,11885,-6726,-372,32767,-28592
-11052,-32768,32767,4448,8619,-3698,14672,27980,-28700
-6408,-32768,29144,7249,12941,-9425,32767,-2400,2900
-924,-32768,22436,5840,6716,-9510,32767,32767,1704
1432,-32768,15080,1284,7687,-7830,18124,32767,-3800
1432,-32768,15080,1284,7687,-7830,18124,32767,-3800
188,-32768,7044,-3585,5455,-5892,8456,24960,4916
2328,-32768,6704,-1318,9100,-6105,8908,17724,5484
4116,-32768,5380,335,10892,-2871,6472,24380,2788
3492,-32768,4808,1127,6672,3461,-2140,19768,4876
2344,-32768,4580,236,2190,9383,3272,18340,16280
2024,-32768,4740,-523,-6700,14260,8392,17152,27216
2024,-32768,4740,-523,-6700,14260,8392,17152,27216
448,-32768,5428,-1433,-3517,14030,4856,336,18448
-1096,-32452,5076,-1410,1255,11027,20016,-7340,20360
-2440,-30380,4984,-241,3117,8976,4948,2080,2996
-3280,-29172,4412,-185,6208,5518,-5992,9160,-10728
-4360,-30988,3780,-1370,11028,2377,-4508,6184,-15616
-5248,-32568,3224,-1724,11492,2381,2660,-1392,-15356
-8728,-32768,-112,-2207,10511,2854,10596,-10348,-8092
-8728,-32768,-112,-2207,10511,2854,10596,-10348,-8092
-14444,-32768,-3964,-2587,11665,7155,-7400,-3120,-12236
-17580,-32768,-5420,-3755,10655,7252,-10848,-2960,-12216
-19872,-32768,-6144,-3921,10489,6593,-10056,-3380,-12020
-22628,-32768,-6336,-3680,7497,9369,-3488,-5216,-10008
-25832,-32768,-6716,-3219,4667,6341,1544,-8584,-5748
-27568,-32768,-7024,-2876,5353,4168,-1504,-4928,-1388
-27316,-32768,-6160,-1313,4328,2972,-3416,-6344,3932
-25216,-32768,-5200,1274,3347,-155,-4416,-6528,6516
-25216,-32768,-5200,1274,3347,-155,-4416,-6528,6516
-22408,-32768,-6000,5013,1403,-6688,-12956,5412,-1768
-20388,-32768,-7484,4922,6040,-7554,-12320,4580,-1520
-20388,-32768,-7484,4922,6040,-7554,-12320,4580,-1520
-18004,-32768,-6988,1329,-3971,-14849,-4828,3772,744
-18668,-32768,-5604,1446,-2287,-12755,-376,2236,-168
-20432,-32768,-4948,-851,729,-11582,4136,224,-1288
-22580,-32768,-3916,175,4788,-9278,7628,2040,-3208
-24096,-32768,-2808,1623,896,-8796,11496,5396,-2816
-23576,-32768,-1432,2055,-294,-6776,15772,9252,-124
-22596,-32768,-460,2488,-184,-4541,19748,15884,1452
-23688,-32768,208,2780,-157,-1752,18812,12708,-2148
-22600,-32768,676,3451,-138,1656,1600,4384,-7688
-18360,-32768,1496,3375,469,4170,-8244,8556,-4004
-17356,-32768,1596,2605,3219,5585,-5420,-2464,9728
-20928,-32768,1072,1833,4668,6653,12704,104,13380
-22764,-25456,-864,562,4028,8532,27360,12620,23628
-23576,-15036,-2428,-864,2246,9640,1748,32767,-1296
-26860,816,-4580,-2585,2715,8283,21788,32767,10616
-26860,816,-4580,-2585,2715,8283,21788,32767,10616
-32768,32616,-6844,-6168,10919,577,-15464,1868,-15296
-32768,32767,-6520,-7663,12245,-4046,-3008,12380,-18748
-32768,32767,-7312,-11277,13860,-9790,22956,11748,-22356
-32768,32767,-7444,-11066,12997,-11962,-23936,32767,-32768
-32768,32767,-7232,-10564,13116,-13483,-5632,32767,-32768
-32768,32767,-7820,-11859,11675,-11494,32767,32767,-26692
-32768,32767,-6932,-6665,12994,-5704,12496,4284,-29912
-32768,32767,-5460,-3846,7831,-75,15056,14968,-14448
-32768,32767,-1772,-3875,297,5144,9828,20424,-3056
-32768,32767,588,-973,-659,8565,18728,13060,11076
-32768,32767,3896,749,2585,8317,32767,9004,6044
-32768,32767,3896,749,2585,8317,32767,9004,6044
-29712,32767,9396,405,7000,3066,7580,32767,1632
-29908,32767,9472,-54,8535,2771,-2508,32767,-10460
-29488,32767,8652,161,7330,3524,14616,32767,-5044
-28100,31772,6980,270,5451,5293,27144,32767,-4696
-29920,28164,3764,298,4228,6304,23280,28716,-10456
-27912,19676,1248,772,4742,6981,15916,20736,-9504
-29536,14472,-1320,726,2951,7674,17620,17588,-5388
-29536,14472,-1320,726,2951,7674,17620,17588,-5388
-32768,2932,-3940,233,-395,6694,11512,17084,-5192
-32768,-4244,-5248,-276,-2276,7055,10008,18008,-1132
-32768,-12204,-4612,-922,-3351,6989,10020,16412,-704
-32768,-22776,-2044,-748,-5149,6954,10152,15348,3044
-32768,-32740,-1888,-1052,-4658,7487,10924,11488,4248
-32768,-32768,-3136,-1476,-3753,6782,9560,9956,6476
-32768,-32768,-5312,-1277,-3795,5451,8084,8444,3572
-32768,-32768,-6664,-1683,-3242,5224,7676,7736,8540
-32768,-32768,-7580,-2047,-3985,6431,6812,9812,10084
-32768,-32768,-6128,-2371,-6791,6447,1072,8252,7604
-32768,-32768,-4448,-943,-4691,6869,-984,5308,6212
-32768,-32768,-2304,97,-4782,5406,-3108,1104,1268
-32284,-32768,2088,960,-4310,3350,-4084,1204,-1240
-32768,-32768,3304,1844,-3947,1619,-2800,2084,-3216
-32768,-32768,1808,2643,-4281,363,-1720,-828,-2960
-24880,-32768,1864,3453,-3385,-2,-5780,-6408,-9804
-23384,-32768,-484,3689,-3395,1010,-8676,-4672,-8840
-20236,-32768,-3432,3027,-4344,2961,-6792,-4904,-7380
-19484,-32768,-6596,2068,-5673,4976,-3392,-6700,-5216
-19452,-32768,-9156,1435,-5844,6307,-16,-8892,-5596
-18004,-32768,-7968,528,-6092,6884,2788,-7428,-2632
-16040,-32768,-5824,-532,-6957,7483,-284,-6860,-4964
-13128,-32768,-2312,-882,-7350,8158,-1144,-6112,-4880
-11780,-32768,664,-216,-6723,9068,-960,-3808,-2540
-11760,-32768,-672,259,-5282,9477,-2272,-1472,792
-11584,-32768,-2236,406,-4576,10217,-4576,2188,1288
-11796,-32768,-3644,-52,-1183,9311,-2640,5180,4860
-10312,-32768,-424,-1424,427,9465,-3340,4952,5072
-4164,-32768,5860,-1876,-487,8823,-2604,4016,7560
40,-32768,9876,-1049,-1126,7823,316,1116,8316
1092,-32768,11008,-760,-3485,6975,2644,652,8704
-12,-31600,9868,-1299,-3848,5524,7764,-1204,12052
-152,-28676,7512,-1274,-3796,4511,10628,-7044,7184
-992,-25176,2240,-521,-2125,3458,10744,-6652,4368
-3036,-24580,-1144,-2187,-3026,2694,5780,220,-896
-7856,-29984,-2600,-3339,-4233,1623,3048,4304,-3420
-4292,-32768,4400,-2205,-3425,70,-2144,8640,-4752
3360,-32768,13724,-1940,-2752,-126,-576,4908,-2216
5708,-32768,20996,-2854,-1905,414,5296,296,-2056
6084,-32768,26740,-4724,-1465,1895,9640,1312,-516
6084,-32768,26740,-4724,-1465,1895,9640,1312,-516
6028,-32768,25152,-6839,-2844,3034,8900,32767,-10672
14484,-32768,26064,-13257,-12291,4291,32767,32767,180
14420,-32768,32767,-26318,-32768,1049,32767,32767,6676
18648,-32768,32767,-17920,-32768,-11759,32767,32767,28632
23296,-32768,32767,-4846,-32768,-5946,21956,12372,-2236
22364,-32768,32767,19965,-14886,-12794,14184,24956,-17072
26332,-32768,32767,-7219,-2519,14897,7480,31828,-20108
27616,-32768,32767,3924,5120,9529,24228,32767,-2156
2164,-32768,32767,7303,18910,-5337,23428,32767,-2052
-1992,-32768,31036,4955,16255,-11630,2996,28376,-29260
-8964,-32768,28852,4231,15683,-11786,18428,32767,-15840
-6916,-32768,22896,2,1647,-7123,24748,32767,-11896
-6664,-32768,18996,-3994,-965,-899,27396,32767,-1296
-5340,-32768,13608,-5413,3041,-1737,24292,32676,888
-4824,-32768,11652,-3368,7667,-4414,22372,32767,3748
-5392,-32768,6688,-2033,9732,-2988,16220,27156,3640
-5204,-32768,4880,-1445,6685,2119,17988,23004,6540
-560,-32768,3800,-1760,3844,7116,19320,13304,6400
944,-32768,3008,-2245,1701,8900,21332,9508,10912
944,-32768,3008,-2245,1701,8900,21332,9508,10912
2684,-32768,1112,-2004,1821,11215,8880,8716,9024
1788,-32768,912,-847,3008,10150,3668,7356,8868
332,-32256,540,61,8896,7409,1312,4536,4792
-212,-30700,-88,742,12501,4320,-172,120,3004
-1272,-28428,256,983,17328,940,-352,-1360,2688
-1272,-28428,256,983,17328,940,-352,-1360,2688
-4284,-28244,328,992,20846,-2172,-7296,-3012,-3464
-6224,-29828,0,676,19278,-2802,-6352,-9756,-2532
-8972,-30696,-664,-662,16754,829,780,-5712,3072
-12076,-30996,-2648,-2401,13272,4019,-4556,-10512,-3640
-14068,-32340,-3692,-3243,9080,4231,-3328,-7020,-3528
-15700,-32768,-4868,-2855,8113,4368,-11352,-1760,-7700
-16616,-32768,-5300,-2078,4093,6345,-14548,1120,-8492
-18920,-32768,-4804,-1068,1625,7078,-8760,-400,-2660
-21608,-32768,-4516,-193,1907,5734,-6460,-4476,-3620
-23940,-32768,-4372,244,1139,3864,-2304,-5708,-1740
-25436,-32768,-4380,166,268,1120,-136,-8020,-2604
-24628,-32768,-3948,1672,-694,-5098,548,-7012,-940
-23968,-32768,-3796,3202,-2277,-10737,340,-4476,316
-23724,-32768,-4100,3778,-2425,-13818,-3188,692,1608
-22356,-32768,-4724,4004,-4028,-14270,-6296,2092,256
-20528,-32740,-4312,2623,-5678,-12958,-8036,2280,1816
-19580,-32768,-4760,825,-6934,-10744,-7828,996,584
-18388,-32768,-4492,-319,-2397,-8307,-5636,4936,996
-18388,-32768,-4492,-319,-2397,-8307,-5636,4936,996
-18308,-32768,-3780,-3002,-2329,-7679,1164,4316,1660
-19732,-32768,-3904,-2354,-1432,-8317,3876,5240,-2448
-20088,-32768,-3288,-131,2789,-7568,6444,6176,-4832
-20152,-32768,-1728,1503,479,-6404,8424,3216,-5204
-19128,-32768,0,1819,-505,-3856,14876,8068,-6868
-18244,-32768,1360,2037,-768,-1733,14872,9384,-888
-18576,-32768,2116,1446,-1109,845,-2476,11588,-10464
-15844,-32768,1556,1099,-1054,2564,-12096,5648,-9648
-15972,-32768,596,284,6,3732,1236,-648,-6648
-18304,-32268,-448,-464,3646,4390,32767,9448,-3336
-19924,-29532,-1444,-1031,4283,4849,32767,-632,18320
-21480,-24116,-2272,-1432,4366,4850,16576,-336,25540
-25104,-17164,-2980,-2184,3682,4082,-32768,28880,-15528
-32768,-1696,-4528,-2991,3623,2883,-6156,32767,-27192
-32768,22540,-7040,-4241,6628,-228,32767,32767,19324
-32768,32767,-8052,-5633,9662,-3059,19168,32767,32767
-32768,32767,-7732,-6215,8137,-5543,-32768,32767,-26680
-32768,32767,-8524,-8728,7949,-8646,-32768,32767,-32768
-32768,32767,-5128,-9423,11651,-9945,32767,23172,-14812
-32768,32767,-2752,-10863,5632,-8728,32767,19600,14424
-32768,32767,-1320,-8542,5600,-3087,14000,31924,-21848
-32768,32767,-1024,-4192,3757,867,14224,26264,-17868
-32768,32767,1400,-3563,967,4671,19092,21812,-19232
-32768,32767,5040,-3102,2669,6170,10992,32767,-32056
-32768,32767,5040,-3102,2669,6170,10992,32767,-32056
-28876,32767,14120,-1443,6602,3901,27868,31428,-5896
-32768,32767,13824,-251,6936,939,12116,30412,-276
-27200,32764,14080,1083,7559,-921,5040,32767,2120
-27044,31236,14188,2493,8139,-1096,7892,31800,-4564
-27044,31236,14188,2493,8139,-1096,7892,31800,-4564
-27124,19708,8936,3077,6732,2176,19984,20360,-4372
-28528,11192,5864,3316,4834,5153,21712,18860,-108
-28844,6900,3788,4552,2382,5701,14328,17308,-3168
-32768,-1864,2396,4685,901,6109,10576,21772,-1944
-32768,-10408,1168,4441,-120,6228,8836,26680,-2388
-32768,-17856,1912,3568,-839,6431,7928,32767,-852
-32768,-25624,2844,2407,-1937,5370,7984,32767,-1776
-32768,-32372,2868,869,-4377,6366,13680,25804,6796
-32768,-32768,1512,-555,-5282,7128,12936,8796,7248
-32768,-32768,1652,-2982,-1016,7774,7204,4404,5840
-32768,-32768,1652,-2982,-1016,7774,7204,4404,5840
-32768,-32768,1100,-3894,-75,6431,-1388,1976,652
-30604,-32768,204,-4226,-2300,6499,-2452,1688,20
-26960,-32768,-732,-3962,-3082,6604,-3204,-1468,-504
-25920,-32768,-512,-3636,-2459,6484,-3572,-3280,-392
-24228,-32768,48,-3374,-1709,6427,-4140,-6148,-3604
-21808,-32768,-20,-2573,-447,6829,-2376,-7568,-1928
-21456,-32768,456,-1700,-768,7330,-3320,-11372,-5156
-24808,-32768,-4116,-1490,-1346,7936,472,-8552,-1320
-17492,-32768,-1620,-1003,-2089,8233,-5948,-7824,-6152
-15628,-32768,-2996,-750,-2420,8190,-10444,-3856,-7564
-15628,-32768,-2996,-750,-2420,8190,-10444,-3856,-7564
-11212,-32768,-4956,-1438,-3627,8038,-9020,-124,-4632
-8160,-32768,-5116,-1812,-3733,8186,-4952,-3280,-3908
-8160,-32768,-5116,-1812,-3733,8186,-4952,-3280,-3908
-9320,-32768,-6600,-2010,-3295,8470,-1072,-4552,-3816
-11036,-27512,-7544,-1623,-2322,7959,-1240,-4356,-2564
-12168,-25452,-8036,-935,-1617,8268,-1932,-2508,-2060
-12168,-25452,-8036,-935,-1617,8268,-1932,-2508,-2060
-12964,-26056,-5280,-532,587,7232,-2428,1148,1428
-11076,-28276,-1948,-390,1431,6421,-1124,892,3312
-6448,-27888,4912,-400,307,5778,-820,2680,3932
-6448,-27888,4912,-400,307,5778,-820,2680,3932
-6044,-25144,9632,-288,-2602,5003,3684,3052,6748
-7056,-22488,9896,-101,-2451,4283,4264,1864,6684
-8576,-20308,8580,21,-3290,3619,4456,2124,7024
-9724,-19700,4468,-190,-4034,3087,5312,-396,4984
-10872,-22528,-220,-44,-3579,2263,13044,-6536,5772
-9696,-28356,-2532,604,-2889,1346,26348,-11716,7920
328,-32768,3940,1050,-1772,125,20852,-3412,5584
6180,-32768,10256,1548,-755,-1238,10248,5672,4256
5036,-32768,15708,2115,622,-2807,2888,12320,4220
4824,-32768,20436,1535,1805,-2932,-7712,14260,1272
5948,-32768,23976,271,2179,-2188,-5956,14680,-372
5948,-32768,23976,271,2179,-2188,-5956,14680,-372
6512,-32768,27280,-3223,273,-446,2692,32767,-560
10276,-32768,28888,-10253,-444,-2468,12160,32767,-404
11704,-32768,32668,-20054,-21569,237,31388,32767,7504
10260,-32768,32767,-22015,-32768,-1052,32767,32767,18056
18376,-32768,32767,-9571,-32768,-966,27284,32767,1680
16276,-32768,32767,4450,-32768,-11116,28652,21064,-6024
1324,-32768,32767,-537,-14520,1006,10664,32767,-32768
16332,-32768,32767,5099,2216,7825,13072,32767,-25448
10396,-32768,32767,8213,-936,1466,21052,31856,-15048
1560,-32768,32767,4478,-2640,-351,19716,32452,-11112
-6792,-32768,32767,4341,4013,-3961,18888,32767,-3752
-15116,-32768,32284,4584,5024,-7179,27968,32767,-7968
-12764,-32768,30128,2446,-957,-6355,32767,32132,-1668
-10104,-32768,27240,-1779,832,-3052,29180,29884,-168
-8404,-32768,24160,-2510,1160,-1071,22444,26704,836
-7344,-32768,21164,-1291,6199,-2810,18644,30724,2104
-4840,-32768,18840,61,8862,-953,13212,28020,-908
-2900,-32768,17352,232,9282,3035,12092,28460,3804
-1780,-32768,13880,195,8297,7090,9172,23384,2916
-1144,-32768,11372,13,3568,10642,9540,19584,5048
-1144,-32768,11372,13,3568,10642,9540,19584,5048
788,-32768,7672,109,892,11350,10636,14156,15532
1820,-32768,6820,207,3013,10410,6848,9568,15440
1580,-32768,5084,298,7791,8484,3040,8244,12628
1580,-32768,5084,298,7791,8484,3040,8244,12628
-168,-30612,2500,421,12590,4489,864,604,-1048
-1488,-29652,2804,-609,16151,2448,-588,-232,-6240
-2832,-29596,2288,-1346,19131,354,-1300,-2596,-10548
-5636,-28880,1612,-1008,18338,1053,-2548,-9488,-16524
-9436,-29232,92,-1931,16384,3096,2068,-5172,-3680
-11852,-29708,-916,-2700,13532,4872,-4432,-7724,-9120
-12840,-30732,-1448,-2651,10231,5692,-4616,-8880,-8880
-14444,-31112,-2932,-1703,8726,6430,-5444,-9388,-9816
-14824,-31468,-3312,-1203,5130,7371,-6312,-8620,-7256
-15824,-31840,-4500,-991,5001,6775,-6408,-6836,-5916
-16908,-31572,-5268,-606,4773,5022,-2464,-4132,-948
-18264,-30412,-4996,-143,4184,3627,-2272,-3264,2436
-20232,-29776,-5040,620,3922,2974,-4520,-2728,3452
-20632,-29128,-5248,1532,870,-939,-4028,-2520,4332
-20920,-28512,-5180,2865,-830,-5527,-1508,-4048,6500
-20128,-28372,-4928,4099,-1921,-10466,140,-3028,5724
-17308,-29044,-4556,4509,-3101,-11694,-976,-2784,3924
-16320,-30644,-5108,3472,-3530,-12374,-4700,952,1684
-14900,-31796,-4312,2672,-3638,-13033,-5412,2512,-140
-14456,-32664,-4040,1740,-2906,-11579,-4268,4628,-1804
-14320,-32584,-2956,636,-1177,-9977,176,3620,3416
-15168,-32044,-3008,-503,-1020,-8531,2412,5704,3140
-16060,-31208,-3128,-876,-741,-7731,2916,6084,2456
-16468,-30072,-2852,-617,-1886,-6255,-64,3324,-1064
-16468,-30072,-2852,-617,-1886,-6255,-64,3324,-1064
-17372,-30420,-1408,367,-1452,-2529,2524,2904,-180
-16548,-32020,-1616,-724,-55,-1910,2420,3416,-4084
-11412,-31908,-2180,-243,-791,-863,328,2120,-6084
-8100,-31184,-2072,605,97,452,-4004,6108,-10832
-9820,-31572,-2240,242,-1264,2071,-12148,14164,-18136
-9820,-31572,-2240,242,-1264,2071,-12148,14164,-18136
-10912,-28384,-3164,-83,1046,3791,32767,21104,-2452
-9852,-27172,-3500,-569,2361,3800,32767,14712,32767
-14924,-19480,-3332,-1713,3600,3313,-1488,32767,-4260
-22540,-6636,-5328,-2955,5172,2022,-9696,14408,6504
-29420,11308,-9928,-4701,7542,-55,22304,10908,18596
-32768,32767,-14308,-6591,9043,-2220,14556,25620,-1456
-32768,32767,-16548,-7490,8987,-3723,-5116,21436,-18656
-32768,32767,-17636,-7996,6019,-6519,4988,32767,-26128
-32768,32767,-17636,-7996,6019,-6519,4988,32767,-26128
-32768,32767,-12536,-7406,7006,-9128,30248,32767,-16528
-32768,32767,-9332,-5934,949,-5700,32767,22568,-2256
-32768,32767,-7132,-3408,-1816,-747,30256,18268,-16984
-32768,32767,-4632,-2245,-5062,4901,16228,17912,-26296
-32768,32767,-2160,-1561,-1610,4869,9244,5032,-16680
-32768,32767,248,-867,2460,3147,11480,18328,-26592
-32396,32767,1484,-682,6113,-678,21996,18868,-16620
-30156,32767,2220,-275,9164,-3069,26200,21464,-8984
-27416,32767,2864,115,9532,-2782,21856,28588,-3688
-23948,32767,3124,411,6760,-740,14124,32767,492
-23948,32767,3124,411,6760,-740,14124,32767,492
-20252,32767,1872,1276,4619,4570,9372,30576,-13120
-19944,29012,1708,909,6333,6117,15104,18828,-12172
-21948,23084,1228,1589,3029,6497,17044,12608,-17256
-21932,13492,628,2662,294,5886,19060,9132,-15180
-22972,6844,-56,2848,1363,5785,22268,13392,-8896
-25492,412,-128,3150,-51,5950,20420,18028,-8188
-27496,-5080,-1616,3251,45,5039,11524,17100,-4920
-28848,-10644,-3020,2043,1358,4688,8808,18288,-3276
-30420,-15524,-3964,1336,2650,3913,9828,21648,1468
-30368,-22100,-5352,574,2280,3883,12280,21708,6108
-31652,-27288,-6364,-517,2210,3902,9988,25520,7260
-32768,-32212,-6816,-2023,2128,4517,5612,32767,7900
-32768,-32212,-6816,-2023,2128,4517,5612,32767,7900
-32768,-32768,-552,-3035,691,4560,17740,19104,11496
-32768,-32768,1972,-3150,913,6171,14176,5860,11108
-32768,-32768,2104,-3108,723,6791,3508,1728,6748
-30968,-32768,1628,-2834,-1172,8080,-1764,-1300,6052
-28420,-32768,552,-2394,-2695,9082,-5624,1032,4604
-22484,-32768,-1152,-1711,-2763,9608,-6060,3008,3184
-16924,-32768,-1456,-1239,-2782,9697,-6808,1756,3220
-13352,-32768,-3356,-1260,-3028,9045,-9000,-424,-1076
-13744,-32768,-6380,-1801,-3065,8174,-6048,-3212,-3048
-13256,-32768,-8748,-1545,-3919,7255,-5784,-6272,-3836
-14804,-32768,-9440,-1131,-5259,6950,-7028,-7852,-8528
-14804,-32768,-9440,-1131,-5259,6950,-7028,-7852,-8528
-14008,-32768,-7304,-724,-5981,5649,-5428,-5828,-9008
-14376,-32768,-5640,-841,-6054,5642,-2596,-9192,-7872
-14736,-32768,-4176,-1287,-6365,5324,3012,-14812,-4528
-15752,-32768,-2400,-1920,-7075,5038,5232,-15644,-3460
-16208,-32768,-700,-2351,-6945,4629,2436,-8668,-2584
-14996,-32376,932,-2658,-6341,4099,-2308,-4276,-1264
-12444,-30260,2484,-2563,-5841,3947,-6556,-964,-1804
-11708,-27772,2816,-2755,-4206,3971,-6892,36,304
-12876,-26220,3540,-2797,-2926,3649,-6168,2680,-112
-12756,-24908,5764,-3056,432,2093,-6240,3824,48
-13220,-24652,6404,-2882,1027,1465,-4832,4164,1300
-13392,-23496,6300,-2587,1325,728,-2488,3100,1680
-13532,-23068,5732,-2618,-519,461,-1532,3360,2228
-9772,-24192,9492,-2971,-1607,314,100,4540,3228
-3188,-26468,15128,-2969,-2004,84,2312,4352,3360
-3188,-26468,15128,-2969,-2004,84,2312,4352,3360
-644,-26992,21596,-2853,-2324,-356,7220,1784,3436
-1204,-26692,21488,-3167,-2726,-622,13148,-468,4616
-1948,-29712,19784,-3151,-1865,-1459,19800,1688,4160
-2724,-32768,18584,-3494,-1443,-2278,18788,1296,2320
-2276,-32768,21192,-3922,-1600,-2819,13416,8500,2100
9440,-32768,32480,-3912,-2358,-2834,7412,10088,2772
21684,-32768,32767,-3627,-904,-3296,1624,19300,948
19460,-32768,32767,-3513,-463,-1768,2964,30576,-4196
18892,-32768,32767,-4234,513,851,11268,29228,160
15936,-32768,32767,-6011,-3814,3205,16676,27668,7944
15936,-32768,32767,-6011,-3814,3205,16676,27668,7944
3644,-32768,32767,-3413,-32768,10392,17736,32767,9328
2152,-32768,32767,-6720,-32768,3830,20672,32767,2796
884,-32768,32767,6490,-32768,-4576,16812,32767,-9440
-4180,-32768,32767,-2415,-32768,-8294,24420,27568,-9908
-11008,-32768,32767,-1983,-4812,-1179,26512,30764,-15160
-18116,-32768,32767,7571,17189,2848,32767,32767,-5176
-18116,-32768,32767,7571,17189,2848,32767,32767,-5176
-25304,-32768,32767,3257,10497,-4358,23316,32767,-1048
-25828,-32768,29124,3127,15826,-3778,19264,32767,-3656
-18540,-32768,24828,726,11694,-4269,16796,31732,-2848
-13036,-32768,20708,-918,9062,-4279,14972,26488,720
-10996,-32768,20792,-1690,12475,-7266,12384,28008,1988
-10536,-32768,18632,-1151,12341,-8477,10828,29272,2492
-9760,-32768,18812,-624,11142,-5556,11768,29720,4904
-8388,-32768,18376,-131,4923,463,14056,28868,5024
-8496,-32768,17532,-1027,3177,4833,16936,28200,5924
-8676,-32768,16632,-7,3827,8820,19640,25600,6132
-8484,-32768,15484,-772,2170,10699,19784,22880,3692
-8460,-32768,13224,-1645,3965,10025,18752,18500,4452
-8460,-32768,13224,-1645,3965,10025,18752,18500,4452
-6764,-32768,9820,-896,11703,5116,11288,13096,2488
-6936,-32764,7732,-413,13830,2968,7304,9492,-92
-7320,-30612,6512,111,17728,682,5732,5020,444
-6028,-28948,7144,250,16639,1340,2596,1456,-2868
-5216,-28100,6988,-115,18029,1702,1156,-4216,-2612
-5216,-28100,6988,-115,18029,1702,1156,-4216,-2612
-7228,-29816,6668,-1803,10471,7524,-4768,-1784,-5468
-9628,-30648,6512,-2257,7791,8149,-9772,-32,-5308
-10960,-32212,7100,-1306,6253,9044,-9800,-340,-5536
-13420,-32768,6648,-936,5981,9300,-12200,-1912,-6764
-16028,-32768,5456,-1610,4928,7687,-10668,-2932,-5408
-18608,-32768,3108,-1140,2739,5484,-9068,-4852,-4868
-20352,-32768,496,623,1457,1006,-5324,-5268,-2620
-20908,-31944,-2524,1514,-377,-4427,-1772,-8136,-1696
-21480,-31732,-3504,868,-1475,-7799,1212,-10404,1232
-19520,-31176,-3296,2971,-1431,-10103,-200,-11036,1740
-19480,-31896,-3468,4904,9075,-9699,-2024,-6204,1544
-20132,-31864,-3548,4271,3763,-8306,-3372,-2484,3080
-19064,-32768,-3204,2210,570,-11368,-3292,-2216,3904
-19392,-32768,-2464,-214,3657,-10293,-4164,-1888,4352
-20328,-32768,-2776,-2498,1259,-8598,-6444,-532,2284
-20632,-32768,-4024,-5282,1070,-8241,-6396,-184,2984
-20072,-32768,-4648,-5116,4686,-5663,-8748,2088,2484
-20116,-32456,-5336,-4878,3297,-4081,-6732,1556,6148
-20156,-32428,-6556,-4582,1177,-2958,-2660,3332,4692
-20028,-32128,-6240,-4300,48,-2762,2556,6556,-2856
-20452,-31832,-4416,-3253,825,-1677,8768,420,-1036
-20300,-31960,-3624,-2400,903,18,8272,4072,-276
-20300,-31960,-3624,-2400,903,18,8272,4072,-276
-18184,-28904,-1316,-1251,3709,1195,6992,7368,-6940
-19716,-27376,-1064,-1007,1043,1035,-7300,11484,-10084
-19716,-27376,-1064,-1007,1043,1035,-7300,11484,-10084
-20848,-23736,-2732,-1643,1193,1039,12368,11156,-10604
-16716,-22532,-3536,-1906,394,1932,32767,4336,4372
-17080,-22440,-3784,-1786,-787,2713,32767,3896,10548
-18604,-18372,-4128,-2047,-1036,3458,-9852,24096,2048
-19276,-11948,-6084,-2678,1312,2782,-27408,32767,-31604
-21644,2076,-8868,-3739,3906,2885,32767,15724,32767
-27144,20044,-12348,-4761,4728,2153,32767,32088,32767
-28824,32767,-15444,-5815,6900,64,-16688,32767,-1720
-29724,32767,-15276,-6198,8946,-1914,-10976,32767,-10692
-31036,32767,-14000,-7599,9169,-3768,-368,32767,-21920
-32768,32767,-11776,-11196,5761,-5455,-16816,32767,-32768
-32768,32767,-8764,-7547,1543,-8658,32767,32767,-32768
-32768,32767,-6052,-4685,-940,-7112,32767,32767,-27304
-32768,32767,-3144,-1454,-3964,-104,19368,12184,-26456
-32768,32767,-656,-76,-6515,3756,18504,8488,-10148
-32768,32767,1428,822,-4406,6379,10476,23144,-6252
-32768,32767,1428,822,-4406,6379,10476,23144,-6252
-32768,32767,9192,1083,2741,1881,24040,29460,7124
-31252,32767,15212,1061,2648,-447,32767,13204,18560
-25748,32767,19788,807,3357,-1953,18880,32767,15348
-31584,32767,21044,138,3996,-1407,6800,32767,4980
-31584,32767,21044,138,3996,-1407,6800,32767,4980
-31024,32767,17276,-1629,1266,4403,9756,32767,-15412
-28152,32436,13548,-1794,1077,6997,19700,22124,-16164
-27744,26736,9244,-1450,-703,8290,27392,14512,-10712
-26628,19780,5568,-201,-1052,8640,18608,12724,-11044
-25116,13964,3944,-466,297,8776,14140,13468,-8520
-25116,13964,3944,-466,297,8776,14140,13468,-8520
-25184,2412,3172,-332,-130,10000,6876,13488,-6232
-26088,-3188,3376,-235,2434,8927,8360,13048,1024
-27256,-8072,3712,155,2269,7895,10080,12048,6632
-27256,-8072,3712,155,2269,7895,10080,12048,6632
-24804,-17908,3600,918,-3687,4541,6372,13736,8852
-23132,-23016,1848,873,-2903,4035,1628,11456,6452
-23672,-26588,-1100,774,-4205,4197,2396,15328,7544
-23672,-26588,-1100,774,-4205,4197,2396,15328,7544
-29636,-30168,-10240,878,-6752,3289,17252,13100,12180
-29636,-30168,-10240,878,-6752,3289,17252,13100,12180
-32680,-32768,-16316,1473,-9153,4238,1528,-840,-1440
-32680,-32768,-16316,1473,-9153,4238,1528,-840,-1440
-32768,-32768,-13624,1444,-7256,3462,-9880,-5184,-10892
-32768,-32768,-13624,1444,-7256,3462,-9880,-5184,-10892
-32768,-32768,-7720,1719,-6759,2511,-6108,-6656,-12252
-32768,-32768,-7720,1719,-6759,2511,-6108,-6656,-12252
-17904,-32768,-3544,1371,-6618,4245,-13720,1204,-13016
-17904,-32768,-3544,1371,-6618,4245,-13720,1204,-13016
-15392,-32768,-9336,-181,-3753,6619,-12656,1632,-9284
-15608,-32768,-11920,-939,-4407,7478,-8836,-64,-7248
-15608,-32768,-11920,-939,-4407,7478,-8836,-64,-7248
-18616,-25432,-12652,-2342,-2970,7272,460,-11540,-8432
-18616,-25432,-12652,-2342,-2970,7272,460,-11540,-8432
-21248,-27104,-7508,-2699,348,6124,9836,-4472,-792
-21248,-27104,-7508,-2699,348,6124,9836,-4472,-792
-20656,-32008,-1432,-2074,-1922,7104,-3000,5264,-1764
-20656,-32008,-1432,-2074,-1922,7104,-3000,5264,-1764
-21012,-30840,2952,-935,-2309,9400,-1928,7808,9620
-21012,-30840,2952,-935,-2309,9400,-1928,7808,9620
-20472,-28064,772,464,-1883,9668,-2532,4748,10436
-19556,-27672,-744,748,-1165,9002,252,5056,12988
-19556,-27672,-744,748,-1165,9002,252,5056,12988
-10860,-29888,5252,806,-1331,6441,8952,-524,12068
-10860,-29888,5252,806,-1331,6441,8952,-524,12068
-10004,-31596,4408,-231,-1747,4382,11724,-2452,12808
-10004,-31596,4408,-231,-1747,4382,11724,-2452,12808
-20748,-32768,716,-897,-1770,1385,10404,1204,4536
-20748,-32768,716,-897,-1770,1385,10404,1204,4536
-25764,-32768,-3216,-927,-1503,-1141,8152,5088,1736
-25764,-32768,-3216,-927,-1503,-1141,8152,5088,1736
808,-32768,25100,-2951,156,-2008,-448,24968,-3296
808,-32768,25100,-2951,156,-2008,-448,24968,-3296
-76,-32768,32767,-14448,-3171,-388,14920,32767,-1580
-76,-32768,32767,-14448,-3171,-388,14920,32767,-1580
4984,-32768,32767,-10556,-32768,1511,32767,32767,468
9808,-32768,32767,-494,-32768,-5170,24800,32767,-10132
9808,-32768,32767,-494,-32768,-5170,24800,32767,-10132
32767,-32768,32767,-6415,-11859,-3414,32767,-10320,-7812
32767,-32768,32767,-6415,-11859,-3414,32767,-10320,-7812
32767,-32768,32767,8706,25332,-1694,20772,32308,-1436
32767,-32768,32767,8706,25332,-1694,20772,32308,-1436
18088,-32768,32767,2797,10232,-5600,26792,32767,3212
18088,-32768,32767,2797,10232,-5600,26792,32767,3212
-7380,-32768,32767,-2205,-2816,-4388,19536,32767,8880
-7380,-32768,32767,-2205,-2816,-4388,19536,32767,8880
-9244,-32768,27236,-4255,2250,-7745,9716,32767,1452
-9244,-32768,27236,-4255,2250,-7745,9716,32767,1452
-3876,-32768,16048,-3507,-471,2888,14904,31884,6916
-3876,-32768,16048,-3507,-471,2888,14904,31884,6916
-7736,-32768,8700,-1595,-1079,10088,14020,25384,5148
-7736,-32768,8700,-1595,-1079,10088,14020,25384,5148
-5700,-32768,5008,-1772,1687,11588,12568,21352,7724
-6732,-32768,3548,-2021,5161,10455,17148,11240,10436
-6732,-32768,3548,-2021,5161,10455,17148,11240,10436
-7484,-32768,2616,-1877,14445,7669,13600,6120,10140
-7484,-32768,2616,-1877,14445,7669,13600,6120,10140
-7956,-29440,1244,278,21626,7973,3076,7344,2144
-7956,-29440,1244,278,21626,7973,3076,7344,2144
-8160,-27236,300,-351,20170,10036,3716,-2152,320
-6924,-27064,592,-1037,17516,11029,3612,-14420,-4064
-6924,-27064,592,-1037,17516,11029,3612,-14420,-4064
-9008,-27404,908,-2042,14237,11923,-1520,-6448,-4336
-11508,-27404,-208,-3137,11959,12765,-8024,-580,-6412
-11508,-27404,-208,-3137,11959,12765,-8024,-580,-6412
-15028,-27920,-2540,-4422,6452,9632,-14832,348,-10920
-15028,-27920,-2540,-4422,6452,9632,-14832,348,-10920
-16816,-30668,-3388,-3192,1783,2883,-9408,-4664,-10060
-16816,-30668,-3388,-3192,1783,2883,-9408,-4664,-10060
-20352,-32768,-4724,-1849,-3988,-2861,1040,-8120,-1920
-20352,-32768,-4724,-1849,-3988,-2861,1040,-8120,-1920
-20104,-32768,-5624,-613,-3358,-7754,388,-7772,-1856
-20104,-32768,-5624,-613,-3358,-7754,388,-7772,-1856
-21392,-32768,-5804,3327,-1940,-11577,292,-1968,2156
-21392,-32768,-5804,3327,-1940,-11577,292,-1968,2156
-20660,-32768,-3828,6608,-5513,-13873,-800,1540,2240
-20660,-32768,-3828,6608,-5513,-13873,-800,1540,2240
-20572,-32768,-2932,3636,-3640,-12869,-728,4600,2924
-20572,-32768,-2932,3636,-3640,-12869,-728,4600,2924
-20436,-32768,-3468,2075,1422,-7895,-820,3748,1492
-20436,-32768,-3468,2075,1422,-7895,-820,3748,1492
-20636,-32512,-4124,-128,1048,-3690,1868,4596,760
-20636,-32512,-4124,-128,1048,-3690,1868,4596,760
-21608,-28532,-3196,388,-609,-592,-348,3020,-1792
-21608,-28532,-3196,388,-609,-592,-348,3020,-1792
-22900,-27548,1020,1725,1787,3570,3364,-4468,2172
-21524,-27648,2044,1778,3843,4108,6612,-3936,-356
-21524,-27648,2044,1778,3843,4108,6612,-3936,-356
-20116,-21688,2616,1119,5664,4720,14636,14660,1908
-20132,-19640,1424,578,4521,5410,-12856,16120,-16496
-20132,-19640,1424,578,4521,5410,-12856,16120,-16496
-21440,-1528,-3904,-1911,5034,6087,23140,32767,3968
-21440,-1528,-3904,-1911,5034,6087,23140,32767,3968
-27632,23000,-9860,-4864,10273,493,9756,25576,23692
-27632,23000,-9860,-4864,10273,493,9756,25576,23692
-32768,32767,-10820,-7493,11237,-7012,8460,23408,4960
-32768,32767,-10820,-7493,11237,-7012,8460,23408,4960
-32768,32767,-5316,-10948,9879,-10317,-27292,32767,-32768
-32768,32767,-5316,-10948,9879,-10317,-27292,32767,-32768
-32768,32767,-1012,-7663,10038,-7976,32767,32767,-15416
-32768,32767,-1012,-7663,10038,-7976,32767,32767,-15416
-32768,32767,-248,-3685,-5061,9766,32767,25524,5752
-32768,32767,-248,-3685,-5061,9766,32767,25524,5752
-32768,32767,-2012,709,-7830,8387,-11792,15908,-20120
-32768,32767,-2012,709,-7830,8387,-11792,15908,-20120
-32768,32767,2772,4185,-1572,1491,19908,22160,3184
-29632,32767,8352,4178,-320,351,32767,21792,7700
-29632,32767,8352,4178,-320,351,32767,21792,7700
-22260,25008,14344,2314,1669,4493,-4756,28844,12116
-22260,25008,14344,2314,1669,4493,-4756,28844,12116
-19416,12452,13700,-839,-1524,10248,24704,32767,-5716
-19220,8888,11324,-2102,-3690,9894,32767,32767,-912
-19220,8888,11324,-2102,-3690,9894,32767,32767,-912
-21528,-108,4368,-3916,-3750,7601,13676,27792,-6420
-21528,-108,4368,-3916,-3750,7601,13676,27792,-6420
-26852,-7984,-680,-3573,-1324,6817,3072,12288,-7116
-26852,-7984,-680,-3573,-1324,6817,3072,12288,-7116
-32768,-23452,380,-2112,-2162,5405,5712,12756,-4584
-32768,-23452,380,-2112,-2162,5405,5712,12756,-4584
-30740,-32768,3612,-1504,1403,2487,4348,14500,40
-30740,-32768,3612,-1504,1403,2487,4348,14500,40
-28072,-32768,1540,-2232,1245,229,-2912,7704,1632
-28072,-32768,1540,-2232,1245,229,-2912,7704,1632
-27532,-32768,-2048,-2430,-3725,2887,3232,660,1660
-27532,-32768,-2048,-2430,-3725,2887,3232,660,1660
-28008,-32768,-3224,-2373,-6421,3853,2148,-2984,5528
-29856,-32768,-3556,-1403,-5996,2723,1812,-2768,5324
-30456,-32768,-1592,424,-5108,971,-8,-2488,2776
-30456,-32768,-1592,424,-5108,971,-8,-2488,2776
-28476,-32768,1064,1502,-3946,-470,-4488,-7796,-1364
-22684,-32768,176,1524,-3651,-284,-5972,-8404,-4184
-14536,-32768,-732,1468,-3029,1105,-7456,-8500,-6040
-14536,-32768,-732,1468,-3029,1105,-7456,-8500,-6040
-12648,-32768,-4792,-683,-6211,3515,-6700,-5896,-8248
-12648,-32768,-4792,-683,-6211,3515,-6700,-5896,-8248
-14276,-30348,-9888,-1416,-5785,4010,-7724,-2712,-9176
-14276,-30348,-9888,-1416,-5785,4010,-7724,-2712,-9176
-14768,-26696,-8964,-2351,-5098,5159,-2352,-5340,-3764
-13548,-27928,-7092,-2571,-4838,5664,-956,-4876,-3052
-13548,-27928,-7092,-2571,-4838,5664,-956,-4876,-3052
-10968,-32084,776,-2241,-4338,6902,5884,-6928,-1128
-8920,-31000,2796,-1734,-3986,7210,10388,-7080,1240
-8920,-31000,2796,-1734,-3986,7210,10388,-7080,1240
-8360,-27480,4816,-896,1631,6328,7196,2764,2296
-8360,-27480,4816,-896,1631,6328,7196,2764,2296
-8444,-22720,2632,-486,3166,5579,-7104,11072,2344
-8444,-22720,2632,-486,3166,5579,-7104,11072,2344
-8756,-21812,-1556,-541,1380,4763,-3952,8900,3480
-8756,-21812,-1556,-541,1380,4763,-3952,8900,3480
-10508,-32484,1044,40,2096,2382,1172,6024,2900
-10508,-32484,1044,40,2096,2382,1172,6024,2900
-7660,-32768,15500,691,4305,1246,5840,2488,96
-7660,-32768,15500,691,4305,1246,5840,2488,96
-15412,-32768,20180,304,3575,-1411,23360,412,4640
-20768,-32768,21336,-472,3042,-890,24784,14576,8400
-20768,-32768,21336,-472,3042,-890,24784,14576,8400
-18228,-32768,29856,-8409,-1856,2560,30304,32767,6884
-18228,-32768,29856,-8409,-1856,2560,30304,32767,6884
900,-32768,32767,-26831,-32768,458,28328,32767,27316
900,-32768,32767,-26831,-32768,458,28328,32767,27316
20944,-32768,32767,18909,-32768,-7124,5292,23388,-14292
20944,-32768,32767,18909,-32768,-7124,5292,23388,-14292
28568,-32768,32767,11862,14106,6494,22920,32767,-19064
28568,-32768,32767,11862,14106,6494,22920,32767,-19064
4660,-32768,32767,4634,3720,-5437,18204,32767,-17124
4660,-32768,32767,4634,3720,-5437,18204,32767,-17124
-14076,-32768,32767,2762,1516,-9466,25716,32767,-13992
-17852,-32768,32767,2333,-2659,-6857,22384,32767,-5960
-17852,-32768,32767,2333,-2659,-6857,22384,32767,-5960
-12132,-32768,32424,-1535,7983,-3653,16472,28208,-2448
-12132,-32768,32424,-1535,7983,-3653,16472,28208,-2448
-5972,-32768,18316,-1396,5818,-745,10448,24324,2464
-5972,-32768,18316,-1396,5818,-745,10448,24324,2464
1220,-32768,14828,-993,4862,7360,12492,20772,11008
1220,-32768,14828,-993,4862,7360,12492,20772,11008
-828,-32768,9028,-2568,-1784,13046,7548,14872,14156
-828,-32768,9028,-2568,-1784,13046,7548,14872,14156
-3476,-32768,3060,-1503,7489,10232,3064,5956,12032
-3476,-32768,3060,-1503,7489,10232,3064,5956,12032
-3280,-30996,2172,-338,11175,6020,4048,-4968,10148
-3280,-30996,2172,-338,11175,6020,4048,-4968,10148
-6852,-30448,1364,-541,18493,1791,-2768,-2584,1728
-6852,-30448,1364,-541,18493,1791,-2768,-2584,1728
-10420,-30204,1672,-1820,10730,3371,-5876,-3908,-10068
-10420,-30204,1672,-1820,10730,3371,-5876,-3908,-10068
-16540,-32192,248,-2371,8998,7251,-5004,-9936,-6056
-16540,-32192,248,-2371,8998,7251,-5004,-9936,-6056
-19152,-32768,-172,-4556,7157,4416,-7436,-6348,-12120
-19152,-32768,-172,-4556,7157,4416,-7436,-6348,-12120
-21836,-32768,-2152,-3783,4979,3207,-1984,-3820,-6408
-23408,-32768,-3716,-3581,5864,1609,-664,-5720,-6860
-23408,-32768,-3716,-3581,5864,1609,-664,-5720,-6860
-23080,-32768,-4072,-85,1814,-1887,1064,-4144,-1096
-23080,-32768,-4072,-85,1814,-1887,1064,-4144,-1096
-21900,-31964,-4024,4471,125,-6309,-472,-552,3080
-21900,-31964,-4024,4471,125,-6309,-472,-552,3080
-19236,-32768,-4108,5582,-5428,-8675,-4256,-644,4436
-19236,-32768,-4108,5582,-5428,-8675,-4256,-644,4436
-17444,-32768,-5068,2566,-4396,-8823,-3128,1816,3072
-17444,-32768,-5068,2566,-4396,-8823,-3128,1816,3072
-19124,-32768,-6420,621,-805,-8820,-4420,5368,1912
-19124,-32768,-6420,621,-805,-8820,-4420,5368,1912
-19044,-32768,-4060,-1630,-3041,-9360,652,1736,572
-19044,-32768,-4060,-1630,-3041,-9360,652,1736,572
-20672,-32768,-2072,879,-1140,-8375,4428,2060,-1676
-20672,-32768,-2072,879,-1140,-8375,4428,2060,-1676
-22640,-32768,-952,3080,-924,-4537,8088,3112,-5804
-22640,-32768,-952,3080,-924,-4537,8088,3112,-5804
-16652,-32768,-284,3569,353,699,7176,1048,-24840
-16652,-32768,-284,3569,353,699,7176,1048,-24840
-18676,-30432,-2544,2811,2996,5264,32767,27236,6672
-18676,-30432,-2544,2811,2996,5264,32767,27236,6672
-8636,-22836,-4292,196,2470,9075,-20688,30984,-3800
-8636,-22836,-4292,196,2470,9075,-20688,30984,-3800
-13636,-17316,-4492,-2105,3515,7054,32767,8572,32767
-13636,-17316,-4492,-2105,3515,7054,32767,8572,32767
-32768,6212,-7044,-6399,8480,-2808,-32768,31860,-32768
-32768,22156,-9000,-6825,12319,-9094,15264,24192,-13932
-32768,22156,-9000,-6825,12319,-9094,15264,24192,-13932
-32768,32767,-11920,-5039,12418,-16619,16712,9868,-24172
-32768,32767,-11920,-5039,12418,-16619,16712,9868,-24172
-32768,32767,-10660,-5352,12490,-7870,-12536,32767,-32768
-32768,32767,-10660,-5352,12490,-7870,-12536,32767,-32768
-32768,32767,-2716,646,1662,2075,32767,32767,-31804
-32768,32767,-2716,646,1662,2075,32767,32767,-31804
-32768,32767,3836,2574,3914,3979,20872,11888,3220
-32768,32767,3836,2574,3914,3979,20872,11888,3220
-32768,32767,8312,2471,4224,4580,13952,32767,-11332
-32768,32767,8312,2471,4224,4580,13952,32767,-11332
-32768,32767,14224,1487,3309,4927,26360,28024,5168
-32768,32767,14224,1487,3309,4927,26360,28024,5168
-27392,26476,14920,202,3188,6423,12528,30296,-3564
-27392,26476,14920,202,3188,6423,12528,30296,-3564
-23776,20088,10160,-1309,2990,7449,3572,22344,-10600
-23776,20088,10160,-1309,2990,7449,3572,22344,-10600
-23500,8964,2856,-1239,-40,6893,8764,13152,-2644
-23500,8964,2856,-1239,-40,6893,8764,13152,-2644
-25376,196,1232,-870,690,6130,6224,12084,-4024
-25376,196,1232,-870,690,6130,6224,12084,-4024
-28956,-11988,-24,10,2749,5031,5488,10112,-1368
-30132,-16952,680,609,2852,4360,9648,11728,2604
-30132,-16952,680,609,2852,4360,9648,11728,2604
-32732,-31828,3192,662,3776,4572,11092,32767,4340
-32732,-31828,3192,662,3776,4572,11092,32767,4340
-30768,-32768,2624,-1185,527,6073,20456,25744,4104
-30768,-32768,2624,-1185,527,6073,20456,25744,4104
-30112,-32768,444,-2493,-1050,6379,4376,2080,1708
-30112,-32768,444,-2493,-1050,6379,4376,2080,1708
-25008,-32768,-88,-3411,-999,4983,-2344,2908,2088
-25008,-32768,-88,-3411,-999,4983,-2344,2908,2088
-23584,-32768,-2636,-3262,-309,1836,-2432,-1036,-2412
-23584,-32768,-2636,-3262,-309,1836,-2432,-1036,-2412
-20680,-32768,-2644,-1625,-1329,-218,312,-8116,-4760
-20680,-32768,-2644,-1625,-1329,-218,312,-8116,-4760
-9048,-32768,-2324,-745,-4717,1264,-3820,-8892,-8692
-9376,-32768,-4508,-240,-6281,2549,-5840,-5668,-7404
-9376,-32768,-4508,-240,-6281,2549,-5840,-5668,-7404
-11028,-32768,-10124,229,-7912,5276,-10076,-432,-9796
-9980,-32444,-10156,606,-7131,6329,-6124,-2768,-5308
-9980,-32444,-10156,606,-7131,6329,-6124,-2768,-5308
-9196,-30516,-9100,446,-7170,7532,596,-8032,812
-9196,-30516,-9100,446,-7170,7532,596,-8032,812
-6988,-29244,-1936,511,-7275,8724,1904,-6128,2200
-6988,-29244,-1936,511,-7275,8724,1904,-6128,2200
-5540,-26616,5280,1122,-5533,9453,4068,-2416,5184
-6192,-25092,6104,1309,-4781,9381,2024,340,3196
-6192,-25092,6104,1309,-4781,9381,2024,340,3196
-7924,-22120,3152,157,-573,7975,-5812,5196,2728
-7924,-22120,3152,157,-573,7975,-5812,5196,2728
-7188,-21704,-3448,-906,1086,6263,-2972,5488,3836
-7188,-21704,-3448,-906,1086,6263,-2972,5488,3836
3576,-25228,1020,-1493,-218,3355,1944,2124,3400
3576,-25228,1020,-1493,-218,3355,1944,2124,3400
-3000,-29628,3468,-1932,-791,2405,12408,-3724,168
-8748,-32768,4780,-2144,-661,1810,19912,-1776,3268
-8748,-32768,4780,-2144,-661,1810,19912,-1776,3268
-11600,-32768,4600,-3179,-2185,719,14276,15980,1704
-11600,-32768,4600,-3179,-2185,719,14276,15980,1704
-4408,-32768,4160,-3959,-4029,510,10092,32767,3292
-4408,-32768,4160,-3959,-4029,510,10092,32767,3292
12968,-32768,13684,-12827,-4926,2399,25048,21496,10948
12968,-32768,13684,-12827,-4926,2399,25048,21496,10948
13416,-32768,19352,-31743,-32768,1832,5708,7164,232
13416,-32768,19352,-31743,-32768,1832,5708,7164,232
13628,-32768,22936,6244,-32768,-4451,2948,23608,-9960
13628,-32768,22936,6244,-32768,-4451,2948,23608,-9960
19984,-32768,32767,-8795,5850,14881,17560,32767,-12356
19984,-32768,32767,-8795,5850,14881,17560,32767,-12356
17956,-32768,32767,4795,11738,-1322,25628,32767,-6284
17956,-32768,32767,4795,11738,-1322,25628,32767,-6284
4136,-32768,32767,2488,6216,-12884,29732,32767,-1580
4136,-32768,32767,2488,6216,-12884,29732,32767,-1580
-1736,-32768,32767,-3755,-8302,-3932,28632,32544,-3996
-1736,-32768,32767,-3755,-8302,-3932,28632,32544,-3996
76,-32768,26864,-2048,1544,319,19520,32524,-6228
76,-32768,26864,-2048,1544,319,19520,32524,-6228
876,-32768,21504,-2032,-1456,7899,15036,27496,1920
876,-32768,21504,-2032,-1456,7899,15036,27496,1920
1240,-32768,16688,-1865,-121,10380,14764,24916,5372
1192,-32768,13556,-1603,-241,10565,11072,25316,896
1192,-32768,13556,-1603,-241,10565,11072,25316,896
2752,-32768,9452,-1085,5914,7531,15708,25548,13324
2752,-32768,9452,-1085,5914,7531,15708,25548,13324
-200,-32768,7708,-427,11332,4967,9596,19552,11560
-200,-32768,7708,-427,11332,4967,9596,19552,11560
-700,-32768,6556,-568,15324,3957,6960,9996,2880
-700,-32768,6556,-568,15324,3957,6960,9996,2880
-1484,-32768,3744,-70,17039,5371,9848,3512,-2316
-1484,-32768,3744,-70,17039,5371,9848,3512,-2316
852,-32768,40,-1215,15550,5810,4396,4580,-5180
852,-32768,40,-1215,15550,5810,4396,4580,-5180
668,-32768,-3092,-835,13529,6376,-5380,416,-3632
668,-32768,-3092,-835,13529,6376,-5380,416,-3632
-6428,-32768,-5396,-2697,4709,4276,-2288,-8040,-2436
-6428,-32768,-5396,-2697,4709,4276,-2288,-8040,-2436
-15800,-32768,-6236,-1822,9792,2540,-4932,-10820,-4888
-18520,-32768,-5988,-1343,10247,1460,-6108,-9044,-7004
-18520,-32768,-5988,-1343,10247,1460,-6108,-9044,-7004
-20372,-32768,-5348,-2081,5365,-3429,-3836,-6276,-6636
-20372,-32768,-5348,-2081,5365,-3429,-3836,-6276,-6636
-21124,-32768,-4176,831,3421,-11067,-676,-6812,-2520
-21124,-32768,-4176,831,3421,-11067,-676,-6812,-2520
-21872,-32768,-4340,3920,518,-11603,-2216,-1172,3596
-21872,-32768,-4340,3920,518,-11603,-2216,-1172,3596
-22164,-32768,-6176,5464,-2053,-11779,-6984,4256,3636
-22164,-32768,-6176,5464,-2053,-11779,-6984,4256,3636
-20404,-31048,-8436,2776,-3102,-6475,-8428,-304,-652
-20404,-31048,-8436,2776,-3102,-6475,-8428,-304,-652
-19900,-30396,-8040,-186,387,-2868,-4332,-1024,456
-19900,-30396,-8040,-186,387,-2868,-4332,-1024,456
-18752,-31200,-5792,-900,-1299,-2977,472,1392,-2188
-19032,-30596,-5112,198,-442,-3507,4296,160,2284
-19032,-30596,-5112,198,-442,-3507,4296,160,2284
-23160,-29312,-3200,2312,1653,37,6828,3428,2816
-23160,-29312,-3200,2312,1653,37,6828,3428,2816
-23576,-28508,-3228,2828,1307,1461,576,-844,-6116
-23576,-28508,-3228,2828,1307,1461,576,-844,-6116
-23988,-24268,-4460,2273,-386,3761,1024,4608,-3992
-23988,-24268,-4460,2273,-386,3761,1024,4608,-3992
-18952,-21608,-3444,276,-2022,4618,-7128,7760,-10920
-18952,-21608,-3444,276,-2022,4618,-7128,7760,-10920
-20440,-18988,-880,-1537,-1514,3051,32767,11108,7692
-20440,-18988,-880,-1537,-1514,3051,32767,11108,7692
-28420,-5112,-1652,-2350,545,1918,5496,32767,19220
-28420,-5112,-1652,-2350,545,1918,5496,32767,19220
-32768,25684,-4920,-4559,-745,2229,-4408,30056,-9820
-32768,25684,-4920,-4559,-745,2229,-4408,30056,-9820
-32768,32767,-6624,-7311,6896,-1764,10348,13072,5704
-32768,32767,-6624,-7311,6896,-1764,10348,13072,5704
-32768,32767,-1928,-9024,11399,-6641,9588,32767,-22440
-32768,32767,-1928,-9024,11399,-6641,9588,32767,-22440
-32768,32767,1320,-6090,167,-8857,-15636,32767,-32768
-32768,32767,1320,-6090,167,-8857,-15636,32767,-32768
-32768,32767,3840,-4786,-2610,408,32767,32767,-14484
-32768,32767,3840,-4786,-2610,408,32767,32767,-14484
-5500,32767,3612,-3693,124,6728,13652,-5944,-5388
-5500,32767,3612,-3693,124,6728,13652,-5944,-5388
-32768,32767,12172,-1750,2940,3035,12856,32767,-10572
-32768,32767,12172,-1750,2940,3035,12856,32767,-10572
-17616,32767,13032,-190,6339,738,26304,31760,7640
-17616,32767,13032,-190,6339,738,26304,31760,7640
-27980,30372,12324,-949,6895,1788,12644,32767,-1240
-27980,30372,12324,-949,6895,1788,12644,32767,-1240
-22052,20784,11920,-1650,2873,4242,6592,21560,-18536
-22052,20784,11920,-1650,2873,4242,6592,21560,-18536
-28120,5440,5204,-1960,430,5164,26656,9468,-6244
-28120,5440,5204,-1960,430,5164,26656,9468,-6244
