-10808,-9852,-12,-1634,20,2393,9532,11756,-2592
-10808,-9852,-12,-1634,20,2393,9532,11756,-2592
-10840,-9884,-40,-1586,-300,2699,10580,11732,-2580
-11028,-9760,-156,-1583,-473,2866,10768,11668,-2772
-11028,-9760,-156,-1583,-473,2866,10768,11668,-2772
-11324,-9956,-24,-1608,-638,3225,9708,11888,-2244
-11324,-9956,-24,-1608,-638,3225,9708,11888,-2244
-11512,-10164,-264,-1707,-673,3283,9528,11156,-1664
-11512,-10164,-264,-1707,-673,3283,9528,11156,-1664
-11340,-10100,-212,-1776,-703,3129,10456,10644,-776
-11376,-10168,-428,-1824,-739,3025,10480,10592,-660
-11376,-10168,-428,-1824,-739,3025,10480,10592,-660
-10968,-10196,-544,-1838,-743,2636,10052,10244,-1480
-10968,-10196,-544,-1838,-743,2636,10052,10244,-1480
-10724,-10320,-736,-1908,-464,2037,9880,11312,-2780
-10724,-10320,-736,-1908,-464,2037,9880,11312,-2780
-10964,-10320,-796,-1801,-404,1645,11416,12908,-3556
-11020,-10484,-960,-1726,-397,1607,11388,13012,-3548
-11148,-10504,-956,-1670,-447,1616,11040,13068,-3656
-11228,-10540,-1000,-1611,-411,1568,10748,12484,-3388
-11472,-10676,-1168,-1547,-425,1533,10784,12088,-2812
-11528,-10804,-1120,-1562,-377,1491,10560,11716,-2376
-11488,-11072,-1188,-1577,-286,1465,9824,10888,-2128
-11364,-11228,-1028,-1623,-167,1464,9368,10708,-2016
-11188,-11140,-1036,-1625,-61,1394,9272,10444,-2064
-11188,-11140,-1036,-1625,-61,1394,9272,10444,-2064
-10796,-11372,-1000,-1595,79,1146,9244,9996,-2256
-10580,-11500,-812,-1589,104,937,9056,10552,-2664
-10676,-11684,-1016,-1506,62,723,9076,11064,-3056
-10720,-11728,-892,-1424,26,583,9844,11644,-3480
-10992,-11876,-920,-1301,75,484,10472,12312,-4048
-11216,-11944,-704,-1146,164,457,10352,13276,-4548
-11628,-12120,-824,-1067,296,432,10500,13620,-4884
-11644,-12316,-616,-1004,386,437,10804,13272,-5100
-11960,-12540,-444,-960,689,423,10844,12972,-4988
-11948,-12616,-404,-916,803,405,10556,12628,-4412
-11876,-12792,-372,-900,898,458,10344,12052,-3668
-11768,-12880,-196,-895,1003,540,9988,11716,-3348
-11524,-13044,-176,-889,1133,526,9616,11360,-2780
-11460,-13136,-192,-831,1247,412,9116,11156,-2280
-11176,-13344,-52,-809,1172,331,9196,11148,-2128
-11148,-13512,72,-748,1120,218,9488,11136,-1984
-10956,-13716,4,-735,992,89,9160,11428,-2388
-10812,-13792,160,-741,837,-22,8956,11576,-2884
-10704,-13908,212,-686,755,-132,9532,11908,-3616
-10660,-14084,192,-696,539,-110,10468,12720,-4136
-10548,-14076,124,-679,400,-76,10748,12840,-4592
-10696,-14264,68,-642,272,80,10604,12856,-4636
-10812,-14248,220,-626,191,315,10508,12824,-4308
-10832,-14400,204,-592,223,594,10424,12216,-3904
-10828,-14420,344,-567,187,897,9912,11788,-3352
-10836,-14500,288,-577,209,1092,9440,11476,-2952
-10912,-14584,508,-612,192,1233,9188,11220,-2276
-10820,-14712,540,-641,182,1334,8704,11092,-1968
-10648,-14660,588,-693,146,1411,8600,11120,-1688
-10400,-14500,444,-751,62,1463,8716,10896,-1960
-10508,-14416,544,-791,-18,1429,9056,11448,-2320
-10424,-14240,472,-841,-199,1416,9404,11408,-3036
-10336,-14040,416,-877,-302,1370,9924,11756,-3628
-10548,-13820,292,-861,-366,1371,9840,12036,-3720
-10704,-13664,172,-902,-372,1442,9592,12508,-4188
-10704,-13664,172,-902,-372,1442,9592,12508,-4188
-10956,-13412,316,-943,-262,1697,9656,12616,-4616
-11264,-13360,348,-955,-275,1833,9812,12364,-4560
-11264,-13360,348,-955,-275,1833,9812,12364,-4560
-11580,-13224,392,-971,-315,2160,9236,11928,-4088
-11696,-13120,300,-1026,-295,2247,9276,11724,-3688
-11660,-13040,452,-1015,-275,2306,8824,11676,-3288
-11624,-12936,356,-1023,-316,2377,8680,11308,-3188
-11624,-12936,356,-1023,-316,2377,8680,11308,-3188
-11268,-12484,108,-1015,-235,2413,9080,11648,-3588
-11240,-12480,-64,-984,-189,2400,9388,11764,-3812
-11296,-12360,-272,-979,-163,2423,9200,11940,-4240
-11244,-12284,-244,-1009,-117,2453,9028,11904,-4400
-11244,-12284,-244,-1009,-117,2453,9028,11904,-4400
-11332,-12192,-280,-1011,-91,2525,9384,12200,-4716
-11544,-11980,-300,-966,-166,2610,9504,12304,-4880
-11744,-11980,-452,-898,-218,2703,9356,12152,-4608
-11744,-11980,-452,-898,-218,2703,9356,12152,-4608
-11876,-11916,-564,-875,-194,3016,9304,11696,-4340
-12100,-11748,-368,-855,-144,3106,9512,11488,-3868
-12116,-11668,-392,-811,-112,3220,9268,11480,-3756
-12116,-11668,-392,-811,-112,3220,9268,11480,-3756
-12176,-11540,-264,-793,-94,3393,9064,11432,-3324
-12168,-11440,-520,-748,-106,3471,9228,11496,-3048
-12128,-11232,-488,-732,-114,3545,9136,11532,-3060
-12264,-11080,-448,-733,-168,3594,9464,11564,-2936
-12264,-11080,-448,-733,-168,3594,9464,11564,-2936
-12156,-10904,-528,-779,-363,3681,9884,11956,-3172
-12144,-10780,-656,-823,-406,3706,10020,12084,-3176
-12168,-10740,-624,-833,-497,3732,10236,12096,-3064
-12264,-10648,-732,-847,-579,3811,10404,11856,-2980
-12268,-10508,-832,-886,-607,3887,10264,11764,-2896
-12248,-10448,-824,-899,-600,3963,10308,11652,-2536
-12168,-10384,-760,-935,-586,3999,9968,11628,-2588
-12020,-10200,-748,-956,-553,4042,9932,11516,-2532
-11992,-10212,-556,-963,-510,4016,10068,11588,-2356
-11920,-10024,-448,-1008,-438,3994,9816,11708,-2504
-11848,-10020,-724,-989,-382,3961,9856,11732,-2496
-11736,-9912,-656,-997,-360,3919,10080,11752,-2748
-11672,-9840,-548,-980,-348,3886,10804,11792,-3016
-11692,-9808,-552,-982,-440,3882,11304,11992,-2668
-11604,-9760,-400,-983,-352,3807,11356,11792,-2720
-11552,-9616,-248,-954,-383,3783,10932,12028,-1956
-11628,-9552,-136,-1004,-388,3755,10112,12232,-2264
-11524,-9476,-112,-1003,-335,3742,9524,12212,-2496
-11424,-9428,-28,-1036,-397,3741,9792,11716,-2924
-11268,-9396,12,-1076,-353,3718,10540,11472,-3284
-11168,-9876,184,-1098,-404,3580,11560,11840,-2508
-10900,-10360,292,-1139,-536,3322,12028,12332,-1160
-10704,-11028,4,-1108,-800,3050,12480,12252,812
-10384,-11820,-12,-1032,-953,2777,11704,11796,1888
-9652,-13100,-52,-940,-1041,2542,11900,11112,3004
-8784,-13972,-188,-884,-949,2262,12372,11052,4104
-8372,-14240,-276,-855,-1000,1856,13368,11232,5768
-7952,-14592,-416,-898,-1197,1273,13304,10268,6632
-7880,-14780,-344,-936,-1503,693,12840,9232,6356
-7680,-14900,-368,-1012,-1723,149,12196,8316,5324
-7372,-15200,-228,-1183,-1730,-280,12624,7528,4424
-7044,-15116,-348,-1352,-1687,-1060,12440,7812,2484
-6844,-14800,-420,-1543,-1557,-1844,12124,7964,1104
-6508,-14452,-556,-1845,-1828,-2391,11704,9676,-812
-6200,-14084,-1012,-2075,-1653,-3425,7732,8916,-2104
-5828,-14052,-776,-2397,-1674,-4579,8416,10724,-3244
-5412,-13912,-764,-2627,-1419,-5850,8564,12176,-6272
-4776,-14416,-72,-2876,-1141,-7128,9260,13660,-7064
-4416,-14840,272,-3094,-538,-8212,8328,11772,-7664
-4028,-15476,308,-3336,280,-9437,8860,12068,-7040
-3536,-15896,512,-3542,851,-10400,10336,11892,-6464
-3536,-15896,512,-3542,851,-10400,10336,11892,-6464
-3100,-16948,348,-3634,1803,-11788,11152,12072,-5764
-2988,-17472,388,-3701,2359,-12309,8556,10976,-5816
-2752,-17816,-120,-3780,2857,-12678,5280,10320,-6344
-2508,-17992,-332,-4054,3917,-13592,6540,10068,-5164
-2484,-17964,-804,-4044,3875,-13890,6648,9676,-4528
-2660,-17740,-1560,-4131,3648,-13915,4376,9328,-5524
-2976,-17820,-1956,-4372,2693,-13771,4536,10532,-6452
-3388,-17776,-2556,-4363,2039,-13062,5384,11172,-7780
-3896,-17892,-2800,-4424,1342,-12239,6844,11096,-7900
-4244,-17996,-3168,-4397,796,-11284,6932,12008,-8768
-4432,-18056,-3832,-4308,257,-10378,8176,11184,-7956
-4868,-18212,-4240,-4332,-6,-9631,8368,11584,-8324
-5112,-18396,-4484,-4441,130,-9170,7932,12036,-8428
-5200,-18696,-4492,-4636,252,-8594,6228,12880,-9220
-5244,-19020,-4888,-4935,356,-8191,4784,12792,-11020
-5244,-19020,-4888,-4935,356,-8191,4784,12792,-11020
-5344,-19104,-4312,-5616,664,-8047,5560,10624,-10372
-5584,-19152,-4064,-5985,890,-8397,5656,9064,-8040
-6024,-18848,-3704,-6360,899,-8799,10784,8276,-3052
-6700,-18656,-3312,-6685,941,-9415,1996,9712,-7344
-7404,-18280,-3280,-6992,810,-9988,1916,6676,-5044
-8012,-17940,-3128,-7348,946,-10538,4656,6960,-4992
-8640,-17756,-2952,-7703,1011,-11145,6144,6900,-4944
-8852,-17476,-2908,-8010,1339,-11737,6208,8688,-5684
-8924,-17344,-3236,-8217,1890,-12336,7576,9428,-6452
-8852,-17192,-3152,-8166,2761,-13652,10284,8028,-6176
-8168,-16904,-3288,-8545,3663,-14429,10824,8248,-3340
-7700,-17004,-3216,-8929,4545,-15038,6008,9104,-4500
-7128,-16624,-3024,-9232,5346,-15731,5392,8384,-5192
-6688,-16076,-2924,-9623,5823,-15849,5708,10996,-8592
-6368,-15444,-2676,-9761,5992,-16250,5728,11360,-10420
-6368,-14860,-2556,-9491,6507,-16635,5876,9908,-10016
-6736,-13904,-2540,-9170,6920,-16918,5920,12524,-11084
-7172,-13272,-2508,-8839,7360,-17090,-660,15024,-13032
-7860,-12880,-2560,-8470,7966,-17040,1192,15356,-11224
-8616,-12624,-2752,-8046,8578,-16925,6528,15748,-10448
-9388,-12796,-2584,-7730,9367,-16882,11020,12380,-9452
-9564,-12936,-2748,-7365,10017,-16945,11692,11368,-7400
-9348,-13188,-2704,-7059,11168,-16992,892,12612,-7532
-8644,-13232,-2792,-6615,12664,-16731,-1380,11136,-7288
-7668,-13240,-3032,-6313,13900,-15909,1520,10128,-4628
-6748,-13128,-3224,-6017,14674,-15144,2436,8608,-3160
-6164,-13156,-3012,-5458,14756,-14883,292,11124,-4364
-5748,-13288,-3064,-5232,12951,-14394,876,10464,-6376
-5916,-13588,-2776,-5364,10375,-14209,2728,11424,-7520
-6856,-13456,-2616,-4549,8065,-13785,3924,13256,-6272
-6856,-13456,-2616,-4549,8065,-13785,3924,13256,-6272
-8852,-14272,-2776,-3085,6082,-12461,7012,15676,-2396
-9932,-14924,-2348,-2808,4655,-11896,5256,18912,132
-10652,-15532,-2352,-2728,2510,-11806,3716,22120,-420
-11168,-15720,-2468,-2838,265,-12348,2968,27716,-1508
-11452,-15772,-2760,-2907,-735,-14307,1328,24852,-1776
-11392,-15840,-3132,-3109,158,-17196,2268,20148,-2888
-11236,-16224,-3488,-3388,2261,-19900,2540,15924,-1328
-10648,-16656,-3804,-3864,3546,-21538,3068,14156,-1504
-10484,-16460,-4132,-4142,4198,-22309,4612,15020,-1588
-10328,-16592,-4504,-4300,4477,-22199,2968,16712,-2880
-10088,-16184,-4812,-4303,4757,-21758,1440,20352,-3308
-9700,-16064,-5228,-4386,5090,-21461,1656,25868,-3696
-9692,-15540,-5392,-4462,5937,-21518,-768,32288,-5032
-9496,-15376,-5560,-4405,6601,-22285,-1572,29504,-6292
-9576,-15104,-5632,-4352,6770,-22652,-1272,23504,-7132
-9276,-15044,-5700,-4347,6875,-23373,496,20140,-5072
-9004,-14716,-5780,-4249,7252,-24058,-188,18852,-3288
-8672,-14420,-5800,-4417,7580,-25610,-2096,18324,-3544
-8508,-14132,-5672,-4214,7256,-26504,-3116,18648,-3320
-8324,-14060,-5732,-4142,6795,-26791,-5176,19148,-4260
-8024,-14628,-5412,-4480,6561,-26697,-6420,19468,-5640
-7788,-14936,-5156,-4673,6690,-26512,-4356,19072,-5820
-7660,-14968,-5156,-5063,6881,-26260,-3236,19168,-6324
-7188,-15432,-5036,-5248,7176,-26015,-3160,18020,-6844
-6812,-15664,-5288,-5420,7010,-25778,-2920,18836,-5960
-6768,-15928,-5256,-5713,6879,-25735,-2508,18776,-5308
-6448,-16696,-5556,-5898,6713,-25417,-2708,18460,-4092
-6212,-17212,-5288,-6083,6610,-25123,-3200,17784,-3540
-6104,-17348,-5040,-6302,6620,-24695,-3100,16984,-1648
-5940,-17700,-4984,-6538,6731,-24174,-1320,17056,124
-5896,-17628,-5408,-6635,6608,-23882,-48,16432,528
-5568,-17864,-5744,-6783,6570,-23498,724,15496,1744
-5028,-18132,-5992,-6991,6284,-23122,428,16060,1668
-4324,-18200,-6568,-7280,5678,-22600,-1148,17024,1232
-3636,-18524,-7028,-7595,4886,-22083,-2256,17788,1436
-3016,-18596,-7720,-7903,4221,-21629,-3868,19616,-220
-2632,-17960,-8572,-8257,3818,-21282,-4756,19424,604
-2260,-17292,-9400,-8622,3820,-21201,-6668,19452,68
-2008,-16648,-10192,-8949,3736,-21090,-7756,19340,-728
-1836,-15848,-10700,-9135,3965,-21300,-9132,18864,-3684
-1360,-16216,-11004,-9481,3962,-21337,-8656,19208,-6356
-656,-17272,-11200,-9897,3815,-21513,-7304,17684,-7428
-152,-18256,-11196,-10016,4117,-21815,-6000,16264,-8980
-152,-18256,-11196,-10016,4117,-21815,-6000,16264,-8980
28,-16968,-12172,-9103,5078,-22671,-4724,16756,-11220
28,-16968,-12172,-9103,5078,-22671,-4724,16756,-11220
-1228,-14336,-13604,-7941,5423,-24300,292,15932,-8884
-1928,-13352,-14188,-7385,5554,-25053,2672,13168,-5644
-1928,-13352,-14188,-7385,5554,-25053,2672,13168,-5644
-4104,-12344,-12732,-6575,5604,-26734,2664,10600,-716
-4104,-12344,-12732,-6575,5604,-26734,2664,10600,-716
-6260,-10276,-11656,-6253,5982,-28216,956,13480,1608
-6260,-10276,-11656,-6253,5982,-28216,956,13480,1608
-7896,-8912,-10124,-6801,6555,-28561,-1904,15496,728
-7896,-8912,-10124,-6801,6555,-28561,-1904,15496,728
-9312,-8012,-9028,-8029,6813,-29742,-1120,12804,1752
-9312,-8012,-9028,-8029,6813,-29742,-1120,12804,1752
-11172,-8212,-8176,-10282,7637,-30959,4048,11236,3384
-11172,-8212,-8176,-10282,7637,-30959,4048,11236,3384
-13200,-8184,-7228,-11813,9125,-32041,8552,16084,3708
-13200,-8184,-7228,-11813,9125,-32041,8552,16084,3708
-14828,-6552,-6848,-13361,8032,-32768,11432,30432,2132
-14828,-6552,-6848,-13361,8032,-32768,11432,30432,2132
-15224,-5488,-7768,-10235,12034,-32768,6828,32767,-1856
-15768,-5576,-8060,-8650,13336,-32768,4940,32716,-3092
-15768,-5576,-8060,-8650,13336,-32768,4940,32716,-3092
-16736,-6820,-9316,-8077,8614,-32768,5384,21744,-3780
-16736,-6820,-9316,-8077,8614,-32768,5384,21744,-3780
-17028,-11000,-10480,-8160,1289,-32768,4440,17304,-7024
-17028,-11000,-10480,-8160,1289,-32768,4440,17304,-7024
-17208,-15584,-10232,-7254,-1934,-32768,-324,13660,-5624
-17208,-15584,-10232,-7254,-1934,-32768,-324,13660,-5624
-16080,-18460,-10580,-6073,-1298,-24381,-3216,11040,-5328
-16080,-18460,-10580,-6073,-1298,-24381,-3216,11040,-5328
-14380,-19436,-10440,-5011,460,-20564,-5628,12004,-6316
-14380,-19436,-10440,-5011,460,-20564,-5628,12004,-6316
-13460,-18708,-10632,-4423,1246,-18053,-3500,11272,-4892
-13688,-18404,-10060,-4610,516,-17198,-3256,9628,-3608
-13688,-18404,-10060,-4610,516,-17198,-3256,9628,-3608
-13496,-17232,-9208,-5441,1410,-17796,776,7252,68
-13496,-17232,-9208,-5441,1410,-17796,776,7252,68
-12428,-16484,-8252,-6120,2822,-18693,3728,10232,-480
-12428,-16484,-8252,-6120,2822,-18693,3728,10232,-480
-10568,-16368,-7300,-6424,1912,-18012,8704,13980,-1328
-10140,-16572,-6784,-6543,654,-17439,9972,17136,-2148
-10140,-16572,-6784,-6543,654,-17439,9972,17136,-2148
-8480,-15936,-5384,-7028,638,-17274,4464,19620,-3000
-8480,-15936,-5384,-7028,638,-17274,4464,19620,-3000
-8408,-15236,-4536,-8203,1970,-18388,-2784,15176,-380
-9016,-14816,-4152,-8839,2335,-18820,-2600,11652,216
-9016,-14816,-4152,-8839,2335,-18820,-2600,11652,216
-9532,-13956,-3884,-9737,2334,-19034,2752,9224,-2088
-9532,-13956,-3884,-9737,2334,-19034,2752,9224,-2088
-9448,-12924,-3944,-9839,3081,-19094,6768,13676,-7152
-9260,-12632,-4132,-9615,3211,-18914,9628,14740,-6864
-9260,-12632,-4132,-9615,3211,-18914,9628,14740,-6864
-9044,-11900,-4288,-8786,3309,-18162,7340,17476,-7608
-9044,-11900,-4288,-8786,3309,-18162,7340,17476,-7608
-8492,-12200,-4412,-7968,4358,-17890,5800,16988,-6060
-8344,-12792,-4308,-7806,4903,-18026,6428,15624,-6072
-8344,-12792,-4308,-7806,4903,-18026,6428,15624,-6072
-9012,-12652,-4964,-7717,5595,-18562,7308,14444,-2888
-9012,-12652,-4964,-7717,5595,-18562,7308,14444,-2888
-10136,-12080,-6204,-7610,4841,-19224,6688,11748,920
-10136,-12080,-6204,-7610,4841,-19224,6688,11748,920
-10424,-12132,-6444,-7203,3791,-20061,7528,14200,-396
-10116,-12060,-6268,-7001,3341,-20479,10480,14044,940
-10116,-12060,-6268,-7001,3341,-20479,10480,14044,940
-10088,-11936,-5508,-7221,2657,-20655,4480,13244,2632
-10088,-11936,-5508,-7221,2657,-20655,4480,13244,2632
-11244,-11720,-5020,-8202,2691,-20226,2484,12908,920
-11760,-11440,-4864,-8755,3003,-19930,1816,14680,-1580
-11760,-11440,-4864,-8755,3003,-19930,1816,14680,-1580
-12932,-11556,-5180,-9470,4347,-19139,3960,13860,-3652
-13388,-11548,-5452,-9587,4958,-18556,3256,14800,-6176
-13388,-11548,-5452,-9587,4958,-18556,3256,14800,-6176
-13456,-12020,-6020,-9371,5512,-17683,6512,12908,-5480
-13456,-12020,-6020,-9371,5512,-17683,6512,12908,-5480
-13640,-13256,-6312,-8715,6050,-17863,8232,11972,-4612
-13640,-13256,-6312,-8715,6050,-17863,8232,11972,-4612
-12724,-14084,-6436,-8241,6203,-18557,9676,13708,-3136
-12724,-14084,-6436,-8241,6203,-18557,9676,13708,-3136
-12068,-13740,-6184,-8270,5694,-18944,-1524,16784,-2252
-12000,-13472,-6344,-7920,5366,-19153,-2192,16944,-2256
-12000,-13472,-6344,-7920,5366,-19153,-2192,16944,-2256
-11764,-13412,-6108,-7790,3643,-19678,2972,14232,-3168
-11424,-13820,-5972,-7780,3021,-19667,8756,12864,-3704
-11424,-13820,-5972,-7780,3021,-19667,8756,12864,-3704
-11628,-14920,-5908,-8046,2506,-18907,11760,15764,-3212
-11628,-14920,-5908,-8046,2506,-18907,11760,15764,-3212
-10320,-15832,-4996,-8316,3300,-17720,7804,15584,1264
-10320,-15832,-4996,-8316,3300,-17720,7804,15584,1264
-8632,-17520,-3844,-8982,4281,-17020,2864,10996,1872
-7712,-18780,-3716,-9369,4738,-16877,1676,11396,2280
-7712,-18780,-3716,-9369,4738,-16877,1676,11396,2280
-6204,-21496,-4136,-10368,5638,-17144,1752,10672,2892
-6204,-21496,-4136,-10368,5638,-17144,1752,10672,2892
-5420,-21224,-5332,-11471,6225,-17963,3992,8272,1884
-5420,-21224,-5332,-11471,6225,-17963,3992,8272,1884
-5324,-18984,-5884,-12064,6874,-19946,4828,13152,1596
-5324,-18984,-5884,-12064,6874,-19946,4828,13152,1596
-5104,-19068,-5324,-12409,7144,-21219,3364,15992,-392
-5104,-19068,-5324,-12409,7144,-21219,3364,15992,-392
-4104,-20748,-4640,-12221,7605,-23280,8320,17908,-2924
-4104,-20748,-4640,-12221,7605,-23280,8320,17908,-2924
-3780,-21276,-3804,-11644,7747,-25177,6956,22460,-5812
-3780,-21276,-3804,-11644,7747,-25177,6956,22460,-5812
-4012,-21040,-4076,-10748,8692,-26164,3668,23368,-8744
-3652,-21072,-4232,-10492,9364,-26467,3780,20168,-8672
-3652,-21072,-4232,-10492,9364,-26467,3780,20168,-8672
-1380,-23692,-4796,-9944,10644,-27334,2012,13616,-8124
-1380,-23692,-4796,-9944,10644,-27334,2012,13616,-8124
568,-25364,-5832,-9562,10552,-28158,-2056,9516,-9088
568,-25364,-5832,-9562,10552,-28158,-2056,9516,-9088
96,-25752,-6812,-9545,8679,-29039,-996,7948,-10636
-892,-25620,-6852,-9685,7842,-29451,1744,8352,-11276
-892,-25620,-6852,-9685,7842,-29451,1744,8352,-11276
-4068,-25524,-6544,-9866,5860,-29655,7460,15348,-11496
-4068,-25524,-6544,-9866,5860,-29655,7460,15348,-11496
-5128,-26616,-6464,-7960,5337,-28795,7480,25032,-10580
-5128,-26616,-6464,-7960,5337,-28795,7480,25032,-10580
-3968,-29024,-6988,-6550,7116,-26331,4,23468,-9964
-3968,-29024,-6988,-6550,7116,-26331,4,23468,-9964
-1688,-31488,-8024,-7218,7862,-25108,108,16884,-10476
-844,-32640,-8520,-7676,8558,-24879,-272,14596,-11444
-844,-32640,-8520,-7676,8558,-24879,-272,14596,-11444
-996,-32768,-8344,-7635,9590,-23923,-320,12376,-14772
-996,-32768,-8344,-7635,9590,-23923,-320,12376,-14772
-2884,-31676,-6808,-7130,8812,-20590,3136,8980,-12992
-3780,-31168,-6592,-6846,7812,-18703,3780,8292,-11992
-3780,-31168,-6592,-6846,7812,-18703,3780,8292,-11992
-4688,-31096,-4460,-5914,7865,-12930,1384,6752,-8500
-4688,-31096,-4460,-5914,7865,-12930,1384,6752,-8500
-6016,-30668,-4988,-5420,6189,-6640,1872,13608,-5468
-6784,-30144,-4840,-5451,4157,-4859,11820,18808,-2760
-6784,-30144,-4840,-5451,4157,-4859,11820,18808,-2760
-8564,-28004,-6080,-4908,92,758,11784,12336,-788
-8564,-28004,-6080,-4908,92,758,11784,12336,-788
-9484,-27044,-7244,-4214,-1203,4784,13016,11236,3660
-9484,-27044,-7244,-4214,-1203,4784,13016,11236,3660
-8976,-28164,-7888,-3690,-431,6852,10216,11952,680
-8976,-28164,-7888,-3690,-431,6852,10216,11952,680
-6964,-26644,-6528,-4004,-1864,3432,7488,12220,-2992
-6964,-26644,-6528,-4004,-1864,3432,7488,12220,-2992
-6232,-26748,-4912,-3993,1198,-7281,6868,12260,-7296
-6232,-26748,-4912,-3993,1198,-7281,6868,12260,-7296
-6340,-24664,-3376,-3415,4426,-6761,8296,11296,-11036
-7540,-23204,-3284,-3236,5752,-8966,7284,10836,-11900
-7540,-23204,-3284,-3236,5752,-8966,7284,10836,-11900
-3228,-13444,-1740,-3278,6160,-8166,10100,11960,-8568
-3228,-13444,-1740,-3278,6160,-8166,10100,11960,-8568
-8336,-17076,-3536,-4364,7665,-7774,10280,12676,-7164
-7420,-16308,-4916,-4452,8254,-7339,10292,11168,-6416
-7420,-16308,-4916,-4452,8254,-7339,10292,11168,-6416
-6176,-16096,-5068,-4206,7802,-6610,12200,11428,-2336
-6176,-16096,-5068,-4206,7802,-6610,12200,11428,-2336
-4196,-15820,-4436,-3555,6220,-5207,10328,11096,-620
-4196,-15820,-4436,-3555,6220,-5207,10328,11096,-620
-3188,-16516,-1404,-3068,4828,-4648,9416,10852,-660
-2480,-15896,-176,-2836,4447,-4614,8648,10528,-1208
-2480,-15896,-176,-2836,4447,-4614,8648,10528,-1208
-3460,-14380,1404,-2345,4146,-5043,8888,10996,-1984
-3460,-14380,1404,-2345,4146,-5043,8888,10996,-1984
-6440,-10656,388,-1891,4971,-5111,9564,11252,-3080
-6440,-10656,388,-1891,4971,-5111,9564,11252,-3080
-7852,-9944,-1196,-2669,3362,-3351,9760,10740,-3580
-6472,-11208,-2480,-2888,2951,-2207,9976,10456,-3096
-6472,-11208,-2480,-2888,2951,-2207,9976,10456,-3096
4468,-12204,1188,-3184,1277,128,10808,9372,-2268
4468,-12204,1188,-3184,1277,128,10808,9372,-2268
7424,-10800,6680,-2735,655,1457,11076,9160,-3008
7424,-10800,6680,-2735,655,1457,11076,9160,-3008
-3760,-4688,12096,-2689,717,1478,10560,11000,-4240
-11348,-2528,11344,-2662,1015,1417,9792,11972,-4736
-11348,-2528,11344,-2662,1015,1417,9792,11972,-4736
-32768,32767,32767,-2426,1482,1307,9700,13020,-5792
-32768,32767,32767,-2426,1482,1307,9700,13020,-5792
32767,32767,32767,-1080,1122,1464,9412,13032,-6032
19328,4688,-6448,-1048,450,1578,9888,13148,-5696
19328,4688,-6448,-1048,450,1578,9888,13148,-5696
10556,2860,13868,-1398,-1071,2781,8484,12568,-5128
10556,2860,13868,-1398,-1071,2781,8484,12568,-5128
11084,1660,-17372,-1112,-2404,5086,7728,11812,-4564
11084,1660,-17372,-1112,-2404,5086,7728,11812,-4564
13620,6416,5532,-312,-2179,6013,8612,11012,-3452
13620,6416,5532,-312,-2179,6013,8612,11012,-3452
14716,-5052,10708,-1,-1896,5215,9304,10616,-2632
14716,-5052,10708,-1,-1896,5215,9304,10616,-2632
19640,-2396,11256,-596,-962,3098,10532,11192,-2192
19640,-2396,11256,-596,-962,3098,10532,11192,-2192
18876,-2156,11180,-853,-642,2332,11056,11972,-3140
18876,-2156,11180,-853,-642,2332,11056,11972,-3140
15896,-408,10952,-783,-1517,3278,11708,11556,-3340
15172,-832,10592,-712,-1760,4138,12312,11948,-3508
15172,-832,10592,-712,-1760,4138,12312,11948,-3508
12044,-2128,10632,-723,-1814,5428,11184,12440,-3604
12044,-2128,10632,-723,-1814,5428,11184,12440,-3604
9068,-2680,12876,-657,-1972,6554,8436,11968,-3932
9068,-2680,12876,-657,-1972,6554,8436,11968,-3932
8964,-4936,12864,-478,-2462,7613,6900,11188,-4124
8440,-5360,12184,-271,-2114,7441,7832,11460,-4168
8440,-5360,12184,-271,-2114,7441,7832,11460,-4168
8016,-3496,9300,-52,-2886,8484,7804,12396,-4824
8016,-3496,9300,-52,-2886,8484,7804,12396,-4824
7764,-2200,7016,-197,-3101,9404,8376,11176,-4968
7764,-2200,7016,-197,-3101,9404,8376,11176,-4968
8044,-2540,5924,13,-4232,10578,9564,10436,-6036
7636,-1884,5568,172,-5009,11164,10124,10860,-5848
7636,-1884,5568,172,-5009,11164,10124,10860,-5848
7316,-2568,5264,716,-5798,12379,10104,12844,-5184
7316,-2568,5264,716,-5798,12379,10104,12844,-5184
6888,-5940,5436,1461,-6328,13513,9712,13300,-4076
6884,-7812,6180,1470,-6851,14401,9216,12704,-3336
6884,-7812,6180,1470,-6851,14401,9216,12704,-3336
9612,-10416,8496,2167,-6559,14202,8540,12168,-2292
9612,-10416,8496,2167,-6559,14202,8540,12168,-2292
11492,-11268,6660,2380,-6507,14201,9036,12332,-2080
11492,-11268,6660,2380,-6507,14201,9036,12332,-2080
12036,-11184,5852,2658,-6749,14150,9148,11336,-1720
12036,-11184,5852,2658,-6749,14150,9148,11336,-1720
11420,-10932,5528,2995,-7246,14447,9792,11136,-1476
10452,-10636,5292,3116,-7522,14697,10380,11488,-1280
10452,-10636,5292,3116,-7522,14697,10380,11488,-1280
9352,-11884,4976,3394,-7888,15044,9288,10684,-932
9352,-11884,4976,3394,-7888,15044,9288,10684,-932
8432,-11816,4680,3530,-7136,15617,9168,10360,-376
7992,-11848,4696,3479,-6537,15806,8444,11448,-1420
7992,-11848,4696,3479,-6537,15806,8444,11448,-1420
7564,-13096,6008,3330,-4127,15337,8748,12868,-3828
7564,-13096,6008,3330,-4127,15337,8748,12868,-3828
9084,-13988,6728,3827,-2690,14362,5988,16200,-7300
9084,-13988,6728,3827,-2690,14362,5988,16200,-7300
9648,-14004,6332,3681,-1340,14289,7452,16096,-8184
9564,-14140,5860,3631,-768,14403,9136,15944,-7620
9564,-14140,5860,3631,-768,14403,9136,15944,-7620
9724,-15304,5692,3595,-307,14192,5328,14496,-7812
9724,-15304,5692,3595,-307,14192,5328,14496,-7812
9360,-16896,5228,3874,-758,14312,4260,14036,-6064
9360,-16896,5228,3874,-758,14312,4260,14036,-6064
8720,-16352,4312,4149,-1906,15161,1688,14388,-7488
8720,-16352,4312,4149,-1906,15161,1688,14388,-7488
8848,-15552,3952,4244,-3190,15705,2460,13964,-9388
8848,-15552,3952,4244,-3190,15705,2460,13964,-9388
10408,-14704,2680,4287,-3175,15979,144,12232,-6720
10408,-14704,2680,4287,-3175,15979,144,12232,-6720
11736,-14088,564,4574,-2457,16667,5264,12060,-5352
11900,-13984,-32,4503,-2351,17340,3404,15288,-5348
11900,-13984,-32,4503,-2351,17340,3404,15288,-5348
12344,-15672,216,4517,-2509,19183,10792,17716,-9548
12344,-15672,216,4517,-2509,19183,10792,17716,-9548
11696,-18144,-632,4427,-3381,21478,21204,18044,-6324
11448,-18500,-760,4366,-3928,22737,17340,19776,-5648
11448,-18500,-760,4366,-3928,22737,17340,19776,-5648
11304,-18024,-1248,3840,-4649,25395,-12944,28292,-11680
11304,-18024,-1248,3840,-4649,25395,-12944,28292,-11680
9752,-15260,-2008,3331,-5965,27415,5764,16304,-7144
8916,-14020,-2820,3263,-6318,28194,7500,14528,-5288
8916,-14020,-2820,3263,-6318,28194,7500,14528,-5288
7620,-12812,-4112,3343,-5634,29123,6808,11032,-188
7620,-12812,-4112,3343,-5634,29123,6808,11032,-188
6652,-12656,-4268,3495,-5008,29556,392,9368,1788
6812,-14120,-3784,3873,-4943,28857,-3844,9784,-1040
6812,-14120,-3784,3873,-4943,28857,-3844,9784,-1040
7604,-18948,-3940,3757,-5104,27427,-80,10816,-7804
7604,-18948,-3940,3757,-5104,27427,-80,10816,-7804
8368,-21840,-3244,3243,-4526,26561,3184,13724,-11484
8916,-21728,-3172,2963,-4145,26093,2900,14572,-10760
9020,-20448,-3184,2700,-3890,25931,2572,15264,-10952
9020,-20448,-3184,2700,-3890,25931,2572,15264,-10952
7736,-17032,-4032,2894,-3813,26064,1360,18296,-11804
7736,-17032,-4032,2894,-3813,26064,1360,18296,-11804
5536,-14392,-4496,3444,-4042,27103,-1256,19200,-9308
5536,-14392,-4496,3444,-4042,27103,-1256,19200,-9308
5300,-18744,-3620,4116,-4098,28424,1428,17412,-4096
5140,-20172,-3920,4447,-4068,29136,1132,15136,-5552
5140,-20172,-3920,4447,-4068,29136,1132,15136,-5552
5612,-22732,-4008,4710,-4530,30300,3452,18048,-5580
5612,-22732,-4008,4710,-4530,30300,3452,18048,-5580
5864,-21032,-4480,4752,-5479,31668,1068,18876,-6828
5864,-21032,-4480,4752,-5479,31668,1068,18876,-6828
5064,-17976,-4780,4645,-6696,32610,260,15824,-6452
4444,-15948,-4900,4567,-7395,32767,-1748,16680,-7996
4444,-15948,-4900,4567,-7395,32767,-1748,16680,-7996
2760,-15628,-4084,4521,-8561,32767,-492,18420,-5732
2760,-15628,-4084,4521,-8561,32767,-492,18420,-5732
1604,-16784,-4056,4457,-7790,32767,-1312,20812,-2196
940,-16932,-3688,4394,-6950,32767,104,19420,-296
940,-16932,-3688,4394,-6950,32767,104,19420,-296
-464,-16128,-4336,4328,-5610,32767,1272,15632,904
-1128,-15160,-4760,4284,-5216,32393,468,14472,-380
-1128,-15160,-4760,4284,-5216,32393,468,14472,-380
-3744,-12264,-5528,4502,-5827,31505,-28,13564,-440
-3744,-12264,-5528,4502,-5827,31505,-28,13564,-440
-5780,-11152,-6972,4738,-5724,30875,-36,13736,-4
-5780,-11152,-6972,4738,-5724,30875,-36,13736,-4
-5592,-13692,-7220,5224,-4616,30220,1932,16200,-380
-5592,-13692,-7220,5224,-4616,30220,1932,16200,-380
-4400,-16760,-6584,4865,-5142,30438,2160,16212,-832
-4400,-16760,-6584,4865,-5142,30438,2160,16212,-832
-5328,-16484,-7272,4211,-6857,29339,4272,15092,-304
-5328,-16484,-7272,4211,-6857,29339,4272,15092,-304
-5744,-16176,-7976,4068,-7004,27661,4396,12328,-364
-5744,-16176,-7976,4068,-7004,27661,4396,12328,-364
-6672,-16000,-8300,4524,-7083,26574,6036,12368,480
-6672,-16000,-8300,4524,-7083,26574,6036,12368,480
-7904,-15360,-9748,4881,-7101,26384,7028,11944,-1172
-7904,-15360,-9748,4881,-7101,26384,7028,11944,-1172
-8868,-17380,-11276,5024,-7227,26568,5128,13600,-5428
-7796,-23724,-10964,5111,-6707,26553,4764,16508,-7688
-7796,-23724,-10964,5111,-6707,26553,4764,16508,-7688
-4372,-31608,-10260,5405,-6804,27127,3384,19764,-9500
-2836,-32292,-9700,5536,-7348,27364,2320,18060,-9572
-2836,-32292,-9700,5536,-7348,27364,2320,18060,-9572
-3184,-29320,-9240,5837,-9138,27743,368,13224,-4856
-3184,-29320,-9240,5837,-9138,27743,368,13224,-4856
-6684,-23240,-9940,5978,-9836,28280,-612,10900,-3912
-8208,-21080,-10180,6147,-9713,28544,-92,11624,-2804
-10296,-18160,-10600,6419,-9814,28869,-1352,11012,-2032
-10296,-18160,-10600,6419,-9814,28869,-1352,11012,-2032
-13224,-15572,-10824,7059,-10423,29714,4220,9916,1908
-13224,-15572,-10824,7059,-10423,29714,4220,9916,1908
-14904,-15404,-11188,7738,-11574,31480,7532,13352,1340
-15076,-15684,-10544,7993,-12171,32767,8620,16420,284
-15076,-15684,-10544,7993,-12171,32767,8620,16420,284
-15040,-17304,-10180,8422,-13753,32767,8884,17164,-1400
-15040,-17304,-10180,8422,-13753,32767,8884,17164,-1400
-16620,-17512,-9660,8696,-15520,32767,2240,29424,-3452
-16620,-17512,-9660,8696,-15520,32767,2240,29424,-3452
-18704,-16680,-10332,9262,-16860,32767,3216,32767,-13668
-19492,-15848,-10768,9415,-16606,32767,14560,24268,-8168
-19492,-15848,-10768,9415,-16606,32767,14560,24268,-8168
-20120,-15556,-10788,9223,-15216,30834,5340,13652,-3016
-20120,-15556,-10788,9223,-15216,30834,5340,13652,-3016
-21696,-17308,-12040,9571,-12778,28336,-4388,13660,-2964
-21696,-17308,-12040,9571,-12778,28336,-4388,13660,-2964
-19716,-22804,-11528,9969,-9590,27016,-2280,14032,1260
-18456,-24520,-11340,9839,-8106,26373,-2840,11692,1512
-18456,-24520,-11340,9839,-8106,26373,-2840,11692,1512
-14752,-24212,-11144,9375,-5956,25147,-5204,14824,-1224
-14752,-24212,-11144,9375,-5956,25147,-5204,14824,-1224
-12848,-21364,-10900,8964,-4479,23954,2332,14536,-484
-12848,-21364,-10900,8964,-4479,23954,2332,14536,-484
-11608,-18408,-10136,8625,-3519,22757,-1088,17804,-7984
-11608,-18408,-10136,8625,-3519,22757,-1088,17804,-7984
-10324,-15736,-8836,8525,-3215,22029,-2280,17492,-9104
-10160,-14596,-8436,8641,-3077,21879,-4172,18500,-9220
-10160,-14596,-8436,8641,-3077,21879,-4172,18500,-9220
-9752,-13824,-7404,9076,-2924,21473,-3476,19280,-6476
-9752,-13824,-7404,9076,-2924,21473,-3476,19280,-6476
-9376,-13872,-5996,9522,-2817,21582,-3584,18000,-4552
-9376,-13872,-5996,9522,-2817,21582,-3584,18000,-4552
-9448,-15012,-5092,9881,-3225,22525,-788,16632,-2064
-9724,-16092,-4972,9764,-3682,22708,-1280,16948,-2956
-9724,-16092,-4972,9764,-3682,22708,-1280,16948,-2956
-10552,-18128,-4488,9762,-5176,23971,-560,18548,-3240
-10552,-18128,-4488,9762,-5176,23971,-560,18548,-3240
-10756,-19240,-5200,9511,-6137,24503,-1364,19732,-3868
-10756,-19240,-5200,9511,-6137,24503,-1364,19732,-3868
-10476,-19096,-6024,9426,-6448,24637,-2096,19980,-3352
-10360,-18576,-6400,9323,-6415,24626,-2256,19524,-2744
-10360,-18576,-6400,9323,-6415,24626,-2256,19524,-2744
-10344,-17824,-6644,9072,-6106,24713,-1004,17060,-2464
-10344,-17824,-6644,9072,-6106,24713,-1004,17060,-2464
-10316,-17368,-6060,8418,-5483,24445,-556,17148,-3360
-10316,-17368,-6060,8418,-5483,24445,-556,17148,-3360
-10440,-17080,-4684,7952,-5423,24948,1368,16636,-2492
-10128,-16820,-4108,7847,-5174,25019,2828,16768,-2136
-9916,-16668,-3472,7457,-5429,25184,1876,17468,-3232
-9916,-16668,-3472,7457,-5429,25184,1876,17468,-3232
-10024,-16148,-2276,7157,-6064,24774,912,15592,-1904
-10024,-16148,-2276,7157,-6064,24774,912,15592,-1904
-10080,-15904,-1804,7195,-5461,24669,2432,14944,428
-10080,-15904,-1804,7195,-5461,24669,2432,14944,428
-9576,-15044,-1076,6994,-4837,25278,356,13796,-80
-9576,-15044,-1076,6994,-4837,25278,356,13796,-80
-8840,-14064,-968,6458,-3661,25523,1012,13868,-1260
-8840,-14064,-968,6458,-3661,25523,1012,13868,-1260
-8368,-13480,-552,5895,-2898,25604,-1436,16344,-5860
-7860,-14260,-144,5552,-2875,25367,-492,17708,-7168
-7860,-14260,-144,5552,-2875,25367,-492,17708,-7168
-7376,-15448,720,5444,-3264,25081,-1172,20196,-7288
-7376,-15448,720,5444,-3264,25081,-1172,20196,-7288
-7788,-15416,1632,5689,-3710,25361,-612,17460,-4544
-8240,-15452,2216,5844,-3860,25565,0,15804,-1944
-8240,-15452,2216,5844,-3860,25565,0,15804,-1944
-8860,-14892,2564,6017,-3509,25687,400,14140,576
-8860,-14892,2564,6017,-3509,25687,400,14140,576
-8808,-14308,2476,6050,-3617,25902,1252,14888,896
-8536,-14024,2460,6109,-3329,25913,952,15780,-32
-8316,-13592,2288,6131,-2962,25834,-536,16348,-32
-8316,-13592,2288,6131,-2962,25834,-536,16348,-32
-7988,-13316,2412,5641,-2037,26242,-740,16688,-708
-7668,-13188,2464,5713,-1542,26472,-364,17384,-2008
-7472,-13056,2960,5547,-1157,26468,-868,18424,-4504
-7396,-12948,3400,5251,-931,26367,1864,17968,-3536
-7544,-12708,3700,4958,-1199,26322,2692,16416,-2844
-7580,-12420,3976,4826,-1511,26332,2528,16152,-1736
-7492,-12212,4316,4745,-1862,26265,1264,16880,-1728
-7512,-11836,4344,4650,-2042,26154,1668,17120,-2016
-7580,-11368,3880,4589,-2019,25878,2260,16456,-2072
-7540,-10808,3464,4719,-2265,25833,4324,16908,-1716
-7540,-10488,3088,4898,-2450,25600,3324,18028,-1568
-7636,-9600,2464,5005,-2564,25437,2140,17328,-1728
-7776,-9476,1740,5359,-2287,25181,3092,15292,-636
-8256,-9184,2140,5576,-1922,24732,6828,12160,1152
-8176,-9472,2044,5905,-1060,24180,112,12748,-16
-7868,-9712,2260,6082,-768,23867,-4888,10488,1316
-7728,-9688,2724,6057,-517,23497,-4108,8064,3304
-7556,-9280,3072,5781,-707,23015,-520,7236,2976
-7968,-9036,3480,5286,-1243,22578,2504,7584,1736
-9044,-8956,3984,4594,-1560,21727,6960,9384,1764
-9724,-8624,4460,3931,-2735,21120,7896,11096,-844
-11120,-8072,4700,4055,-4074,20510,9104,19564,-724
-12700,-7572,4640,4238,-3525,20513,8328,24436,-1976
-14000,-8796,5448,4986,-1796,22117,9228,25112,1124
-14800,-9528,5908,5477,-3602,22670,14900,18824,7480
-15428,-10032,5812,5760,-2971,22849,14732,14768,7320
-15524,-10392,5140,5437,-2474,22421,12648,14456,6580
-15440,-10972,4332,5499,-1340,21937,10824,12380,7228
-15072,-11976,3596,5292,-1206,21625,9364,10288,4004
-14180,-11836,1932,4399,-3054,21644,12748,8520,2884
-12768,-13100,936,3502,-4844,21214,9488,7448,-2736
-10280,-14696,648,3018,-5727,21477,6772,10200,-5740
-8640,-15436,456,2923,-6666,21999,6588,10272,-8544
-7036,-17092,328,2749,-6582,22892,4760,11344,-10348
-6160,-19312,-312,2892,-8186,23441,4408,9516,-10116
-5744,-21648,-756,2221,-10061,24427,6708,8908,-9052
-6264,-23040,-1564,1979,-12054,25252,7984,9912,-7604
-6440,-23552,-2192,2237,-13891,24969,7852,12700,-6476
-5968,-24000,-2860,3853,-12681,23540,8440,13404,-5232
-4316,-25704,-2572,3586,-11190,23003,7956,14624,-4148
-3024,-27052,-2092,4802,-8337,21364,8968,13928,-1056
-1924,-27976,-2240,5307,-6134,20660,8444,12844,876
-440,-28720,-2664,5280,-4437,20074,9312,12520,3748
216,-28948,-3220,5067,-4164,19589,11036,12508,4948
1172,-29324,-4812,4930,-3201,18529,13232,12132,6144
2676,-30180,-6724,4840,-3087,18284,15048,12248,6668
3856,-30536,-8604,4763,-2923,17866,17484,11896,6828
4864,-30652,-10648,4694,-3070,17062,18456,12976,6600
5484,-30776,-12292,4337,-2241,16133,15896,12440,6212
6020,-30972,-13212,4138,-1905,15723,12288,11972,3508
6664,-30684,-13652,3865,-2075,14770,11556,12352,4984
6040,-29628,-14076,3415,-2326,13495,9212,10528,1776
5000,-30268,-14896,3059,-2425,12513,9272,11896,376
4456,-31144,-15520,2529,-1586,10721,9100,11956,368
3844,-32368,-16024,2090,-1050,9031,9084,10808,-148
3740,-32564,-17512,1302,-413,7542,10568,11468,204
3928,-32112,-19200,719,637,6275,10228,11576,-1436
4292,-31332,-21000,-153,1673,5331,10520,11660,-1784
4080,-30680,-21460,-819,2571,4548,11044,12032,-1760
4044,-28516,-21892,-1235,3053,4170,8636,11344,-2600
3916,-28180,-22520,-1416,3356,3567,8048,11392,-2504
3460,-29000,-21728,-1624,3309,3163,8076,11204,-2804
2284,-28664,-19948,-1549,2752,2837,8308,11556,-3280
1668,-28944,-18332,-1616,2316,2819,8076,11512,-3504
596,-28732,-17332,-1549,1619,2990,7564,11556,-4704
-80,-28100,-16428,-1307,1119,2624,7612,11480,-5196
-1080,-27600,-15972,-1050,552,2146,8540,11860,-5428
-2332,-25964,-16048,-1037,652,616,8992,13112,-5224
-3292,-23292,-16344,-215,406,-550,9628,14048,-4100
-3504,-21988,-16044,226,1493,-232,10296,14656,-3996
-3688,-21896,-14916,431,1292,-23,10636,14732,-3660
-4284,-21388,-13772,898,1656,-495,10896,14172,-2388
-4236,-20736,-13312,818,1885,-1241,10096,12884,-1888
-3744,-21220,-12104,738,2323,-2732,8564,11992,-1816
-3132,-21136,-10752,923,2471,-3632,7364,11304,-1864
-3004,-20372,-9616,1044,2321,-4373,8184,10888,-1856
-3228,-18736,-9012,708,2272,-4377,8444,10916,-2428
-3360,-17500,-8384,1075,1646,-3591,9312,11500,-2176
-4044,-16192,-7516,1583,1857,-3032,9356,11408,-2204
-4732,-13680,-6644,1854,2607,-2779,9272,11044,-2204
-4776,-12388,-6756,1826,2811,-2281,10156,11416,-1440
-5000,-11532,-6240,1616,3493,-2196,9904,12252,-1832
-5036,-10692,-5644,1319,3635,-2218,10904,12244,-1412
-4772,-10168,-5416,853,4389,-2185,10828,12548,-1456
-4532,-10148,-5508,282,4528,-1867,10632,12592,-1236
-4404,-10616,-4840,-170,4555,-1532,10896,12752,-1056
-3044,-12684,-3800,-482,4678,-1344,11096,12544,-856
-2352,-12608,-4704,-666,4739,-1105,11268,11872,-660
-2296,-12164,-5624,-883,4572,-867,10012,11620,-576
-1784,-12792,-5236,-904,4291,-747,9756,11428,-564
-1532,-10820,-7900,-849,3911,-531,8324,11200,-976
-2988,-9668,-8348,-705,3787,-482,8948,11036,-1028
-3836,-10192,-7868,-525,3872,-640,9636,11556,-1420
-3376,-9564,-4488,-374,4183,-944,10496,12164,-1836
-2372,-8912,-448,-166,4496,-1394,11000,12304,-2276
-30692,20108,25080,-63,5456,-2070,11892,13460,-2108
32767,32767,32767,98,6267,-2454,12204,14140,-2012
32767,32767,-32768,84,5936,-2670,11188,13364,-1804
28392,4808,-32768,-68,5255,-2682,10020,12720,-1244
8900,-10036,17828,-583,3589,-1940,8848,12008,-608
9236,-15300,4140,-958,1723,-865,8332,11808,128
7320,19116,-100,-1245,250,358,8132,11312,724
-496,13732,-7032,-1186,-760,646,9576,11064,1092
1688,15600,-544,-1017,-1026,430,11324,12152,1544
11648,7784,3200,-1236,-739,8,11932,12524,1504
13756,6768,3288,-1663,-631,-528,12920,13008,2124
17172,9000,520,-2015,-821,-1132,13256,12876,1788
14576,9440,3036,-2303,-1192,-1428,13048,13164,1520
14028,9472,7472,-2255,-1539,-1568,11928,13280,1068
15364,5396,10028,-2249,-1857,-1731,10340,13168,632
19352,2048,10704,-2299,-1871,-1990,8824,12928,-296
19732,664,8292,-2500,-1693,-2393,8108,12484,-1004
20180,268,6688,-2138,-1294,-2820,7704,11936,-1700
18660,-224,5432,-1785,-1556,-2376,7304,11688,-2668
17116,2148,4556,-1830,-1357,-3000,7328,11248,-3256
16804,1824,4012,-1276,-867,-3346,8100,11168,-3264
17092,-2768,3356,-1292,-967,-4291,8844,11476,-3492
15676,-1260,3580,-1253,-734,-4398,10084,11728,-3280
15056,-1028,2980,-1364,-329,-4133,10828,11984,-2804
13032,704,3132,-1462,-413,-3850,11040,12200,-2680
10704,2112,2172,-1591,-30,-3511,10996,12172,-2716
10804,2972,2436,-1752,311,-3670,11524,12492,-2076
9496,2600,3116,-1829,1157,-3878,11280,12468,-1976
9392,3216,3472,-1974,1530,-3674,11032,12368,-1976
8356,2160,3248,-2132,1427,-3239,10784,12236,-1496
7880,3668,3000,-2125,1280,-2822,10312,11868,-1224
7104,3624,1872,-2110,1093,-2526,10572,11228,-596
6996,5372,872,-2097,811,-2506,10448,11140,-800
5596,5716,-436,-2126,537,-2745,10348,10100,-816
4280,5280,60,-2256,49,-3204,10508,10704,-1516
4056,2676,2756,-2255,-167,-3551,9908,10440,-1900
4096,2456,2932,-2440,-1590,-3407,10460,10864,-1368
3616,2864,2300,-2751,-652,-4124,10764,10540,-1156
3240,2224,1228,-2936,-1114,-4356,10672,10484,-1112
3840,540,828,-3175,-1078,-4617,10880,10716,-928
4416,-92,952,-3265,-825,-4903,10776,10724,-1136
4612,-1220,404,-3125,-704,-5359,10388,10716,-1656
5448,-1876,-88,-3115,-407,-5899,9800,10808,-2136
5452,-700,-1208,-3378,-63,-6567,9144,10996,-3360
5400,-52,-2412,-3653,347,-7173,8988,10796,-3656
5248,920,-3784,-3872,707,-7809,8516,11708,-4008
4496,540,-4696,-4118,1060,-8413,11128,11408,-3292
4444,-1540,-4212,-4413,1163,-9054,11340,12412,-3240
4632,-3148,-4240,-4818,1122,-9779,9444,12388,-3792
5040,-4684,-4460,-4953,1750,-10571,7804,12548,-4152
5644,-6512,-4224,-5009,2352,-11158,8100,11684,-4612
7504,-11352,-4136,-5093,2906,-12031,8940,12148,-4980
9848,-16712,-3640,-5105,3157,-12773,9264,11848,-5448
10340,-18372,-3572,-5362,3670,-13937,8660,11860,-5908
11560,-18656,-3020,-5398,3560,-14812,7780,11152,-6284
12076,-17852,-3448,-5485,3308,-15578,7528,9868,-5728
12752,-16680,-3824,-5648,3201,-16233,8316,9504,-5160
12036,-16260,-3612,-5926,2907,-16870,7928,9744,-4996
10112,-16020,-3192,-6200,3364,-17416,6728,8948,-5256
8784,-15980,-2736,-6446,3617,-17716,6108,8684,-5872
8904,-18868,-2028,-6627,4158,-18251,7976,8152,-6620
8960,-22280,-1636,-6815,4725,-18597,9280,9388,-6768
8632,-25652,-932,-7038,5296,-18802,7324,10720,-6492
10288,-28924,932,-7188,5747,-18779,3016,9688,-7644
11516,-30572,2432,-7411,5995,-18452,2376,8804,-7288
11868,-30144,3384,-7681,5986,-18099,6104,7544,-4368
10744,-28936,4244,-7916,6009,-17957,5420,5132,-8240
9736,-27764,4816,-8052,5653,-17998,5176,5544,-8680
8512,-26612,5628,-8143,5150,-17638,5876,6844,-9124
7148,-25060,6304,-8304,5390,-17388,8032,8244,-11504
6628,-26252,7028,-8641,5307,-17180,10332,8956,-13160
6724,-28976,8728,-8935,5185,-16656,15252,11020,-16992
6812,-29160,10652,-9155,5154,-16306,19724,15040,-18432
7088,-28036,10952,-9194,5421,-15804,13868,15060,-14460
7228,-26944,11116,-9065,6231,-15431,6188,15152,-9028
6744,-25068,11508,-8565,7142,-15053,3732,13008,-4864
6564,-23892,11168,-7840,8580,-14865,2972,9276,-2340
5936,-22276,10916,-7042,10421,-14524,9140,11708,-776
5464,-20888,10876,-6550,11719,-14457,15396,10668,3852
5272,-20200,11660,-6282,12561,-14445,9068,8548,2716
4656,-19364,12032,-5899,13290,-14556,5316,15924,2540
4612,-19600,11344,-5706,14013,-14896,-2776,19104,-2768
4996,-20832,10824,-5381,14252,-15441,-200,15176,-3768
4940,-20480,9224,-5700,13599,-15725,1104,10864,-7348
4852,-19664,7596,-5597,12905,-16096,3364,6696,-6412
4336,-19392,6736,-5255,11962,-16780,3720,3232,-3008
3720,-18744,5780,-4527,9956,-16861,3760,6044,-2312
2884,-18176,5084,-3814,8719,-16896,2096,7828,-2092
2044,-17380,4448,-3110,7931,-16753,1776,10128,-3452
732,-17040,3816,-2533,8029,-16582,2044,13724,-3892
-380,-16908,3432,-1620,10230,-15539,4260,16548,-4876
-1740,-16700,2812,-854,12410,-13592,7408,18920,-3820
-2808,-16140,2204,-334,13156,-11116,8764,21524,-924
-3328,-17136,2432,-101,13223,-9798,7540,23424,-2136
-3852,-17544,2456,-37,13373,-12492,7564,21688,-2112
-4040,-17760,2332,849,11220,-13638,6072,19472,-3584
-3932,-18144,1768,-7,10748,-14783,3736,16596,-4156
-3888,-18880,1648,-1647,9509,-16414,1696,17700,-5672
-4184,-19324,1264,-2534,7275,-18346,-564,19676,-6780
-4412,-19364,1228,-2722,4696,-19698,-2668,19408,-7452
-4648,-19556,1564,-2839,3087,-20112,-3016,20236,-8808
-4904,-19904,1936,-3039,1782,-20392,-1520,18692,-7232
-5336,-19952,2176,-2795,1228,-20775,-768,18928,-6204
-5688,-20376,2196,-2700,932,-21316,-1088,20388,-7160
-5804,-20260,2196,-2917,149,-22241,-288,20960,-8120
-5740,-20656,2268,-3059,1526,-23806,-564,21104,-7088
-5276,-20936,2440,-2671,4136,-26359,376,18632,-4984
-4544,-21304,3012,-2875,5936,-27969,-168,17436,-3308
-4172,-20692,3192,-2824,7086,-28734,-504,18068,-3056
-3968,-20008,2844,-2766,7645,-28146,-2476,17424,-3580
-3800,-18968,2552,-2646,6961,-25976,-1392,17976,-3132
-3972,-18172,2204,-2543,6309,-23867,-1528,16732,-4960
-4052,-16672,2284,-2738,4961,-21797,-3916,16208,-5748
-4440,-15244,1932,-3109,5527,-21979,-3916,16224,-4640
-4588,-15000,1792,-3274,5380,-21909,-740,18120,-3400
-4532,-14324,1876,-3352,4327,-21114,-2596,17000,-5132
-4164,-13760,2100,-3398,4582,-20204,-1108,16292,-4340
-3624,-13624,2396,-3462,4009,-19232,216,15884,-3076
-2960,-14124,2148,-3754,3549,-18147,-1336,15788,-2356
-2172,-15040,2456,-3861,3806,-17670,-2652,15288,-2000
-1740,-15420,2572,-4171,4515,-17546,-3236,14608,-1480
-1080,-15412,2760,-4656,4903,-17779,-3684,14500,-1712
-356,-15596,2892,-4902,5058,-18103,-3032,14352,-1756
-296,-15076,2960,-4946,4754,-18200,-2532,13468,-2348
-452,-14808,2932,-4962,4154,-17856,-2920,14660,-3140
-504,-14752,2592,-4850,3533,-17264,-3388,14868,-4536
-628,-13848,2068,-4823,2979,-16811,-4216,15992,-6220
-304,-13012,1788,-4908,2500,-16510,-3540,16580,-6572
324,-12440,1364,-4955,2532,-16495,-2076,17340,-6608
948,-11736,768,-4959,2722,-16778,-1564,18056,-6872
1816,-12152,308,-4792,2827,-17348,-196,18100,-6848
3356,-13376,-132,-4705,3164,-17830,228,16928,-6592
4120,-14148,-296,-4488,3237,-18444,488,17008,-6004
4972,-15148,-496,-4442,2830,-19083,-96,16904,-5948
5548,-15528,-780,-4505,2588,-19474,-524,18036,-5596
6116,-16036,-1464,-4500,3112,-19965,-764,18936,-6332
6236,-16536,-2132,-4433,3881,-20787,168,19892,-6072
6540,-17528,-2948,-4142,4585,-21608,1436,20164,-5208
6120,-17712,-3480,-3848,5229,-22621,1248,20772,-4132
5860,-17284,-4868,-3533,5525,-23665,-36,21368,-4008
5704,-17104,-5732,-3205,5714,-24794,-1444,21068,-3284
5768,-17680,-6440,-2930,5804,-26081,-1588,19600,-2400
5764,-17680,-7460,-2834,6322,-26833,-972,17432,-1568
5204,-17948,-8256,-3003,7260,-27446,16,16304,-1412
4796,-17964,-8800,-3207,8009,-28294,-48,16472,-2180
4196,-17880,-9564,-3179,8831,-29585,216,17736,-3468
2852,-18308,-9544,-3113,9600,-31003,1080,17968,-3292
1388,-18620,-10052,-2851,10488,-32408,2132,17444,-2676
336,-19540,-11204,-2351,10565,-32768,3112,18280,-1836
-824,-19988,-11656,-1979,10463,-32768,1552,19760,-2808
-1932,-20220,-11900,-1924,11127,-32768,1356,24016,-2832
-2936,-20716,-11876,-1590,10547,-32768,-664,25000,-4784
-4128,-21776,-11924,-1798,10204,-32768,-36,25576,-5468
-5728,-22760,-11624,-2011,9648,-32768,4392,26280,-4412
-6600,-24120,-11544,-2232,8646,-32768,8160,27400,-3248
-6948,-26852,-10900,-2751,7058,-32768,8948,27956,-3208
-6544,-28584,-10672,-3284,5438,-32768,8096,28468,-180
-6904,-29616,-10856,-3307,4662,-32768,9944,25260,2032
-6560,-30332,-11364,-3070,3829,-32243,12124,22536,5372
-6676,-30640,-11052,-3427,2359,-32768,15052,16192,8248
-6676,-30640,-11052,-3427,2359,-32768,15052,16192,8248
-7708,-29840,-10708,-4487,2264,-32768,8784,14160,-1100
-7708,-29840,-10708,-4487,2264,-32768,8784,14160,-1100
-8404,-28396,-9932,-6080,2145,-32444,-880,13772,-2796
-8608,-27376,-9148,-7113,1587,-31246,-5528,8104,-5044
-8608,-27376,-9148,-7113,1587,-31246,-5528,8104,-5044
-8012,-24864,-7944,-8845,912,-28832,-4752,3452,-9016
-8012,-24864,-7944,-8845,912,-28832,-4752,3452,-9016
-7320,-23100,-6920,-9527,2573,-28524,-2104,11580,-11432
-7132,-22128,-6288,-9523,2699,-26613,-3464,16880,-11140
-7132,-22128,-6288,-9523,2699,-26613,-3464,16880,-11140
-5164,-24020,-5796,-9132,3610,-22703,-12476,19960,-9028
-5164,-24020,-5796,-9132,3610,-22703,-12476,19960,-9028
-2844,-25304,-4784,-8875,4944,-19310,-13584,17088,-9668
-1764,-25444,-4396,-8589,5063,-18021,-7444,14568,-8256
-1764,-25444,-4396,-8589,5063,-18021,-7444,14568,-8256
-1208,-24364,-3988,-7750,5939,-16814,-332,12664,-6668
-1208,-24364,-3988,-7750,5939,-16814,-332,12664,-6668
-880,-21304,-3772,-7828,6075,-17136,6960,10176,-7044
-880,-21304,-3772,-7828,6075,-17136,6960,10176,-7044
-548,-19252,-3404,-8715,5948,-20346,17264,9096,-2100
-548,-19252,-3404,-8715,5948,-20346,17264,9096,-2100
-244,-18332,-3684,-8945,5235,-23268,10796,19460,-2712
-244,-18332,-3684,-8945,5235,-23268,10796,19460,-2712
-700,-18060,-3528,-9523,3610,-24287,2776,17076,-1892
-700,-18060,-3528,-9523,3610,-24287,2776,17076,-1892
88,-18308,-2348,-9871,3790,-25542,-1512,17080,-2116
-504,-18736,-2476,-9979,4240,-26054,-2788,15140,-1856
-504,-18736,-2476,-9979,4240,-26054,-2788,15140,-1856
-1008,-18172,-2512,-10253,5058,-26007,240,14772,-1504
-1240,-17656,-1408,-10482,4967,-25373,3532,13732,-1808
-1240,-17656,-1408,-10482,4967,-25373,3532,13732,-1808
-1184,-16756,-1424,-11413,5006,-26119,8596,9916,-1860
-1184,-16756,-1424,-11413,5006,-26119,8596,9916,-1860
-2256,-15008,-1288,-10925,4922,-24992,9864,12412,-2896
-2256,-15008,-1288,-10925,4922,-24992,9864,12412,-2896
-2576,-13056,-1888,-10883,3315,-22721,6448,21988,-5736
