56,34,6,40,5,67,-106,14,-26
-98,16,-54,29,25,60,-96,34,-38
-116,112,44,-82,36,51,96,64,-94
64,-54,36,-106,33,60,72,102,26
52,72,16,50,-9,62,-28,60,102
72,52,34,99,-25,73,-22,42,80
76,116,44,-72,77,96,112,-108,102
126,62,44,-46,85,114,14,-4,100
-32,56,-116,-126,11,-123,66,-48,-2
60,56,-42,121,37,-123,24,-48,-42
118,56,34,-41,20,-26,74,-40,14
48,-84,48,-41,39,-9,-34,92,72
-46,-68,-88,0,122,-48,116,-126,-38
122,-88,40,-3,104,-48,-120,-78,120
-20,-76,86,82,10,11,110,10,-88
2,92,104,61,12,-21,-94,-74,18
118,20,12,-51,93,-112,-84,116,-40
40,122,-94,-13,107,121,-44,104,-114
22,0,-18,-3,34,80,58,-36,14
52,112,38,-2,32,45,-38,-110,-36
110,114,-4,-128,85,59,26,122,-66
-34,54,-22,109,61,33,-48,92,124
116,-108,-84,42,-38,79,34,-74,-118
126,-114,-116,40,-63,61,66,60,122
90,24,-74,-3,-21,-3,88,90,100
56,94,112,59,-4,-27,-114,84,-70
-36,58,38,-5,57,-51,4,-104,116
-122,12,14,25,67,-66,-120,28,-10
122,-50,44,43,12,92,112,-124,74
68,-84,-54,56,24,71,8,-90,-122
-110,-102,-78,17,2,-43,-2,94,36
-2,-100,20,8,-7,-61,-18,40,56
-110,-116,-58,62,-111,-106,66,-36,-14
-112,30,-60,76,99,-111,-122,34,96
26,-30,-82,66,-28,-95,40,-112,96
102,8,-92,119,7,-122,-78,96,46
-54,-68,58,99,39,26,108,40,114
-100,-76,-96,-110,95,-12,78,124,100
96,-126,58,-1,71,50,2,-128,-18
60,118,-104,-12,39,40,76,-38,18
-126,-98,-10,21,-104,36,84,-8,-82
-98,-90,102,-15,-113,39,0,2,8
90,72,24,14,-119,-85,-120,-124,104
84,-4,-24,-19,-118,-99,-54,-44,-106
-74,54,102,-4,70,-105,-30,-82,-42
-112,26,44,7,29,-96,52,-86,86
-108,84,-38,-92,65,50,-88,118,-96
-68,102,-46,-78,64,55,-56,-12,34
124,-58,-40,-51,-3,19,-18,108,20
-104,-8,8,-83,-7,21,-98,86,20
26,16,46,84,-63,51,-18,-52,116
-124,96,70,77,-72,74,66,60,-120
-72,-44,-30,37,17,37,12,-6,20
26,106,-36,14,16,51,20,-94,-6
18,-12,-40,75,-59,118,-118,-80,-66
96,24,10,64,-69,111,-22,-80,96
0,20,52,42,-122,66,-12,-34,8
-70,46,-102,41,110,74,-38,124,-126
102,86,46,5,111,-109,-6,88,46
-54,-104,12,-14,120,-107,64,100,12
-26,-60,-94,-17,-31,34,-34,58,44
88,-64,-16,-39,-46,41,-90,34,82
-46,72,-34,126,42,-5,-12,94,-116
12,-122,32,-127,53,15,-104,48,-66
-8,-20,44,-118,72,-68,52,70,-76
12,104,114,121,45,-40,-4,-12,70
-64,0,-30,-107,62,-92,82,-4,94
74,46,-108,-121,71,-90,-68,124,-26
-60,116,-102,-10,73,-69,120,-102,-42
0,-110,122,0,56,-75,-44,-54,34
-50,44,92,-7,52,34,-106,-118,74
-100,114,-44,-5,66,52,0,52,80
-92,-124,54,13,2,-14,124,126,-52
44,32,90,19,8,-8,124,96,-30
-20,124,16,-3,-83,105,-44,36,-100
-90,118,40,-4,-107,101,-54,-120,-112
-128,66,110,-69,-99,105,-54,114,104
-100,-122,-48,-77,-101,111,-72,50,72
-124,-50,-124,110,-90,111,-18,124,52
56,118,-26,100,-89,101,-66,-10,-46
-6,100,-114,22,-11,-93,-72,-54,12
82,-88,114,0,-23,-64,-4,-122,54
116,-48,52,105,20,-65,-50,-10,2
-8,28,66,113,21,-27,20,94,-32
108,26,2,79,14,65,90,-8,126
-18,70,-6,100,-23,99,96,-54,-128
-64,10,90,-87,-3,127,-6,-100,78
82,80,42,-100,-27,-112,-94,-126,34
-112,-86,-104,-41,8,32,-18,68,114
-108,-72,-42,-16,21,19,2,36,-112
-74,68,118,40,76,109,-100,48,34
-4,-104,-92,20,56,99,-88,-86,-92
-44,-76,-78,-90,94,31,20,-104,44
-108,-54,76,-104,106,43,54,112,12
-78,70,90,106,70,-93,108,36,-30
24,86,58,119,88,-85,-108,100,64
8,16,74,-15,127,14,108,20,84
-64,-30,96,-11,125,24,40,26,-40
100,114,-20,-79,-3,-71,90,52,-102
108,-126,-14,-60,-68,-43,-114,92,32
-30,120,28,-91,16,110,76,-42,92
-82,90,106,-96,-1,107,-12,-46,-92
40,102,72,-51,27,103,-124,70,34
22,68,-104,-67,30,102,-112,34,6
94,-28,88,10,70,56,90,22,44
48,-38,86,26,81,64,86,6,-14
-58,-16,-86,-74,-109,57,-102,30,-50
-42,-2,-100,-66,-99,46,118,-80,-36
60,-98,64,15,9,78,116,94,-124
-118,110,22,31,3,88,90,82,-90
94,-44,92,86,5,-70,80,28,-18
-70,-44,76,89,-4,-49,30,24,-4
-24,-8,102,-123,-71,31,-100,-98,-120
-62,-86,4,-120,-81,31,84,-88,88
-94,74,-14,117,-65,95,-110,50,122
-34,-124,58,117,-62,87,-110,46,-38
-110,-96,108,123,-5,92,-22,-78,-50
94,124,118,118,-8,101,-22,94,-28
34,-102,116,100,-23,-119,-24,-60,96
-22,68,54,96,-23,-108,-34,-38,112
-18,26,104,41,-7,-28,54,-122,108
-74,94,118,27,1,-23,46,-34,10
-24,-90,52,-54,-8,-1,-68,32,112
-52,-90,70,-60,-10,-2,-14,52,86
104,-2,-12,-46,-78,-7,-92,74,-18
-66,0,-28,-49,-77,9,-128,34,34
-84,-66,-124,-94,-32,97,-6,28,-34
-26,-18,118,-104,-29,82,-28,-36,-16
-64,-16,24,121,-33,-82,-34,-104,88
-36,-50,-48,113,-12,-77,20,2,-108
-20,118,96,51,-22,-51,-64,62,42
20,122,44,50,-21,-52,-78,70,-34
94,-32,-20,-55,-37,-87,116,48,-12
122,26,-60,-71,-43,-96,-92,-86,-40
116,-54,46,-102,53,-113,-56,118,72
92,-34,84,-118,26,-104,-8,-84,36
30,106,58,104,-122,-81,52,120,78
-8,90,4,101,114,-64,-32,-24,84
106,72,104,52,-20,89,-122,58,0
42,66,12,50,-12,92,-128,-98,6
20,110,-8,-24,-51,-68,-104,-22,-122
40,80,-32,-14,-34,-62,-72,58,-68
-70,34,-84,-32,69,-82,126,50,-70
-64,28,16,-34,76,-76,-82,-22,-54
-92,-46,-50,96,2,-31,-46,-22,-38
-60,-94,-16,97,-36,-26,-8,-92,-44
-84,42,-124,59,119,-69,-94,-90,-114
-70,-16,56,106,116,-42,-104,48,116
18,6,-66,-124,94,18,90,42,-12
0,-26,-114,-102,109,19,90,-98,-70
-32,12,62,48,97,-16,82,102,42
-40,110,-64,68,92,-31,-122,-76,78
-100,12,26,-74,-100,5,4,-60,28
44,-16,-98,-85,107,5,-10,78,118
-74,4,102,18,-123,-81,66,114,-32
106,96,-82,-55,70,-82,-94,92,-46
112,-38,86,89,1,-94,24,-78,-22
112,0,46,112,-43,-60,52,88,86
-4,-88,98,33,-102,22,-30,-28,-48
-62,-88,-52,-5,-84,23,-2,48,-32
28,-108,84,-48,62,-4,-2,-122,50
-62,-66,62,-87,-117,-17,-46,64,20
54,-66,30,104,-58,6,-10,56,98
60,36,-12,-125,11,4,-16,50,-6
0,-36,26,66,100,-107,-88,-40,-54
-72,36,54,25,99,-93,-14,-36,-84
120,94,12,40,3,83,16,94,-100
-12,-42,12,64,-25,100,64,108,-110
2,-36,46,119,-70,-88,8,-98,-14
-24,34,-112,-128,-47,-105,52,-10,-26
-106,-90,-118,-6,27,93,-12,-12,14
-106,96,-98,13,20,89,-50,44,44
84,40,-26,-31,-56,107,-92,40,108
76,-58,4,-107,-63,105,-18,44,-96
58,94,26,48,-102,-115,118,-4,76
112,-46,-76,45,118,-120,82,90,-80
52,44,60,50,124,33,-54,98,-22
124,-28,2,77,51,41,-62,-72,90
-78,-98,-102,-19,-5,-124,66,-102,56
-28,-48,74,46,52,-120,114,30,-96
22,-58,-58,126,-56,21,68,-54,-42
94,-100,-88,-92,-50,25,88,-82,4
102,102,88,-40,-119,-68,108,-36,-36
84,4,14,-52,121,-95,12,-116,18
-54,36,20,-33,-15,-5,100,-56,116
-6,100,-88,-70,2,21,64,38,0
-64,72,126,42,-14,59,58,-128,62
28,106,94,68,-56,69,2,-104,6
-16,82,-30,-35,68,-9,22,34,-30
-126,-102,-42,4,88,-14,0,34,60
-72,-108,10,-6,101,-37,58,110,-92
66,-52,74,15,111,-56,66,114,22
-100,-94,-28,-71,62,-117,24,126,58
-60,118,36,-58,83,-128,76,62,-86
-12,102,94,-57,-30,-126,54,24,116
-70,14,-42,-52,-20,122,22,-32,-48
38,-4,6,-88,27,46,100,-88,6
-100,18,-40,-70,32,44,96,60,-16
-122,-22,44,82,-59,103,48,-96,14
82,34,16,86,-55,84,80,26,-24
0,84,58,32,20,21,-40,-74,36
26,82,-10,72,31,24,30,-12,-128
20,-48,94,-2,112,75,-50,-12,-14
76,-24,-124,21,112,81,44,-74,-20
-58,26,-106,19,104,38,98,62,-52
-6,-102,4,23,123,31,-88,-12,20
22,-92,4,-90,-44,77,48,-72,-42
-50,12,120,110,-10,38,-62,-70,122
-48,-34,90,-105,-62,-99,-12,-120,46
26,-104,-20,-20,-15,-94,-48,38,-96
-118,-114,38,72,-91,52,-46,-88,94
-78,-50,-88,93,-89,50,56,50,32
0,-34,-18,-100,-9,22,38,-56,32
-56,-124,38,-89,22,9,124,98,-22
-92,-24,-32,-127,87,114,28,116,70
-82,-54,54,-108,44,92,-66,-36,-62
-88,-120,-44,-110,-106,-108,16,14,-18
-106,-40,-8,10,67,119,102,-70,-30
82,-42,-24,122,-20,42,66,52,64
92,110,88,86,-94,29,-56,80,-80
34,-58,50,74,-35,79,-92,-16,66
10,-26,62,100,-18,95,-10,48,98
-20,-90,10,-42,117,-52,-100,96,82
126,-96,88,-9,93,-38,76,-86,-36
-106,84,74,-38,-118,11,124,110,58
28,4,48,-16,-104,15,-80,-10,46
124,-40,36,9,-16,-22,-94,-124,116
-120,30,-62,-3,14,-39,14,88,-58
76,-52,76,52,-1,21,66,48,-118
80,12,-128,-28,4,-4,68,-78,106
62,-90,-28,-16,117,-11,76,124,-10
114,120,-32,-40,-79,-22,12,-54,-24
-12,-82,-56,-10,40,84,-90,56,-48
-78,94,-42,-16,19,57,-46,86,-22
108,8,-34,-20,94,42,50,-126,-54
108,-118,-66,-40,55,45,-100,58,-66
118,90,48,114,116,-25,124,14,60
52,112,44,111,57,-8,-90,-28,76
44,-64,68,-49,30,113,32,-116,16
68,-70,32,-80,46,-103,14,-70,-102
-120,-94,-84,-7,110,-4,-84,-34,-52
8,-6,-88,-38,-113,6,-46,-62,-66
-86,-42,120,-119,-97,-5,-50,102,-50
-68,6,118,113,-71,-11,2,78,54
32,-22,14,72,63,-83,56,-110,-12
100,42,16,59,54,-93,-24,126,-80
-78,58,-64,120,-46,-124,52,-76,-98
122,106,-90,104,-69,-126,38,94,-102
54,126,-24,7,-3,93,90,52,118
8,22,-80,3,-26,112,78,110,-124
56,82,-100,-113,108,-114,-40,42,-98
118,-126,-80,-128,95,-110,-64,78,-108
58,100,-10,-20,70,-59,-116,-46,40
36,98,2,-22,82,-57,-52,-56,102
114,74,34,-62,108,-67,116,-102,46
-8,114,-114,-73,105,-59,124,100,40
86,-18,-108,36,-128,-119,-58,-78,-116
-122,-36,-60,26,126,-121,-76,-32,74
-74,18,-8,-37,-106,97,28,60,-58
0,18,72,-37,-107,92,54,48,-70
-16,36,-42,-22,-46,52,0,88,84
-68,-42,-38,-28,-55,54,8,116,106
-54,-80,-18,-92,99,13,-90,26,-44
96,-70,-10,-86,93,10,-108,50,2
40,-94,114,-70,23,-8,106,72,56
60,96,-22,-64,21,-10,118,-56,52
-58,-16,-112,-59,-6,-39,-24,126,96
-56,-32,-122,-59,-9,-39,-22,-102,70
22,-66,-94,-10,9,-69,34,86,-104
-52,124,-92,-6,5,-66,22,78,62
34,-116,-16,-29,-34,-120,116,-106,-60
118,-122,-120,-30,-39,-120,-122,122,-58
40,104,124,-23,-64,-115,44,118,52
40,120,80,-27,-55,-117,-6,-74,58
60,-78,6,41,-127,-93,-122,50,88
124,-106,-8,30,-110,-92,102,52,-106
116,-38,-96,98,-44,-98,-26,-98,20
-60,122,90,98,-45,-103,-18,-56,92
-98,-108,-56,88,-101,124,-58,-54,86
-90,100,-6,75,-119,121,-68,-56,-114
-40,6,40,-47,13,114,-8,4,122
-12,90,126,-48,1,119,-36,-126,82
110,40,74,-55,12,-28,-18,-20,40
16,-120,-68,-66,-4,-18,-54,-56,98
66,48,46,43,-11,116,-8,32,34
18,-54,-38,17,-10,123,-92,108,-4
72,32,98,-80,-114,-30,84,-26,80
-110,40,86,-64,-92,-29,-106,-44,42
-36,10,-118,-38,105,17,102,66,124
-86,-92,-6,-22,107,17,88,-78,76
110,30,-36,-92,17,-40,42,110,-84
-124,-18,-122,-73,28,-55,40,28,-36
-124,-128,94,72,-126,97,64,52,68
-82,-8,48,78,-125,79,-34,-72,108
48,42,0,74,57,112,-44,34,-66
106,-36,-22,62,46,86,-6,-4,-82
38,36,28,-5,110,-83,22,94,46
-40,0,-128,-9,105,-86,20,-102,-44
110,-32,-48,50,-99,-76,-22,-44,122
48,-98,-22,70,87,-61,-16,18,92
-104,-32,-68,-79,97,-54,-110,-72,-102
-106,-80,104,-55,126,-90,-100,94,100
-38,-122,-40,96,33,-2,-18,82,98
-14,-98,-36,86,47,-24,-62,108,76
114,122,-22,-90,88,41,-126,-124,66
102,122,70,-116,84,24,-126,-128,80
88,46,48,-44,-19,-65,-32,-50,-18
100,-98,-22,-92,-33,-88,32,-78,-128
-126,-108,-70,42,16,47,-84,-40,-90
-126,94,-78,72,22,35,-76,112,-50
52,-98,-84,64,95,-36,94,106,-118
32,16,-12,78,105,-51,4,74,100
114,-84,24,-67,-67,20,84,-114,-56
120,22,10,0,-17,-7,62,36,24
56,22,-96,-33,-16,-103,84,-128,-66
26,54,-96,-38,-23,-109,104,-74,48
-122,90,64,-62,46,-3,16,56,-76
-90,78,92,-31,41,-12,12,-82,-128
-110,72,58,68,-33,-78,-4,-16,-50
-88,106,72,73,-53,-91,34,-20,94
50,44,42,-61,36,20,-12,-102,-10
22,32,-12,-46,-1,14,28,-82,-116
-46,38,-116,-11,-6,109,4,-124,124
14,-92,-106,-20,-19,98,46,-108,106
-84,-4,44,7,-59,46,38,-20,118
46,50,64,-36,-77,40,110,-82,74
36,56,-78,-52,-73,-11,30,-12,-106
-90,-88,42,-52,-66,-7,88,54,-2
112,72,-38,-3,6,18,-102,-46,-126
-116,72,68,8,-15,-3,-12,-72,90
-62,-48,-90,56,26,120,120,12,28
-60,-118,-68,55,96,121,-28,-2,88
102,6,-76,41,-119,60,78,90,-58
86,-6,108,16,-100,52,68,92,50
66,-114,120,-79,-61,-72,20,80,-122
34,54,102,-92,-61,-71,58,52,-54
-128,-98,84,-8,-7,2,-46,74,86
76,112,6,-12,-1,10,-86,-70,6
50,-94,-120,-48,-108,59,-112,-10,62
-92,-98,-2,-53,111,69,-60,122,82
82,-56,32,-82,68,-119,90,-8,20
-2,-126,30,-60,59,-119,-104,8,22
48,98,34,12,121,-36,94,-68,94
-126,0,64,5,118,-27,40,126,-42
-82,-38,78,49,-68,-115,-84,-28,6
126,102,-34,61,-61,-94,-68,-118,-110
-126,-54,-70,33,14,29,52,-124,-118
56,-26,-90,13,82,37,96,94,-56
-54,-68,-22,-75,-21,124,-54,-10,0
-70,-106,-122,-64,-35,125,-66,-68,74
126,-104,22,-48,96,126,-32,-114,84
84,-12,-60,-66,99,121,84,72,-112
-4,100,-42,90,-102,-47,-62,-110,0
-90,-26,42,88,-104,-36,-34,122,42
122,-4,52,40,109,65,-110,114,82
-74,80,94,36,111,74,-84,-100,-46
16,88,20,12,61,-64,56,104,-46
32,-124,-12,13,57,-61,26,-108,54
74,-80,70,-52,-120,27,6,62,76
-124,-58,18,-52,-106,42,-16,114,4
102,-36,104,-30,-106,-107,-100,-126,-94
52,52,92,-24,-95,-107,-86,92,116
80,40,-84,-112,-119,-16,-64,126,62
46,-82,-12,-88,91,-11,-10,-76,-118
78,-102,30,-67,96,23,122,-126,-44
10,124,18,-70,110,39,-92,18,106
-54,58,102,-109,-65,110,-80,-92,-88
28,76,62,-117,-56,124,-76,16,-80
30,28,106,109,-77,-45,-80,72,-6
-4,54,-78,123,-102,-40,-64,118,-54
94,56,-12,-22,-122,-74,-118,-98,-44
-118,46,-6,-83,-124,-46,10,36,66
-120,-86,-96,-95,-37,96,118,118,-2
-4,-76,-128,-75,-63,102,88,68,94
22,-50,-58,-121,-52,-127,-34,-96,-120
36,-72,4,-98,-57,-126,42,8,50
118,80,-62,-71,21,96,20,-44,96
30,-94,52,-74,12,81,54,-54,-102
18,116,-2,20,0,76,100,18,70
-52,116,84,18,-7,77,-38,-46,68
-26,126,102,8,51,-77,98,64,84
-80,-54,-36,10,53,-72,-114,12,72
82,10,36,45,43,-17,-128,24,-28
-4,-40,96,48,41,-16,-46,-42,-20
76,124,62,16,56,55,-28,-80,-18
-66,-56,114,17,51,75,-22,-76,62
-70,-50,-64,18,23,-7,-70,66,-120
-120,24,-38,22,-2,15,-70,106,70
-92,104,-50,-62,-53,123,-122,124,-122
-38,70,-42,-70,-66,126,118,-128,-54
108,48,40,-14,-103,-94,-120,14,108
-104,20,-14,0,-123,-104,-108,4,-126
88,-102,66,124,-53,113,68,-22,86
22,-74,-100,-125,-39,114,82,-90,72
-92,-116,6,-123,-83,63,-22,74,10
-56,-114,-22,112,-73,47,2,102,-12
116,-62,-2,-8,-26,42,118,-30,76
26,-88,42,26,-9,46,70,-18,-118
-54,-4,10,99,-126,61,-66,-104,-84
-80,-16,48,89,124,62,-6,70,-64
90,16,-110,-90,70,84,24,-8,-98
-118,10,86,-78,81,84,26,-6,8
6,10,-44,-61,-121,126,8,96,-116
76,-34,-32,-61,-124,127,-16,66,122
32,78,104,-5,-59,126,10,86,102
88,100,-104,3,-43,122,46,0,-84
22,-72,108,72,51,-50,-90,-8,92
6,-122,46,91,56,-36,-100,-86,82
-116,-124,90,45,117,56,116,-24,-4
106,-110,84,36,-125,60,-120,114,36
70,-40,78,-61,-14,116,114,-2,-42
88,-38,28,-45,-31,-116,126,-64,-74
-118,50,0,51,-28,-37,10,-128,-126
46,8,30,61,-16,-41,-16,-74,-96
-122,-44,88,60,-5,-7,106,-32,-14
70,-78,48,66,-1,9,-88,30,54
26,-110,-54,64,27,17,-14,98,94
24,-12,-70,53,28,19,94,46,-6
36,-86,-20,23,74,18,16,-46,-30
68,-74,-60,26,63,20,38,-24,-14
-22,108,54,91,-19,34,68,-56,78
52,-80,38,88,-26,25,16,-120,112
64,28,20,53,-5,37,-108,48,26
-58,10,-82,51,1,37,-94,-102,60
-34,46,42,62,121,14,110,94,-118
-26,56,-30,61,-118,31,-80,30,38
8,56,-14,69,-114,40,24,-112,-18
-30,32,-6,63,-102,61,94,76,98
8,56,-14,69,-114,40,24,-112,-18
-30,32,-6,63,-102,61,94,76,98
-118,40,44,104,46,-3,-2,-8,16
-60,-14,18,113,36,4,78,116,-98
-12,-94,32,-47,-27,53,-14,-116,8
-52,-124,-118,-56,-37,52,-54,-32,86
116,-118,-58,-75,-45,33,-100,80,-34
70,36,112,-70,-64,32,102,-114,-10
-110,90,-40,-74,96,33,-120,126,12
-76,46,4,-79,-106,34,42,-122,46
-2,-12,52,36,-8,68,110,-18,-102
-106,116,80,-27,-22,86,-102,-90,126
-72,-104,2,25,-109,-29,116,-112,-12
-106,124,-36,26,-104,-21,60,-106,-58
-80,100,22,126,41,21,54,98,-50
50,10,48,87,52,16,-2,26,-92
108,-116,36,11,116,80,18,28,-24
42,108,-54,23,96,79,76,82,116
-126,-70,66,-81,-65,-26,-90,-16,106
46,-124,26,-85,-57,6,-44,-62,-10
18,-114,74,-9,-55,108,124,124,-116
-34,-120,-48,-1,-35,106,30,12,18
-46,58,106,60,108,102,76,124,56
-98,-6,58,40,68,96,12,54,110
58,-70,-42,43,-71,92,-28,48,10
86,-120,-128,37,-43,91,116,-84,-42
-84,-100,38,113,81,-3,108,30,-64
-94,92,-46,98,47,9,-54,-64,-94
66,-84,92,-76,-109,-124,-122,-4,-18
-48,92,-6,-99,-108,-113,108,24,-60
76,-128,60,-63,-104,-83,-30,-126,64
-34,26,-76,-31,-117,-97,-28,76,-82
68,-100,20,82,-127,109,102,72,74
2,-74,52,91,118,107,22,114,-4
-54,88,-94,-50,44,109,34,-114,98
98,12,-8,-72,23,102,-62,86,110
-108,-48,-82,-4,-42,-93,-86,-84,-28
52,14,68,127,-94,-57,-126,-120,96
-124,-86,-78,103,-39,-64,96,112,56
114,-34,84,59,-76,-94,126,96,48
96,-88,32,90,-94,120,-46,116,62
106,-78,-10,-106,-101,108,-82,-118,112
10,118,-70,-25,-110,79,-114,18,30
-42,26,34,-45,74,79,-72,38,10
-8,66,92,-74,-12,-9,-86,20,-120
46,42,-68,104,41,-8,18,26,92
122,-12,30,-107,-105,29,-88,126,58
-44,12,28,-106,-121,32,-50,48,74
0,-8,-102,-101,40,-33,-18,2,-78
58,-80,-116,-42,36,-54,4,66,-98
-116,82,-80,-110,-69,-79,70,112,52
-16,-98,74,-77,-86,-114,58,54,62
60,-80,108,51,-16,-112,-62,-40,-114
42,34,-128,46,6,-118,-62,-32,68
108,90,-114,-33,78,119,60,18,94
-4,-106,86,-40,84,121,44,-42,-56
68,52,110,-20,-21,-87,-42,-22,44
-122,18,2,4,24,-125,52,108,14
4,52,40,47,108,29,92,-106,-22
-18,-106,-44,98,-100,27,76,-12,-52
126,-58,-50,-31,122,-3,76,-4,18
88,60,-110,-1,122,-27,-98,48,28
58,118,-16,12,-23,105,118,-48,100
-38,80,-8,22,-22,102,104,-96,62
-90,-80,-12,-96,115,23,28,12,74
28,40,-120,-103,119,10,-52,82,-70
52,-30,124,13,-70,-29,-8,-46,-70
-116,60,-16,10,-57,-37,112,-64,102
12,-46,-26,32,-87,-107,42,14,42
-90,-94,62,9,-67,122,86,62,120
94,114,-104,124,-46,-31,122,-54,88
-120,-110,104,-116,-44,-40,-34,-30,6
-8,78,-44,-85,-40,54,-56,-102,80
-6,-126,16,-54,-7,36,10,124,120
36,48,74,51,15,-43,-8,-110,-24
-36,-64,88,-116,-3,-54,74,52,-42
108,94,58,7,-109,-10,-46,-20,2
-26,108,-84,32,-72,-18,84,34,-120
-8,76,-106,102,38,-92,-22,-12,-36
-62,-104,94,52,15,-93,36,68,-18
-8,-70,104,27,-61,-72,2,104,-104
-72,-96,-30,33,-4,-71,-30,112,-30
112,-26,66,76,-113,-55,-100,-12,0
-52,-118,122,124,111,-42,-104,116,78
-106,-96,102,94,24,-15,-128,-110,-16
50,-96,-104,89,4,-10,122,-96,-108
28,52,-112,-121,67,-5,-24,-104,-96
98,-12,-6,-112,89,11,-2,-52,0
-70,84,82,11,1,14,100,52,-56
-40,58,-70,-16,18,10,70,-8,-2
-110,56,-74,28,123,-41,-128,36,-116
-126,-96,-92,23,-110,-35,-4,102,-128
-106,-52,62,96,-71,7,-112,26,-76
-56,4,-36,114,-77,-10,12,2,68
86,42,84,-10,7,21,122,-30,-74
-4,-40,-44,-17,-11,23,-74,-82,120
98,-30,-70,-37,-67,-32,120,54,16
-10,-96,38,-66,-90,-14,-30,100,62
-28,76,30,46,31,102,14,-16,-52
28,-84,8,20,26,122,-18,-100,-116
-4,64,-62,-63,-85,-34,-126,-84,48
-74,4,-44,-47,-51,-26,62,-48,-56
18,-14,-68,61,-111,16,64,106,-74
106,-28,66,79,-128,17,116,-98,-98
86,-122,-88,-43,124,-41,68,-34,26
102,-120,-80,-58,115,-40,70,-50,102
50,-106,8,-109,71,-10,-16,96,-126
42,-20,-82,113,61,-6,86,-56,58
110,-24,-60,-41,87,86,4,-42,-80
-22,-10,102,-41,94,99,58,120,26
-50,90,-114,43,-91,-113,46,26,0
36,-116,-90,41,-76,-121,32,60,-34
36,64,-112,-77,-117,87,80,-38,70
22,-12,-102,-86,-113,77,64,-46,90
-118,-80,-20,42,113,35,92,60,6
126,0,-86,25,108,37,58,10,56
98,-64,-102,55,25,-1,12,-112,6
100,92,-102,33,16,-9,-6,-100,-30
-72,-56,-32,-79,72,29,-32,54,2
-10,-44,34,-83,88,37,-38,56,82
34,104,-48,-16,-11,35,124,-84,-116
18,88,26,0,4,33,-114,-52,-110
-48,-72,38,76,-117,-35,-40,82,74
-118,32,42,71,116,-32,-94,120,-112
-44,96,116,15,-3,-91,20,74,46
46,110,-2,12,-21,-87,-8,112,-8
106,-26,-88,-66,22,-118,58,-44,0
92,-50,-4,-71,28,-128,126,-78,-42
86,-64,-68,117,56,-84,-128,-46,-2
-112,-28,-26,103,60,-83,112,-82,-8
124,-74,-96,94,69,-41,-120,60,2
70,8,-84,103,76,-22,-108,54,-76
-114,-8,74,-125,-72,-51,30,102,-124
114,-54,48,-114,-70,-55,62,122,-90
-66,52,84,-34,88,-124,118,92,124
-24,-8,-102,-33,71,-124,88,60,-124
108,-30,60,-93,-80,127,-48,-82,90
-18,-110,50,-107,-88,-115,104,-48,-38
122,-122,-62,80,-31,-9,-108,116,22
-10,74,-122,72,-19,4,-116,52,90
-16,-26,124,106,19,-99,-22,22,-48
0,116,-118,90,38,-94,6,-48,20
118,4,-8,-115,37,16,-86,-98,76
78,-4,-24,-104,45,18,-64,-4,126
-90,-72,-26,117,53,48,-40,64,6
84,70,-110,104,50,52,-92,-80,-12
-86,122,118,-82,96,-52,36,44,22
-22,-114,36,-87,97,-51,-24,-18,52
12,74,26,-124,5,-125,24,-20,40
-44,-26,18,109,41,126,-12,-76,-76
-8,82,-36,14,-61,121,98,-96,92
66,58,2,19,-54,121,68,34,78
-98,12,92,-68,-10,10,36,-122,-62
-38,-38,104,-75,-5,-7,50,-56,-118
-92,68,36,66,92,120,-22,-90,112
-102,112,28,61,113,114,-26,-44,108
44,-26,-70,-53,12,-113,-44,74,52
-42,-66,30,-15,-46,-75,-118,-100,40
-50,-94,-24,88,56,100,-4,-54,112
122,-18,-22,98,45,46,-16,-58,46
32,104,86,65,37,33,-52,-112,66
100,44,86,38,61,4,-58,20,-68
-128,26,-114,30,101,-128,-32,-112,126
122,40,58,34,109,102,-8,96,40
-78,-44,106,110,-98,-28,124,-22,-6
82,-82,18,-107,121,-54,30,100,-66
-94,82,-54,14,-61,-31,-88,108,-108
14,60,-74,7,-68,-51,88,10,-2
-68,26,-40,-16,80,13,-104,-102,-110
-58,-98,-38,-36,73,-1,86,78,-54
-122,68,16,57,1,-83,68,68,-10
-10,76,-10,67,-4,-93,28,-50,2
-58,-44,60,24,97,-61,-26,-128,-86
40,-36,30,53,69,-60,24,-110,-70
2,-58,70,-38,-61,-44,114,-20,-50
-26,-98,66,-3,-60,-68,108,-96,-64
124,-36,38,70,-59,123,-68,58,102
16,96,-64,83,-72,109,-116,-94,30
72,-26,98,111,104,100,-126,32,54
-10,-16,32,108,109,81,66,-8,62
26,-116,-50,65,84,-19,122,-80,56
-26,110,20,84,74,-20,-80,-26,18
70,42,-46,12,103,40,-74,-52,72
66,6,100,38,110,8,68,48,4
122,10,40,-42,27,-5,74,84,-106
108,112,120,15,16,-37,26,80,-102
0,2,-58,99,-61,31,116,104,18
12,-94,108,40,13,-3,-94,4,-84
20,92,-6,82,33,-25,-4,96,-96
34,-80,-90,34,31,-26,-42,72,-20
-110,-10,90,67,-15,-77,62,106,-30
-42,82,90,125,-109,-89,38,38,-76
-46,22,-18,40,15,-109,-100,60,-94
76,52,86,27,-11,-94,-90,-58,26
86,36,102,8,-95,111,-74,74,-74
-82,108,18,7,-123,97,-124,-52,-98
-92,-20,62,5,-61,98,-104,80,52
-68,-44,20,11,-74,97,6,-122,88
58,98,-28,-19,99,39,-124,-20,2
-2,126,88,-41,93,58,-106,-64,30
0,-20,-6,105,-52,68,58,-36,-100
-118,-4,-56,108,-19,93,88,-50,-60
-92,-96,50,104,-124,106,-18,-118,-78
-26,-2,-106,108,-60,117,-32,32,-128
26,-122,-26,-49,70,97,60,-24,92
116,-88,-22,-55,34,114,-120,-110,-68
-102,64,102,-51,-113,-112,-12,28,-18
70,-58,84,-58,-115,-83,76,-66,70
-12,-100,34,-38,106,85,-128,-30,-120
-98,2,48,-57,85,94,74,20,6
-12,102,-32,-69,-119,-45,122,-100,-64
-76,54,42,-49,-106,-33,34,76,-124
-18,-44,14,77,92,119,74,2,-128
8,-68,-128,83,101,120,84,104,-116
90,-2,120,-106,62,53,4,-76,24
-18,58,28,-119,16,79,-98,-60,62
-48,68,64,18,120,0,78,28,28
112,72,12,1,116,2,30,40,-58
108,64,58,109,-59,51,74,-122,14
126,-96,-38,100,-83,54,-116,32,34
104,106,60,-77,54,127,10,-22,-122
36,100,-66,-73,28,126,70,-68,22
-126,120,-110,42,11,-109,40,126,14
122,120,18,48,13,-115,8,96,-118
-26,-24,114,49,82,-78,-128,74,-6
-70,82,-126,39,96,-68,108,40,28
-20,-58,12,-19,-47,-2,-100,28,-50
-62,-54,48,-7,-49,14,12,-50,54
80,44,16,-19,-6,-87,-82,-92,-98
-102,120,-18,-22,-10,-83,-46,-84,-110
32,26,112,90,15,51,-66,52,-18
102,30,12,94,-13,63,-112,46,-44
-66,-80,124,93,14,-2,114,-4,-20
-44,-20,70,77,-1,5,60,40,-46
-4,-48,-84,100,108,40,-48,-128,-90
-8,-50,-76,89,115,23,-86,-98,32
44,-4,-70,-79,101,-80,58,-4,-78
-20,-22,-10,-91,106,-96,102,40,-70
-104,82,-100,-77,-10,-115,-124,-50,-100
52,36,122,-91,-28,-122,100,-40,-80
118,-14,112,-81,23,94,44,22,62
52,-24,84,-35,-31,113,-32,94,86
-72,28,82,-24,127,-115,94,-54,-6
32,64,-108,0,104,-103,-98,-60,124
12,20,14,55,86,-16,-110,110,120
-18,68,20,49,79,-9,118,-98,-90
48,-64,-118,-18,35,37,90,122,124
122,20,-104,-21,36,37,110,60,106
-12,-92,-120,7,81,39,-74,32,-96
-42,-30,30,11,79,43,-124,-6,-74
-68,8,60,-81,48,108,38,72,-70
22,74,124,-88,69,120,52,-106,-44
26,42,-42,-110,-108,124,34,-36,-36
10,42,26,-120,-99,125,46,-48,-106
-60,114,-72,-92,-12,-91,-80,46,-12
86,122,-58,-87,-1,-89,-124,-124,22
24,62,-96,28,-28,-123,94,24,10
66,36,68,48,-45,-121,48,-2,14
26,-18,-128,108,-36,75,78,108,116
-50,-86,-94,110,-33,67,46,84,-52
-98,6,-62,-55,50,106,-120,70,-98
118,-6,96,-52,43,126,-76,68,-62
68,6,110,-4,96,3,-6,-96,64
68,-58,60,-8,105,14,60,22,18
42,122,-20,-4,125,91,-110,-26,-104
50,112,-50,-10,-120,89,-116,10,74
-12,-114,-86,118,118,-104,-8,-112,-34
108,-118,-82,113,113,-98,-10,-92,-102
-20,26,-68,56,81,26,-78,10,70
58,-116,104,51,72,55,114,-94,50
-34,122,126,-12,53,-68,-2,-34,-6
12,10,116,-10,54,-60,-4,-104,-24
-102,42,-12,12,-90,6,-120,-60,78
-72,-102,96,3,-95,12,-74,-110,-64
-108,96,-34,38,-43,35,64,-76,-24
22,30,-44,53,-26,37,80,66,-34
-28,74,-72,99,-72,-128,-50,-60,-64
24,-60,-70,105,-82,-128,48,-22,-118
0,18,-70,124,61,-43,104,124,0
-70,-96,-78,-119,49,-56,78,52,-72
-24,-46,98,50,-77,47,-98,52,-26
-126,-50,-54,43,-41,45,22,42,18
-22,-100,106,-36,32,-83,20,-68,-2
52,-12,88,-35,4,-61,28,-10,-6
-60,-82,-96,-88,56,109,74,-116,-20
78,26,-52,-69,-16,98,-62,-2,-58
24,-6,112,-125,47,-100,86,-68,54
100,-72,82,-94,17,-78,-72,24,-74
96,76,-30,3,-66,-53,-18,8,-20
26,-72,112,-10,-47,-64,-32,-2,-64
66,-10,24,29,2,119,-10,-16,38
126,-74,14,-37,3,115,-86,-92,-10
-82,104,98,102,90,-92,32,62,92
122,22,122,88,83,-82,-70,-16,-18
38,8,86,-126,105,104,-68,-92,54
-2,-58,112,123,67,115,58,100,56
-70,98,124,119,-38,-97,-128,72,-24
124,100,12,89,-86,-94,-58,-98,-68
0,-6,50,-116,-103,-71,-32,32,-102
120,108,92,-96,-76,-74,110,54,-92
-72,-18,-26,113,101,55,32,32,-30
-56,-6,-50,119,89,50,-78,-104,-44
-22,120,-76,41,15,58,80,94,32
-46,28,-102,44,35,59,86,40,-32
40,-30,108,-8,127,-102,-42,96,-24
-48,112,-114,-36,125,-92,34,-118,126
4,32,-52,2,-22,-43,-86,-44,-98
14,8,-104,-71,32,-71,58,0,118
122,118,4,-97,-78,-16,96,118,-18
58,26,74,-33,-94,-23,34,56,-48
-90,6,-4,11,-68,-57,104,-66,94
-102,106,-86,4,-79,-79,32,-52,-104
-106,120,-128,50,-34,-104,-34,-52,-90
84,46,32,59,-30,-88,-22,-26,64
108,44,-98,48,103,-44,-64,-60,-50
-128,-32,-20,9,111,-34,-8,-28,90
-98,-62,120,112,-55,-5,78,42,10
126,0,-50,-128,-47,-6,90,28,-112
-6,122,70,-37,75,97,58,6,-18
-98,-106,38,22,59,86,-128,28,82
-32,-14,-112,9,54,-35,-34,120,-68
-54,14,-118,46,73,-36,70,52,-80
74,-96,-92,-72,-67,99,32,-16,88
106,74,-58,-71,-102,91,-120,12,74
-106,112,46,-28,45,109,38,-88,-68
-4,110,16,-34,32,101,-8,-82,-104
58,14,-118,-28,91,12,-18,-58,94
-74,98,-20,-2,80,17,114,60,-46
78,-60,110,95,72,25,-24,104,-34
118,-10,10,-117,35,25,94,-92,32
88,120,42,-65,20,113,-84,-34,100
40,-100,-74,-27,44,111,78,70,-16
122,-62,-110,-18,39,105,-52,68,102
14,-54,74,-46,3,92,-66,78,98
-46,-48,-94,-18,106,21,94,36,32
110,-66,104,-66,108,-2,84,-36,20
62,108,70,-87,-92,93,50,106,2
2,-20,-24,-31,-73,81,-40,36,-8
-16,92,110,-53,-109,63,68,34,22
-100,118,76,6,-84,71,-28,-52,-42
-12,-96,-124,14,-111,-20,-54,14,-16
0,-46,70,-96,39,-77,34,-48,42
-64,-50,-118,-72,56,-71,-30,122,-70
32,106,-68,62,111,-91,28,-14,-46
-76,-100,0,-66,-71,97,-110,2,-62
-96,26,96,88,111,69,-106,72,22
12,-4,-22,29,0,-64,22,82,86
120,-48,-50,-28,18,-113,-60,-110,-32
-86,32,-94,14,63,55,-96,-16,-70
-112,20,-10,94,95,70,-4,-38,68
28,-32,-54,2,-124,2,16,100,-8
-102,22,24,22,106,-8,36,92,72
74,-68,126,-63,67,57,112,-50,40
-76,40,-28,-4,90,70,72,-64,96
66,0,112,-8,-109,-111,-60,-28,-124
-78,66,74,15,-47,-123,16,-8,26
58,-42,-56,-75,-108,-20,-118,92,-102
-10,4,2,124,32,-30,126,-86,-124
2,98,-54,-119,67,-11,8,-18,-58
-48,100,-112,77,77,-21,14,98,116
106,74,16,64,86,-27,-70,-58,122
-68,106,94,60,86,-44,-32,90,32
56,-68,104,32,-29,51,-106,-26,-44
32,72,90,10,-60,42,120,-76,-78
-72,-10,124,-39,89,114,-4,6,50
-70,-4,-94,-44,64,-117,-64,0,0
12,-32,-102,80,-2,41,86,-94,24
-106,46,64,84,19,42,-100,74,-84
-22,72,14,-88,-43,-77,102,86,-30
32,-78,18,-74,-39,-81,-66,-114,-66
102,-80,86,-57,124,-91,-54,-100,68
-120,54,88,-67,-128,-94,-42,-112,-30
-88,106,-80,-60,23,33,-2,-14,118
-80,94,68,-97,5,40,28,-52,114
28,-78,90,86,0,12,-80,-64,60
-110,-94,120,67,-28,5,-110,94,8
36,-126,-120,-38,-52,69,-40,-42,-8
-126,12,-62,-27,-41,76,48,38,-96
-16,58,66,18,8,78,118,-52,-58
-28,4,102,15,3,78,108,-28,86
86,-88,82,62,-120,103,-92,-28,-126
94,-98,40,50,118,92,-78,50,4
78,-94,72,101,99,105,-124,16,-56
-108,-24,112,71,102,104,94,-12,-86
64,40,78,80,-69,125,-50,42,24
118,66,22,62,-48,-126,-72,30,62
18,-64,-114,-50,-45,99,-106,92,68
88,4,-88,-71,-42,98,-104,2,44
-90,-34,-112,36,-70,53,108,14,66
12,20,-100,29,-68,38,-100,68,82
86,-128,72,62,59,-66,-24,68,-48
90,74,62,73,57,-60,16,114,-116
118,98,30,-87,46,120,50,62,-84
-26,64,62,-111,42,111,24,78,-82
-32,90,-6,-109,-83,32,-116,110,68
28,-42,14,-122,-88,37,64,122,28
-14,-10,118,4,-18,30,-8,-12,122
-82,54,-66,18,1,20,-46,18,-84
-60,124,62,37,-96,40,-110,106,18
122,-80,106,65,-111,48,-32,-42,-36
26,-50,28,-126,-85,24,52,28,76
-62,-84,24,125,-74,26,56,60,-18
-86,42,58,113,8,-107,80,-44,34
-6,108,-10,-126,34,-112,76,-66,74
-108,38,32,-33,-10,57,48,16,40
-110,-48,-124,-40,0,42,62,122,26
-22,-84,-44,84,-18,38,-102,-120,114
-18,-66,-2,81,-45,48,98,114,28
70,-52,112,-95,56,-42,-36,-26,30
110,32,22,-37,62,-25,24,122,114
-60,30,88,52,124,-125,86,-8,-30
-120,58,92,99,-93,-113,14,34,-70
-12,-24,-38,-36,-74,127,28,8,26
-102,-62,-38,-28,-76,116,-60,104,116
4,70,58,-74,-54,68,98,78,-108
-70,-98,-128,-37,82,74,40,32,86
80,80,-106,-21,-31,23,26,-86,-44
4,-4,-64,-21,-44,-19,124,-98,36
-112,-16,-6,-10,76,23,-116,-116,116
88,-30,-30,0,92,0,60,-74,22
-28,-28,114,18,-115,45,76,114,-124
-104,-72,-54,-3,-108,20,-18,-52,102
82,66,-28,61,-14,94,-16,-106,-74
80,-66,6,54,-13,87,-74,116,-20
116,-78,72,75,43,-22,8,-18,76
-88,4,34,79,28,-33,-76,8,70
-32,108,-80,48,-47,-112,2,-108,116
-30,36,-106,88,-62,-110,-88,68,-36
-12,-116,-4,-82,106,-17,-86,32,34
86,-76,-82,-61,105,-32,56,4,-70
-32,52,-76,34,62,47,-56,-70,-66
118,-124,-48,66,81,41,62,-68,2
74,30,-42,76,-18,-101,68,30,-44
60,80,-14,99,-34,-87,62,-4,110
98,-44,-96,-107,54,108,116,30,120
-126,-72,120,-70,50,100,24,84,94
110,0,-34,-91,-77,61,-106,2,-18
-18,-94,-108,-109,-46,47,-84,-64,-80
10,54,92,-55,-120,86,24,96,10
-42,76,-64,-24,-127,66,88,80,16
18,-120,120,-100,121,84,-12,102,112
106,-88,-72,-128,121,82,78,28,120
14,-2,-90,-9,-10,22,-42,22,-74
-124,120,42,-27,-14,22,-56,-18,120
-68,6,-54,-64,10,-114,-42,-102,-122
-88,40,-10,-44,-40,-105,40,-62,112
34,-104,-20,5,-124,32,26,30,-80
-102,-26,-86,15,-128,29,-76,-18,-46
-28,-106,-30,4,-35,34,-24,-110,84
-36,-12,106,-14,-28,27,-100,102,-48
112,78,-46,18,-44,-30,42,-52,-62
-46,-66,-10,18,-25,-26,-16,-34,-84
58,108,66,-2,20,-2,26,94,88
-110,118,118,-74,23,10,-36,118,100
-80,62,-34,50,-47,85,-76,-6,-52
-58,68,-40,61,-52,82,-16,-72,-16
-18,-52,-96,-122,-119,-94,-108,94,-8
20,-80,-78,-117,124,-95,14,-124,-74
-6,-72,8,60,67,-36,-126,-2,-26
-80,-30,66,47,45,-37,78,-82,50
88,116,22,102,91,1,70,-128,-84
82,-62,56,96,72,-8,36,-78,-86
42,-16,0,124,-91,89,-62,-78,-78
-26,82,-16,126,-97,105,58,-4,-90
-76,54,84,-82,71,14,-10,58,-104
22,108,80,-73,65,21,-108,88,110
-64,-104,-126,111,-62,65,-36,26,-42
16,-92,16,116,-96,63,74,-46,84
14,48,-12,64,-48,54,94,-20,126
-52,68,-30,60,-52,43,60,-116,48
-64,48,-2,-9,43,87,-116,106,-114
-92,36,-24,-15,41,97,-88,-124,-104
-24,66,-36,70,-17,-4,46,20,-16
118,-38,82,66,-54,20,46,-42,-34
124,-100,96,113,126,45,114,58,-96
36,64,-72,111,114,76,-74,-70,-82
90,100,-72,-90,-31,-58,-10,106,-112
98,-10,-32,-50,18,-63,-70,86,-2
-66,88,64,22,-127,82,14,70,-108
-108,-90,114,7,93,67,-52,14,12
2,106,-84,-121,-41,21,34,-30,88
-126,124,96,122,-68,27,96,-38,20
-70,-108,30,-64,-101,-19,-64,-68,-128
0,-12,46,-59,-114,5,-78,-76,-60
66,104,2,73,-112,-123,24,-56,-62
92,76,-120,68,-109,-91,-54,-60,-100
10,88,8,2,1,100,14,12,-42
-76,-78,0,-11,9,99,4,16,-42
-64,94,40,-46,-62,-6,84,106,46
44,-94,68,-55,-79,6,18,98,36
30,-48,46,-85,-22,-123,-20,46,22
116,74,-112,-103,-15,123,-16,88,-68
120,42,-112,-27,-51,92,-42,-78,-28
-96,20,-96,-2,-77,113,-52,-46,76
122,38,100,121,6,62,82,-88,-98
78,92,-92,-118,23,77,-124,94,-20
68,26,-52,-86,101,-19,-88,-102,-10
-22,-8,-60,-88,86,-2,-96,110,-52
116,64,100,-83,111,67,-6,82,-60
68,6,90,-88,114,80,-38,24,22
74,-26,-30,-23,115,39,-84,-32,-4
66,-26,24,-82,90,26,-90,122,4
126,48,16,127,32,46,24,-12,-20
52,-98,110,-114,20,73,-50,-76,44
-100,104,-98,27,-77,-31,-124,-86,32
-60,88,-106,37,-58,-21,116,-100,-30
12,8,-98,117,18,-114,-80,90,-34
78,4,6,-95,11,-93,-48,76,-62
60,-14,18,-48,22,-10,48,34,-28
-104,-38,-2,-39,18,-5,-124,-100,-110
-126,-106,108,-30,66,55,-94,-56,-102
80,88,4,-38,49,65,-40,36,-100
-30,-120,-76,84,103,86,-66,110,94
-72,-110,48,67,112,83,-68,-28,36
-4,16,106,-114,124,27,-92,-30,118
54,-10,86,-116,112,20,-104,-26,-120
106,-10,-64,-77,70,28,-48,-120,124
40,-100,124,-78,70,41,-74,20,72
-106,12,28,-15,-105,-74,124,-108,86
120,22,-6,-14,-96,-73,-126,-112,44
-56,-16,-6,-22,0,49,-34,82,78
-22,6,80,-24,4,61,-38,-114,42
24,64,54,-121,7,-106,86,-20,-122
-14,24,-60,122,-6,-93,124,-98,60
-80,-52,-64,72,-22,40,-116,68,-22
42,-42,100,58,-37,42,104,-86,-44
-114,126,92,6,118,-108,86,64,-36
-30,126,48,12,-115,-102,-116,-56,-126
38,-114,76,-14,-121,-59,40,60,-128
-110,112,56,-28,-109,-63,10,-78,84
-56,114,86,-15,-127,32,-40,-66,8
-80,122,106,-7,-127,60,-92,108,-48
-86,102,8,-33,103,9,-50,-44,64
116,98,-42,-44,112,33,18,-124,22
52,68,104,-123,-61,-25,0,88,-94
36,98,60,-128,-53,-21,60,22,-102
-102,-32,50,-89,7,-96,-32,10,26
-80,-50,-74,86,-73,-116,0,40,-52
-94,8,-52,125,72,65,104,-64,66
72,-50,-82,-76,-80,78,16,-8,78
52,-96,-34,78,22,68,28,76,-98
-128,48,124,36,2,74,86,20,-98
-20,120,92,-14,-42,-112,-88,38,14
46,114,-76,-11,-41,-91,-94,-36,-36
-114,68,14,-103,-39,9,106,50,-100
-120,-98,-52,-103,-55,21,48,-14,126
116,100,20,-19,9,-63,-110,-38,-80
-100,122,-66,-24,52,-54,-128,22,-40
20,-80,100,-60,34,17,4,104,-24
-18,52,-80,-113,-1,21,62,126,-104
40,-54,-76,-35,-40,-35,98,20,-16
6,20,68,-70,22,-27,16,-96,48
66,64,50,19,72,77,-82,-46,100
0,2,88,69,20,85,-118,42,-112
96,-116,-46,103,20,-43,-38,-60,76
2,90,124,113,24,-44,122,26,122
-116,46,-92,59,106,29,-94,-8,0
26,46,-36,90,77,48,-120,-68,-8
46,16,-100,126,73,-123,-70,94,22
-6,52,-42,-120,83,-122,18,46,12
68,-108,110,-46,119,-19,-8,24,0
-124,86,-110,-97,110,-15,-82,-48,36
-36,56,6,-13,53,20,-20,16,-62
40,16,14,12,34,33,-50,-44,110
-120,-36,102,71,1,89,-54,80,52
126,44,92,107,1,94,-94,-22,-26
-92,-96,-114,85,22,36,-14,-90,100
32,-50,74,85,19,29,-94,22,36
-80,-16,-84,121,-19,0,-106,-2,60
86,-22,-112,-121,-19,13,-62,-12,12
-116,4,38,-105,-5,20,38,26,-10
50,120,-106,126,7,15,18,-96,54
54,-128,74,-27,41,-65,-58,64,122
-86,-26,-66,-46,59,-88,-70,-96,104
94,118,-30,-124,-52,18,-104,12,108
44,-16,-50,-75,-51,6,-116,122,-56
-120,72,-128,94,-65,-53,126,-124,-106
112,96,2,-117,-69,-63,-36,-8,-50
-62,-80,102,-87,100,-114,-72,-20,38
40,-8,-48,-73,113,-122,108,-82,-30
46,-104,94,-98,24,57,-128,-80,-28
-48,124,-86,111,-66,-1,-110,24,-30
102,78,-18,12,64,-56,6,42,-72
74,66,-34,-33,85,-94,-10,-118,38
58,94,-42,-69,114,-94,94,38,62
-120,106,-92,-50,117,-81,12,-4,-90
86,-116,-26,-110,-3,-46,110,-62,-40
-50,100,-80,-70,26,-17,-12,-122,-82
12,-44,-22,-98,-60,-64,84,-124,-126
72,72,-2,117,127,-92,-106,60,-2
74,4,-88,63,60,63,124,22,98
-106,-120,120,-124,-108,59,-82,-94,-104
114,66,-126,-74,74,-48,76,90,112
92,2,110,122,-124,-27,-112,-50,-68
-68,-16,94,-114,111,-100,-8,90,-12
-66,18,120,-8,82,-101,-18,108,-64
40,-74,-14,-81,125,49,22,66,124
-8,92,68,-74,104,45,44,54,-58
0,-104,-94,26,89,-68,12,28,70
84,10,-56,-11,110,-103,88,108,-4
-28,-96,50,122,-46,84,-26,-36,74
-72,74,90,-80,-3,88,104,44,-20
-104,22,12,-62,18,42,-110,64,-50
90,-118,60,-32,-24,4,-122,50,44
100,-64,-88,-65,-44,39,-12,-12,-92
86,-12,90,-92,15,30,-44,-126,106
-52,-74,98,97,120,11,44,-92,36
54,92,90,74,88,3,56,-92,30
-122,92,72,85,109,-118,2,0,78
0,-92,32,60,98,-127,34,42,88
-84,60,88,-87,107,-11,-36,-22,-28
32,-48,70,-20,118,-15,-14,-96,-62
-62,-6,38,34,0,-13,-70,-10,46
74,2,44,34,-36,-17,-126,-48,-68
122,86,20,-26,-63,57,-124,-80,-102
86,106,2,-21,-69,74,78,-70,114
60,-104,-48,125,-66,-95,84,44,30
-102,124,-18,103,-53,-95,38,96,-52
-54,-8,-104,70,29,-110,116,126,0
-92,-24,-22,118,72,-108,-10,2,-36
-32,-92,-78,117,76,54,36,72,-114
48,-32,-68,92,80,33,6,-26,-62
-22,92,120,-21,-108,-123,-118,-12,34
-82,70,-126,-54,-123,123,120,26,108
-106,68,40,80,-89,11,106,-44,-96
72,92,-58,52,-103,2,80,-52,-50
-38,-128,-98,75,-121,55,94,66,32
54,-46,108,83,93,58,12,46,-12
-74,-100,82,-12,-79,-120,-8,62,6
108,-92,-96,-34,-91,-121,-116,-118,-94
114,86,108,-67,32,16,22,-104,64
-48,120,-32,63,99,5,16,-16,30
-106,66,-28,83,-42,53,-52,-78,100
78,-100,-120,74,-54,70,0,-112,-56
-126,-28,-8,13,75,25,84,74,66
-118,-52,-22,-24,63,20,62,-126,34
-6,44,-92,-44,-17,16,-52,-6,48
-22,-16,90,-51,-11,10,-54,-54,84
98,-80,46,-72,-13,101,126,42,-10
0,-8,-6,-101,6,108,-2,-36,56
48,-128,58,69,75,-106,94,62,2
-74,68,34,60,81,-105,52,-18,74
-14,-90,-66,18,89,126,-76,26,106
-122,-18,-92,1,84,120,-46,-116,104
-96,18,68,-85,51,61,98,90,90
24,40,114,-89,65,59,114,-108,-16
-90,6,28,18,76,11,40,0,-122
-4,64,-28,-2,76,10,100,-48,-108
-26,-84,70,-51,94,-86,-4,-124,-26
-56,78,-120,-52,75,-81,44,106,32
78,-104,-84,-106,61,-123,-78,-58,-82
-126,-120,0,-111,73,-123,82,-48,-126
-2,-10,-82,31,-122,-75,-106,82,120
14,54,-52,32,-116,-74,-26,106,44
8,-6,92,76,-82,-12,-80,-128,-30
-84,-22,64,87,-91,-3,98,106,2
-76,108,-82,-104,97,0,-114,104,122
108,66,80,-99,96,3,-96,58,-20
-118,-2,-84,8,-58,-19,124,-70,20
26,-88,-20,-12,-61,-31,-92,90,-124
96,-16,-96,17,-31,-82,-66,2,116
124,-106,-28,-11,-20,-78,-102,-48,56
-14,-78,-86,123,-22,-85,-74,70,-110
4,-70,8,108,-26,-81,-70,-76,62
-94,-50,86,125,-61,79,122,120,56
68,-18,-48,-108,-79,65,84,0,106
84,44,124,-74,-1,16,54,-118,112
-80,72,76,-79,21,10,24,2,-106
2,104,-112,-70,-17,27,94,-112,-106
42,-120,44,-62,11,26,76,104,92
24,48,-98,42,103,-5,0,126,38
60,-114,32,56,117,-30,-62,78,62
56,-124,-66,84,39,60,-120,104,-114
96,84,-8,106,41,41,86,-86,56
-6,54,-24,-85,69,-49,-94,20,78
-58,54,16,105,-1,-59,-10,98,88
-124,-84,-22,-98,-49,-22,-6,-110,82
-102,-4,-106,-92,-39,-53,92,-62,90
-20,20,-56,38,53,119,-20,-26,8
-6,52,-28,42,51,111,-54,-14,-36
112,-20,8,-96,-118,-74,12,-118,-62
-2,-120,54,-67,-114,-89,-112,108,-118
26,-32,46,-95,39,-106,-126,58,22
6,-56,-14,69,84,127,50,-6,56
18,112,118,-24,94,-115,-74,10,100
58,-56,100,-28,96,-123,22,84,48
-2,-20,-114,37,-113,71,-42,-96,-42
-28,84,-102,42,-99,57,-16,-92,-38
44,-78,74,-121,89,-53,-100,40,-48
-92,-82,94,-80,109,-74,-86,-82,88
116,-12,20,127,-84,8,94,-12,-48
42,-4,72,-100,-83,-11,104,0,-108
86,68,-12,50,13,93,88,100,-36
52,78,-30,42,20,83,-114,-106,-88
18,118,-114,73,-102,-16,114,-104,-54
16,116,-82,64,-76,-28,124,-52,-42
44,-62,-126,93,15,-120,72,-40,0
-4,-48,120,105,41,-124,80,-46,-108
-14,40,0,38,92,-35,-126,-110,-84
14,-100,72,12,70,-55,32,-110,-56
-94,-104,-60,-53,-104,92,-16,-24,-74
70,-126,104,-88,108,78,-62,-74,-2
32,-32,14,95,-52,-29,2,116,66
52,12,102,113,-45,-45,66,126,-68
-24,-40,64,55,27,-89,-98,-86,-26
124,80,72,105,8,-83,-106,-12,-118
-42,-54,6,5,-77,-65,-116,104,-126
-60,64,90,-43,-85,-69,-82,2,-102
104,80,-36,-121,-22,44,-90,-24,112
-34,-56,8,113,-34,42,110,-88,-4
-100,-82,-70,-82,59,-101,-118,68,-72
-52,-90,84,-100,56,-105,60,112,26
-94,-58,-72,111,61,-90,-100,68,24
-110,0,-36,115,47,-81,-78,64,76
114,-66,110,-121,30,-65,98,-70,-90
-38,18,112,-89,46,-46,74,-16,-6
-126,54,28,-14,12,-18,42,-64,-60
-44,114,60,-35,-7,-17,-118,96,-16
30,94,-36,-6,-83,118,-106,124,-40
-20,-42,34,-29,-67,-123,-90,54,-92
54,42,6,-57,-121,-25,8,80,38
28,98,46,-86,-122,-30,108,-40,30
120,-72,-100,121,91,90,-98,-82,46
102,-40,100,99,89,101,-74,-58,-6
122,14,-22,43,56,-54,0,40,-98
-12,8,38,55,44,-39,-26,44,-92
-80,36,68,89,4,70,78,-22,82
0,84,14,86,1,74,48,0,-70
126,34,-90,-61,-42,-39,8,16,-2
-86,64,2,-67,-47,-18,-30,52,-88
4,10,-20,-96,-3,-124,-28,108,22
98,94,102,-112,13,-111,-122,-72,54
-26,82,124,-74,-103,2,-32,62,-36
-54,-84,-52,-92,-93,9,12,20,-62
0,-82,-72,-91,-82,126,6,-56,30
-10,-114,-128,-98,-119,-123,-16,84,80
-94,-42,-36,108,17,37,-24,-86,58
122,58,86,80,12,46,-28,-106,56
-82,-72,-8,-104,-125,63,-56,10,76
-26,10,-10,-92,-96,117,62,-84,-112
-64,-10,22,-47,106,-80,22,-22,14
34,-80,76,97,64,-52,50,-36,14
66,18,-28,-92,10,-42,8,-56,-96
22,62,88,-62,-2,-54,102,74,68
124,50,80,-51,-13,-33,-80,20,82
74,-118,90,-34,-10,-39,-94,24,88
-108,64,12,-35,47,56,70,-100,-32
-2,40,44,-17,116,48,60,-28,-8
-72,-58,30,-83,-40,-64,52,-76,-64
-116,16,82,-73,-50,-46,-32,12,-52
50,-38,-46,52,-29,44,44,124,112
-104,-12,-90,67,-17,48,58,-124,42
66,-64,-36,87,-17,91,-46,10,52
8,-90,-46,92,-21,94,-80,60,-54
48,66,70,121,-85,105,68,-32,72
2,66,120,119,-82,106,42,-92,92
72,-104,-96,-43,95,-79,108,-54,-100
24,-108,-20,-45,91,-60,6,120,84
108,126,-8,51,118,-8,22,-2,-20
2,84,-22,50,123,-6,18,-4,-28
82,58,-54,34,-60,34,116,-106,10
24,34,-80,69,-85,36,-24,-90,50
116,122,38,119,-35,79,106,-60,-40
-20,-104,4,123,-36,84,44,-98,-66
-68,42,-82,2,3,-82,58,92,-88
-50,16,90,17,22,-82,64,32,114
38,4,106,113,69,-37,-28,90,-126
48,-6,-108,102,85,-41,-96,28,-64
-90,-124,42,103,104,-2,42,90,104
-66,-78,-128,108,93,10,56,98,32
96,-102,14,-95,115,114,86,82,-78
74,48,108,-81,111,126,122,-56,-76
-120,-96,-58,38,108,-7,86,-122,-60
-62,-104,-100,41,95,7,100,102,-76
84,-16,-10,33,-46,93,94,56,86
90,-32,8,33,-39,101,74,-114,82
80,-70,14,-64,-13,-84,-84,-72,104
4,-62,-58,-62,-3,-84,-64,0,-104
120,120,90,72,8,-91,-14,-116,-128
-86,86,-108,61,7,-92,8,-34,-60
-50,-100,-20,3,-36,-76,96,120,68
124,122,60,0,-42,-74,-82,64,-94
-114,40,32,8,-50,34,-44,-78,120
-78,-60,50,25,-52,52,-32,-92,-126
-118,-82,-60,-51,10,88,-62,-12,-42
-46,100,102,-65,5,87,90,2,72
-6,-100,-74,17,63,122,-80,-108,76
-46,-110,-84,7,69,-124,-50,-12,48
96,88,82,6,-122,28,84,-126,90
-56,90,92,-7,124,34,4,118,-122
-30,-44,-34,-125,86,-75,-48,28,124
-14,124,-106,112,73,-80,-22,-100,-78
38,46,-16,-24,-16,-39,68,-110,-82
-74,-50,-106,-35,-13,-39,42,-126,102
126,28,-118,-36,-126,24,84,-34,-28
116,-46,42,-33,116,30,22,-118,-12
-104,34,104,-106,114,76,38,16,-126
112,20,-78,-116,-128,78,-6,-82,-104
-60,-76,62,121,115,-107,92,42,42
112,-4,108,86,118,-113,-128,120,34
14,112,-40,102,-53,17,78,120,32
-8,86,-24,120,85,42,-108,-82,-128
-122,-96,8,58,-117,-99,12,-60,64
4,-90,-90,66,-98,-95,102,-74,-38
-72,-96,54,-21,45,-45,-56,72,64
76,-86,36,-48,7,-54,-114,-126,-6
100,-74,52,-121,62,-84,-38,40,110
-62,66,-66,-125,75,-82,-4,112,-30
54,-64,68,93,-83,-8,-72,-30,0
78,96,14,58,-80,-1,-42,48,-114
82,36,-122,87,-20,-62,-68,78,66
84,-48,70,123,89,-40,-52,62,60
-88,-78,-56,114,-124,20,-56,-42,66
60,54,0,120,66,10,4,-60,68
76,6,-44,60,-67,118,52,-44,-106
68,-36,-94,30,114,98,-122,-20,-4
-6,-6,-18,90,-1,94,-116,-34,60
-38,-18,-68,93,-34,111,24,-96,54
-24,-46,-84,33,61,49,44,-30,-64
112,-126,-82,70,70,67,84,-116,118
-44,96,-38,91,-70,113,122,88,38
82,-12,-110,107,-42,-124,-60,-66,30
122,-50,108,48,5,-13,-80,88,34
92,-36,0,60,-7,-9,42,-22,10
64,44,22,-101,26,-70,-30,-58,-76
-124,0,44,-127,5,-77,-24,56,52
36,-6,8,54,94,-83,28,-106,66
40,28,-122,61,120,-69,68,110,-86
102,-108,2,99,-58,35,28,-4,-72
76,108,38,-123,-49,49,42,-40,-120
94,16,46,-33,11,-59,-52,-110,-110
-96,68,10,-39,59,-84,-18,104,70
-110,-56,-80,-73,-51,-115,-66,-72,6
28,-16,122,94,100,-126,2,26,-110
-44,124,18,-36,-47,112,54,-110,-22
112,84,56,6,20,113,-72,-2,-76
34,8,-22,82,-64,-13,100,80,-78
-32,40,-104,74,-31,-23,126,120,-74
94,-118,92,10,37,-56,38,46,6
-62,-84,-102,16,80,-48,32,22,116
54,-30,96,-73,28,117,-96,-68,66
6,32,38,-60,34,121,82,48,-36
114,94,50,-89,-78,31,-126,78,22
94,4,114,-45,-98,20,122,22,74
8,6,-118,-72,51,-22,96,-6,88
-10,120,-50,-96,62,-36,42,-62,-8
-70,96,62,44,36,-17,-6,56,110
-6,-84,-20,38,5,-32,-6,28,-58
-44,-102,100,113,-119,-30,78,78,-64
20,74,-96,100,-122,-20,126,-14,-38
46,52,62,-52,-31,77,0,64,72
36,-58,-52,-12,-12,89,84,30,-114
74,56,124,-60,80,12,68,-6,8
26,-24,126,89,-88,60,88,74,112
-12,-54,-60,-62,116,-114,-96,42,90
24,-14,4,113,-105,111,62,2,-112
80,54,-42,-44,76,66,8,-126,-88
-40,10,-124,3,8,30,-112,-96,98
36,118,126,81,-6,-99,118,-96,-56
28,-128,-58,94,-7,-116,-106,-106,-44
122,10,-20,0,50,-109,22,-120,4
50,-26,-38,23,51,-105,-6,70,82
74,-38,-28,-5,-103,-80,84,54,-54
-66,44,-92,-12,-78,-90,-108,22,30
-126,-10,-40,-74,-63,13,44,-86,-88
-72,-6,84,-84,-67,2,20,28,52
28,-34,28,60,90,105,74,-94,54
92,38,-16,36,87,86,-90,72,-92
102,-90,90,112,18,-110,112,96,40
124,-16,-14,-118,40,-99,124,-22,94
90,-82,96,-97,-110,-75,6,-66,102
-110,8,-36,-89,-116,-57,-110,86,-62
-20,80,64,-19,49,-19,94,8,22
110,64,54,-4,33,-30,76,40,22
-44,44,28,30,59,-116,12,104,-58
-72,-40,36,37,94,-122,40,30,-52
-90,-46,-36,10,-94,99,90,-48,-86
-114,-14,6,-12,-63,93,66,-54,100
62,118,22,60,-12,-59,-76,-30,98
94,108,-48,48,22,-79,-52,-70,112
48,-128,34,-1,75,104,24,-48,-94
2,-30,90,-16,80,100,64,-90,-52
78,-4,-50,20,-10,52,-76,-104,-16
42,-120,-14,13,-10,58,-102,-56,118
118,-74,54,-96,30,27,-86,86,-84
-70,-84,78,-105,32,21,-102,-6,-76
-36,34,-108,-46,23,-9,-40,48,-26
-46,40,-46,-67,18,-23,-14,-30,-56
-36,-18,-60,-1,-103,18,-32,-36,66
-58,42,-116,12,-116,21,-70,10,-112
118,-74,-38,-95,83,41,-112,94,-86
70,-64,-2,-96,91,40,-82,40,100
124,110,74,122,13,65,36,26,-96
120,112,88,107,30,64,32,-76,-52
-4,48,58,72,21,-2,116,72,-88
-22,124,54,54,21,-2,112,46,-12
-30,-84,-124,-113,-53,-46,-10,64,-40
-102,-82,122,-128,-50,-43,-2,106,98
-62,-76,-34,-81,-2,-13,96,-68,-34
90,6,6,-89,4,-22,34,-42,18
60,34,-4,-3,80,-42,-10,-16,-78
14,26,-6,-21,82,-43,-18,52,-76
124,114,60,97,-117,-125,122,116,98
102,98,-30,97,-123,108,-118,92,-24
52,68,56,19,-119,5,122,100,-68
124,68,104,13,-125,-9,24,112,-42
-50,82,26,-121,7,-118,-56,-24,-50
26,-70,28,110,0,-128,-88,70,36
62,-74,108,90,-21,-7,-74,102,-118
-100,-92,110,93,-43,-23,-32,122,66
-44,80,-70,38,-66,3,28,-98,-12
-78,32,-32,47,-60,-1,-24,126,-26
-16,-86,92,-108,-99,20,94,88,-44
-40,112,72,-93,-103,22,114,82,-26
68,48,52,29,-2,-65,-106,-72,-6
10,112,88,-8,38,-82,96,-108,54
10,-82,106,-37,-84,-39,-48,-62,-20
-88,102,68,-32,-82,-23,-46,-36,-24
-122,6,118,82,-122,70,92,62,-82
-76,-26,62,-108,-128,67,70,84,-104
82,86,24,-126,87,86,-22,26,-46
98,76,18,-126,101,70,-58,-74,-2
14,36,80,111,10,-41,20,-114,78
-86,-68,-126,101,23,-44,-34,2,60
-102,-116,50,38,100,68,20,-16,26
2,92,30,43,92,57,12,-62,-80
-28,40,54,-75,86,57,106,102,28
16,84,-98,-44,83,31,82,66,-112
-2,102,8,-5,27,-128,112,12,-80
26,48,16,-3,5,105,104,42,-18
60,116,126,88,46,-4,76,-84,106
-82,-98,-72,66,35,-28,100,-52,-10
80,-42,-118,-15,126,81,-20,90,126
78,24,112,44,-121,68,-80,100,-104
-58,-26,-18,-58,-69,-48,84,-78,46
-94,-20,-80,-28,-55,-59,46,-50,52
102,-32,-94,-14,52,21,-46,-114,30
122,126,-34,-10,58,14,-78,-2,100
-34,14,74,87,94,-122,124,100,-68
-92,-76,-32,-117,127,102,-36,12,-114
86,-42,-2,14,-55,16,2,-76,-4
114,112,94,68,-63,0,16,-6,100
8,-34,-40,-76,-40,-85,-124,-52,32
-44,-102,-114,-40,-49,-98,84,-108,-64
122,-42,94,46,117,108,-86,-118,86
72,-68,110,51,116,113,-68,122,-56
-74,-8,-94,106,95,-111,52,-54,84
104,-116,32,115,98,-104,-64,-22,82
80,-74,-42,29,86,83,-50,48,12
60,108,-82,4,83,56,-34,122,-26
58,-18,-12,-93,-123,59,-122,-78,26
-102,-82,98,101,-87,30,-24,100,38
32,0,-126,-6,24,38,-108,-106,70
82,-86,-68,-53,14,22,90,30,112
22,-50,-20,114,-116,-20,48,-12,44
56,-52,-46,120,17,-6,72,-58,-70
48,-98,-78,23,-2,20,-70,112,16
78,62,-76,-29,-40,27,-12,102,8
102,-70,60,-111,59,14,-36,-110,124
106,120,-28,118,-2,46,-126,14,-78
-92,14,-100,31,-43,114,-24,-34,-8
38,92,46,16,-34,123,-28,-106,2
84,12,62,-57,98,-63,-68,-124,-58
96,84,92,-94,98,-48,-28,-118,126
38,-122,54,-81,-59,-126,-32,110,-68
-22,-80,-30,-126,-87,-124,-16,58,8
14,38,-60,-38,-4,48,60,2,104
110,98,-92,-38,-24,69,52,-52,-94
84,-104,14,-47,-23,49,24,36,-54
108,80,-18,-43,-45,68,6,22,2
-20,-30,-70,-125,-76,12,-52,14,30
-32,-26,124,119,-77,34,-40,-36,86
-58,72,46,33,117,14,6,20,-24
4,126,0,9,114,29,-20,54,-10
-102,-66,-108,97,123,-3,-90,28,-22
84,92,-116,93,124,15,-120,-76,18
-22,26,-46,21,-70,0,-80,48,-66
-32,14,-50,23,-92,24,-80,36,-36
74,34,-86,-113,45,60,56,-12,70
8,48,78,-116,36,73,24,70,-48
-46,-26,-126,87,-4,17,60,-86,0
-8,96,114,103,-3,27,50,-42,34
-16,-118,44,9,106,54,-48,92,-72
46,-90,118,29,124,54,20,-38,-76
110,-114,-38,117,-14,21,-4,-68,46
98,-64,-20,126,1,9,68,-88,-60
12,48,24,16,-28,-77,34,-20,-126
-86,-20,-74,35,-19,-77,30,4,122
78,94,110,24,-35,44,-40,-114,34
-80,-106,56,32,-30,56,-50,-100,20
118,68,-58,105,35,-101,-24,-70,-22
22,84,-62,110,33,-106,-58,118,66
88,114,92,18,-6,70,-14,70,-68
-92,108,-118,4,-6,63,-44,-48,-30
64,110,78,34,-98,-7,68,94,-26
-96,10,78,28,-101,-12,20,102,46
42,-104,-60,-72,-118,30,-46,-118,-86
-72,-116,-38,-60,-123,43,-8,-78,12
-104,62,70,72,3,-80,36,-118,-78
-50,-114,122,111,27,-84,64,-120,-78
120,90,24,-126,-106,7,78,100,-70
118,-84,10,-121,-48,-3,-108,12,70
-108,74,112,-43,63,101,18,-60,118
-2,-52,-122,-17,59,79,34,80,-116
-60,-44,-114,-99,-100,62,6,58,60
6,-20,-92,-104,-94,64,100,-32,-74
-16,16,88,4,-20,-36,-52,90,-82
-66,88,56,2,-12,-18,-72,-6,118
-86,-80,-78,60,12,52,-26,-74,12
-90,34,-28,55,5,75,-20,-20,-10
46,-84,-46,30,-33,-116,6,110,-28
-100,-40,30,39,-24,-107,12,38,-76
-88,-28,48,88,-60,85,96,-2,44
-106,-24,14,90,-53,98,-118,-46,116
-22,-22,72,-107,-62,54,48,-28,-106
-48,-32,38,-119,-44,62,-68,-76,70
-44,-108,78,-97,-22,-105,104,-98,-100
-78,8,26,-100,-27,-107,-114,-88,-118
50,68,30,-78,-43,-69,-34,84,110
-50,-4,104,-78,-40,-72,2,-94,108
-38,-96,-30,58,-37,-36,82,14,42
-44,-30,-4,53,-44,-28,122,16,26
70,-42,38,94,-101,50,-82,72,-98
28,-80,96,77,-106,50,-114,34,-126
-24,118,84,-21,-106,-119,-104,-30,-92
-38,20,46,-34,-115,-113,-94,-68,-20
8,-124,70,-91,127,-59,88,-90,28
60,102,50,-99,127,-54,74,-68,64
96,-40,-88,26,99,-15,-30,-46,38
-120,-32,-24,20,102,-25,-24,-78,-84
-92,40,-120,-80,66,30,-122,38,62
-34,-4,-114,-92,56,44,-128,90,114
26,56,56,69,-9,106,88,-34,-20
54,2,90,65,-17,113,62,76,92
102,-114,-86,57,-97,-56,98,-28,94
54,58,-62,46,-97,-47,122,96,88
100,74,76,115,-73,83,-126,44,-84
-124,-86,80,99,-59,86,-74,24,90
80,-72,-102,-116,14,-45,-24,24,8
68,-44,78,-76,20,-29,-36,54,-120
122,-54,-10,-37,55,34,-80,70,38
-90,-50,56,-49,38,33,-94,84,-6
-30,20,-72,13,-94,-126,10,-116,100
20,-2,-52,-14,-118,-111,-2,-90,-8
0,106,20,-12,101,48,-38,-52,2
38,-32,114,-37,125,73,-112,-98,44
60,-124,100,60,13,69,-80,-32,-70
-128,112,-34,96,24,86,-56,-104,-68
-62,116,44,116,-41,125,-66,-74,94
38,-12,98,119,47,-126,-118,-102,74
-12,34,68,35,63,-111,-114,-120,96
-4,-6,98,35,78,-113,-68,-56,-120
60,96,98,-26,84,-106,-108,38,118
40,54,-30,-33,76,-92,118,50,30
74,-94,-64,115,53,8,-74,100,-66
66,72,-38,106,20,10,-60,80,-70
-74,94,48,-119,-52,46,114,118,18
-124,48,-114,-84,-25,62,-100,-24,-72
66,60,52,-93,97,-110,12,74,16
30,44,28,-104,83,-95,-28,56,110
92,-96,118,117,34,66,-82,-2,66
32,-128,100,-128,43,61,-108,-48,-52
-24,-38,-120,8,-110,101,64,70,56
-12,-38,112,-5,-100,105,108,-32,-116
-100,-12,-116,22,90,73,-20,20,-30
-20,-24,100,-2,-111,58,-50,-50,58
88,-108,34,-126,5,69,-80,-110,-36
112,-26,-88,85,-28,73,-108,12,-16
6,76,22,98,121,-118,84,-40,46
86,-6,96,114,107,-105,-84,-82,68
86,-34,-60,-78,-22,98,-12,78,-90
-52,-58,-12,-44,-7,109,-48,-58,-98
-122,-44,46,-58,117,-18,-32,8,-102
-26,-48,-44,-32,-126,-14,-58,-114,-88
-12,-56,-62,-62,-103,83,-88,80,-46
-18,-62,-18,-47,-98,100,6,-64,-48
-20,-66,42,32,48,-94,112,32,-28
34,26,-44,39,32,-108,72,-114,72
-52,72,84,-57,-60,80,6,-72,-12
16,70,62,-70,-46,74,42,-44,-74
-30,46,-102,-90,37,41,-16,-112,-120
-18,-110,10,-17,78,42,-64,-72,12
-38,118,82,9,-32,-121,-112,-98,-124
-78,-98,36,31,-66,-116,-60,30,90
44,-4,68,-91,-29,-12,104,-38,0
66,-42,-96,-60,-65,-20,-124,-66,16
88,-10,-110,-87,-98,-93,-70,114,88
-18,-50,118,-112,112,-121,-72,64,108
10,34,90,-55,66,43,-106,12,-66
-106,66,54,-62,65,-11,-74,20,-76
96,-110,98,-101,81,-59,-22,-68,56
24,58,-92,-33,105,-57,-32,112,66
122,58,-2,-56,-106,-18,8,-128,-50
70,-14,22,-41,-96,-15,-26,38,-100
-16,64,50,29,-54,31,122,-108,46
-106,70,52,55,-37,58,114,92,8
-18,84,46,-78,-117,-34,38,120,48
-110,38,-90,-91,104,-41,54,-36,-20
34,90,-106,24,108,-7,88,-118,40
-20,104,-66,31,112,-28,-72,6,-64
106,60,-16,-2,24,-116,114,62,116
-118,88,-74,19,33,103,-104,68,-62
-80,112,66,42,-84,51,-52,18,120
84,70,-8,64,-93,26,118,62,108
-48,-84,124,-57,70,-128,46,50,18
120,-90,120,-69,-7,102,50,60,-76
-62,78,72,-65,47,-46,-56,-20,32
126,102,16,8,100,-9,-78,-72,92
-28,-32,88,-94,-36,-108,-120,-76,-94
62,-82,78,59,-73,123,112,-90,-74
-70,76,58,73,-6,-56,84,18,-126
0,58,12,-100,0,-81,126,14,-12
116,90,54,-6,-60,78,58,82,-76
-120,66,-108,-6,-11,74,64,66,-86
6,52,38,115,118,-21,-126,24,14
22,124,-16,120,89,-24,20,-2,-110
52,4,112,-87,113,-103,-118,-10,-78
70,-96,-4,126,113,-103,116,16,2
80,-46,38,-116,70,100,66,-44,86
18,-52,64,-106,48,105,40,126,122
2,-48,48,124,52,12,8,126,-94
116,10,-54,95,54,8,120,64,-46
-40,-38,2,-46,6,119,-14,-102,-34
-128,-52,-8,-52,7,100,-26,-56,-24
36,60,48,85,14,-15,-74,-10,-88
-22,42,-12,52,31,-45,122,110,-20
46,90,56,-11,-68,-103,66,44,-44
102,-42,34,-36,-30,-101,76,-80,-20
-44,104,-86,42,29,16,110,-68,52
40,124,-110,33,53,20,-44,58,68
-106,100,90,-128,96,65,-78,-108,-76
0,-80,68,-110,121,52,-126,-128,-10
126,66,-112,109,35,-67,74,-92,72
54,-44,16,78,-1,-81,-62,32,-102
-98,-108,78,-98,-84,67,54,46,-42
124,-62,34,108,-102,71,74,28,10
-98,116,-50,-32,-18,-125,-26,108,-12
44,-116,-48,-44,-4,-118,-34,-42,-8
-74,-10,-104,85,101,-52,74,-30,0
62,6,-70,101,105,-46,8,-90,54
-90,-98,-90,-127,30,-111,24,40,50
120,56,-106,-118,29,-113,86,-52,46
-88,-92,46,34,-30,21,-88,84,90
-114,-66,2,32,-24,18,-66,120,106
126,-36,-82,111,-103,-38,-50,46,-124
30,-14,-122,110,-94,-36,-90,76,38
12,-36,96,25,42,0,106,126,-86
104,8,124,16,53,-9,62,-42,-30
22,-58,88,-107,58,-59,6,-50,-128
-30,4,-120,-122,55,-75,0,-52,-68
-30,-22,-114,-43,117,73,116,14,-124
-36,48,-26,-59,95,66,68,-14,114
120,80,12,124,115,-32,-126,108,-106
-20,-118,24,115,96,-17,-112,122,-114
44,-96,90,-67,-6,-50,-26,-86,-38
36,-90,28,-84,-4,-59,-106,-74,-70
64,-48,-26,38,-58,-75,-78,-74,-48
96,-56,-74,22,-52,-75,-44,88,22
-90,62,102,-42,-80,-125,-122,-48,-54
-64,-32,0,-57,-83,-124,-122,-74,-76
58,48,-114,16,-88,-19,-98,-64,-14
-26,-32,-108,-36,-88,-31,112,-62,-16
102,-84,-10,-104,25,119,10,12,-78
78,-94,44,-115,24,120,-16,4,-58
-76,22,118,-105,112,118,6,-12,-36
-106,-44,-120,123,97,124,-14,62,8
-74,116,-126,26,114,-53,124,-92,2
-66,58,-118,45,124,-44,66,-46,6
-100,86,78,-102,119,-58,-18,72,78
-4,34,-126,-88,-88,-114,-36,100,-122
-106,-40,30,-15,22,95,118,110,-46
-106,72,38,81,64,124,120,-22,124
12,94,-42,29,-26,-108,54,106,82
66,56,-60,75,-28,-103,-4,72,-4
36,8,-84,-5,-118,6,8,-2,-58
-68,-98,22,-19,-83,2,-14,-84,120
48,-104,56,12,-74,60,-114,14,2
12,-70,-22,-2,-59,56,-114,6,-60
114,-18,-26,-9,88,116,104,114,22
-56,-116,30,5,97,94,62,-34,48
-82,-108,-18,19,83,9,16,4,-22
124,-112,-84,12,62,-23,-62,64,-60
104,110,-76,112,-2,1,8,26,-96
46,0,-12,96,-17,0,50,-12,-116
24,-60,58,-82,-4,-81,-74,74,22
10,-26,16,-66,6,-88,-94,100,18
-116,-22,4,58,-120,52,24,112,-60
-60,-12,72,91,-116,54,6,-60,-122
-124,72,44,89,48,100,-62,-70,-26
-90,-114,92,43,39,45,-62,-118,-34
-36,56,-50,-29,80,-52,-50,6,-6
-40,100,0,7,53,-85,-22,98,-78
-40,-126,98,-34,14,-80,-106,84,-106
-82,-16,104,-20,-18,-103,-46,-68,-80
66,-16,-42,49,-108,-94,-80,-114,76
-92,70,-128,68,121,-112,-100,18,-46
-120,108,6,44,69,-39,-116,-86,42
-110,-38,122,-55,-10,-51,0,-34,44
-80,-114,-56,106,20,108,-46,-124,-108
118,56,6,86,5,95,-90,-76,-76
84,34,-84,90,64,25,18,-18,34
-120,26,82,97,42,25,16,14,8
48,-70,-104,-75,120,43,90,-38,-56
-14,-52,-68,-34,119,28,-84,-100,120
-6,50,102,28,-33,-31,-50,-38,112
32,-118,-6,38,-29,-56,-60,40,10
20,-60,98,103,101,-90,-80,28,108
-32,4,106,113,-57,-78,-12,-124,-128
-20,64,-72,118,-91,-62,-92,-84,68
58,90,-78,-124,121,-59,-90,-124,-14
-56,-106,-10,54,-10,-15,20,88,-62
-64,-10,68,52,-46,3,-108,4,-76
78,-14,-36,-8,-80,-11,14,-126,56
-74,14,-44,-50,-121,-2,-42,74,78
-114,8,-72,-50,84,38,-38,-114,-76
-72,-66,-28,-62,39,30,98,12,116
-74,126,78,46,47,62,-120,-74,70
-112,16,-88,49,26,66,-102,-44,-72
116,-104,-116,34,-72,-78,28,-8,-120
30,-92,-124,35,-59,-86,-40,-58,-46
48,114,46,-107,-78,27,-128,78,-96
110,94,-26,-117,-59,44,28,118,-8
-122,80,-88,4,-22,26,-114,20,-98
-64,-36,-38,-4,23,37,102,-102,70
-10,-16,36,50,84,-123,-76,-80,-26
96,-96,-78,27,81,122,-52,24,36
76,-108,2,56,103,124,-68,-92,86
-120,14,82,39,59,121,-74,-84,-44
-28,8,20,65,79,-56,118,0,-92
-68,22,-20,96,64,-35,110,40,2
122,6,-92,116,-73,127,-22,102,-122
6,16,74,-120,-89,-107,-84,26,46
48,-82,-112,-18,72,94,48,32,118
-2,-6,-58,-32,98,87,-94,78,126
-100,24,60,98,126,-96,106,-20,14
-92,34,18,71,-121,-75,-30,102,124
-4,52,-28,-20,-54,81,-68,-36,58
94,-118,-26,-13,-59,93,-50,18,10
-110,-60,76,-83,-32,11,-108,86,-70
-60,-32,-114,-116,-90,9,-72,42,10
-116,-10,-28,34,-63,-1,-72,50,30
126,12,-24,67,-68,17,-14,-64,-4
94,44,122,93,98,67,-112,-34,-8
72,-84,4,123,90,83,40,118,-6
12,108,36,-90,116,79,58,4,76
-98,106,70,-127,99,81,-110,108,88
118,28,-52,30,73,41,126,-16,108
88,8,-24,30,74,61,-14,-86,82
-112,-50,-38,65,-117,11,40,6,68
-100,6,98,97,120,44,-108,-20,38
-112,20,90,98,-70,66,42,-12,-18
110,94,-72,127,-48,70,42,20,98
-114,-50,112,-15,56,67,-128,86,122
-34,8,-64,-2,58,65,76,-112,116
-36,-48,-10,75,113,6,90,104,108
60,44,62,78,88,7,52,-128,110
16,-42,-86,70,80,4,38,-70,78
-84,-10,92,74,89,19,-64,8,38
-2,96,50,60,-39,-102,92,-46,-94
-118,-46,64,50,-52,-107,84,112,10
98,64,-72,-93,-101,47,-60,-6,-8
-64,118,-110,127,-83,64,16,-88,34
34,82,-104,90,96,-16,-16,-42,-30
46,102,22,71,-92,-10,8,0,106
100,10,-84,127,97,91,-108,-70,118
-122,-12,-58,32,106,77,90,14,-124
116,-70,-52,38,116,114,-44,-10,-122
58,120,-32,38,-120,111,124,-42,-46
90,-106,28,-81,29,-75,-102,-106,48
-114,116,82,-79,40,-72,-114,68,-118
-68,-16,-52,-47,97,-41,-28,102,50
-82,26,-72,-40,109,-37,80,30,8
94,-100,14,-14,-104,-8,124,-96,0
-102,-52,38,-29,-92,-4,34,-74,-64
16,-118,-104,-123,0,114,-98,74,-2
120,-44,96,124,-13,-127,-114,-14,-56
-40,112,-34,-114,1,-29,10,-2,8
-68,40,-124,-114,3,-14,40,40,-54
-120,-128,72,-46,-16,13,90,-6,-88
-54,-104,40,-37,-14,9,66,104,-46
96,58,-114,50,57,2,-58,120,-78
-84,20,110,56,62,-10,-40,-94,-66
-118,-42,-84,63,54,106,20,-126,26
22,-46,76,83,44,120,48,-124,-58
54,70,-4,-127,51,46,-106,16,-36
-24,52,-20,-127,47,55,-54,108,-12
94,76,50,103,110,-82,-38,26,-34
114,74,120,85,121,-68,-40,-110,-58
-88,0,-48,-94,-53,-25,-110,-62,-96
-66,84,-92,-105,-32,-32,-98,96,100
4,-92,10,-4,-37,54,-104,-44,86
86,4,-62,-6,-47,68,-52,-108,58
122,60,16,71,-91,-77,92,6,116
-88,-56,44,82,-105,-59,-88,-20,56
-86,56,120,54,106,64,-122,-36,-54
-20,-16,-110,73,103,71,-114,-58,-128
80,104,-74,-65,62,-55,30,38,-16
102,-26,24,-52,54,-49,86,0,-90
-20,8,58,-103,-37,-51,60,-52,-102
-122,-112,82,-106,-65,-65,124,-38,62
30,126,-38,-98,16,-8,-82,-22,102
78,70,-78,88,-14,-3,36,104,84
-98,-68,100,105,-120,-121,-84,-62,-112
92,-88,26,-116,96,-98,0,-82,-26
100,28,40,119,61,94,-96,-30,-6
-22,-70,-106,107,73,111,-40,-64,-124
-24,0,-96,18,62,110,-12,112,78
-10,10,-68,-24,41,111,24,94,90
60,-70,-60,48,104,114,38,96,-58
-96,0,26,40,-99,94,60,120,-30
32,-32,72,7,-126,-19,-8,22,16
-72,-14,-14,37,68,3,-74,-116,-4
76,-100,96,-124,-34,104,-66,-78,-32
-74,-86,92,113,-38,107,118,-78,40
-124,70,86,-60,61,-16,-108,102,126
-50,90,-120,-65,66,-2,-78,100,14
-18,6,-100,122,-68,-125,100,26,-88
6,-34,24,93,-60,-119,-128,110,126
-116,-64,-100,-100,-95,73,-54,-120,16
-66,-120,-98,70,-121,84,38,118,-32
-26,-14,86,-103,44,46,-38,-16,-26
52,46,24,-21,-15,55,58,34,-48
26,-38,-72,100,-32,6,48,-60,-120
52,-86,86,113,-49,-13,-72,-94,34
-98,-84,124,-86,-31,27,-120,12,106
-46,40,-30,-100,-15,46,-84,58,-16
48,-56,120,-11,-66,-21,20,10,-6
-32,50,-82,-49,-57,-20,-34,96,12
-76,24,116,55,-75,58,-34,-58,52
-26,32,114,53,-63,51,-76,-124,-68
70,12,34,-67,-44,-3,-78,62,-16
100,60,-12,-10,-59,-5,-52,-60,72
74,-2,70,-128,101,-118,-22,72,-60
-96,-52,-56,-86,105,-124,-36,40,-4
74,120,112,112,99,-21,-70,-96,26
34,26,114,29,18,10,40,20,-72
90,36,-80,-100,-47,-87,-14,-26,86
-22,-42,118,-58,-55,-106,88,94,-92
-34,38,-90,-55,30,-127,-8,60,64
-90,-102,50,-53,-13,-125,-16,106,-30
82,42,-128,-107,23,106,-80,-90,104
102,-112,14,-99,-9,105,16,102,-72
114,-6,-18,13,-95,27,72,-120,48
30,76,-6,29,-96,25,38,40,110
-30,26,28,-62,-54,12,-66,68,-6
38,-80,116,-88,-58,1,122,-20,-24
30,-100,-116,82,-110,-40,-126,-98,-90
86,-56,-82,84,122,-42,-12,106,-122
122,-58,-68,-68,-21,11,2,126,-12
-50,-18,-66,-8,-47,15,-60,124,110
126,92,-70,120,109,-89,-58,92,-64
80,-54,54,123,-84,-91,-10,-122,-122
34,30,-98,-44,103,117,18,106,28
106,72,86,-114,96,76,-38,48,-42
126,78,-116,32,83,-20,36,68,-14
-104,98,124,100,-125,-40,124,-54,-88
-64,98,46,3,110,-87,-62,-122,-92
88,94,-92,-46,115,-113,-18,-62,6
64,2,-126,100,-117,-76,62,-102,-60
-40,24,-104,117,-114,-106,-112,-8,-46
-108,58,50,-79,-79,-79,-80,-114,-94
-44,74,-42,-50,-67,-71,50,44,-8
42,98,-106,72,91,8,-80,-16,12
-32,-106,92,108,64,16,78,8,-28
-24,-118,-100,-107,-118,51,80,60,90
64,88,74,110,115,50,-68,120,24
84,68,-112,-125,-43,55,120,72,32
122,-90,-64,65,-37,36,-116,-54,108
58,124,-16,71,-89,123,70,-56,-60
-4,-82,86,99,-68,87,126,44,-44
90,12,106,-115,-63,-71,-60,-104,122
50,-42,-120,-62,-72,-85,-70,88,0
-14,-86,-68,-110,98,87,-46,90,34
-32,72,54,-117,91,83,38,-124,68
42,-28,66,84,62,26,36,30,100
-96,38,94,85,95,34,12,50,-92
72,114,-10,51,83,111,-122,14,-124
-46,26,-100,40,79,123,74,50,-88
66,66,-22,66,27,-98,78,122,122
-74,72,26,33,44,-110,32,-128,-118
10,8,94,-102,-77,57,-44,-60,36
-8,-78,94,-116,-85,58,-20,-108,36
-82,50,-104,0,5,-118,-74,-12,62
84,88,58,-26,-6,127,-90,-56,-18
8,-104,-48,86,-14,-10,124,40,58
-24,16,108,73,-24,-5,-58,122,-2
82,10,-34,31,104,-125,-56,-118,-128
-26,4,2,18,84,123,-14,56,12
94,78,-70,75,92,48,-76,-126,-32
76,104,-44,54,91,54,-78,82,20
52,-8,38,-123,-37,109,32,114,-96
100,48,94,125,-36,109,46,-108,62
34,-110,44,114,48,-124,70,-116,-78
-88,-46,28,117,56,-121,62,66,-22
112,-32,-54,29,33,-112,-48,74,104
-20,-6,-126,21,40,-121,-44,66,-94
40,-30,94,-60,32,64,-42,78,-36
66,30,48,-66,45,57,-86,68,-14
-48,122,66,116,72,18,-114,-128,104
-30,-124,22,111,81,10,-124,14,-74
-42,34,-74,18,100,-27,-98,56,8
104,34,-96,11,95,-34,90,126,110
-126,-74,-26,-125,112,-73,104,-122,102
-104,-64,-64,-124,113,-79,126,46,0
62,106,22,82,77,108,-98,-20,-76
70,54,40,77,81,110,-46,48,-96
-16,-70,-30,127,-42,77,94,-4,82
-32,-84,122,122,-45,78,28,26,-50
80,-42,-28,-98,120,118,102,84,90
-8,-118,56,-105,118,123,52,112,126
-2,-120,60,47,75,118,88,-50,-52
6,-78,18,37,72,117,-122,-108,98
-84,26,-116,-31,93,-108,74,74,-58
-116,52,-116,-25,102,-117,76,70,-34
-2,10,18,-85,-91,121,80,-68,-8
46,-52,-108,-108,-81,98,76,-20,26
4,-108,-36,95,10,-28,8,62,-42
66,48,88,79,26,-39,-30,110,-78
-78,-74,62,14,36,33,-104,88,32
-82,60,-56,-27,20,14,-60,56,126
-118,114,88,-125,-30,-66,32,108,18
-60,-92,66,-102,-32,-62,-4,22,26
42,100,72,90,-19,119,-6,68,-26
30,-52,-50,-91,-26,126,-2,52,-104
-42,-2,-50,-63,-64,-75,62,-122,120
-86,-70,-12,-87,-78,-72,-120,-42,-6
108,48,-94,-84,-79,-61,108,38,-40
78,-60,-98,-97,-52,-70,-120,54,-78
-4,-58,-80,4,2,-113,52,-66,20
-102,108,10,25,4,-116,-124,-70,-40
-60,-66,-94,96,-102,46,-34,-82,38
-84,-6,-72,114,-94,36,-30,-102,-10
-40,-12,64,-18,-41,-61,-86,10,52
-86,80,44,-101,-104,-78,126,108,108
68,-52,-102,-10,64,-22,-50,-104,24
-88,-128,-18,-19,7,-58,114,-12,46
34,-50,26,100,-71,120,8,82,-16
-118,2,-38,94,-56,-121,-58,-108,-90
120,-14,76,-106,91,99,-30,-84,42
-90,42,-128,122,98,91,-42,6,-70
14,52,76,19,118,-122,-96,4,-120
60,30,70,11,126,111,-74,-8,106
56,14,68,-10,-62,91,-64,52,112
100,32,-98,28,-19,53,8,-54,46
-64,-108,-42,81,-17,95,-94,108,-72
-110,-128,122,70,-12,75,-118,-98,48
-64,90,-58,-49,80,-62,94,24,-118
-28,120,-118,-43,83,-64,-88,-76,-116
66,114,-8,41,-68,61,84,76,-60
-120,-96,12,76,-61,55,48,6,-10
22,0,-54,-30,-31,-97,-66,120,-110
-24,-28,-2,-16,-38,-115,-52,82,-12
-118,26,-36,-120,-44,-7,94,96,76
66,66,86,-121,-58,-17,22,22,70
-62,38,122,-16,-86,116,0,6,60
124,46,-62,-23,-56,101,-48,124,-38
4,-8,-82,-95,-42,-8,-50,20,118
-42,100,38,-60,-81,-11,64,-56,-52
46,-26,30,-78,101,-70,-100,90,104
108,86,-88,-62,106,-85,-102,-96,122
-12,-58,-78,119,-105,-62,12,52,120
-92,-92,24,118,-99,-57,-106,102,80
-106,8,-44,35,68,-70,16,-82,10
-14,-124,76,60,57,-56,20,94,-128
90,26,-10,55,34,-56,90,8,14
20,40,62,58,53,-57,-94,-54,-102
-42,-34,-46,118,-3,13,82,-24,106
104,-16,-92,114,14,23,118,-48,-112
-94,-58,42,38,27,106,70,-36,-120
8,84,-126,-7,43,113,-8,-30,50
-2,64,-4,74,105,-70,-36,0,102
-28,-90,54,17,102,-62,-94,-128,-106
60,-72,-90,-23,-26,-44,-86,-86,-84
-98,64,14,-44,-33,-62,64,-24,-28
-40,-114,92,-119,-102,-112,44,-12,88
8,-60,4,120,118,-106,62,90,-94
-94,94,-126,-50,-61,-72,108,54,-76
-80,-40,74,-49,-58,-84,114,110,-28
-82,-104,-50,80,-98,-77,26,12,86
-70,18,-106,70,-72,-73,-62,-26,108
-128,-108,92,123,96,54,-114,-124,-4
-72,-114,30,-128,76,60,72,-94,118
-16,-72,14,-45,-59,110,48,-44,104
56,-20,-12,-57,-111,124,126,-50,102
96,-16,112,-117,-56,-78,60,-8,26
56,84,-110,122,-73,-66,-46,-6,-96
42,84,6,-35,102,45,-84,54,-28
-66,10,-96,-38,124,65,-58,-104,-110
4,-16,122,-99,92,-122,-36,26,40
-28,-34,-76,-117,113,-123,-102,126,-58
54,14,-72,-31,67,-101,0,114,14
90,28,90,23,78,-100,-40,102,46
-48,4,54,80,114,5,-86,-88,32
112,34,-118,77,108,6,-100,104,-118
-32,-42,-54,91,102,-30,-62,-4,116
30,22,-18,69,84,-6,-76,-86,18
-110,36,88,-118,64,4,30,-50,94
-124,86,-46,-84,71,14,34,-44,30
40,-94,-106,-87,-114,114,-60,-8,-112
-10,88,24,-84,99,127,-118,54,-88
-120,-100,90,40,51,103,-86,90,36
-44,-82,2,9,-83,-127,52,30,40
50,-38,88,-76,-44,-61,-28,106,-22
-42,-118,-122,-85,-1,-17,-70,66,60
28,2,122,-94,-9,-69,0,-120,82
54,54,-74,-111,-14,-60,70,8,106
-94,-44,122,-93,103,11,98,94,-126
-70,-4,-42,-78,125,9,-8,-68,0
32,44,122,33,46,-124,-72,94,60
-118,-128,48,31,35,-98,-114,16,-76
92,-44,-116,18,-29,22,-126,-6,-114
124,-26,114,17,-34,19,100,44,32
-26,56,-26,104,-10,109,-12,-84,-18
-50,84,58,107,0,-121,-50,-58,114
-126,-118,32,-92,18,-26,-18,-116,-2
-122,-112,14,-87,-80,-8,14,-86,38
14,-24,80,-11,114,93,60,66,56
-92,34,-100,-13,125,108,32,-42,0
-48,40,-10,12,68,24,30,-76,-52
-124,-104,84,-84,89,-27,-30,-112,-12
-2,-118,10,-98,14,123,-50,124,-12
78,52,94,-102,-3,120,-46,58,-16
-30,46,-108,-19,120,-106,-32,82,34
8,40,-24,-9,127,-101,-30,14,-34
-112,84,34,2,-96,-28,118,-84,-114
-104,58,-2,17,-92,-23,80,40,118
-24,18,-104,99,-69,-13,20,-112,4
-30,54,-46,101,-68,-6,-14,110,0
86,78,110,-50,25,36,6,-122,-22
30,14,62,-39,20,39,18,76,-58
76,68,-54,69,98,112,-108,24,-12
-30,22,22,74,114,-127,124,16,-102
98,126,26,-85,-63,-46,-70,104,14
120,58,30,-70,-55,-41,-36,104,-46
76,-120,-20,-16,-9,62,54,50,-56
48,32,0,-8,-7,89,-114,-36,-78
-56,32,116,20,21,-61,122,-124,-36
20,32,48,30,20,-55,98,92,12
82,10,18,97,70,52,-10,4,-30
124,-10,56,97,60,66,-34,-84,-54
112,-118,-118,19,104,-119,76,74,-124
104,90,-74,2,114,-128,6,-90,106
4,-24,126,84,107,127,-36,8,56
32,52,26,68,102,125,-52,-64,54
86,48,-16,41,107,-97,-28,-124,112
80,-112,-66,40,114,-83,-28,-62,100
68,30,36,-29,109,-60,-118,8,-10
-4,-14,72,-37,109,-52,122,84,-62
-6,38,-112,-87,26,25,-50,78,-14
-44,102,-44,-88,14,52,-64,-52,-80
-2,-82,-64,67,-47,-57,-90,96,-44
-114,-74,-90,48,-41,-47,-118,98,-114
-58,14,-48,112,-60,1,42,-64,-100
24,32,6,-128,-78,-12,2,64,4
-6,-68,38,-66,-116,-15,-118,38,122
64,-72,60,-50,-100,-11,-106,-106,-114
74,-64,118,97,51,-109,-46,124,28
54,-50,4,85,35,-96,68,-74,50
-72,102,-80,47,-114,-109,-114,88,14
-32,102,-70,46,-123,-87,-60,120,-34
-6,-44,12,103,-110,12,32,-4,-60
24,94,-88,111,-128,17,-122,30,76
40,-56,16,-97,-6,11,-98,-82,-114
32,-128,-54,63,79,-23,84,94,-118
-78,8,42,48,71,-23,-78,-56,-24
18,-92,14,74,13,18,0,70,-18
-108,76,86,-57,108,-74,-82,-46,46
32,10,70,-100,111,-54,-90,4,-68
40,24,40,43,-69,1,74,-102,86
124,-18,-118,37,-10,5,106,-12,78
-2,-26,-110,10,46,58,88,100,82
-48,-84,-98,-9,56,67,104,38,104
-44,44,20,0,-18,77,106,100,-46
-88,-42,-16,12,-54,67,38,-30,20
-106,84,-70,38,-89,46,40,-100,-116
-74,64,-18,11,95,47,-98,96,30
-68,-112,-14,24,-88,124,-104,60,122
124,-54,-54,22,-90,-127,88,-78,32
60,-106,10,37,-109,10,126,-102,-112
-54,-2,86,35,-122,1,48,122,110
8,6,-12,-60,-89,42,20,90,102
-86,14,-78,-103,-99,37,100,120,108
92,-46,-70,121,-125,73,106,66,78
50,104,-10,119,-117,80,68,92,96
112,-10,30,-91,92,-50,22,-4,-16
-60,-18,-30,-47,101,-36,-72,-56,-92
84,-24,66,14,29,87,116,-86,66
50,50,-66,90,-32,91,-40,-50,-6
-112,44,-28,-49,-31,-52,-14,-6,26
96,14,-60,-118,-24,-71,6,-120,18
-56,50,-78,-99,-24,-99,18,54,-104
44,-72,-94,116,-4,-88,44,-66,-18
76,16,48,-22,-59,10,74,-108,-6
-48,28,-36,-11,-53,16,84,-70,-80
118,-126,-106,102,-127,123,-22,-20,84
24,-40,60,-114,-112,-123,-32,-62,40
-16,102,-26,95,-74,100,-62,-114,-30
-68,-94,-82,115,-43,74,-66,114,-100
-104,88,38,-34,99,122,-18,56,50
-62,-20,66,-59,92,90,-18,-82,-64
78,124,-22,92,-14,32,-26,92,-26
-52,-96,-116,85,-33,4,-8,42,-84
-82,84,-78,68,92,4,22,56,-16
48,14,4,66,122,10,-92,-80,84
10,-40,-94,-85,-14,-29,84,104,-30
-16,-110,-74,-29,-28,-32,42,-26,68
48,84,78,-118,-71,39,-34,6,126
42,34,104,95,-96,32,-8,-90,34
-10,-110,-68,54,-41,-14,118,-120,116
-52,74,-88,-17,-1,-41,32,94,36
-84,60,124,80,-15,85,46,-48,-52
-78,94,-28,86,-15,86,38,50,-10
22,12,4,48,-82,-85,-56,-102,-86
-74,20,-34,57,118,-58,36,-126,112
54,20,-50,19,70,68,12,40,-118
-100,120,-116,59,114,78,-46,26,-96
104,-102,30,-96,-118,-18,-118,80,-120
-36,-110,84,118,-113,-35,44,4,58
-6,80,90,-116,-118,93,-56,116,68
28,-64,112,-96,-54,50,-38,-66,-62
-52,-82,-2,-51,122,16,-70,-80,-58
90,-58,-74,13,-74,16,-80,70,-38
36,84,108,-5,-7,-87,-42,-106,98
98,84,94,7,-56,-108,-2,28,0
-120,92,66,-34,-17,7,-78,2,52
-126,2,-6,-10,62,17,66,-120,-122
-74,-26,12,-79,-87,71,58,-6,-106
-60,32,16,-77,27,79,108,-102,-84
126,-128,-60,-109,-71,120,46,-124,90
-92,-122,92,52,-27,85,-96,-84,-2
-96,52,-118,-12,44,-110,-86,-122,-66
-108,-112,126,-47,51,124,-86,14,-58
86,96,-102,-91,78,-97,-14,0,-36
36,-26,4,-43,25,-85,-44,-2,58
126,120,26,-1,67,-14,42,-20,110
2,92,86,0,46,3,12,112,-86
34,-116,-122,127,-88,-80,-40,-78,-90
-48,-44,-120,-96,-42,-84,-106,36,52
76,38,-50,115,106,115,-58,-20,-22
76,96,106,-127,-84,127,34,10,-106
20,56,118,-114,-113,73,-86,-92,-128
24,86,-54,95,-96,58,-62,-72,-118
92,-70,-10,79,111,-121,-58,92,-4
-66,-6,-90,57,-112,120,-54,32,40
-110,92,126,111,123,-15,-52,-92,-14
-62,-12,-32,89,103,-20,-90,-122,36
-96,-44,36,-62,-26,-86,12,34,122
-14,-4,-52,-101,-57,-89,-10,-44,-66
-116,-76,118,-72,-13,-80,-36,-72,-50
88,-28,-66,-69,-32,-73,-12,54,-14
116,-100,-44,122,114,88,-112,46,18
18,-98,-54,124,110,102,-118,52,20
-126,18,-110,-48,-80,-73,-26,-74,14
126,-44,52,-60,-62,-83,-30,-6,44
-72,100,-92,-79,53,-36,122,100,90
58,-112,-54,-103,71,-36,-54,46,120
30,-64,-46,52,115,-73,-100,-10,-74
-12,-16,-26,42,121,-73,94,-8,-40
-50,114,78,-104,-92,113,122,34,62
60,126,2,-116,-90,115,-88,-42,22
-70,76,-112,115,89,69,90,108,114
-50,-124,-38,104,80,65,80,-120,42
-124,-38,112,-44,39,-16,-58,-114,102
26,-22,112,-59,34,-16,-60,62,110
-28,-50,50,-13,19,-19,44,-56,42
62,4,26,-31,23,-26,122,16,-96
34,-22,4,58,85,-70,14,42,36
14,34,-58,50,93,-72,50,106,66
64,-70,-106,-62,86,-85,-40,-76,38
62,-78,-120,-70,97,-93,-32,-102,6
-46,30,64,-70,28,113,-46,110,-68
-36,36,-4,-69,27,114,40,36,-60
20,46,42,94,-86,33,66,-116,78
-42,30,-4,70,-93,27,-122,-88,58
124,28,90,-119,-14,10,-92,-10,-86
100,86,-8,121,-12,14,-120,12,100
-70,-10,14,-2,101,97,-124,22,36
78,-50,38,-1,103,112,104,-40,38
62,82,86,-23,-16,-67,22,76,110
58,36,98,-7,-3,-61,-84,48,58
-112,-100,110,-51,-37,6,86,36,-104
118,-126,-118,-49,-29,17,58,40,-10
108,10,10,38,-78,70,74,12,12
6,-44,64,37,-66,71,88,-82,2
88,-4,-40,-114,-33,43,-52,22,118
-116,22,-42,-90,-26,37,-110,8,-82
104,84,-46,-119,-25,-101,-78,98,-64
32,68,-100,-115,-22,-119,-24,8,-126
70,-4,-64,95,-38,44,-38,-116,0
-128,-44,-94,85,-53,21,-38,4,-52
-46,106,24,96,24,-85,24,-36,56
-26,42,14,-75,-17,-127,-14,-56,60
90,-110,-66,108,67,-8,106,-40,64
0,-94,122,113,116,-38,26,102,-10
-18,-104,-66,-49,-91,122,112,-128,104
48,92,-72,-51,-43,122,118,-108,78
-58,60,44,-50,21,61,-46,-20,120
-122,68,-122,-85,41,51,-18,-24,-4
-122,14,-10,97,124,-72,-112,-58,-12
56,124,-2,90,-122,-90,-110,12,-32
98,-120,42,-70,61,-39,108,-78,-8
-98,-72,26,-24,-90,-52,64,40,-64
-94,-6,122,-98,9,-34,10,-72,50
-68,-92,-86,-103,-5,-34,-62,16,-94
22,-38,74,95,-66,-25,74,-58,-76
82,4,-112,93,-76,-20,48,-14,36
22,102,28,-15,-69,80,-112,40,-18
80,-70,46,-14,-88,94,72,-76,-116
94,8,28,-47,-52,-8,-54,-22,-106
80,-40,20,-30,-36,-9,-14,34,80
-44,-88,68,-62,70,107,-96,18,36
-24,-86,84,-55,55,87,66,28,32
102,-108,-48,96,65,-94,86,80,-98
-76,88,-112,80,71,-119,46,106,104
114,96,-48,-59,64,17,-2,40,104
106,-120,-82,-73,64,22,68,66,-26
36,-84,80,-46,-77,-1,-82,112,118
56,120,52,57,14,-13,10,-22,-96
120,106,0,-8,-87,98,-18,-72,66
-124,-86,-6,22,-67,84,-40,70,-88
74,26,-118,-97,-100,-72,48,-66,-64
-34,58,-50,-7,122,-71,124,-90,100
-48,2,0,-99,-18,71,90,74,28
-10,68,52,-103,-101,71,-112,4,88
6,-30,-26,-33,97,71,22,-76,34
-66,-110,120,-3,-111,86,20,-42,20
70,-78,-72,-2,-83,69,-58,66,112
-58,30,-22,44,-51,60,70,94,12
110,52,-120,62,-4,-56,100,-24,16
12,74,26,69,29,-90,52,-18,68
50,114,-64,-2,2,41,-42,106,-46
2,-12,-32,13,-10,40,-124,52,62
-96,18,32,-2,-8,68,-34,54,-18
18,-14,122,8,-34,64,108,30,110
-74,-114,-94,-120,-81,-43,-98,70,46
-60,-56,124,95,-75,-24,-90,30,-90
94,68,78,81,-106,1,30,-22,8
122,-12,70,73,108,4,30,-72,-88
72,110,26,-89,-45,-84,-28,-90,-58
-16,0,40,-119,-45,-84,88,-34,118
10,54,-112,-122,-37,46,116,34,42
40,36,-8,81,-46,55,22,96,76
-64,8,110,104,-85,-55,-16,114,-14
78,-52,56,105,32,-52,22,-62,86
-96,82,-124,101,39,64,26,108,120
66,32,-92,93,5,96,24,80,68
-6,60,-84,-24,106,-46,-28,46,-82
28,-100,122,-25,77,-38,2,-62,-82
76,-102,68,32,87,-50,18,-96,-30
98,-2,70,24,123,-55,90,-62,-40
66,-56,38,44,-55,-61,16,50,48
62,-48,-118,70,-64,-61,-34,-106,0
48,76,6,17,106,-7,-32,112,84
86,-104,-74,11,112,6,116,86,28
54,-104,-46,119,58,-67,-28,48,-56
-2,94,-72,71,87,-35,12,50,-102
-48,120,92,-17,-64,63,10,126,-40
-90,-58,38,90,-77,-128,-20,-80,-118
2,-52,-96,87,-17,-22,90,-2,-64
42,-100,74,117,-51,-56,98,92,-84
90,68,86,104,-78,44,118,-28,-66
58,-110,-56,70,-60,57,-98,52,44
124,-96,-64,-84,54,46,-40,118,-108
24,92,6,-52,56,64,-52,82,-22
14,10,30,0,-88,-74,96,-20,-56
30,50,98,24,-91,-87,114,-54,-124
-32,-28,80,-69,93,22,-40,16,88
-122,-112,-126,-75,47,17,-88,64,-10
28,-90,34,71,-51,28,-128,-108,-104
-84,-20,-8,-42,76,82,-70,-62,-52
18,116,-8,-93,-47,-32,-58,122,32
-32,-20,-58,-40,-73,-19,-122,108,-14
110,-22,-8,-74,126,80,-90,106,-66
38,-42,-50,-66,-89,92,-50,8,-84
0,6,-72,5,48,54,-40,28,-98
-50,114,-128,11,39,63,28,88,-6
124,64,118,120,48,-68,122,-42,-88
2,72,-6,43,99,-86,44,-48,-48
-120,-36,-82,42,50,-75,20,126,96
-52,42,-104,41,33,-78,0,-28,30
-68,110,-98,45,-115,-61,-30,-86,90
-106,88,-84,58,-99,-58,-40,-70,108
-116,14,90,55,21,91,-6,44,2
54,104,-118,52,-2,91,52,-6,-12
6,-94,18,118,-33,-81,-40,-12,-62
68,-28,-8,115,-48,-85,-36,-30,-50
22,-24,-80,-116,-70,-114,-84,108,42
14,70,72,-116,-85,-122,-76,-76,-116
80,34,72,-77,-88,3,106,120,-8
82,28,96,-64,-100,-8,-122,-64,-80
-26,-16,12,-18,82,-65,-88,-48,16
26,54,42,-20,102,-82,-116,-116,-20
-60,96,66,-21,-5,-45,-32,100,88
-92,-124,20,-25,-13,-60,-36,2,94
-40,-54,-58,-13,-2,-13,70,98,-26
-40,10,0,3,-10,-12,-42,-116,-104
124,30,-4,-108,-127,43,62,48,98
90,-2,-22,-92,111,37,28,64,62
-40,-102,-122,-39,96,-122,-4,-32,14
-90,-98,-120,-14,107,-106,-20,-114,-46
-8,-66,-76,-29,-18,18,66,-38,-30
24,-76,-62,-8,-5,32,70,-74,-62
112,-6,-124,123,116,-76,-44,110,100
40,32,-116,118,121,-70,18,-52,36
-118,60,98,13,-61,107,98,118,-18
-112,-118,-124,14,-73,115,96,-110,-42
-88,110,126,-20,90,-48,-34,-18,102
12,-76,54,-21,85,-46,-26,116,-92
-88,66,-26,-89,12,-120,-52,-106,40
-58,120,66,-105,0,119,4,22,-2
2,116,-52,125,101,1,36,88,34
-18,80,124,-113,80,-3,58,-66,-78
-88,72,32,2,85,2,-108,62,10
-78,-58,48,19,95,14,-120,-12,46
-114,36,-16,29,-3,-111,-2,-122,-44
92,-84,-54,28,23,-97,-30,-94,-74
20,-30,-6,-67,-118,72,126,-94,-64
-10,-74,122,120,-81,63,94,-128,102
-122,74,110,-27,-2,-77,-50,-10,-52
98,88,56,3,27,-68,48,24,-90
-104,-108,62,-32,-58,43,36,18,112
-74,8,-12,-38,-57,61,-16,-112,-70
74,94,-12,-53,26,-87,-2,-30,-50
-92,30,-118,-92,87,-65,28,46,106
-76,48,60,45,-63,-83,-110,-84,-86
-34,122,-90,34,-113,-63,98,-118,2
-2,114,-112,-29,-107,-14,-126,-84,-42
-88,70,46,-119,-80,-6,-2,70,46
10,-114,124,55,10,-51,-124,6,92
48,46,-108,46,-42,-62,-104,-92,-98
-46,-20,12,54,105,32,-84,98,-40
-66,-116,16,25,91,55,-16,-108,-22
126,-16,34,-4,-71,121,-90,0,6
-46,62,52,-60,-73,116,-56,6,-118
56,-88,66,-100,95,-34,6,2,84
-108,78,-84,-64,20,-11,-34,-104,38
64,26,0,23,-9,120,-98,78,120
108,20,52,28,-72,-85,74,-118,32
20,-8,94,-125,-27,49,-56,-76,98
-34,-82,46,75,-79,73,-48,-120,56
122,-56,-108,79,-35,-108,88,-78,-56
44,106,-28,59,-43,-91,116,-46,-76
-102,74,56,6,3,103,84,16,-30
58,120,88,-11,34,111,-72,122,-44
-96,-52,84,-54,-124,96,42,32,76
-28,18,-38,-4,-106,117,120,-22,64
-114,46,4,49,-104,-73,-70,8,-92
44,-124,-34,60,-83,-105,-102,84,-56
-40,58,-88,105,-32,-90,18,116,40
46,8,-100,46,125,125,-18,56,-52
62,92,-2,37,-100,-76,-128,70,50
80,-82,-82,-51,-81,-68,108,76,66
-110,72,70,80,34,93,-26,-116,-14
-102,-78,-102,88,17,104,72,64,-56
-80,-120,106,96,-113,-122,-90,86,-50
104,100,92,-93,101,-103,90,-58,48
44,14,-104,83,61,-96,-92,-6,120
-24,-6,126,122,55,-104,56,-86,-74
-8,120,-2,7,77,65,94,-28,58
76,66,86,0,118,62,64,118,-26
108,-34,-2,106,-91,14,-116,66,88
-36,-22,-16,28,-106,18,-80,-12,-72
-40,26,106,112,24,-82,-56,-124,92
-22,20,76,118,4,-94,-98,70,126
2,70,58,-74,121,-66,32,72,64
78,-112,-128,-3,110,-71,42,36,20
-4,44,36,102,96,1,2,28,-110
18,86,-30,-121,-116,-16,-64,6,68
-88,24,-116,-97,64,84,-34,2,-32
-42,98,-66,-72,79,80,76,-50,-110
86,78,22,-29,20,100,-68,98,-52
-56,118,-98,-33,31,109,-30,38,-104
-112,32,-54,22,-105,39,24,80,90
76,-112,-110,68,119,10,32,-48,82
86,62,26,-68,25,10,10,-36,12
34,-50,-32,1,-33,-4,32,60,92
-102,112,-88,-82,-1,76,12,-82,60
106,-80,26,-103,-37,69,-32,-22,62
-90,56,68,48,117,-41,-110,-40,-100
8,-30,-118,108,64,-51,120,60,-82
6,-84,-34,54,57,75,42,76,-36
-6,86,-32,-20,87,82,-84,-54,18
-28,30,112,113,-2,83,22,-62,-68
104,82,120,-31,19,116,-88,46,108
122,-74,-84,53,79,-101,102,126,-20
110,-24,64,19,66,77,-60,72,-52
-12,102,34,106,-98,109,-114,10,82
-38,108,-36,-84,-82,78,-100,-30,12
-32,4,-30,87,-57,-96,-106,-82,72
100,116,92,-33,-92,122,120,16,100
2,96,124,89,-46,-81,-8,-38,-98
114,-88,-26,80,-62,-83,-16,-96,38
24,66,-10,-106,84,82,-126,64,-12
82,-76,-108,-32,72,85,0,66,-88
18,-78,106,-33,27,99,56,-70,20
-62,120,22,-19,98,123,12,-28,104
-66,-112,-120,-77,37,-87,94,20,126
-2,-54,-16,-68,59,-91,-96,-90,-82
102,40,-98,-65,-99,-93,24,-24,116
60,46,62,-72,-114,-105,28,-118,42
124,40,32,-102,-23,-54,88,-102,26
124,38,-36,115,79,-70,52,64,48
-14,18,-14,-10,48,-61,88,-62,-72
-24,98,-104,-79,74,-76,126,10,-32
-108,56,-70,90,71,93,20,-112,2
-22,-74,18,87,63,54,34,-90,48
-12,124,-118,59,51,-27,-58,-46,24
82,-114,-46,106,12,-23,-38,20,74
76,-2,-94,-58,-33,36,-102,38,-12
4,48,2,-81,-65,47,-72,-10,-40
50,52,70,39,-118,9,-72,58,82
-100,-70,-16,24,-101,28,-118,74,98
-90,12,56,51,114,-17,-126,-72,-62
-60,68,48,35,122,2,102,-116,-32
-16,66,60,1,107,66,6,-96,58
6,-16,100,-24,122,70,-16,6,-120
118,-18,-84,118,85,13,-48,-106,-112
-56,-20,58,60,66,4,-78,114,-18
-94,26,-42,118,-121,-12,122,8,118
-92,110,110,115,108,-12,52,-8,-128
100,22,-62,-93,126,47,102,-126,-30
92,4,-88,-68,109,55,-114,120,-126
-18,-2,-110,104,37,81,-34,112,26
-76,-60,-72,119,41,71,-16,82,74
122,34,98,92,24,15,78,-22,116
54,-6,80,70,29,7,116,0,-102
-98,-38,-84,65,75,-17,-54,62,-2
-4,46,-100,37,95,-28,-46,108,-44
-112,110,-16,79,125,10,-34,-2,98
-12,-44,-40,72,124,6,-28,-18,-4
-102,-114,-48,-21,-98,-25,102,-94,0
-38,-88,116,-31,-101,-37,106,-40,-4
-22,-66,22,104,83,-107,22,62,-72
104,-58,40,79,80,-108,66,84,-106
122,0,-84,17,-3,100,42,20,-38
58,4,-22,4,-3,93,10,54,54
-118,86,-10,93,-90,82,40,12,-18
-68,68,-10,77,-97,70,38,-10,-6
84,60,-100,-108,47,49,82,-8,96
116,-60,72,-118,20,52,126,90,80
48,-20,4,-78,-31,29,74,58,-124
6,126,102,-74,-31,12,22,42,-98
40,-74,60,92,-101,49,-86,-86,-88
22,20,-70,113,-104,45,-12,66,114
-94,122,30,72,-21,97,-8,-22,110
56,68,12,109,-29,116,-78,-88,-54
-44,98,-90,68,-106,-28,106,-72,-86
-64,90,122,74,-113,-14,-124,-10,-112
-126,102,122,95,-114,53,-58,20,92
-118,84,86,100,-103,60,-52,28,-76
-46,-116,-22,81,94,70,-32,96,-116
-74,92,-100,73,-121,60,-10,126,-126
-56,-54,-126,-89,-121,-56,96,-102,-12
26,-46,104,-112,-106,-73,70,-56,-38
-30,66,44,-107,27,-35,-70,62,90
-106,-64,90,111,44,-69,80,14,-92
102,-14,-76,121,-1,116,-44,-18,40
-82,-40,124,93,10,108,-28,52,86
86,6,-34,77,-92,-6,64,32,100
6,8,-44,78,-84,-19,126,18,94
86,18,72,-6,-27,-80,80,96,68
10,-78,84,-4,-18,-89,80,44,-6
120,120,-60,-72,49,48,-56,-124,-78
90,20,-2,-65,57,38,-4,-50,-114
102,44,70,123,119,-58,-34,82,56
56,24,80,-115,117,-61,-40,98,58
52,2,108,-98,-16,102,6,2,6
-26,-70,68,-114,4,95,30,36,116
-118,-62,112,95,-102,-38,118,34,18
-26,122,66,99,-84,-46,90,-68,-114
-120,-30,-46,-81,33,34,-8,-48,-126
-106,-54,-64,-65,50,15,-56,-128,34
-46,106,24,127,-121,101,-124,-120,-116
60,-32,-6,-111,-125,87,108,-24,46
-94,-114,114,52,-38,-100,46,66,6
12,-52,104,39,-51,-115,20,66,-62
80,84,114,-128,-94,83,58,40,70
50,14,-10,-112,-76,76,80,-124,-30
-38,-6,-128,-70,-49,26,-52,6,-4
62,48,-104,-56,-33,14,-32,40,-26
52,-100,40,22,-60,61,-84,0,4
94,-2,-30,107,-121,45,20,50,104
14,116,94,-83,-69,89,34,-128,-18
-6,34,-116,-77,-69,86,-12,-106,-66
70,76,112,-45,43,-105,44,10,-38
122,-56,110,-80,20,-82,-10,106,-128
-78,6,40,-39,87,101,-26,52,-8
102,100,114,-33,46,113,-8,-96,2
64,-58,106,-125,63,34,94,26,68
88,38,52,104,24,46,-70,-126,44
124,126,92,-124,41,41,-66,34,126
-64,120,26,-120,63,38,92,-12,-20
-118,86,114,114,29,20,-60,-90,-22
42,-50,-118,92,13,2,6,-2,14
110,92,-102,69,121,-46,40,114,16
-76,-104,-100,30,99,-46,54,12,42
-104,-50,-122,107,-42,-28,-128,4,-106
-112,88,110,78,55,-35,-120,114,-128
4,-46,108,-112,-30,15,98,-58,-90
56,-100,84,-126,-26,14,-74,-112,88
58,60,78,104,-61,-10,-76,-126,-94
54,32,-88,-123,-83,-12,-98,-34,-58
-102,-62,82,62,-74,67,112,78,60
64,-16,62,48,-68,80,22,-14,-16
-118,56,-104,113,117,93,114,-116,-108
120,-102,0,113,84,106,120,-48,-94
18,-128,92,-44,72,-51,-4,108,-24
114,26,-30,-60,69,-44,-50,56,-94
104,14,6,-80,125,28,26,-78,36
10,-62,-86,-105,122,37,-48,-42,66
-58,56,-28,91,41,-127,114,106,2
34,92,48,103,25,-126,-16,80,114
80,90,10,98,43,-23,66,96,54
-116,-86,14,74,34,-17,-62,94,-122
118,-32,-78,-112,-92,68,12,100,-34
52,100,60,-89,-84,66,28,-54,-42
112,114,-22,-44,81,110,-18,76,-128
-24,-76,-96,-39,79,102,72,-104,-42
-98,118,-90,-108,64,-70,-6,36,78
-120,-126,98,-105,51,-70,-26,88,104
28,124,18,17,-45,115,-80,92,2
-16,-118,66,-10,-10,-119,-88,76,118
124,-94,-66,-118,-120,-127,-96,116,-2
24,-20,88,-60,31,-47,82,48,-120
-78,38,-74,-19,92,93,6,-88,90
96,70,98,0,56,104,46,-54,96
-100,78,-38,-61,70,22,-78,-42,8
-68,-74,76,-90,78,20,-54,110,-22
38,70,-32,-94,-126,-96,-128,-72,-2
20,78,8,-90,-124,-90,116,2,-20
-26,-14,86,-36,39,-19,62,46,110
18,16,-76,-21,27,-12,48,0,-104
98,30,-10,22,24,-27,-54,64,-32
88,116,70,34,32,-26,-44,-22,28
-24,-34,-44,104,-17,-44,-62,44,92
100,42,-96,103,-28,-43,46,-68,-72
104,-82,-20,-15,-58,31,10,10,34
-64,20,-96,4,-50,37,-16,-52,112
-128,62,124,29,-13,-119,56,54,116
-110,-68,64,72,-20,-120,-52,-126,112
54,62,2,30,-50,53,8,-70,60
64,14,8,29,-44,62,26,-40,78
-50,116,-38,54,100,-68,-58,-114,56
10,116,24,57,49,-36,-36,64,68
106,96,-14,36,38,49,42,-94,56
-8,30,-64,40,51,51,-6,88,28
90,72,116,-23,-34,46,-50,-44,-116
46,34,8,4,72,4,-48,-6,-102
44,-122,-32,27,-3,-67,46,46,108
-6,-80,-70,79,2,-82,60,26,16
-90,-70,-96,-115,-88,-29,22,-50,-36
-78,114,116,-117,-78,-48,-26,-46,-22
-58,14,-120,68,22,-9,-4,-114,-18
48,54,-68,56,18,-9,50,-120,58
44,-106,-32,-3,121,-94,-70,-92,-68
4,-108,-60,12,-122,-114,-58,-104,-122
86,120,-120,94,-61,75,-6,6,4
-100,98,-88,101,-59,67,8,86,-92
30,-22,-14,-44,-63,111,42,104,-18
108,-28,-64,-37,-75,122,-38,84,-94
-54,-96,66,33,-67,-15,34,38,-88
-70,-82,6,35,-74,-11,6,22,78
-88,6,-48,-88,-96,111,-50,64,-26
124,32,-94,-77,-101,123,-76,22,-30
4,72,116,5,-7,-38,-128,124,118
-118,76,-86,23,-4,-27,-78,-54,80
40,2,106,-10,111,44,-112,110,56
-72,-30,50,-23,111,45,-120,72,46
104,-14,-126,-55,117,83,68,114,2
118,22,50,-39,103,78,94,-70,-58
78,98,-104,103,-85,27,52,76,46
50,-108,106,124,-82,40,50,-78,28
-10,-50,-64,14,86,61,-60,96,66
-122,82,-128,8,90,56,-102,46,96
98,42,-20,66,-113,-81,-52,-12,-56
-104,24,-64,83,-123,-61,104,88,48
4,60,-24,108,-92,86,-80,108,-14
-12,-10,90,84,-91,93,-92,4,-54
-68,-68,-10,-57,18,-79,50,-96,54
-24,-60,-74,-64,15,-80,68,62,-108
-104,38,-62,-110,92,-11,36,-100,-28
-4,90,22,-121,-97,-14,68,36,-90
-2,-36,-84,57,103,106,20,118,-88
-116,-66,-94,39,112,112,-116,-24,-54
-86,8,122,-44,-72,-63,-10,-58,86
28,-52,-20,-38,-78,-72,-126,80,112
-48,44,40,38,-47,43,-60,64,24
-50,-64,0,110,-36,81,56,0,-82
-26,-46,70,64,20,36,-60,36,-16
40,106,40,40,-8,40,-92,94,-114
-58,6,-52,45,17,-88,-54,82,-36
-40,-60,-76,40,26,-71,66,28,-100
28,16,78,48,-76,-70,122,-110,-42
-60,92,0,62,-93,-93,-104,90,-48
-48,-24,58,71,-31,14,-114,68,-14
-88,-74,32,52,-42,-9,34,-52,38
-54,-12,-98,32,-99,-72,52,30,-60
-24,98,-14,10,-115,-86,84,-12,90
-6,-54,108,16,107,-39,44,-70,-112
10,-62,60,26,96,-32,10,82,78
-18,-66,22,-94,-45,5,-108,-4,-66
-32,14,32,-105,-56,13,-8,-84,58
-4,86,126,110,-19,-122,74,58,-114
-10,10,-50,57,-18,-98,-126,126,32
106,-88,-128,-74,-44,37,78,96,-124
-32,124,96,-75,-79,79,-94,-28,38
-58,84,114,-65,-28,32,-58,-54,80
-90,-54,-112,-39,-7,30,-18,-124,-70
-78,80,126,121,-101,106,102,38,-18
90,58,-36,-112,106,106,-86,46,-66
-58,108,34,96,-76,56,-14,-54,-76
-34,-106,104,114,-120,37,-40,14,2
-112,86,-64,-33,-11,89,104,-90,50
-60,-90,12,-56,-67,107,70,-104,62
62,24,-58,-86,-104,20,92,112,8
-6,-6,-94,-116,-73,35,102,-50,-62
-20,-10,-64,35,1,-40,-44,80,-44
-20,-72,32,93,-82,-44,-32,82,-72
78,-84,88,-30,118,-13,-90,-36,102
58,-20,46,22,112,17,-26,92,-42
-58,70,-124,-120,26,-83,-98,-20,-118
56,74,-32,-79,32,-102,96,116,24
-40,50,-56,-55,-116,47,64,-68,108
104,18,-22,-75,-128,44,-58,10,-24
108,14,-108,38,-86,18,-80,-66,-72
34,-56,-88,-3,-92,13,48,-110,24
4,-2,-26,47,-57,-26,84,10,-80
58,-100,50,53,-59,-26,56,-46,-92
-62,-68,82,80,46,126,-56,34,108
-110,42,60,-127,41,116,126,-38,-48
56,-80,68,-42,-48,64,76,-90,-38
-38,-100,-76,-4,-67,64,122,-48,-26
60,-76,-106,-13,-9,-63,36,44,46
46,-88,-60,-58,18,-81,68,88,-10
14,-16,84,-73,-106,5,98,-54,-52
42,-82,0,-104,-118,-5,-124,32,-18
-54,-56,48,-40,-95,-70,-120,-14,-80
126,-20,6,-8,-102,-78,-110,54,-30
24,12,-116,42,60,-103,100,-118,-114
122,40,-44,40,85,-101,6,-120,-110
-110,56,24,-81,-33,-104,-56,30,-98
-80,54,72,-42,-91,-115,-102,-10,-84
74,96,-68,-54,3,-43,86,112,34
52,-122,94,-14,-112,-56,92,88,10
28,104,-76,46,77,-52,-104,-102,-36
114,-58,16,34,83,-84,-16,42,-124
90,84,-56,-49,103,-63,24,-38,-98
-102,-124,-122,-66,-109,-47,44,38,60
-24,78,42,-26,51,-45,-6,-128,80
20,46,104,-43,33,-36,8,-102,40
8,44,122,-15,51,121,-16,-4,-68
12,20,16,75,-114,-83,-4,-26,-76
-20,66,-50,89,-114,89,-70,-70,18
2,118,-62,99,-57,78,-98,46,100
-52,40,-112,60,-57,112,92,46,-70
92,102,-64,43,-89,54,-56,110,0
30,116,84,-86,-18,50,36,-122,-74
-78,-28,28,97,-30,7,50,36,-118
-40,114,96,91,47,49,6,-86,-112
-96,-94,32,-102,12,30,12,-108,-78
-14,-86,22,124,72,-45,-24,32,48
-26,26,108,-92,60,-26,-128,82,-46
68,58,6,-110,-19,62,8,-60,0
-96,36,72,-93,-23,75,32,18,-6
78,44,-126,100,19,41,122,-70,64
74,-82,34,113,11,39,-90,-34,92
-98,42,86,110,68,-43,124,42,-62
-36,96,-54,81,76,-53,116,-90,-48
96,-100,96,-77,37,109,116,-70,-26
118,8,-48,-118,41,94,106,-8,22
-10,24,50,-122,7,2,66,26,48
-92,-36,94,120,15,-23,-100,-78,12
-60,82,6,80,114,89,96,-22,30
64,-68,-94,-33,-3,43,-106,14,22
28,-126,42,11,106,31,22,70,34
64,-24,-52,-91,121,34,-8,10,94
-102,2,88,-13,58,-82,-46,88,82
74,62,-106,2,80,-44,-42,2,92
-108,26,-60,-49,30,44,-116,60,50
-106,50,-28,-24,49,74,-48,-98,14
124,28,126,17,118,-71,-44,-106,-98
-18,108,112,-12,119,-75,14,-94,-92
-40,-78,-44,38,115,73,12,-124,-62
24,-52,-120,24,-125,58,52,-90,48
26,-104,-50,-46,107,-10,-18,126,-20
12,-2,98,-81,119,-20,54,-100,60
-48,-102,94,-119,114,-23,-34,38,-70
-46,-118,4,117,122,-30,-48,-8,-58
-72,124,56,-38,-111,-58,-102,100,-98
26,-126,90,-64,-121,-64,-116,-48,64
124,114,-36,8,76,94,36,32,56
108,118,-94,-8,67,86,50,90,66
122,-20,-42,-98,-57,11,-32,-62,-88
98,92,48,-113,-52,19,-40,92,-56
20,78,-126,63,-41,66,-14,-46,34
56,100,-80,56,-41,77,-40,-82,-4
102,22,-36,-118,56,-116,-30,82,-118
104,-98,-106,117,67,-112,-22,78,-46
68,-76,50,-26,90,-53,-76,-44,-26
98,-54,84,-33,90,-36,-116,-66,54
-6,-78,-18,-125,23,-10,16,84,104
62,-98,-82,121,26,-17,6,98,120
-46,-64,76,40,3,-37,-126,60,-28
-52,-62,72,32,-13,-46,38,100,-38
110,-18,-2,-104,-78,-48,-92,-112,68
-54,-60,-12,-118,-72,-51,-116,-104,88
80,-12,98,-28,-28,24,-98,-52,16
98,-72,-86,-40,-17,22,-62,32,60
108,-56,-122,48,-30,109,52,50,24
68,114,-104,43,-46,119,32,14,40
-30,-108,-14,-15,-11,105,68,10,-110
-92,6,-118,-5,18,110,-10,48,106
76,-100,-128,91,67,-122,102,116,-32
-34,54,-16,84,68,-123,94,98,-80
64,-10,112,12,-27,20,-58,-58,88
-16,-120,-88,24,-12,10,0,90,-22
28,64,-86,19,-30,77,20,-6,82
-14,42,114,46,-8,72,48,-6,-6
78,-122,80,-55,-28,-127,-96,-48,50
72,-116,8,-56,-56,120,-54,-54,36
-120,30,52,114,-78,-9,26,40,110
14,-70,106,-121,-66,-21,-12,70,36
48,-96,-100,-58,113,6,30,72,-18
0,110,106,-4,79,-4,4,34,-30
-110,-112,-86,6,11,-106,80,34,-34
-58,-76,-126,32,26,97,80,70,26
78,110,-78,-17,-30,-6,66,-34,-2
98,-90,-104,17,0,-11,84,46,102
76,52,26,77,-71,-127,-22,58,-70
10,44,-6,73,-74,123,-32,96,-2
-94,22,62,-61,70,-6,-118,-38,-40
66,98,40,97,86,-26,84,6,32
-76,-98,84,20,126,16,-128,0,-88
110,122,118,54,89,15,82,10,-26
-80,-40,-124,99,79,113,-62,-102,2
-56,-16,8,116,86,93,124,110,-64
32,-108,-110,-8,113,-110,102,12,-58
-44,-100,-96,6,109,119,100,-20,44
90,110,10,59,115,-31,42,-42,112
86,64,-112,61,126,-42,12,-2,-42
56,92,76,109,87,52,-66,124,-120
-62,-114,110,96,83,39,106,-104,8
80,100,-34,12,56,126,-88,46,114
-100,64,-72,-6,85,109,-114,62,-8
84,-66,-58,56,15,-115,-120,76,-90
124,34,-42,54,2,120,72,22,-102
-64,80,-82,69,97,18,-74,26,52
26,-128,-26,56,85,2,-112,10,-94
98,92,6,-27,-123,-105,-4,-82,84
-44,12,-86,-19,94,-120,-32,56,-90
-36,-36,-112,85,89,-96,-64,-22,-86
50,-80,118,90,82,-88,-28,-126,-30
42,-128,-122,91,-43,-101,98,-46,-68
-98,-116,70,73,24,-102,-100,96,-90
-26,80,-110,-90,18,-66,-32,-34,114
-58,-118,-110,-102,-25,-76,-6,18,70
-120,24,0,82,-76,-56,-54,-116,48
14,94,126,35,-63,-52,104,-114,96
-40,-112,-2,115,-26,67,-18,58,38
-116,-80,32,102,-36,70,-56,44,6
-46,-10,68,-119,-66,-77,-14,-96,18
-96,-80,-14,114,-54,-73,-102,30,-112
46,-94,8,-37,-58,107,76,96,110
60,90,-10,-42,-75,121,82,-82,-50
68,-30,14,69,-16,56,-108,14,-24
-128,8,-98,63,-19,83,-128,82,-24
62,-16,-34,80,-100,110,-22,86,-126
84,-106,-2,52,-121,110,-108,46,-92
-56,-18,-120,114,-45,106,14,-102,-84
72,100,10,107,-12,105,102,80,120
-88,56,68,-93,47,-108,-92,-14,-48
92,-86,-86,-100,33,-92,-24,-22,-110
48,54,100,89,-96,-79,52,78,-66
-78,-36,62,100,-79,-38,124,-60,-24
-56,18,68,-14,87,10,-62,106,-78
102,34,-32,3,68,35,122,-70,100
20,-122,118,-2,-69,-56,70,-12,104
66,-108,84,-10,-78,-52,48,-48,12
122,108,-96,-95,40,-16,86,122,66
82,114,86,-82,25,-18,62,-56,126
-94,94,-76,-84,106,29,48,76,44
-50,2,-2,-85,108,39,102,-66,-26
-112,-86,84,36,-42,-68,88,-60,64
-20,-92,102,10,-43,-37,102,-78,118
48,-68,26,122,-114,-101,58,100,20
72,100,8,106,-81,-74,56,-34,-14
26,12,38,-87,-3,-35,-80,-42,14
104,82,-60,106,-105,-46,4,-108,-40
24,40,-18,-93,17,53,-78,46,76
6,38,-2,-60,9,39,-48,124,112
-18,-58,-128,9,-18,76,-82,-102,64
-18,-74,-114,20,9,71,-78,34,-74
92,74,-124,25,62,-61,-112,2,38
10,88,-112,55,67,-54,124,-18,86
-48,-30,-108,-104,64,-11,34,76,42
-106,20,-66,-76,76,-21,26,12,8
56,104,-84,113,-30,-56,-4,-42,-78
-80,82,122,111,-23,-61,82,-70,58
-10,-114,0,51,-7,15,-88,18,-120
-94,-24,-96,68,-15,18,-82,-48,-118
64,96,-116,-19,48,-105,72,-80,80
-26,50,-62,-9,64,-86,52,-74,44
-18,-48,-10,78,-51,101,-64,-122,42
60,-8,56,90,-47,120,-70,66,-28
-122,-88,84,67,109,-74,26,-2,82
48,-50,26,43,-48,124,-36,-2,52
-64,-56,106,-70,-69,92,74,-6,68
-30,-52,78,-20,-41,84,28,124,36
-32,60,-10,105,-9,-51,-18,96,76
-12,80,-24,126,-2,-45,42,110,124
-68,-18,0,-11,99,85,-4,28,-38
-126,-118,44,-5,103,96,-10,-66,-116
36,-52,-122,61,115,96,-24,-10,-52
20,-62,-100,58,121,92,-2,-58,6
114,44,-30,87,120,46,126,-62,-8
-82,40,-76,82,118,44,-114,-8,114
-122,-116,-94,98,126,42,26,-2,-98
58,-62,-98,93,-128,42,68,36,-126
-22,58,102,98,88,47,64,100,4
-116,44,102,84,84,44,44,114,22
-120,2,18,-21,-97,103,-44,-126,-48
-96,30,44,-22,-79,108,-76,86,-102
-50,-40,34,-25,-69,-64,-40,-32,66
-128,-104,28,-12,-60,-52,-42,-62,-102
48,-50,38,28,-76,63,28,-62,-78
-116,-56,6,27,-77,83,82,102,-128
-120,34,-6,54,-123,-103,42,-118,-84
-12,100,-10,46,-123,-104,72,-82,-100
-18,88,52,-69,36,-128,96,92,54
-12,48,-92,-94,27,-125,108,100,60
120,-44,-90,-92,7,-40,-54,-58,80
-82,26,52,-102,-2,-33,-78,-18,58
-60,-18,112,-31,-50,93,70,-76,-30
114,-34,86,-52,-44,86,88,-40,-8
8,34,-58,20,29,110,38,80,-64
-12,-12,-80,47,45,124,-80,50,108
20,14,-36,82,42,101,80,50,106
4,-56,-84,84,36,109,88,66,62
94,-34,-58,95,8,-109,24,48,34
-18,-70,-6,93,20,-84,-120,-90,-46
-44,114,-14,30,108,-77,-126,-4,50
-60,36,76,15,-73,-50,-18,22,30
116,62,126,18,121,-86,26,-34,98
50,48,-110,-17,-89,-75,-28,-70,104
-122,78,-70,58,50,-86,-36,84,-26
112,76,6,52,-94,-87,66,-2,88
56,-34,-38,-46,111,-72,44,-66,32
-54,-74,-80,-19,-128,-69,-46,90,-110
104,34,-42,117,-6,46,22,0,-78
-70,102,-128,106,2,65,84,-124,90
-26,92,28,33,93,-75,66,-110,84
-36,54,-16,31,91,-64,56,120,82
-72,-74,-118,119,1,101,-74,106,-36
-46,100,-76,84,12,117,80,-44,-8
6,6,32,-67,-50,114,-116,64,-38
124,80,-104,-115,-109,98,126,-22,2
-68,80,84,119,26,51,34,84,20
-68,-84,-86,124,-48,53,34,-118,100
28,-100,-44,53,30,-76,92,116,-24
-38,66,-110,53,11,-57,94,-20,-28
82,-18,-26,1,-101,107,44,-118,-104
122,94,-10,-35,-44,122,-76,-122,32
68,-40,-58,86,6,-58,-68,52,-14
-50,96,-26,65,-9,-56,12,-102,-6
-112,68,-122,54,-19,-69,-32,-102,22
-78,60,106,67,-83,-60,16,-100,-100
-122,-44,104,-117,119,-127,60,12,80
-58,-106,10,-63,91,-107,-26,-62,28
-60,-64,-128,-121,-94,79,14,110,8
-24,78,-94,-128,-72,97,114,-32,-86
-62,-114,-36,96,-51,2,94,-28,104
10,-72,-124,75,-69,10,98,120,38
8,54,76,-78,88,13,-48,44,112
66,68,126,-60,96,9,-62,-66,120
54,126,-72,-57,-53,-23,58,88,-14
116,20,56,-60,-38,-29,120,18,84
-60,22,90,-30,113,-58,-16,-86,72
-62,-50,104,21,89,-61,38,20,8
26,-122,-82,-34,-2,-32,-12,-102,62
-66,-6,52,-1,22,-18,-32,-78,-36
34,-86,102,-7,-81,-22,82,102,4
-30,-70,18,34,-77,-29,38,-20,48
-82,-6,-110,16,35,-91,-28,-20,-110
106,100,84,-4,68,-110,30,-60,66
-12,-110,-128,-125,-69,51,-20,-126,-78
0,88,-48,-117,-62,46,-90,-42,20
-100,48,-20,43,40,59,-70,-50,-40
-92,-26,58,85,10,45,2,-70,22
-38,54,66,73,123,-127,18,-82,44
80,-118,-40,-124,111,-111,-128,-78,26
-58,40,70,63,-113,114,-98,-114,62
42,18,12,70,-111,96,-108,-8,-84
-58,6,-80,15,96,74,-62,-108,48
0,-78,-42,14,91,20,34,76,58
110,52,-2,77,61,95,-28,90,98
96,-84,66,108,-127,89,72,-116,-120
-34,-82,24,34,122,-118,-22,92,-88
-108,-36,-76,15,-113,-110,-34,34,-102
92,2,-102,-117,-64,-111,-116,42,-38
94,44,82,-79,-18,-101,-88,48,-8
-46,-30,-82,50,-42,49,-30,116,-68
-112,16,18,-113,56,84,108,-38,-114
100,122,44,50,-91,-22,-32,-16,4
106,-64,-30,7,-44,-31,-18,-34,112
-106,-80,80,-38,-77,-47,-94,22,62
56,-102,-102,-35,123,-81,44,-36,14
-82,4,-84,-101,52,-58,82,74,-104
126,116,18,-104,62,-92,80,-10,68
-28,78,-104,48,-51,-25,4,32,-42
8,114,76,101,3,12,32,-122,94
46,-70,-34,89,-66,-21,114,58,112
-8,122,124,92,-113,-28,126,80,-110
116,10,-110,65,-76,113,-20,88,-82
-4,106,22,67,-42,78,4,-58,-98
-88,76,-28,-11,-77,-38,90,-36,124
-80,-6,-50,-66,2,-80,100,64,12
-68,52,16,38,-15,125,-28,112,32
-54,72,-20,29,8,103,-42,126,12
4,20,54,47,106,61,30,66,-72
36,88,124,77,92,43,18,82,48
2,-58,24,-32,-53,-16,94,-30,-112
-92,4,-6,-46,-88,-27,122,84,-78
76,0,-76,120,-108,94,-14,-64,20
-12,-2,-102,-113,-115,79,20,-42,74
38,120,-106,-44,-105,0,-74,-52,-86
102,-32,-76,-44,-99,-14,-60,122,-16
70,12,-44,-61,-50,22,-70,-72,74
70,12,-78,-97,-60,34,8,-58,102
22,-112,-88,-50,-127,108,-64,-82,-98
-12,-16,-28,-93,-115,115,-14,-108,4
-24,76,102,48,15,123,32,62,-18
-24,-114,-94,19,36,127,6,94,38
58,-118,-12,61,-113,127,106,16,-54
-10,36,26,49,-118,-122,84,-6,-66
-116,-18,22,-25,-94,103,14,106,50
-24,30,-4,-36,-88,90,-10,88,104
74,-58,-56,-80,115,-5,-22,0,-14
58,-96,-44,-81,98,-19,-16,-38,100
-122,36,-84,-71,-79,-54,-62,114,74
62,46,-56,-106,-94,-48,-96,88,-28
60,104,-114,64,126,52,-6,-102,92
86,16,22,41,-116,57,72,22,-34
120,-110,12,-111,-11,116,-108,98,-124
-40,-78,-8,-123,-7,119,12,-110,-102
10,-4,-52,60,-43,87,36,-78,98
12,10,120,46,-43,74,24,-74,-104
68,-62,2,-31,-92,35,-80,-74,112
26,-100,48,-48,-86,30,-128,100,-74
-122,18,30,82,-62,22,84,116,106
-126,30,12,73,-61,30,76,40,-58
16,74,68,-35,-15,74,62,102,124
88,-92,-26,-58,-25,83,76,104,46
36,-110,126,56,-65,88,-10,-22,48
54,-46,72,41,-64,80,-8,2,12
-72,-86,-32,-60,-74,33,-92,-72,18
-8,-46,46,-69,-88,35,-50,-106,-8
-40,98,-124,-118,3,-47,-72,-6,-124
32,-20,76,-124,26,-61,-122,26,106
16,-62,-86,-16,24,113,2,84,72
-52,-90,44,-18,19,113,0,32,96
124,-6,-28,-120,-103,71,58,-52,-42
-34,-98,26,121,-122,74,48,-86,-28
114,-94,118,-47,95,87,84,-20,118
0,-112,-102,-56,113,83,112,-60,88
22,72,-72,-74,84,108,-64,-90,-42
-10,28,-80,-59,81,121,-24,-88,-92
-48,-80,-12,-70,19,114,116,66,116
-114,86,-66,-86,21,120,92,54,-126
124,-4,26,52,4,120,70,4,120
2,-44,48,52,9,105,-2,-4,-82
-102,10,-6,-121,-75,14,28,114,-76
46,110,94,126,-88,12,-60,-66,98
46,62,120,108,64,-93,-114,-24,-80
2,22,-128,94,60,-98,-92,58,-78
-2,78,10,-81,-62,56,-42,-54,70
36,64,-116,-90,-55,55,-26,118,68
106,34,-90,-42,112,-24,-112,-56,54
-36,-50,-76,-37,-105,-26,98,40,-6
118,-24,58,108,117,54,92,56,94
34,-118,-20,-128,-121,67,46,80,38
-94,88,-18,120,-86,58,-98,-34,-52
-54,56,-88,115,-88,44,-42,-62,-80
-68,-66,72,-34,-97,-115,74,-30,48
-38,-36,-24,-63,-94,116,114,12,18
70,8,50,79,-6,-49,-50,44,62
-56,-78,50,63,-24,-50,-18,-30,-88
74,40,-46,115,-28,-64,94,-98,58
-88,-26,-108,107,-39,-62,74,118,46
58,116,-108,-94,51,91,124,0,104
-44,122,32,-112,54,80,-70,-120,-12
14,-34,40,111,65,-19,0,-42,26
16,-48,48,106,87,-29,-16,120,68
98,72,74,-85,-88,-117,-20,-100,-128
-120,94,-112,73,-34,105,60,-70,-8
80,26,-62,-109,5,115,14,-28,44
112,-26,-52,-84,16,84,20,58,-86
88,-66,-64,26,56,72,78,-72,-98
-100,-44,-60,27,42,55,24,46,42
126,100,30,58,0,90,-54,-96,-108
-110,88,-2,95,-18,75,-104,92,-22
-36,120,46,-107,90,32,-54,-40,-120
-84,-68,8,-113,70,36,-54,-38,92
46,-72,-54,76,-80,10,28,14,-114
70,10,-52,77,-85,-10,-98,-38,28
-92,102,8,-15,4,56,20,-96,-92
110,78,94,27,7,38,8,-2,-96
108,-58,-104,-54,-69,-127,-20,50,10
22,-122,-12,-86,-44,-128,82,-18,-36
-128,100,32,23,67,55,-76,124,88
2,116,22,22,54,58,-126,80,-128
-30,-96,68,-50,-39,48,20,18,-36
-86,-32,72,-36,-67,48,-36,-124,16
56,126,92,9,108,-16,-94,-80,114
-128,-4,62,27,82,-29,120,74,-82
90,-4,-58,-37,-80,85,-108,-126,58
-114,118,86,-24,-105,96,-70,110,6
-46,32,62,-25,-13,-102,-58,110,-26
66,122,-46,-20,-38,-90,122,16,-20
-46,40,-58,19,-92,-29,-42,60,-10
-26,20,120,36,-5,-26,-6,40,24
62,82,-110,-29,4,-46,98,-84,-52
90,88,-96,-31,13,-35,-122,88,-108
106,-58,-46,-67,15,67,-126,118,-80
-98,18,104,-72,24,60,-108,116,-104
-18,-86,14,122,-31,34,-114,-46,-8
100,76,-98,110,-34,25,-114,96,28
96,-26,-108,-35,7,-75,-102,58,60
-14,30,-36,-49,-6,-48,98,-128,-92
78,120,-74,24,-63,-65,46,84,124
116,-34,-20,-17,-62,-55,-2,92,78
124,-28,36,114,119,87,120,18,-10
76,-16,58,121,112,92,64,76,-100
-10,6,-46,31,105,111,-32,-68,-42
8,46,118,63,85,101,-14,104,6
20,-54,-90,-24,-40,-84,4,52,-112
76,76,36,-27,-66,-81,-26,66,102
16,-116,46,124,4,2,-86,-82,-8
-52,-114,-12,-122,9,15,-30,-90,-30
36,-108,40,49,-70,-91,-24,46,96
-108,-8,-88,49,-61,-85,-62,-28,92
-74,-86,-120,-46,68,107,-82,-60,122
-66,-62,-12,-49,77,-127,-66,-64,-62
122,96,80,11,-32,52,-56,104,-28
122,74,-10,7,-41,78,-90,2,-92
22,92,-14,28,-71,-84,60,30,0
-104,-60,-60,60,-59,-88,80,48,96
114,26,52,-14,86,-19,-22,104,74
72,54,88,-25,-105,-15,-20,102,112
68,-94,-28,37,79,69,-70,-36,-20
-40,-110,0,85,74,66,-76,-52,-44
72,-20,-106,26,83,8,4,-10,-22
120,-122,-18,74,12,10,-42,10,22
-14,-2,-102,32,-51,-89,-100,-128,20
-34,18,-62,45,-20,-73,66,48,14
34,88,-126,-43,59,-89,40,120,-52
16,56,96,-37,45,-66,98,54,-56
20,-14,-52,-73,28,115,-24,98,-90
-60,-20,-96,-70,18,-128,36,38,-118
56,82,-22,-25,-85,0,-106,40,-104
-112,106,58,-19,-98,7,-114,54,-26
-102,-126,-36,-102,80,37,52,-82,-38
-38,20,120,-101,85,53,72,92,2
-2,2,-48,11,-125,-110,84,120,108
16,98,-24,18,-119,-112,108,92,120
72,74,-100,112,-59,-55,102,-28,36
94,84,-84,118,-76,-34,118,0,96
-38,-2,96,-15,-45,18,36,-8,-8
-28,-40,-36,-1,-25,29,106,66,50
54,84,108,-125,-100,104,42,38,-110
-58,116,-118,-105,88,126,8,10,-70
124,94,56,118,-33,-88,-68,-86,18
-102,104,-24,121,-53,-94,124,-46,-50
