-20,-106,-72,84,0,121,56,-126,-6
114,-62,38,120,-25,-111,-104,28,20
-62,-40,-48,91,115,117,78,36,-78
-92,-42,-98,120,84,-110,-48,-28,-108
-76,-44,-2,-50,-58,-60,18,32,-100
-70,32,36,-67,-66,-68,72,-122,16
-98,-72,52,4,-1,94,-52,18,114
96,-98,-8,-1,2,87,-84,8,-126
-60,20,52,80,-88,13,-4,102,-38
-70,-68,-26,100,-84,-11,70,46,-4
18,-8,114,101,-25,-21,-16,118,-74
-18,12,32,120,-53,-27,52,108,106
-68,126,38,117,37,-86,-54,-36,-126
62,-122,94,-110,29,-90,114,70,-80
22,-60,-100,32,-123,83,54,92,-74
54,-66,108,19,109,72,-100,-126,-36
-42,108,-128,22,38,-41,-104,-22,-60
32,-68,-128,41,-3,-58,22,40,-14
-122,56,84,-61,58,62,-74,122,-14
-26,20,76,-63,50,69,-108,-100,-8
104,-124,40,-8,21,80,50,-72,126
110,12,102,1,13,98,28,-84,90
-12,-22,-120,56,-70,-108,122,104,-90
-62,26,-58,-120,-32,-95,88,-104,-48
-124,114,-92,12,69,118,-36,118,96
92,-8,2,17,74,114,-10,-96,52
10,26,106,-96,-20,-99,46,94,112
28,116,-92,-116,-27,-118,18,-4,-84
-70,104,14,26,-89,33,6,-116,122
58,-108,98,26,93,29,-38,-36,100
120,24,78,-107,-116,114,62,-88,102
78,18,54,86,121,91,14,2,-38
-16,-76,38,13,92,-102,0,124,8
92,-84,-12,47,-86,-71,18,-6,14
-56,38,88,-72,98,62,-126,66,-40
-2,100,-62,-53,114,89,90,60,118
-112,-42,-102,94,-31,-25,100,-122,66
48,58,-2,-108,2,24,16,-106,40
2,50,-12,3,-41,-93,62,-128,-128
-48,-90,12,-27,17,-100,68,74,82
-64,-54,98,37,72,-18,-112,-94,118
120,-2,96,-39,-112,-34,-124,-124,-66
2,28,32,35,47,71,18,80,40
-96,-48,-24,99,83,73,62,42,-42
-116,56,36,-39,-65,-39,72,88,50
116,74,92,-4,11,-32,-110,118,4
124,-108,72,67,-52,-120,-16,-90,94
114,-92,-60,116,10,77,-124,28,28
-84,-8,-110,88,69,-31,96,-88,-54
110,62,120,6,8,-59,76,-102,36
-38,-116,28,77,-39,5,56,-48,-108
2,92,-78,125,12,-9,66,86,60
-46,120,-124,-127,-107,66,-12,44,-38
46,66,-50,-111,5,95,-4,30,-58
-14,-110,92,-99,-52,27,114,60,-60
76,-16,-116,-49,5,16,-10,64,-50
-8,-24,-120,42,113,76,-86,92,-62
-102,36,64,10,36,115,70,-66,104
-16,-128,0,-21,-111,109,-16,-40,-112
0,-10,-40,108,-79,107,70,-4,64
64,-44,62,126,87,-43,8,28,-104
-20,90,64,29,92,-64,-116,86,118
82,10,98,11,-52,28,-30,-42,110
68,124,66,39,-27,25,52,-8,60
60,126,52,-88,77,81,-4,-96,38
0,56,-44,71,79,79,106,62,-110
82,-24,14,34,125,55,-116,-84,46
10,34,-16,47,-77,68,-38,-118,78
112,-24,-88,107,-79,-16,-68,-88,-64
44,106,-46,35,-39,-19,-112,-4,-118
-22,-110,-46,63,115,-127,42,-102,-22
14,-54,-94,-108,-81,-119,50,36,116
100,-72,-58,-37,13,-104,80,-80,-86
-52,8,-6,-54,84,-128,112,26,-124
-126,24,-46,126,114,-95,-124,-64,106
18,-16,-72,-77,-106,-125,0,76,-38
-68,-90,-48,-123,-76,-117,84,90,-96
42,-62,82,-96,-81,77,82,10,-122
66,22,16,-84,-106,-47,-18,-88,-124
-18,-8,22,-93,103,-70,-70,30,-36
2,16,-88,-3,-55,70,84,-4,52
-82,-24,116,21,-19,40,98,-104,56
-126,-34,46,60,111,42,-74,68,-92
84,10,114,14,88,67,-12,50,16
-106,-20,-46,27,55,-89,92,110,88
-122,-58,16,40,95,-52,-110,14,98
-4,12,42,65,-35,22,108,34,126
44,82,116,66,-31,49,62,28,-54
-54,-102,32,85,-9,91,-96,-116,-114
-114,-36,-4,86,83,101,16,94,110
-60,-98,124,89,45,-123,106,0,-14
18,-38,76,88,50,-119,-96,-4,-22
-90,-66,106,24,17,49,-74,36,74
-56,-106,72,48,-55,64,6,-124,-2
-86,-22,110,-81,47,100,-62,-30,48
-56,20,42,-55,33,105,18,-70,66
112,96,-78,56,-3,34,22,54,84
-124,-14,-108,72,12,32,-96,10,-78
62,36,-106,-27,114,-48,-20,-18,94
54,-52,-86,-17,115,-34,36,112,76
-34,28,-32,66,107,67,122,-114,-82
58,108,-94,71,104,77,48,26,-30
-14,-20,92,36,-45,58,98,-92,118
-100,-14,86,59,-82,49,112,-88,62
-82,-128,118,-111,-14,81,-22,-50,-26
-54,94,46,-94,-6,83,-122,66,-6
18,14,116,7,34,-67,82,-46,-14
-28,38,112,-4,23,-53,36,-58,-10
96,-82,34,109,-45,96,98,-82,84
-84,-126,12,82,-71,108,114,6,82
92,-44,90,-53,3,-26,-90,-102,-34
-74,14,84,-72,16,-14,-116,46,4
-102,48,-104,84,27,11,-46,108,-76
-28,8,-60,64,22,20,6,-114,106
20,120,-38,42,94,103,28,62,-44
-88,-76,-8,15,62,102,-12,104,-4
-114,-4,60,4,-102,-88,2,84,-48
-50,-66,-118,-29,-63,-92,-46,54,-18
56,120,62,-120,27,-54,106,120,-98
-124,82,0,79,-8,-60,-116,60,-126
124,50,92,-68,-72,-100,14,116,60
-26,-20,-32,-118,-78,-127,84,114,-122
-76,60,-70,70,23,-76,-8,-98,46
-26,-38,-118,46,36,-79,-66,-102,-82
-28,-2,-88,95,118,-102,-78,-68,-12
110,-42,36,49,127,-93,-118,36,114
-26,14,44,-76,-100,-97,102,-100,-116
66,-110,100,-73,-71,-57,124,-10,64
-76,-6,2,-117,-18,-91,82,-34,104
54,-24,-26,-104,-45,-72,8,4,78
118,88,66,-106,-67,111,16,-52,4
-106,50,-108,-97,126,109,34,52,-26
60,4,-58,35,127,-35,4,-124,84
-68,-16,2,32,91,-61,-36,18,-82
68,-78,88,-61,-70,-96,110,78,62
-74,52,-124,-35,-12,-84,-90,-96,76
-6,58,20,121,-50,-125,-86,56,-80
108,44,90,-122,-45,-106,-108,-16,-92
-64,-4,-74,16,123,87,-90,22,84
2,18,72,74,-110,79,-94,-48,102
-64,16,86,-115,-5,-36,78,96,-124
30,-108,122,-126,1,-63,-96,-100,-70
108,-10,-86,-101,94,57,-36,-42,-40
78,-64,84,-59,-100,55,-94,20,-44
60,12,58,96,35,-22,-2,-90,66
78,68,74,83,34,-34,-2,56,104
44,114,58,-66,-62,-93,42,-26,-106
-88,16,56,-30,-79,-94,6,74,-106
-30,40,104,-27,53,123,30,26,78
-46,-94,34,-20,39,-116,28,-112,-10
-42,116,80,-39,-81,83,114,16,-114
-56,2,-62,-73,116,76,-10,20,-104
-52,46,72,18,-17,100,94,-24,124
-104,120,70,33,-63,105,18,36,96
-86,2,54,-46,-100,126,-94,-68,-6
52,58,124,-15,-116,-36,-42,50,94
60,-116,-60,-38,-109,-15,88,-52,-68
68,-12,-106,41,-77,16,42,88,-84
-32,112,-42,-83,-116,-71,68,-48,-46
-62,108,68,-116,-99,124,-34,-116,-38
26,36,62,114,-55,-127,-34,-34,-98
-120,36,98,-125,16,69,28,46,104
-38,54,-18,-39,18,55,36,-54,-60
-50,-50,-80,-87,50,-69,64,70,-76
116,-12,68,117,-84,-48,-32,12,-30
74,-18,-128,44,-31,-69,-114,34,-38
8,8,2,17,-21,-39,-42,58,108
-66,74,-12,-18,-56,-38,56,40,12
-4,-112,-76,-55,72,-87,-30,12,14
88,50,20,-15,52,-70,-70,-4,114
-68,34,52,-11,112,23,-8,-48,-40
52,-120,-18,4,-91,44,-84,124,106
92,-6,118,-16,-20,15,-18,24,-66
98,18,114,-16,0,22,-78,98,-6
-40,56,-80,125,-2,0,-84,102,-32
0,-70,98,99,-8,-17,-104,-46,-102
112,-118,-96,47,-55,109,42,-14,-76
-82,-58,-22,-33,-73,73,116,-120,-92
80,-102,-6,69,-49,41,116,8,26
120,-24,66,29,-61,32,114,96,-32
-128,-90,64,-121,-48,-36,36,46,-82
-102,70,90,-115,-63,-19,68,-102,-80
-58,-74,-82,89,-24,-97,74,32,102
-80,-40,-124,124,-20,-77,-36,-78,70
52,28,-72,-32,28,93,44,36,78
-66,-78,62,-58,49,106,116,-36,102
-120,82,-20,33,5,-105,-118,-74,48
34,-72,80,17,-36,-111,108,-114,114
20,34,-82,107,122,78,-24,122,-112
18,-14,-118,-122,-95,86,30,64,46
32,-66,-60,-54,-38,-123,-34,-58,38
-10,26,-52,-56,-46,-109,-6,-24,-126
-76,-120,22,-115,45,34,126,46,-2
48,76,44,112,91,49,120,-22,4
-60,-8,-18,82,111,14,-94,-90,-112
-96,24,28,66,100,34,-48,-28,-64
74,-54,-66,78,13,-101,6,84,-48
72,68,106,-126,57,-72,56,44,30
42,16,-124,94,7,51,-58,6,-78
-106,36,28,-90,37,71,-60,-12,28
-92,26,-114,-56,-109,37,124,-112,78
78,-10,-120,-35,88,27,-98,-32,30
-50,-16,-48,-89,63,-80,94,-36,-72
-122,-16,-118,-85,47,-108,90,-120,-96
-18,-4,-108,7,-47,-75,-4,38,38
46,44,0,8,-21,-99,0,-56,78
122,-56,-16,116,-71,-29,44,118,-10
54,-74,20,107,-91,-46,82,90,-30
-36,98,6,-7,69,-86,-62,-66,-98
38,38,-48,-22,67,-90,124,-48,126
52,46,94,-81,-60,-27,14,60,-80
-104,114,108,-103,-49,-22,48,26,-16
16,28,40,49,48,44,-106,-32,-32
-48,38,52,-7,16,37,-16,-64,-78
-100,72,2,11,59,38,94,24,20
-44,74,22,-22,54,59,100,68,34
2,-104,120,54,107,-53,-12,54,42
-78,-94,118,62,-101,-37,62,-106,102
102,74,-28,22,-62,84,72,-12,-26
112,28,124,24,-76,75,126,8,122
100,-84,68,124,-31,-96,12,-46,-60
90,106,6,114,-82,-98,100,-108,112
-84,-52,40,117,-76,-44,18,98,-68
74,-102,68,109,-102,-49,10,104,-66
124,-126,20,28,9,112,-94,64,14
-12,66,30,29,6,-122,98,108,-24
14,74,82,-126,-62,-82,102,14,-10
-42,-30,52,-127,-98,-81,60,102,-22
-48,-46,86,87,88,81,-6,88,-124
36,-46,18,54,59,69,-6,-96,-26
-54,86,58,-33,-70,1,-104,-46,6
22,-98,-98,-19,-70,4,44,-12,-86
34,38,48,-58,123,-100,-118,96,-8
34,-58,-36,-88,89,-104,62,4,-80
36,-40,-86,102,61,-80,18,-56,-98
48,34,-58,78,90,-88,-40,10,-102
-34,-36,106,-62,-109,-100,-34,104,78
-90,50,-80,-54,-113,-101,-32,-64,-106
120,-38,20,43,17,-111,112,122,-104
-56,36,104,44,19,-115,-124,88,-44
-74,114,-98,123,25,121,-30,10,-90
110,-30,-106,-85,-78,61,-56,-110,32
-70,96,-28,106,-13,19,54,86,8
66,90,34,123,-28,28,38,122,-56
-2,122,16,13,-103,26,-12,12,42
116,2,-38,49,88,68,-36,14,-120
0,0,104,104,45,7,16,38,-120
76,-72,44,-90,17,37,-100,-116,-34
66,84,24,118,-44,57,64,-68,-104
-4,126,-36,-90,-105,70,-16,74,108
-104,-30,-104,-14,81,-27,20,-36,52
76,-56,68,18,20,-46,44,18,-116
-42,90,-56,-1,59,-71,88,40,-70
-56,-122,-84,-55,5,-120,80,-88,22
88,52,-56,-86,-104,-60,-86,4,-64
-32,42,-124,-90,-46,-105,32,-68,-72
-98,-122,40,-36,81,-38,72,-50,-74
88,124,-38,101,70,-36,46,48,80
32,-86,-28,-112,-118,74,-94,-102,120
-10,120,2,-83,-46,-120,120,68,96
-60,-124,-108,-58,-126,-48,-90,70,-8
120,-44,68,-11,-64,27,96,52,-32
106,78,-108,-77,-29,72,-98,-76,-76
34,-4,86,-86,16,85,-64,66,-30
-102,-30,-6,-88,70,-118,20,-8,34
-86,-116,18,-101,77,114,-58,-62,-76
100,-64,124,60,-111,-40,38,88,90
94,-62,-72,72,11,-65,60,10,-62
-64,-58,-116,-10,-126,4,-80,-10,-90
-90,10,-18,19,116,-32,-122,30,-90
48,-12,-22,-43,-7,-109,-24,74,4
40,4,-36,-47,44,125,18,66,-8
-28,-22,66,-8,-10,7,-52,124,-22
42,-122,54,96,35,-3,56,-76,-36
58,-62,-40,64,-26,-110,56,20,88
36,78,70,72,-29,-109,-10,-118,-12
34,10,-92,-127,-25,-69,86,10,102
46,76,36,-106,-22,-85,-78,-12,72
-112,94,-128,42,-73,23,22,-106,-124
94,120,-18,9,-62,-13,100,-64,8
6,34,20,-9,-78,80,-62,-54,52
-22,96,62,-23,-93,71,116,118,-68
-50,-46,-106,35,-37,-23,4,-18,26
44,48,44,8,-30,-11,-78,120,-96
68,54,-80,10,21,90,-14,-96,62
116,32,2,-38,38,94,-54,98,-50
-4,126,-70,38,95,22,-112,56,62
102,2,-96,48,-119,29,18,-110,-38
-124,30,-28,66,111,120,74,68,12
30,-66,-86,57,-111,124,-18,-42,-110
-84,-24,-22,126,64,-97,6,-22,-100
-120,56,-122,-108,100,-78,-96,92,88
-96,-114,108,115,-3,-4,8,64,-2
12,106,98,-127,-44,-3,26,-34,2
0,-84,28,122,12,-40,98,82,40
-4,82,-110,-119,13,-37,70,-76,-82
86,106,32,-55,36,-88,-72,-32,98
-112,-38,-62,-17,40,-105,-50,-22,-96
108,60,-18,60,-19,-17,84,-66,-78
-14,78,106,87,0,-31,-18,116,-94
94,-98,-26,-103,57,-66,42,14,112
8,-106,-112,-55,112,-74,22,46,122
32,98,-48,7,-124,-23,92,-62,-84
-120,60,46,50,-118,-16,-4,-24,-68
-86,-16,-20,-61,43,-35,-46,42,-124
-106,38,48,-47,31,-33,6,96,-74
-28,-24,54,-93,-127,-43,116,66,118
104,78,2,-71,90,-40,-42,0,-68
32,72,-18,-30,-104,15,38,-46,-86
72,-40,-14,-21,-125,30,56,-10,-6
4,102,-40,-105,-67,112,-42,76,108
58,44,-128,94,-88,119,6,-124,-36
-40,78,-36,-48,83,-42,50,-124,94
52,94,-10,-90,36,-53,-76,-96,92
86,42,14,55,119,-114,108,-24,58
104,-70,-44,27,95,-89,-94,32,-8
0,108,-38,127,-35,-63,122,-126,66
62,44,-36,-128,-7,-49,46,56,-40
44,94,-44,-117,-91,35,-8,-2,78
-98,-2,26,-115,-115,36,26,-64,-106
-118,106,118,46,-106,118,-36,12,-46
-112,66,116,30,-103,-123,-96,-26,-38
-52,-24,-52,-43,-124,39,76,-2,52
-8,-4,-122,-50,103,43,106,76,-76
48,-118,-32,87,127,-45,114,88,-66
92,84,40,-125,109,-36,114,88,60
-92,-80,-18,73,49,39,40,0,-58
-94,-76,-56,80,46,36,26,30,-64
46,-74,-54,15,98,-45,-38,-42,36
-40,118,-66,26,81,-49,-68,-36,122
60,-12,96,22,63,46,-76,26,-2
110,-100,-10,5,77,0,-120,-2,12
58,110,62,-68,22,-64,120,58,100
-54,40,-34,-70,26,-76,-88,-20,44
-78,36,-118,-96,118,102,-2,18,10
78,126,98,-79,-128,96,14,-12,56
4,112,58,-117,-31,14,-80,60,60
-12,-118,46,-102,-115,-3,-2,72,52
-16,-22,108,31,-82,12,126,18,2
68,24,-122,18,117,13,-126,14,-32
-62,28,24,-35,-15,-117,34,-90,-82
18,20,46,-51,-38,-104,58,94,-118
2,18,-92,62,54,-53,8,122,-20
54,-60,-18,53,70,-23,116,8,-104
-126,24,28,92,126,80,68,16,106
-94,60,-44,65,-71,94,46,84,72
50,-102,-18,-9,-73,-72,-124,-6,48
34,24,-42,-56,-101,-84,64,48,-20
-124,50,-106,-63,-80,-43,-46,104,-4
72,-8,98,-115,-108,-69,-72,-64,-98
-46,-122,86,11,-118,-52,62,-16,48
-6,42,-122,43,-61,-48,-58,26,-128
68,92,-98,-11,-69,56,-102,116,122
-30,-94,68,-35,61,24,98,-22,60
52,-96,64,-73,8,39,96,-2,-86
-66,-78,-34,-91,-5,27,54,-112,80
102,-42,-62,109,-4,-121,-108,-46,120
40,104,-100,126,-9,-97,-44,-128,-104
40,46,110,33,-76,15,122,122,112
44,-118,106,107,-37,40,112,-108,8
-20,102,-110,34,-92,106,106,110,-36
110,48,-80,121,8,77,-42,-86,50
-104,-72,-108,5,-93,7,-120,18,-80
-4,64,70,62,-44,-42,-30,-60,108
54,68,64,-97,-45,-3,-22,-42,-24
-76,20,-60,-99,-15,-31,-126,90,104
38,96,-114,-77,78,-5,-64,-34,50
58,-86,-12,69,93,-47,-114,-42,106
-60,-52,-14,-56,103,-66,6,102,-56
42,12,22,-33,127,-77,-86,46,-40
-96,72,92,-114,-51,89,12,-46,114
-82,-66,90,-106,-50,90,20,40,10
-90,12,-120,36,41,16,102,108,56
56,-102,70,35,76,16,-120,-58,2
4,110,122,-100,-125,5,112,-18,78
116,14,74,-92,-70,23,16,96,-36
102,12,98,30,-108,-23,34,-102,44
120,-80,-62,24,113,-22,-88,40,64
74,-34,14,-34,-91,-44,20,-26,70
24,-112,6,-38,-77,-54,42,98,-40
126,2,34,116,-73,127,124,-88,-94
-28,90,102,92,-58,127,94,36,78
-116,-26,-44,-77,-2,-91,118,-40,-80
0,-16,-90,-39,-101,-62,-122,-44,-62
12,-28,74,-45,-47,-39,-98,68,-42
-84,80,-32,-77,17,-37,-20,-106,-2
8,122,-122,-41,92,-127,78,-106,-118
-10,-126,22,-76,108,-115,106,-8,12
-110,-34,50,-115,-24,123,42,56,-120
46,-46,-38,-122,18,-105,-124,26,90
100,110,-100,90,-18,-94,-100,-60,-110
-112,46,-10,103,7,-69,82,66,78
-120,94,-16,18,17,119,14,46,-70
-68,-58,0,30,43,-115,72,4,26
98,-66,-102,123,9,54,112,20,-34
98,12,-80,120,18,72,-82,-18,-14
114,-102,18,-27,67,-81,-104,96,104
38,-36,124,-8,98,-83,-34,-16,-112
34,52,16,-98,1,-89,-30,64,-14
-24,-8,-72,-64,-24,-103,36,20,-124
18,84,34,-30,105,-62,70,44,10
52,28,-64,-29,106,-65,74,8,-40
24,-84,94,33,-46,40,72,-64,106
18,-16,-126,1,-61,59,84,84,120
-98,54,-118,37,22,-47,-18,102,12
82,-8,60,-11,-65,-21,26,-112,36
-8,50,-38,-71,81,75,48,-72,-62
16,-50,116,-108,17,47,50,-122,-46
-44,8,-38,-125,-81,88,122,-60,42
-74,102,-90,108,-97,69,120,-120,6
-44,46,10,-99,-91,39,114,14,-12
122,14,102,-113,-101,54,18,-50,-54
34,2,-58,-55,-31,22,104,-60,42
56,-6,-52,107,-92,46,-108,-100,108
-88,96,118,-32,-85,61,78,-110,-106
-104,30,30,-96,-109,109,-74,-128,-58
66,-22,2,118,-5,-106,70,102,-122
-76,6,-60,112,-36,-65,80,114,-82
-124,-94,26,60,122,-21,-46,-112,-70
118,46,-120,55,79,15,-74,-100,-94
68,-20,-84,117,-11,46,-122,-32,-70
-78,42,-22,-125,59,116,0,-118,-6
52,76,-54,122,101,14,50,-46,110
114,20,64,-119,83,46,20,-10,-94
-22,44,98,-114,108,-110,-26,54,-98
6,4,84,-115,54,-96,-18,-98,-116
70,-12,-34,-96,109,104,-8,54,106
-12,-88,-32,-79,122,66,-46,4,88
58,68,-44,-55,-65,39,-88,36,102
84,-80,-8,-86,-104,-22,-72,-80,-4
-122,-76,44,-56,-90,-15,90,52,-70
122,-24,80,-44,-101,-50,84,-56,-62
-118,26,-84,112,-25,-122,106,40,-126
-96,38,78,-103,-9,117,74,48,24
98,-72,94,42,95,-61,0,46,108
-70,-14,90,68,83,-61,52,52,58
-8,122,-120,-128,-42,30,-32,116,36
32,82,18,113,-89,27,114,34,48
70,78,54,105,-46,-3,-108,-94,118
-104,4,110,-122,58,-9,-120,-56,74
108,-52,24,106,-76,-17,-94,48,-70
118,4,-24,112,-64,-11,-2,20,16
88,-22,100,107,-49,103,56,40,108
22,-54,118,81,-37,73,-64,-42,-94
-50,76,96,3,-13,-57,-6,82,-72
-102,-62,84,6,24,-76,-34,-30,126
18,32,-92,81,-103,10,110,-36,22
98,-94,-38,82,-91,39,92,6,-112
-44,98,-16,-30,121,105,-14,84,-128
90,48,-88,-67,-103,108,74,36,-10
14,-12,-116,-120,-127,-8,24,-102,-30
-62,-112,82,-128,104,-33,34,60,-38
126,68,-14,-41,-115,-53,-6,40,2
78,-12,-40,-9,-118,-77,-106,-96,106
36,-66,68,43,18,99,-30,-64,-14
26,102,-88,50,-14,85,-40,82,-98
-72,-60,-126,-79,62,-43,-88,-104,70
-22,84,90,-75,67,-39,-44,-84,10
106,-2,-124,54,-77,-30,22,-96,86
-64,-22,72,-103,-55,6,126,-84,78
36,32,-112,-2,16,40,-124,102,28
-124,126,2,31,50,42,-72,-12,18
36,32,-112,-2,16,40,-124,102,28
-124,126,2,31,50,42,-72,-12,18
-28,-66,-42,102,-14,98,-4,80,48
-58,-32,46,-126,-16,67,-36,-98,-40
-28,-66,-42,102,-14,98,-4,80,48
-58,-32,46,-126,-16,67,-36,-98,-40
64,-30,108,-114,-102,116,-126,14,-116
100,-60,-2,-21,32,64,-94,50,-6
108,94,-44,-70,79,-80,56,12,-70
-52,34,124,114,44,84,-84,-70,-24
36,88,62,112,21,88,88,-112,8
-88,-12,56,21,-81,19,-114,84,34
2,-18,-74,-32,10,-12,-68,46,-128
-18,-2,-108,-71,-78,-64,34,84,-10
-128,-44,-22,-20,52,-111,-82,-90,58
110,18,-16,32,59,101,98,-126,-80
-88,-106,14,-3,-84,-89,86,-114,70
-80,120,118,13,-74,-98,-60,-94,-58
126,-106,98,85,94,55,26,16,120
120,-104,56,105,116,16,6,102,-32
58,34,-86,102,18,73,14,-82,122
76,-84,88,69,7,74,88,14,26
-88,44,82,51,20,-103,-34,14,82
2,16,-68,10,-56,-121,-38,76,-112
-106,-12,-64,63,-97,35,-18,-98,24
36,122,14,10,96,47,-70,38,116
2,92,-12,127,118,-13,-122,46,70
52,106,-24,84,112,13,-88,34,96
-120,22,118,29,-13,-34,-38,-2,36
40,62,-126,-23,37,18,-114,-8,50
-126,-104,72,-74,84,86,-74,78,-64
-36,38,-104,-114,93,-124,-32,-64,-88
-102,-46,8,103,36,-21,8,92,-82
92,118,60,73,52,-13,122,-112,64
-128,-98,88,79,43,-83,-108,-60,2
98,78,4,76,37,-102,-40,-118,32
100,-34,48,-71,-107,26,-64,18,-104
-62,-36,122,-74,-62,-8,-22,-10,104
-92,96,-70,-125,-81,-114,80,-24,-52
62,86,-50,-115,-116,106,-116,124,90
-46,114,-6,-94,-54,30,114,-92,0
44,88,-32,-63,-87,29,-28,104,-36
84,16,-4,6,12,37,98,-82,-126
108,114,-68,12,-13,36,-14,-126,-10
70,26,56,21,-38,38,112,-96,8
116,114,42,41,-33,40,-52,-12,72
74,-92,8,-94,121,44,-114,-20,38
-52,-40,-80,101,87,50,-12,-28,26
60,44,-68,-70,-35,-79,-26,-62,-48
-78,-24,6,-75,0,-63,64,-98,-126
-72,108,120,-72,48,-44,-34,-128,-90
-30,64,52,-63,24,-3,104,-110,-34
18,-104,-66,100,23,0,106,34,-116
52,90,52,-114,-17,23,106,12,-92
110,-98,78,-39,95,-32,-96,56,112
84,-96,52,-78,33,-25,86,-50,-76
0,116,-76,-77,1,120,-96,-82,78
-20,-116,108,123,-100,-117,-80,-68,-36
-120,-124,-110,51,-58,-84,118,0,110
54,108,-96,14,-19,-96,-66,98,84
80,-2,-6,90,100,-122,-78,-128,-52
30,6,-60,48,59,-121,116,-74,-56
-102,-110,-34,-66,61,-105,-12,-56,-34
122,-108,50,-44,57,-65,-26,-128,-20
-82,56,102,105,84,69,-12,-102,74
-108,94,-120,85,-51,75,-26,-24,40
-40,2,-58,91,-59,-117,-108,-32,70
-16,22,34,82,-18,-119,114,-96,16
92,-28,-102,7,-122,-32,-52,-56,22
-72,-60,-2,-83,-92,-70,-90,-102,-18
-48,18,-116,54,107,-61,-16,60,8
-42,48,-4,52,-95,-71,126,108,84
84,-10,104,79,77,43,-100,-22,-88
78,92,114,60,111,29,62,70,94
-110,86,-16,-36,-126,-44,122,-90,76
88,-34,-26,-88,61,-64,108,102,68
72,60,-38,-70,-83,69,-116,102,-78
36,24,34,-93,-80,65,-88,-120,-42
-100,44,34,78,9,50,-118,6,40
60,76,-112,-54,-11,45,8,120,82
-104,-78,-70,-80,52,73,62,28,-82
82,-32,-98,-63,110,65,-52,-124,108
40,-116,88,103,93,-42,-90,-14,42
-60,62,-14,55,-126,-65,64,76,-4
-12,0,-128,-77,72,-68,-120,-86,46
54,-120,32,-105,19,-93,-76,88,-28
-40,-104,42,113,40,63,100,98,-108
-2,44,62,108,5,36,86,-86,98
-84,-18,2,92,0,50,92,68,54
2,50,-60,-119,31,45,106,6,-78
-10,38,60,-94,3,59,74,10,-82
50,-12,-2,-24,63,50,90,-8,112
-24,-48,112,34,109,121,118,-40,24
-110,36,88,52,114,119,-8,20,62
-118,100,56,-12,5,106,-16,62,90
-40,118,-66,-20,-64,-115,60,-10,82
-122,-14,-102,-84,47,124,58,86,-98
78,-64,30,-41,53,-66,-10,-102,-120
22,0,18,-118,-24,-53,54,-112,-106
-82,18,18,-96,-25,10,0,106,-40
-104,54,22,-92,-53,-14,-68,16,-82
-64,114,72,-28,-74,19,-60,2,-4
80,8,42,-110,91,-83,-92,102,-80
32,4,-10,57,26,-81,-78,-118,-118
-22,100,-120,-66,31,37,-42,-114,32
24,-118,-28,-58,71,33,-68,-8,-30
-100,116,-6,-75,-90,-88,-26,60,-52
-54,44,104,-92,1,-100,72,-56,-122
66,-112,86,-73,54,-122,-94,-36,-98
-120,-120,-76,54,49,99,-104,82,88
-116,66,124,-61,-41,-46,58,92,16
20,46,-40,-8,-47,-115,64,8,90
110,0,126,80,-29,84,78,-126,-128
-68,80,62,-105,-40,50,80,116,-36
-58,-74,0,-76,-75,54,-24,88,118
78,80,38,-41,119,25,-70,104,46
-32,16,38,-63,79,61,-8,-112,-102
-102,-42,82,120,34,28,-94,-94,-32
64,122,-70,46,-41,4,72,-22,-126
-20,-44,-70,35,-59,38,110,90,106
46,-114,6,52,-50,-1,26,96,90
-32,-118,-72,127,-13,14,104,62,-112
-46,-2,74,70,32,89,116,-60,32
-76,-68,84,-50,7,86,-92,94,20
-84,58,18,-3,-123,-80,-112,64,-22
-56,-94,-2,-23,-82,-35,-106,-82,56
-72,126,-124,104,121,-77,42,114,-20
-20,-80,-8,97,-118,-66,-84,-42,-38
-112,102,-72,34,-35,2,4,-68,22
108,86,-120,54,-4,7,88,-16,100
-66,-78,-4,-71,2,-5,32,58,-88
-72,-74,82,-56,-8,-9,-44,40,34
40,-16,-118,29,123,-79,-98,-54,46
-28,-12,-92,96,-123,-77,-14,-8,30
-60,120,-102,57,-27,119,32,98,-24
30,-76,-88,38,-13,120,84,102,-48
-6,2,-84,119,-13,12,-22,-112,-74
26,32,36,-108,6,3,94,-42,32
-6,72,-88,80,-31,109,-86,-18,122
94,-42,84,102,-33,121,102,62,66
118,-120,76,117,72,77,56,-112,106
120,-110,-4,93,69,90,-92,120,118
-28,34,-56,-51,-117,-103,-26,-46,48
76,-116,-108,-45,-107,-91,22,-42,72
60,-16,-56,-11,-114,48,-76,-126,26
18,34,-102,17,120,43,-8,-6,-126
106,-124,-42,82,1,-118,-28,-62,46
-120,-38,32,59,-27,-108,-54,-30,22
-68,-26,26,-41,-92,-75,-36,20,-20
-30,-6,6,-18,-103,-68,28,-12,-44
-64,-62,-24,91,91,-108,42,74,-58
68,-48,-34,79,93,-108,-118,-112,80
6,-22,-32,50,12,2,40,-42,-110
-40,-114,24,41,0,16,42,-46,102
110,-10,42,6,-3,-45,-82,-70,-18
28,40,114,-5,-16,-65,-100,-84,-34
60,42,62,96,81,12,126,-8,-16
106,66,20,44,-20,21,-64,114,18
64,-126,82,-19,100,-77,-28,-104,80
70,-124,100,-52,59,-82,-2,-124,120
-124,-104,116,100,-74,113,-48,-12,118
-48,-4,96,66,-97,126,-40,4,-20
22,28,-4,-105,-19,104,72,50,24
16,-6,-36,90,-21,123,72,34,-12
-88,-112,-14,46,66,107,38,94,-118
-114,-4,58,25,46,-118,46,78,72
-28,-118,-98,90,-38,-19,-112,-92,58
56,-54,-78,58,-127,30,38,58,-94
94,118,20,-14,83,-113,-126,102,-26
82,-118,126,-28,120,-75,84,-88,-40
108,-40,-126,-59,-44,104,-70,120,114
-44,-20,86,10,-87,-99,14,26,56
-54,-70,-76,42,-16,-57,24,-62,56
84,120,30,10,-123,-29,-38,-94,4
72,-4,-16,26,-34,95,4,56,-108
30,-20,110,11,-63,109,20,-42,-92
-86,-60,66,-59,101,36,20,22,126
-28,-84,122,-59,40,47,-38,82,-58
36,-94,94,0,0,12,90,-64,88
-70,-14,102,-2,-8,33,14,-88,68
-48,-42,-4,-128,112,-121,2,-44,116
-40,-114,-58,-93,78,-120,58,-84,-62
-124,14,-54,92,-25,-16,44,66,12
94,-76,50,113,-31,-21,-22,80,-74
66,12,24,59,9,53,36,96,68
-62,76,-2,62,-13,30,-10,-64,-28
28,-102,90,-101,-54,63,96,-54,-8
40,-8,-56,-120,-77,43,116,88,100
-38,32,82,119,101,-83,32,48,36
-110,-70,-96,-83,49,-81,30,-18,48
-120,76,-112,125,-55,-59,-120,120,74
-68,22,70,-112,-78,-73,-60,30,48
58,-112,-96,46,-71,74,-108,-10,-8
-26,70,76,52,-96,64,-2,-6,-76
66,-128,-94,-124,6,39,-62,-6,-82
-124,104,118,94,-61,-21,-84,14,-128
110,-14,30,119,30,10,-104,-52,-24
-8,-20,58,99,75,-8,112,-88,70
-120,82,120,-45,40,40,-104,16,-58
88,-26,18,-72,51,65,54,-4,-86
32,-80,-60,-77,58,-47,-42,-118,84
118,-74,-98,-107,49,-25,80,36,50
82,-42,-62,19,87,-10,-16,110,-36
-110,-22,120,27,62,46,48,-100,8
72,28,48,81,68,-126,-106,104,116
86,-114,60,120,110,107,-82,106,18
-108,108,34,76,-32,-64,-16,-36,8
-8,-40,-20,76,1,-34,-54,98,-106
-70,-90,-56,11,56,-25,-106,-100,72
78,84,68,37,120,-4,-126,48,-34
-128,-100,112,-1,113,-70,122,-84,14
-56,-12,-38,27,-84,-112,76,38,-106
58,20,50,110,-14,-120,-76,30,30
34,62,-110,97,7,80,-4,-84,-114
110,106,106,-46,104,67,118,-68,50
-42,108,38,-86,118,42,-126,-26,-56
38,70,-128,27,32,90,66,-82,-54
-20,-20,16,54,105,65,42,-24,-30
112,92,24,-93,-53,-25,-102,0,-110
100,-14,72,-93,-1,-73,18,4,34
62,-126,46,29,42,-54,-118,106,-56
6,-44,90,68,59,-62,-66,-52,-128
-74,36,-94,44,90,9,-74,-114,10
120,30,-28,4,-116,-26,20,124,-100
92,-124,-116,-127,36,93,-128,106,50
98,-24,126,-121,55,111,32,64,-50
-54,116,120,-110,61,-13,-32,-46,-80
64,-46,32,-122,74,-20,-12,30,68
114,46,-94,75,115,-86,-30,42,92
-32,24,60,89,-125,-96,10,-40,-26
90,-28,110,62,-119,81,-24,-12,-8
-80,-66,68,43,-97,72,-128,-44,64
82,-56,-64,-82,-121,125,-32,-64,-30
-66,-120,-90,-103,-93,-126,-22,104,120
112,-90,4,116,103,13,60,48,-6
52,-12,-24,-112,125,23,38,94,-94
-4,-102,30,-88,21,100,-72,-116,-58
58,-86,126,-58,108,99,12,24,126
-36,-30,-78,-72,42,-68,22,36,36
-94,46,0,-67,77,-76,-112,-66,118
94,-48,84,-97,-18,96,-92,-42,72
-70,-62,64,121,-59,111,-28,10,104
38,102,20,-52,-89,-103,-104,96,38
20,-36,-30,-59,-122,-110,80,112,-86
82,106,-56,13,-99,-35,86,-112,104
60,-56,-98,10,-124,-60,124,116,-56
112,-110,18,78,-26,126,32,-122,-58
64,110,112,63,-6,115,90,72,-54
-76,-84,-2,47,50,-75,36,0,-50
38,26,54,50,44,-75,-112,-22,14
-20,-38,64,-92,-95,23,32,-6,124
-74,-110,2,-48,-102,39,112,-28,98
8,-58,-28,-76,-54,-88,-18,-78,-54
-62,-86,-114,-100,-43,-85,-112,-126,-92
-80,126,124,-94,-110,-126,-80,56,54
66,-40,-88,-86,115,-99,-32,-6,50
-112,-46,-12,-51,119,30,10,-12,90
108,-28,34,-86,19,48,-102,-112,100
-82,70,80,-85,-47,-78,48,-104,70
8,64,-48,-111,-107,-41,106,-124,-122
-78,104,-34,-117,-82,102,30,80,-12
-94,120,-58,60,76,105,92,-88,18
-100,114,-108,45,29,5,-118,-106,-98
-18,78,118,-4,-15,55,12,34,-96
-70,-42,36,-122,-54,-45,-98,-26,-112
-60,-58,102,-125,-80,-52,86,-98,34
18,-66,-46,-76,16,46,-86,46,-30
-22,-82,122,-45,53,48,80,36,16
-4,106,26,76,26,-84,16,-6,-40
-86,12,-44,79,33,-71,-44,-22,-70
126,6,-48,-121,-106,-74,2,-34,-6
-74,24,-28,124,106,-83,-46,60,-6
42,42,8,49,47,-59,90,80,-106
88,96,-50,-31,-64,-69,6,102,-70
-54,-18,48,-127,-35,125,-14,-18,22
-24,-82,26,61,-90,125,-44,30,-18
-16,116,-52,-89,-85,68,80,32,-86
88,44,2,-122,-90,68,-106,44,-108
4,56,-72,3,64,-20,8,-36,-66
-26,-18,-74,-24,85,-16,-22,-68,-52
100,-102,52,-80,8,-37,60,-16,112
-4,-72,108,-73,25,-30,50,-32,76
-66,-76,-56,-53,73,53,44,-52,-8
100,102,66,-61,42,44,86,-80,-16
-124,-6,58,22,61,-8,8,-30,-60
-110,66,-114,125,95,19,42,-100,102
70,-70,34,-32,22,114,-18,110,90
12,-12,74,50,57,-118,30,102,-30
120,-56,-108,80,-44,1,-22,-126,-122
-42,24,36,-88,-15,-37,62,-52,-32
-2,-98,-72,28,-58,111,106,80,108
106,-96,-52,46,-84,57,106,78,-42
-118,-80,96,72,84,-80,56,100,-90
72,-106,94,65,85,122,8,124,-114
-88,-26,-32,-20,16,22,-108,122,32
26,106,-32,22,-6,8,-28,-2,30
22,-110,34,92,9,59,-70,38,34
30,100,112,13,-115,36,-72,52,54
-66,-88,-12,126,104,-126,44,16,-78
-54,-84,-26,94,67,-107,-54,98,-46
18,126,62,-10,-34,-74,4,-22,-90
44,-22,114,14,-93,-26,-26,62,-78
44,60,22,-109,-68,-69,100,-8,68
84,48,-40,82,-100,-36,34,-56,-42
-46,88,96,-90,-94,66,-56,-90,68
122,-40,-58,-80,-73,-63,-2,124,44
-94,80,-68,-15,-69,23,76,-126,22
-62,-24,-14,115,-23,91,120,-14,-118
44,22,2,56,126,99,94,96,-78
-2,-32,-48,121,-83,72,46,-22,100
0,-26,-42,85,54,7,-62,96,26
-24,70,98,124,106,-3,-24,-124,-122
96,100,-118,31,82,96,112,52,-82
-128,40,24,108,72,20,-76,58,-68
20,118,-30,-18,122,-107,12,62,-66
110,-18,-2,54,-58,73,34,20,-16
60,102,82,119,-120,3,100,24,-34
-24,10,-12,-60,48,-52,-100,-118,-34
-124,46,-94,-119,-74,12,-128,88,-66
52,114,-74,-123,18,-19,22,-44,-82
50,-18,-10,6,-69,24,-78,-14,118
20,22,-30,-3,88,-7,4,-46,-68
-96,-34,-66,72,-79,33,74,-28,-70
62,26,112,99,42,17,120,-38,72
62,14,-34,77,30,117,58,-62,-70
-64,68,32,-107,-30,120,120,-118,-22
-74,-122,32,16,-102,-19,52,110,58
94,-48,34,52,-87,-18,4,28,78
-78,4,-68,84,-121,11,24,-128,-70
2,-104,56,94,-72,8,-104,-38,14
46,-36,-74,-65,-28,-101,-102,36,-68
66,-84,-58,-73,-67,-112,-6,76,32
-62,70,114,-28,-52,40,-12,118,-88
-60,72,0,-89,-72,9,104,86,86
24,-62,56,35,73,-113,34,-86,32
-20,56,-62,8,38,99,-84,28,54
-114,-96,8,36,-40,-17,82,106,-78
-30,108,54,-31,-49,-19,52,122,126
-128,106,104,9,-58,-124,120,-12,-80
-98,110,-128,21,-5,-75,94,108,-14
4,22,-70,-11,-24,112,80,88,48
32,-18,-66,0,21,-119,100,-34,-34
-60,102,-68,86,108,82,-82,-94,-66
-82,112,74,58,-115,85,12,-114,64
-96,-40,76,56,61,106,2,66,0
0,22,-76,56,57,-124,96,112,12
12,20,90,36,-21,107,82,22,-108
48,48,126,25,3,-118,-112,44,-86
98,-116,106,91,-40,-51,-114,-48,42
6,-60,-70,93,-52,-33,104,-50,116
12,6,8,-97,-14,103,120,2,114
-56,-46,8,97,39,109,-42,-46,-110
70,38,16,19,58,-118,-118,-50,-14
-84,90,58,45,52,-120,60,-104,16
72,118,4,-111,111,-119,110,108,-44
-92,-86,-80,-105,-128,-124,-86,-128,-54
-108,6,96,-83,-31,19,-106,-8,82
-64,38,48,-78,-51,37,-14,-20,54
-96,-48,40,126,114,-14,-8,104,-98
-22,-116,-128,82,91,-3,-22,22,-94
-28,-16,-108,-43,-54,-27,24,-94,106
-38,-36,98,-34,-26,9,74,-126,-98
42,122,72,71,13,-67,-54,-80,100
-30,50,20,105,37,-52,78,-52,-52
-66,98,4,107,-55,-73,-118,-60,-40
56,-90,-14,77,-9,-64,100,114,18
-48,-38,-44,-92,-1,-17,12,36,8
-36,-18,102,118,12,-12,126,40,-64
-92,-104,10,54,-68,67,66,98,-54
-24,-42,-62,35,-74,67,74,-38,-66
50,0,116,59,32,-16,20,84,-112
-118,6,-102,50,-10,-29,-4,52,4
26,-16,-34,66,-69,-118,-64,-116,-22
-128,-70,14,87,-94,-121,92,106,116
-88,-94,14,-17,34,41,-34,-86,46
-32,-74,58,-18,20,37,-42,-36,-12
82,-48,-54,99,106,-20,72,-72,-126
-88,-98,-104,93,89,-21,20,-82,-102
-28,-64,-118,-43,-72,52,-102,-102,56
90,-74,110,-11,-60,63,118,48,-60
20,62,86,-60,99,62,-62,78,-76
90,-110,-88,-35,91,73,-46,16,32
-24,-40,124,-10,-13,-41,6,30,-48
40,64,-74,16,-53,21,-18,-110,-42
26,-96,-54,18,125,-41,-128,-90,-112
50,-34,-78,83,-91,-11,-88,-6,-38
100,-80,98,-72,41,29,-86,-60,72
-74,-28,-82,-105,18,33,-108,-102,-32
2,-22,2,-47,-122,-72,-28,28,-14
-76,-58,48,-71,99,-95,6,108,68
-70,40,86,-46,-36,80,110,-58,108
-18,18,-28,-15,-90,88,78,-50,-72
50,24,76,-104,-11,28,-34,126,-84
-68,-104,76,126,-13,46,54,-122,54
-126,38,-24,93,79,67,-64,-96,-34
-32,-116,-16,83,91,59,10,-24,-116
-122,-64,14,-84,-16,33,-4,-104,-76
2,124,24,-85,1,-8,24,42,78
-4,-88,12,96,41,88,-28,-54,26
-116,-84,58,75,86,59,-22,120,-84
-104,-28,66,-71,24,87,-90,-56,100
36,104,86,-67,41,116,-64,-98,74
-66,12,6,-27,-13,69,126,-52,2
-28,-56,-26,-7,-10,92,-92,24,-26
102,38,122,-57,-105,106,-72,-2,-46
-102,-88,-124,-38,121,95,-98,46,38
-82,-114,-40,-93,45,40,-74,52,32
-84,-70,-52,-106,19,9,-128,-48,-16
114,-6,58,-41,127,-30,-88,-50,70
-52,-60,64,-74,87,-12,82,8,-8
100,-48,24,117,101,-112,-108,98,-30
-70,-48,54,-117,41,-99,72,-22,-32
16,-64,56,-1,-21,80,112,0,-48
54,-74,38,-14,-44,100,10,-62,76
48,-102,-10,85,38,-128,-56,94,-58
126,-118,92,94,55,-99,-92,68,-38
90,82,-80,-57,-43,31,-88,88,-86
20,70,16,-17,-9,56,84,10,68
-18,-90,-48,27,117,-64,-72,-20,48
-2,112,2,56,-98,-90,46,20,60
54,-32,-116,-57,6,-106,58,64,-16
-72,-52,100,-1,102,97,22,108,-68
-24,-30,36,33,-62,14,28,-94,92
-120,84,-90,-6,-86,-25,-34,112,14
60,-72,-76,-98,94,-84,-72,-80,-22
-34,-6,102,98,69,-123,86,-54,-50
-34,-78,76,-54,-6,-14,-118,-36,100
8,-34,-8,-55,36,-41,-2,-84,-126
86,-76,-98,-22,42,19,108,90,4
122,-102,-116,-32,65,-24,-110,-124,-84
-62,-36,54,-100,112,-114,-120,-58,2
-110,-32,124,-30,-91,95,88,-24,82
32,-22,-102,45,-93,-119,-88,82,126
8,-22,-32,66,-63,119,-70,-48,-84
106,2,110,93,-7,-66,-12,0,-78
-124,-10,40,73,1,-52,-18,-16,-94
-108,74,-126,-101,2,51,104,74,-42
-28,12,-110,-102,-5,62,62,-28,-100
-78,-78,100,-10,-74,-104,86,-86,54
-14,30,98,-46,-68,-97,96,44,-116
114,-10,-40,64,99,60,-72,-82,-80
16,-96,66,39,118,67,-114,108,102
-30,112,-76,3,-61,39,-26,-64,46
38,124,-108,17,-8,63,16,14,120
36,126,-60,5,-115,-10,24,84,-64
98,-110,80,-13,-88,6,-22,-74,16
96,-86,-22,-102,118,-128,-16,-120,-76
64,-94,-122,-100,99,-125,-12,62,-60
-126,114,-88,70,36,-61,-100,2,18
-80,122,-68,35,-5,-60,-84,-32,72
112,-96,100,7,-79,-23,-18,104,-110
122,-64,32,21,-79,-12,88,0,-48
124,112,-124,-110,76,82,-128,-128,126
38,-126,18,-100,108,95,-58,82,-92
-100,20,-44,74,-101,-30,-26,-70,20
88,82,122,102,-111,-17,24,48,-16
68,-124,-34,50,116,94,54,80,-106
4,-116,122,78,117,104,80,16,110
-42,102,48,85,61,-46,114,-24,72
18,92,16,97,99,-58,-58,38,-6
38,-90,26,-64,-109,-101,82,-102,64
6,-28,8,-49,-115,-117,-86,116,112
74,18,12,46,-121,73,-56,84,84
18,112,-22,34,120,63,-34,88,-96
-124,-82,46,101,88,91,-72,-22,-92
120,-44,10,73,50,89,-30,-48,-92
-104,126,72,-9,-125,-121,-72,8,-128
-50,106,46,-32,78,-111,-108,14,-72
106,50,-98,82,-68,2,-114,-34,60
114,88,54,90,-90,23,-4,-20,42
68,-8,6,-87,-15,-20,-106,-16,28
-104,14,100,-60,-4,7,-64,-8,-30
10,94,-46,-28,-1,107,-104,-52,46
10,110,112,-22,-10,115,-72,120,-18
-128,20,-100,-36,-118,-100,-108,-56,6
18,72,6,-46,-88,-104,-62,-66,-14
24,-40,38,-83,18,33,-106,32,-16
74,-34,-32,-70,17,27,-56,92,-80
92,32,-124,-43,31,8,114,-62,88
94,-68,-92,-45,24,12,-90,102,84
66,24,126,40,74,127,96,50,-52
-78,-72,-44,67,87,120,78,-96,-2
4,-110,104,90,40,-22,-112,-66,26
2,4,-28,123,46,-20,124,8,10
76,32,-108,-95,-5,64,-26,-96,64
-84,30,44,-81,16,79,-48,6,-22
-58,74,-80,98,85,-89,94,-82,-44
-114,-12,56,85,89,-82,96,-116,-68
48,-82,46,-3,-16,39,-76,-106,80
92,-118,22,5,-82,39,-114,126,50
82,124,-38,-45,-74,-106,52,-90,126
24,46,122,-32,-80,-98,106,96,-6
-16,-14,-118,108,-37,36,-20,-26,-16
-102,-18,64,121,-48,44,-16,-22,-120
-58,-68,-58,-2,-14,41,-52,84,-92
110,52,-82,-2,-17,28,64,-62,96
-78,-128,-102,2,72,-67,-70,-82,90
74,-88,82,5,-106,-87,88,0,-4
40,-54,104,-117,-50,-19,-34,-122,-116
-66,24,-2,-62,-69,0,22,18,122
38,70,68,28,53,34,-22,96,-82
26,84,-90,-101,-35,3,-24,22,-58
-74,18,2,81,95,-101,72,76,42
62,58,108,89,101,-112,84,26,16
-20,-98,-26,-9,80,-105,112,92,70
110,-58,36,19,-99,-123,-90,104,-46
24,90,88,54,-95,-111,-50,-66,124
114,-10,-76,15,112,123,-126,70,-88
54,10,-24,-128,110,-76,-60,90,-4
40,0,-122,-111,123,-59,-20,-94,74
110,-4,46,-17,-87,-96,-58,-22,112
14,42,70,23,-104,-79,-58,82,40
-10,36,-74,-6,-67,104,6,48,-106
38,-16,-90,37,-32,91,-62,126,-24
68,-54,40,-110,-38,-120,120,18,114
-12,52,70,-112,-28,-125,-66,74,-128
-48,-114,-64,34,-70,-47,32,76,110
98,-8,-28,25,-74,-51,86,14,28
-42,-106,108,-53,-38,114,-88,-114,-76
-72,-116,116,4,-29,112,60,-54,-100
-50,-50,-70,50,24,-55,48,18,-4
26,-54,-114,33,2,-34,-8,-38,-120
88,18,2,-22,-115,-64,-40,-104,-28
30,-88,-80,38,-121,-34,-60,126,-52
8,-74,-78,123,-111,121,44,-2,-100
24,-66,50,-121,-120,-128,24,-38,-28
32,60,-42,14,-7,-60,22,98,-92
-24,122,-56,72,-2,-65,-78,56,-12
74,20,56,89,-65,-128,54,110,-12
122,-80,54,78,-95,73,-106,-4,60
-52,-36,-6,4,91,97,16,-70,-110
124,-18,-32,-14,80,51,12,86,-10
28,-42,26,-90,41,102,44,64,42
60,-42,-86,-49,47,94,100,-18,-112
98,8,124,-15,69,37,80,34,-112
-30,84,-2,-120,-1,-126,92,82,-46
-10,70,-118,95,86,20,-94,54,-80
-50,-116,-10,63,-1,-1,-20,-74,78
56,-30,-46,118,-30,-43,110,-12,-18
32,-66,-14,79,4,-60,-78,22,-6
16,28,2,111,98,-91,-70,80,58
46,-118,26,121,116,-85,-70,-50,82
102,-122,-60,-7,11,-23,8,-98,-46
52,-56,-54,-16,14,-13,56,86,-54
-46,60,70,-62,90,15,-46,118,118
66,44,-100,-68,58,30,-70,-40,58
-56,66,-24,71,101,-64,-24,108,102
-118,52,-54,33,56,-73,0,-40,72
-126,-30,96,30,-71,101,84,-40,-128
8,6,-28,21,-26,98,-98,50,106
56,82,-94,97,102,-20,32,-34,116
28,86,52,97,-121,-30,90,32,60
-94,-32,-2,116,-72,-30,56,122,4
-76,-68,46,116,-86,-46,-38,4,-110
-8,52,46,58,-61,5,46,48,-30
-100,84,-102,70,-51,4,-60,-112,-84
30,-14,114,19,-45,-52,-4,96,126
-88,-90,86,15,-22,-59,36,50,-36
52,-64,2,-60,-106,-28,98,-106,-124
-92,48,-72,-12,-88,-22,-108,48,14
14,98,84,-92,-2,122,40,-36,126
-36,50,82,-63,-4,123,122,122,64
-38,48,-74,-59,41,-29,26,-106,-90
-32,122,-124,-4,14,-8,94,-64,-26
124,64,-76,-114,79,-58,54,-92,32
122,96,-104,-84,55,-31,-90,-12,-86
24,68,8,65,-123,-80,96,124,20
68,-60,36,98,113,-72,-62,-108,-94
0,32,-14,-49,-76,-51,86,-70,84
126,80,-74,6,-49,-37,-46,-56,42
-22,104,-116,105,-35,-112,-128,-36,112
34,-46,-118,92,-46,-84,-88,-98,-68
10,-84,20,-81,123,-25,-54,-82,-82
-126,-82,112,119,25,-30,10,-62,-32
18,62,124,-94,-92,-78,0,-48,32
-42,-8,76,101,-84,-61,-26,-50,104
-36,-36,48,50,-21,88,-16,126,-26
-106,-6,-52,5,31,94,-8,98,8
72,-84,-8,100,-109,-25,-56,8,-66
-126,92,-106,64,-107,-13,-126,80,-28
-60,-58,-102,54,65,-121,-116,-62,44
24,-82,-16,31,67,-123,-90,-104,-56
16,-6,-90,-14,75,107,-98,58,-70
34,-100,44,-50,95,83,70,38,104
-58,30,96,24,50,0,-114,10,22
-60,-40,66,25,93,3,-92,-20,84
-24,16,-60,-67,-54,-74,2,-106,-128
20,-6,-22,-78,-23,-71,-74,64,-32
30,2,68,-26,-17,-110,-48,0,8
54,12,72,-29,-14,127,-30,-16,-2
4,30,36,-106,63,-120,92,-96,26
-12,-70,-48,126,121,-122,64,-40,-116
-24,-88,-36,-49,114,-100,112,-120,-114
108,42,28,-95,-45,120,-74,24,-84
-22,126,20,110,-56,85,112,-84,-116
-102,106,-42,100,-87,83,126,-62,100
88,-70,-98,36,0,-107,116,78,-122
-38,8,-58,-1,-99,-95,118,124,96
-66,-24,-72,112,-118,-76,46,116,-80
106,32,88,100,120,-86,72,-24,36
-44,36,118,-33,-3,-59,-58,120,-26
-18,-88,8,-71,-7,-50,-94,78,-116
10,-18,48,74,-8,121,36,-50,-112
-10,-44,-108,49,27,104,84,-76,-62
-114,-114,50,114,5,32,12,68,-68
-128,120,12,81,-9,39,62,20,-14
116,122,-44,-62,40,61,100,66,-66
106,-14,8,-37,76,70,20,8,78
-108,66,-94,-43,-77,61,74,94,-126
-58,-92,-26,-29,-88,55,-36,-44,104
-62,96,-66,-69,91,19,114,34,42
68,72,-26,-12,-91,19,-114,-74,72
16,-126,82,121,-59,-125,126,-122,-12
74,56,-24,115,-128,122,92,80,54
-114,-34,80,101,-38,113,-8,104,72
-88,46,98,-63,-83,120,-32,-10,6
18,-16,34,-127,17,-109,78,-80,-118
4,-38,-54,-124,-21,-105,-40,76,-120
-42,-28,110,-78,110,105,-98,-52,12
-114,56,-2,-63,90,-115,-106,-16,18
14,-26,-114,58,101,-96,-92,38,48
-20,-98,36,109,-117,-78,110,-22,102
-42,-116,18,-98,-122,-62,-70,-96,-60
66,106,66,-75,-89,-82,92,-34,74
-56,104,-94,21,-62,56,-126,-126,114
-106,-66,-96,48,11,36,58,-40,6
122,-104,-32,10,-28,4,92,-62,-20
-52,-46,36,-116,3,-9,42,-80,-30
-100,-98,-118,-44,-121,83,116,-110,-60
24,62,70,-76,-40,44,-98,106,-108
46,-34,58,-69,126,117,-112,100,58
-76,46,64,24,-87,115,-66,-40,98
56,116,12,-42,-36,-54,80,116,124
80,-42,28,-74,-6,-82,-16,-74,-128
-10,-44,42,57,113,21,10,-14,52
-62,82,-38,56,78,3,50,124,88
-26,120,94,-3,15,64,48,-28,22
36,22,102,-15,42,55,-80,42,-74
-98,10,102,0,90,-118,-26,122,-112
-72,60,-120,-8,-127,115,0,-48,-36
90,-56,-82,121,12,57,6,84,-64
124,40,44,109,30,48,88,104,-6
-2,70,-54,-51,10,68,80,112,-124
72,12,-4,-79,10,62,56,74,22
32,12,-74,-23,-35,43,104,84,2
32,86,-30,-48,-1,49,-26,-98,-56
110,-60,-102,-33,-37,94,-24,-84,-2
-122,72,-98,-89,-47,70,84,-126,-128
62,116,88,28,-60,-127,-18,-96,88
120,114,100,92,4,-127,26,-68,-124
-106,-48,-110,-108,85,-7,-16,-126,-70
94,22,26,-75,82,-4,18,4,80
88,-46,-82,83,-125,22,-74,-42,116
62,-114,-112,91,-90,19,-30,-112,88
106,-18,80,67,-108,-8,-10,62,-114
-38,-46,2,41,-105,-18,-32,-42,-64
6,-88,-70,-46,-90,12,68,92,10
-42,112,28,-14,-109,17,-46,-90,84
76,0,-4,-12,112,-116,-64,102,114
-114,-28,28,8,-117,-109,-40,-126,-86
34,-128,-26,25,-99,17,-82,72,-38
-72,-102,-86,26,-90,21,34,90,-16
84,120,-68,10,62,-103,-50,6,8
30,6,-42,-2,55,-88,-66,-32,-82
-46,6,-42,-90,-82,122,-46,-24,60
114,112,-2,-91,-73,-120,-22,-128,30
6,-28,90,-72,7,-77,46,92,122
-68,70,86,-66,77,-99,100,88,-116
60,72,-40,13,71,15,6,96,-66
66,116,-110,-5,52,18,24,-120,-80
-78,60,-112,19,-84,41,16,122,-74
108,92,-68,-7,91,42,0,-4,-88
110,-118,40,-95,-65,35,-56,50,84
-56,-64,116,-68,-108,49,16,8,110
90,-10,-90,-107,-101,-121,126,0,4
-20,-38,-54,-114,121,-116,-72,24,-66
122,-32,-50,74,-29,-70,122,-42,-16
-8,-30,-104,5,6,-81,-52,-16,-30
-24,-82,116,-34,10,35,-38,-18,-94
94,-16,120,-70,1,51,4,-110,120
18,82,-74,16,-34,62,68,-74,-94
16,-118,-110,-14,-2,79,42,-90,-42
-14,-76,-96,-127,70,123,78,-100,124
-128,52,-88,98,49,-114,18,-96,-46
110,-70,-54,-29,-90,127,76,94,44
-66,-88,-16,-58,-85,-109,108,56,-80
46,118,-128,101,-18,34,-114,30,-68
62,82,122,84,-52,22,72,82,90
16,-38,30,119,84,76,14,120,116
-14,-56,2,84,23,72,-58,-114,36
48,-20,86,-96,-31,50,46,-44,30
50,-32,42,-121,-67,54,10,-42,90
-124,-116,56,60,124,125,24,-88,-70
-128,-58,-8,50,106,-125,-38,-74,102
46,-96,112,43,101,-80,46,-116,-72
-44,34,86,51,123,-87,-114,42,74
-82,-76,30,-57,32,116,64,-100,126
-114,-42,-86,-53,93,96,-112,-116,-62
74,12,22,-124,-40,68,76,36,98
-26,-98,58,-72,-11,82,-124,-100,-58
4,-36,34,-78,19,-127,80,-86,-110
-98,12,32,-20,-94,-116,102,-114,116
-22,18,98,87,32,-25,-122,90,-92
-20,32,90,68,-20,-44,-88,-126,38
28,-114,52,127,-107,22,94,-118,122
66,-74,30,-121,-86,4,72,-100,-22
-62,-120,-126,-67,114,-70,-50,-114,92
-38,-126,116,-80,125,-75,-80,46,-12
-120,48,-62,-3,-120,39,34,-72,24
60,98,-106,1,-123,57,-68,118,-78
110,-6,-4,-42,-86,-97,-80,108,120
-16,0,110,-54,-97,-85,110,72,68
54,-66,-16,19,-124,43,22,-28,74
-20,100,14,9,120,38,-20,32,122
68,80,80,16,-9,113,-40,-128,42
-38,56,66,-33,-39,-124,-56,76,-84
12,74,76,116,-93,-51,-92,-118,-14
-10,104,-118,86,-114,-48,-66,-100,64
-62,-98,12,1,-108,-23,-120,-104,-24
-30,124,92,-64,92,-29,102,60,118
-8,-112,-14,-39,-124,-57,40,94,120
36,44,-116,-27,113,-66,60,42,70
-50,28,84,-94,-66,61,-22,38,-90
-10,-108,-80,-90,-72,67,-128,10,124
-14,-118,82,30,-53,-16,124,60,-108
92,96,16,103,-37,-40,-62,120,-40
-86,88,84,4,-7,19,-30,24,104
-56,36,-80,87,-5,-28,-124,-6,-64
-10,124,40,-14,62,59,72,68,-2
84,0,-24,95,82,33,-24,56,-72
54,-40,-60,-11,60,124,116,-76,96
-118,-52,-114,62,-128,65,114,-60,12
-12,-70,56,-48,11,-127,-92,-104,-112
94,-58,-52,-34,40,77,64,110,-10
92,58,76,25,70,-19,-110,-100,72
68,16,118,81,68,-46,102,16,44
-38,2,-50,27,-27,121,112,84,-36
-8,-54,90,-72,-64,101,-94,110,102
-108,-82,12,-59,-114,73,38,76,98
24,-120,94,4,-68,71,-72,-96,84
-54,62,-32,121,-2,-48,82,-2,36
56,56,-110,54,-18,-68,56,-120,-124
48,104,40,42,107,-49,-30,-78,-116
70,86,-128,20,-78,-35,90,26,36
-40,52,102,-25,110,-122,-44,24,50
114,124,10,-48,101,-111,120,-18,126
-44,-112,74,-127,19,106,76,-128,-46
22,-10,124,127,56,110,-104,-76,84
-118,-110,72,73,-68,117,6,114,-84
84,-26,-102,60,-77,121,-114,-102,84
-94,-54,-114,-103,-43,51,18,74,-62
68,-76,102,125,-92,51,-126,114,-106
-64,-4,-68,79,-58,22,74,-84,20
-2,-10,86,78,-34,24,78,-44,40
16,-16,48,-42,66,-78,-10,-20,86
-10,8,26,-47,110,-79,-12,86,82
-14,10,88,121,-82,67,120,-48,-86
56,112,-54,-99,-79,47,2,-30,-2
88,20,-100,-87,117,-20,-36,-86,-118
-70,18,-62,-49,-119,-29,58,34,-42
-76,-100,-88,29,82,-13,-78,-54,80
-86,-104,-42,21,67,-11,-50,-86,-110
-38,-118,-126,4,113,48,-20,126,-90
-46,16,114,15,92,47,30,-78,-14
62,28,-18,-2,95,68,80,-60,68
28,40,96,12,49,86,94,-60,44
-56,-80,-116,-116,-78,58,-74,96,-12
88,-80,-76,-126,-70,71,16,40,80
-84,114,-42,90,-93,122,-88,86,-34
-74,-46,70,97,-65,-107,-74,16,-6
42,6,-110,-9,92,73,38,104,-4
-24,-40,2,-17,117,82,72,86,64
114,-8,-12,1,-90,2,-20,-112,-60
-126,-84,40,9,-79,24,36,-78,104
-38,-108,58,-44,3,81,-116,-18,-92
-42,-38,-34,-32,12,106,-86,-72,54
36,-102,84,-115,92,-97,-120,36,44
-22,-48,-48,-109,52,-87,-22,64,108
-50,50,-54,-2,0,47,64,-62,28
102,104,6,-33,-29,66,52,-14,80
-16,-80,-54,-117,50,-69,32,-36,74
56,-80,-68,102,45,-58,26,116,10
56,-74,-14,60,-15,59,-32,-4,-128
-110,-102,30,30,-33,72,-18,26,56
-28,30,-38,-91,88,102,126,88,-26
-72,-8,44,-70,50,120,70,-80,-26
-18,124,102,127,-109,-41,120,120,-60
28,-48,78,93,118,-46,-116,-50,-112
-18,116,-66,113,-15,38,-58,-128,-32
86,72,-34,-111,-48,54,100,106,18
-86,74,90,92,-116,37,-64,46,8
-76,-36,106,113,114,45,18,-28,34
-118,94,-34,36,-117,125,122,94,-50
-10,18,-94,56,120,-116,-128,94,-22
-32,90,-32,-50,-17,62,-110,-76,90
-126,-128,18,-58,32,25,66,78,68
-120,-94,-52,33,79,42,-28,-2,-124
110,-124,-40,69,127,54,-106,-30,-106
48,84,66,-74,-77,-66,-46,-74,62
22,-82,118,-106,-128,-58,-48,70,32
-108,-50,-66,-107,-76,-53,-54,40,124
-82,46,-50,118,-89,-52,-24,-90,116
38,-86,-106,43,-123,46,82,-42,-46
-30,112,-26,28,-82,20,58,-24,-86
46,110,-40,-89,94,-44,112,108,-32
-92,14,4,-94,95,-69,-116,-36,-104
-80,-20,68,-8,-53,-13,0,-50,74
106,-16,46,-38,-69,-20,120,118,6
94,74,92,-7,117,-95,8,-80,96
116,100,106,-33,116,-79,36,94,-76
18,-76,88,-104,52,-19,-42,112,106
-2,-2,-114,123,43,-20,18,22,10
-4,-118,100,-94,-18,-84,82,54,114
-10,32,48,-108,-81,-76,114,38,112
96,-94,-86,-98,-82,29,-6,64,38
84,-126,-56,-119,-89,26,122,-4,96
-94,-114,-88,-56,-15,44,-40,-30,52
-6,-36,18,-42,-78,45,76,18,124
-2,92,-36,-19,-124,27,82,-18,-28
-50,60,30,-5,-124,54,-86,-98,90
-124,88,-2,-79,-96,21,-12,-34,-100
14,24,112,-107,93,62,108,4,-118
42,-110,-70,105,-29,97,4,114,82
84,118,108,-125,-67,108,-120,12,118
68,30,82,-19,-1,-117,-28,-124,-18
-116,-116,-46,14,-4,114,-88,-86,-4
-128,-42,-32,-51,20,-71,86,64,100
-20,-82,46,-93,-34,-96,-96,-22,24
-108,-46,-36,-119,1,-81,94,-54,106
20,102,-128,-120,-23,-84,52,2,62
-120,120,-124,-110,25,5,-66,66,2
0,38,-24,-98,45,-9,-82,-28,-112
30,-76,-108,5,-50,-96,104,-60,-10
112,76,-110,20,-33,-101,78,-110,4
-22,-84,-64,-51,-26,96,56,-38,104
-64,28,-10,4,17,85,-82,18,-10
84,-128,-54,-69,-79,-67,-2,24,-76
-86,-64,16,-34,-88,-83,-28,-84,68
40,-102,100,62,-95,-111,12,-104,0
56,-36,-20,111,-96,113,-94,38,-36
-46,-18,36,111,121,-65,54,-110,120
124,-16,-114,-97,-74,-89,34,-94,6
-72,-28,72,-71,52,-58,60,-2,-34
-30,64,32,-103,81,-91,-32,42,-96
110,-128,14,-106,98,-124,108,74,-22
54,16,-76,-115,59,121,-76,74,108
82,-122,26,-42,-66,108,-64,-94,-44
-36,-74,64,-52,-104,98,-14,-118,-94
30,68,-46,43,-115,-2,36,-18,-124
-40,-18,104,32,-116,-12,-122,-56,52
126,46,70,-25,-76,72,-8,32,-28
28,-72,-128,-35,-57,67,50,-20,44
-104,-104,60,-64,-97,73,14,42,-104
6,16,-52,-97,-107,71,74,18,52
106,26,12,33,69,100,88,44,26
-38,6,-24,13,85,97,-96,-30,-102
-44,-60,120,121,68,110,-22,2,-12
8,30,-110,121,85,105,-52,114,-80
58,104,-58,46,98,53,118,-46,-74
58,66,-118,39,113,57,44,-88,82
-6,116,76,80,105,121,112,86,36
-6,-120,4,110,101,-120,64,-50,4
-58,72,26,51,50,-60,114,114,-24
-40,-64,-54,52,70,-52,-2,50,62
-62,-58,-12,-71,-91,-37,-126,34,82
-2,-106,-56,-58,-86,-38,-74,48,-128
8,-56,62,79,103,-58,-44,44,52
24,54,-94,71,115,-42,92,48,56
70,-32,-104,-123,4,-37,-112,60,62
28,-18,-98,-114,25,-40,-68,80,0
122,36,58,-3,-124,-128,-112,-56,88
12,-44,56,18,-109,-117,-122,110,92
8,-16,-120,-125,88,45,-62,98,-68
110,-32,20,-124,118,62,-72,-24,28
-102,-10,-68,-41,80,-91,86,32,58
84,-118,-42,-52,126,-91,124,-36,36
-10,40,-48,73,-94,-73,40,-54,-68
-54,50,-106,114,-75,-73,64,102,98
66,-24,-20,45,3,-10,92,4,-82
22,116,32,76,-15,-10,-116,-46,-76
-56,-52,94,88,-93,15,80,-48,-128
-56,46,-4,110,-122,26,62,-56,-84
114,-70,-112,38,-112,51,-120,60,32
-102,-38,-106,55,124,43,-100,114,-42
-36,-76,-26,-46,-113,90,-56,-68,-96
110,-78,-96,-47,66,117,-60,-124,-62
92,-78,98,114,51,-43,-28,-90,58
-88,-92,100,77,21,-38,10,34,68
46,-110,-30,120,72,-89,6,-32,104
-82,-124,-72,101,50,-61,60,-10,-122
112,106,-50,21,-24,116,26,52,94
-128,66,-80,-8,-39,124,52,26,-106
30,-128,68,-83,-97,36,-124,-84,-44
76,-60,94,121,88,42,100,-68,-36
-84,26,-60,68,-101,-74,-124,6,-124
-22,-28,-116,55,-43,-66,110,6,94
22,24,34,-30,-58,-110,18,96,-66
-56,40,18,-35,-102,122,-70,50,-78
-16,76,10,11,58,-81,-118,-120,-22
16,36,50,-8,51,-95,-88,100,-58
50,80,-106,90,-7,21,72,124,-42
14,84,-56,95,-39,24,30,-102,-26
-12,-56,104,24,-9,53,114,80,118
-22,-76,-50,11,-20,56,-104,92,-116
100,-90,38,-11,-15,72,-76,64,102
114,-50,116,-25,8,63,-112,14,100
52,32,14,73,84,-19,90,120,36
-2,-26,42,75,107,-30,120,66,54
-16,62,-10,109,43,-106,-80,118,46
78,-22,-118,69,35,-98,110,64,46
38,38,-58,-103,-21,-114,64,58,122
-108,78,-44,122,-15,-126,112,66,-74
-94,-48,-62,16,-80,-22,-40,-122,-12
-82,-76,114,-9,-34,-46,-104,-60,-32
114,-100,126,-46,-54,-109,4,-2,18
84,36,24,-83,-72,-106,-22,-84,-48
-36,64,-106,12,-15,-71,-62,-50,-44
-120,92,76,25,-59,-44,-62,-20,-76
16,16,80,-60,43,-88,-114,30,-128
50,116,-64,-31,-11,-61,-118,-108,-116
36,64,-108,-63,-85,97,6,38,88
-36,98,38,-76,-91,89,-50,82,-106
-42,-4,38,-127,3,34,-18,84,54
-112,-96,18,88,-8,35,-44,-110,20
-108,-30,10,-46,-103,-75,34,62,86
22,54,4,-61,-89,-93,38,110,-90
-98,64,42,19,95,-107,-88,104,72
-128,-76,14,43,-31,-98,-102,-118,30
-60,92,-104,22,-107,-18,94,62,120
-106,86,32,18,-76,-7,110,-42,32
108,108,26,-117,-118,105,-100,10,70
26,26,48,123,112,97,-74,42,76
-46,108,-36,109,-97,48,100,10,20
80,14,126,123,-111,45,62,124,54
74,-114,90,-7,-125,-62,126,-20,-52
24,76,-38,27,6,-62,116,34,-66
80,-16,70,24,62,75,48,82,-16
56,-54,26,9,21,92,-44,-42,46
72,-100,62,92,83,-80,2,-78,-8
-124,-20,50,84,63,-85,-36,-38,-50
62,-16,-92,-50,-127,47,90,-78,100
-96,-30,100,-95,96,22,44,-120,-114
-100,-22,102,-69,-22,-52,-70,-76,-32
-64,0,-78,-94,-43,-53,-106,32,-106
34,44,44,126,5,-41,114,58,98
120,-40,-86,-114,-4,-31,118,72,108
100,-10,-50,7,18,-75,120,74,40
-118,-100,48,49,75,-78,-28,-86,30
-94,50,-18,20,-20,-19,-30,4,20
28,42,-62,82,20,-31,122,30,-76
50,40,-88,120,-37,117,-32,56,-122
-78,-62,76,104,-14,83,2,-30,-64
92,42,74,-85,-80,-43,86,-124,82
114,68,82,-86,-88,-25,-70,-64,-68
116,-88,-50,-8,77,-60,-32,40,64
106,-102,126,61,33,-40,-24,108,74
80,-8,-56,-124,68,95,20,106,-54
108,124,26,-64,-24,120,44,-62,76
24,-40,-96,-21,-8,-104,-72,46,38
-126,80,-110,17,-46,-94,-88,-42,118
-32,-36,96,-101,42,-36,-56,-52,54
96,82,-128,-74,125,-8,-44,-116,-122
-56,-98,-18,-7,47,-93,-68,-72,-4
32,100,-42,6,122,102,12,-56,-122
-124,-124,38,58,26,-46,-114,-44,72
86,-70,110,20,79,-75,-78,86,-90
98,98,48,119,86,-125,-66,108,-66
-8,-98,12,69,63,101,-28,74,-108
24,18,94,-28,8,28,74,36,110
-12,18,82,-36,-21,45,-12,8,10
120,116,104,-26,-12,76,78,-72,116
-128,-34,50,-29,47,116,68,48,26
-98,-104,58,4,-110,-19,-22,10,-66
116,-42,-128,32,-44,-11,64,-102,-64
58,-68,26,23,-119,-111,-116,-70,86
22,-40,118,36,118,-126,124,-112,-116
26,54,34,30,-11,120,-92,4,46
10,116,-8,92,-24,92,-32,60,-118
18,-12,74,-59,-90,-102,-106,14,-48
8,12,-90,-59,-69,115,-58,28,-102
-88,6,-102,25,81,-56,-48,98,-74
-128,-94,60,8,88,-90,-12,-10,-28
84,114,-74,-128,32,94,-112,-54,-20
50,32,102,-113,21,98,12,96,-8
56,-80,-96,-48,-75,105,-120,-24,-106
-126,48,94,-61,-40,-126,-86,-76,-58
26,78,-100,-108,-106,65,-70,70,-6
-118,-88,-96,-72,-75,80,-18,56,-48
86,-110,8,-87,23,82,68,-102,36
78,-110,110,-28,67,87,-94,104,4
-54,104,-4,-61,-125,-61,-122,-32,18
26,-118,-116,-34,117,-56,-110,-50,14
66,-48,50,-102,-53,-81,124,106,62
-106,38,18,-80,-71,-71,-82,72,20
-100,-94,-102,117,-1,-44,124,-74,-36
40,84,126,-76,-52,-37,-46,-84,6
56,-34,-72,-72,-23,-72,32,28,106
82,120,-72,-76,-51,-71,64,-38,106
30,-20,16,39,53,-60,58,-36,-50
62,2,-24,57,54,-23,84,-40,-8
-66,28,28,94,-30,-102,116,-34,-32
102,88,88,109,42,-65,-124,-4,-24
-18,-76,22,89,21,-94,112,-28,-68
114,-70,-124,24,-16,-68,-66,-52,-30
10,124,-10,-92,78,119,104,-76,-76
48,-90,46,63,-80,119,-70,-112,-4
114,104,-54,49,46,-54,-60,84,-124
38,66,104,5,17,-52,-52,-56,20
112,-116,-34,-10,-73,-39,-22,-104,20
56,88,-16,-7,-78,-49,-28,-18,42
110,-88,-110,-108,67,-44,62,-24,-36
64,-128,-30,-98,65,-31,42,0,-14
-16,82,66,11,11,94,54,-2,100
-52,60,-10,1,1,92,8,112,-42
-104,-62,124,127,58,-87,12,-16,78
-10,50,98,121,64,-80,-92,-70,92
96,-110,-56,-32,30,113,100,-2,40
100,60,0,-79,19,113,50,-96,32
-102,62,90,-117,115,-45,-4,44,42
12,-30,42,115,99,-47,-84,-16,-44
16,118,44,19,52,-105,-34,54,-120
88,6,114,8,111,-66,118,100,54
-126,10,-62,-43,15,-27,120,66,-128
-24,52,48,-116,33,-21,2,70,-128
70,36,-54,-84,-84,92,-92,4,-36
40,68,30,-122,-49,-128,76,-66,-54
-92,-74,-20,-40,-90,-85,-84,48,-40
50,58,-64,-93,101,-42,-124,8,-88
-34,-34,2,44,-115,95,-82,-38,6
14,78,4,16,103,-120,-116,-30,-14
116,104,-100,41,-25,17,-52,112,-16
-66,46,-66,75,86,65,-56,96,-58
78,124,36,121,19,-16,-56,112,-2
-62,-84,-120,-127,56,-54,60,10,-64
64,42,42,-62,105,41,-70,48,-94
-118,26,60,-110,-98,-113,14,-98,0
-48,-26,-102,78,94,76,-94,16,60
54,96,96,-128,100,-15,66,102,-14
-50,-12,-12,30,33,40,114,94,-114
68,26,0,66,4,-9,78,52,-52
-76,-64,-118,66,-115,-23,-56,-62,-86
34,80,116,84,122,16,6,34,74
-118,114,72,98,-69,-117,92,-22,18
-100,126,34,115,-62,-35,62,-54,-64
2,36,20,120,127,14,-70,32,-76
-40,56,52,-115,-45,74,-52,76,-40
-60,-8,20,111,37,0,82,-86,-98
-40,-94,24,57,-32,33,76,-106,-30
-66,88,-16,-33,-80,119,86,-80,-108
-120,6,-114,-21,-103,105,-38,24,88
-4,66,96,-5,-63,48,-126,6,-22
-118,-128,118,71,-106,28,48,2,-110
-128,10,120,-3,84,81,-126,-32,48
28,78,-62,73,35,36,-26,-10,-42
82,-76,56,71,-66,-15,-128,52,-64
-64,-90,-96,-114,-55,-38,80,96,4
76,-82,-30,60,76,-117,40,-30,-118
120,-26,-54,-124,-111,101,-38,-80,-84
-118,40,-44,98,-77,-8,86,-120,8
86,36,-10,-90,-109,-39,-80,28,50
-32,62,-118,43,-33,126,-126,10,110
4,24,62,-26,-62,95,-94,96,-44
-98,112,8,71,96,-6,-112,-74,6
26,124,-24,64,110,-25,2,124,-66
-12,38,-110,-88,67,-5,-42,-6,-18
76,68,-128,-127,-98,-16,68,-116,-58
100,58,104,-26,23,104,-90,-44,66
-56,-54,-30,40,12,98,-122,108,104
-62,112,76,-126,105,-102,88,-32,10
76,82,-56,-123,122,-92,106,112,-106
74,58,-92,126,-4,107,-100,-128,-72
-24,-20,-48,105,47,107,58,104,108
90,-94,-36,84,1,58,70,-128,-16
-18,-100,-90,43,11,69,104,12,-24
62,74,-50,-93,123,87,-68,-94,20
-28,-40,-52,-121,-95,74,-128,-58,-118
-124,-50,-80,103,127,105,-98,-122,16
-86,126,98,75,115,102,92,-50,82
122,12,18,23,73,104,-90,100,4
50,24,-22,5,90,86,-76,-24,-18
56,-114,56,-27,-118,-128,-32,122,106
-52,18,-42,6,-88,-116,98,-80,120
-106,20,82,21,-112,-73,10,-96,-60
8,98,-6,22,92,-82,78,116,-114
-88,76,8,93,89,-123,-2,98,40
-4,80,-96,86,90,115,-128,-38,90
2,-66,42,-105,64,10,60,60,-94
-96,54,-94,-126,48,5,54,88,-122
-48,-50,22,-94,57,-15,56,-28,-56
48,114,2,118,38,-6,54,-46,0
42,58,-88,-53,84,62,-96,-128,-52
76,-90,6,-52,95,83,-32,-126,-80
8,30,34,-101,18,106,72,100,54
0,-128,-80,-93,17,-104,2,4,64
18,10,98,-59,126,-83,4,116,22
86,88,-4,-109,-127,-54,4,18,108
-88,64,38,-67,-34,29,-80,-72,14
52,-114,-120,-60,-41,66,-6,-48,18
-20,-58,-60,85,72,103,-28,42,48
32,30,40,49,31,116,18,-36,18
16,-44,116,40,113,110,116,-38,-56
102,16,82,50,-126,123,-36,-114,-42
-74,98,-28,62,-63,69,32,98,54
-34,-32,-80,77,-81,74,66,-26,70
12,106,50,-62,-16,121,-4,-6,102
112,-110,118,-58,-19,-118,22,26,-102
2,72,-54,44,18,-98,-58,-112,54
-22,118,-108,34,-23,-121,20,104,-46
-100,42,-124,-85,14,-94,-112,92,60
-52,56,-82,-103,-9,-85,-118,122,82
-14,-44,14,113,-35,-85,94,-122,90
34,-6,-74,106,-14,-76,54,-110,86
-30,22,-32,60,106,20,-124,114,44
-80,4,-60,23,87,16,22,20,-108
-120,-58,40,46,118,46,44,84,88
-62,28,116,12,-100,44,-2,42,-124
24,-20,118,-125,-82,114,26,-14,6
0,-62,44,90,-77,-101,76,-60,-116
-50,-38,112,-45,79,43,34,-128,-46
62,14,-108,-74,65,56,36,120,34
-50,-82,24,74,67,-93,70,68,2
114,-44,50,95,58,-94,-30,-24,118
70,-36,70,-91,40,-62,-32,-48,-128
-78,-122,60,-100,75,-50,96,-16,102
-122,52,50,69,-26,18,-2,88,-62
-34,40,-110,55,28,36,-10,6,-70
16,36,60,67,-125,-123,-82,88,48
-44,-24,94,69,-119,-110,-86,76,-120
-12,-88,42,45,-12,50,-122,-58,-12
114,-98,-98,62,-19,66,124,-12,-104
-122,-72,-128,37,-7,64,-82,14,-54
-54,-66,-36,36,-34,69,18,34,-10
-72,50,114,-64,61,55,88,110,-96
-114,0,-122,-85,5,80,80,76,88
6,90,-10,-102,-50,-53,-116,-16,92
110,-34,88,-125,-86,-61,-58,-28,60
-74,-44,98,116,68,96,120,-8,78
114,-104,68,88,46,81,58,54,-26
-124,-104,70,60,-82,-32,-84,-92,54
2,-56,-38,84,-99,-48,106,-40,-120
-72,84,-68,-52,-69,64,10,-48,-32
-20,-42,-122,-44,-94,64,-110,38,80
32,24,-40,119,-4,76,54,-32,-94
50,-76,8,-90,-10,71,-58,100,-54
-126,-10,122,-61,-56,40,102,-112,-60
114,114,84,0,-58,34,-122,-40,-88
-52,-68,-70,79,-105,-42,100,8,-38
12,-46,-6,-103,-119,-59,-42,-76,-20
-32,16,-72,77,15,-38,110,84,-54
36,72,-88,37,-55,-68,-106,36,-8
32,30,-70,-15,32,-49,32,20,-96
-20,-32,-106,91,-3,-58,122,106,-100
90,106,88,25,-84,39,-18,-70,106
-14,50,-4,42,-98,16,110,90,-20
2,4,-48,-73,122,34,-84,120,-32
82,8,-62,-28,-127,1,70,124,6
-56,-94,-52,115,54,48,-124,-38,56
34,122,94,67,38,35,-4,40,-74
-64,88,126,22,-89,17,-42,-74,44
74,68,-52,-10,-60,38,-72,58,-54
-62,46,-124,-22,-74,93,52,122,32
40,68,-38,-28,-47,82,-56,-16,-52
-44,-82,-20,-99,93,50,32,-118,-2
-50,-68,122,-118,92,13,74,56,-10
102,-52,-86,-19,27,57,26,4,-6
120,-46,-120,-37,47,18,94,-8,8
112,106,-102,12,37,-98,54,-50,50
-108,-18,14,108,94,-109,-24,-20,-96
110,12,74,-87,-105,-49,-12,6,12
4,-96,84,-3,-48,-57,2,54,58
98,68,-94,-35,-120,-112,-102,90,32
-118,56,-112,101,-64,-87,-114,-66,30
-22,106,14,47,78,28,4,-30,-18
-72,-112,0,67,105,14,-126,-64,126
-42,-32,-100,16,-44,-93,20,46,-28
96,-76,-64,48,-33,-127,-52,-18,-128
-44,84,-64,113,-17,-58,90,-8,-40
-12,62,-40,106,20,-72,-58,-108,20
10,-96,-22,106,35,43,-36,-46,18
48,-44,104,113,111,56,122,-88,-58
10,-50,98,-62,111,-116,-2,-36,-88
104,-52,112,-69,-113,-110,-82,12,-56
-116,-44,-18,-109,107,-13,74,18,78
-128,-70,114,-95,64,-10,28,46,-48
64,-80,-52,75,54,114,94,-36,-96
14,-12,-76,55,49,108,-28,-122,78
-78,24,-122,-116,70,-117,-126,48,-66
40,112,58,-123,78,-124,-30,86,-50
36,2,-72,53,45,67,112,62,-108
72,96,114,31,49,66,96,-110,6
68,-102,32,-37,41,-79,70,-116,44
88,74,50,-18,41,-65,116,-110,-10
-104,114,94,-4,-67,-79,74,46,-54
20,-52,-74,-15,-67,-57,-128,-8,-90
-52,-70,-88,85,22,-1,-46,2,-46
86,20,96,68,10,4,-104,6,-108
-78,58,-124,10,92,15,-20,48,54
-76,68,-10,24,97,12,48,-34,88
30,-10,30,83,-52,-105,6,-66,-66
-16,-34,-88,-99,34,114,120,-72,-26
-70,74,-108,-104,63,76,-76,-72,-92
-22,-36,-122,123,13,52,30,-88,-70
84,-116,98,103,27,-112,-54,-116,-14
-42,-44,-100,69,9,-110,16,112,-42
52,10,112,29,-10,97,104,50,62
-98,82,-126,2,0,-123,10,62,102
68,-116,-58,-86,92,113,38,106,-16
-16,106,-66,-31,-94,-86,124,82,-36
-114,-66,-110,35,32,95,-128,-94,10
118,112,60,-79,24,104,22,-8,54
-56,36,-6,-93,105,62,46,30,-96
-32,58,16,110,74,68,42,66,92
-70,-84,-94,-76,-87,-45,88,52,22
-116,-124,-42,-112,-109,-15,-124,-54,78
-48,112,92,-25,-102,-126,94,98,-8
-100,-112,124,-47,-109,-126,118,72,42
-92,46,-74,55,61,-4,-66,-124,-112
-126,86,64,70,57,4,-58,88,-98
68,-126,-20,80,5,-8,-86,48,-54
-12,-122,-52,119,57,20,46,118,126
-70,-48,-124,90,-82,-12,-92,84,-28
118,-76,-40,95,101,-28,-58,114,-54
80,24,22,-107,-68,-120,-106,78,-40
68,28,64,-106,-57,-106,-70,-56,-24
32,-62,44,33,-51,50,-70,54,16
90,10,-70,53,-40,67,-26,106,-56
-30,-124,-70,124,124,123,-114,-112,120
-6,86,24,-115,112,113,-10,98,-80
-8,108,92,-54,-31,-50,6,18,-50
116,34,10,-34,-19,-30,-128,56,-68
-122,-2,6,-46,-24,46,112,66,110
122,110,-28,-63,-28,49,-90,88,8
0,-56,-58,24,-71,26,70,118,16
-86,-96,-92,53,-68,32,114,-82,-122
76,118,104,-121,66,-93,108,124,-110
-102,70,-10,-123,49,-101,-114,-86,-122
-58,112,-82,-28,-90,-78,-46,28,-108
14,12,-86,-51,-94,-82,-54,-88,-94
-80,-68,-78,-67,0,-19,-60,-90,-114
-108,-124,-24,-54,-32,-4,6,-80,-26
0,112,-38,20,-3,58,38,16,-84
32,48,4,29,33,70,-96,-70,-66
108,82,80,-2,-117,74,94,120,10
-118,-114,100,-7,-124,65,-52,92,-114
4,-12,-116,59,-97,-109,-12,62,78
14,30,-38,123,-82,-119,20,-34,-52
-114,66,-68,40,57,-7,34,-8,-120
82,58,-110,80,71,-17,32,-10,48
-128,40,-24,-75,106,17,-92,22,-42
96,-60,90,-86,-32,24,-8,110,0
-88,110,-88,42,7,-7,-90,-78,-40
-108,-34,114,35,63,-45,-96,54,118
126,114,100,8,-128,-110,-10,-48,126
120,-2,-54,30,39,-121,-90,8,-114
64,-38,-44,34,-123,-27,-8,-100,-52
-44,-30,-120,82,-34,16,-112,100,-118
36,-120,-68,-77,-78,-11,8,10,78
86,12,-78,-105,17,-9,-98,-74,38
-80,4,46,-50,121,-81,-60,96,108
-48,58,-28,-8,-50,116,104,-10,-20
56,90,-90,-28,92,-64,82,-34,36
-104,34,-12,-32,116,-79,-2,122,80
26,26,72,52,-108,72,94,-108,-102
110,6,-128,16,-122,109,12,-30,-32
86,74,-4,-102,-4,-30,-30,114,-86
-58,94,-84,105,2,16,26,40,16
64,108,-122,1,-78,-68,-104,52,-128
22,-114,-110,23,-59,-41,0,-82,-44
122,10,-88,-77,113,27,-70,32,0
-8,18,-62,-59,-117,56,112,-120,-42
-106,-100,-36,-104,-14,81,-74,-64,-50
-38,-112,28,-100,-11,111,-104,-38,58
28,58,-36,60,108,77,24,-14,0
120,44,64,77,-89,67,66,-38,122
82,10,4,-31,-52,-20,106,-86,-58
2,-10,10,-39,-77,-40,-50,-102,-98
-20,30,64,-32,-44,-108,-64,18,22
-60,-22,102,13,29,-112,46,-60,104
-16,58,120,114,54,-12,-126,-116,12
-24,68,74,106,-126,-35,-68,74,52
-40,118,26,116,124,-33,34,-68,106
116,-114,-48,43,77,-107,46,26,2
-122,-28,52,-70,109,39,74,16,90
-76,-24,-58,-79,123,25,78,120,2
-42,-16,52,-15,82,-31,46,120,-106
-36,-64,-8,-4,-113,-35,34,-36,66
-112,-16,100,-61,5,36,112,30,104
-10,-46,126,0,55,24,-62,90,-44
-28,82,106,-35,3,-111,24,-6,90
-100,-38,42,-30,25,123,8,80,-26
44,-106,52,-76,-5,103,-116,-122,-50
88,50,-92,-70,4,78,118,-36,38
-126,-56,110,124,82,73,-54,102,-10
26,124,-60,-90,-124,70,36,-108,-56
-34,-48,46,31,45,-106,114,72,52
44,30,-92,19,107,-116,22,22,-22
-82,84,-114,-89,-72,-79,14,38,-8
-54,110,46,-65,-23,-57,14,88,66
90,-52,50,123,-116,-17,82,-44,16
-16,106,-68,-125,121,-18,80,108,80
70,114,-50,-32,-94,87,-110,32,-124
28,42,108,-15,-112,72,-44,62,56
78,22,88,46,-43,-74,114,-68,124
56,-18,72,39,-30,-97,-62,-82,116
-104,12,-92,-26,37,111,50,-46,-74
76,88,-106,-22,37,117,100,64,112
-126,34,-22,-8,-20,86,-26,16,-122
86,74,52,-14,-55,123,-120,-14,-28
74,-28,-34,-33,26,-5,-60,120,34
-80,54,96,-35,19,23,-10,80,40
66,-120,-48,-12,-112,-84,-68,32,52
-88,-108,-24,-20,-125,-62,18,-42,-66
62,96,120,-93,-99,56,68,-48,-18
-78,-102,126,-96,121,88,80,-102,-60
-122,36,124,78,-13,8,124,-14,-76
-120,-88,-104,46,-3,42,36,-86,120
-128,94,-62,-40,-42,-24,122,84,-38
-46,-92,-44,-92,-60,-20,-76,-106,-80
-106,-84,36,-29,117,96,-2,104,-50
50,-52,70,-45,97,91,68,-62,0
-120,-44,114,35,-14,-90,-82,-106,92
102,-44,48,26,31,-74,-126,-110,16
12,100,-24,125,-94,-26,16,-118,94
-54,-98,-80,111,-39,6,112,84,-52
-16,-118,-18,87,3,69,8,-60,-126
-74,84,30,52,-6,63,-76,-16,-2
-42,-118,84,122,113,88,-100,-20,100
4,-30,54,114,68,89,122,16,-110
18,66,-62,-91,60,-117,-46,-4,-44
-54,44,-42,-97,57,126,-50,8,44
-66,-92,116,-105,-46,-58,-88,62,-32
-38,116,-112,-118,-54,-46,-126,84,0
56,-78,28,30,-120,67,-44,-4,-98
-16,-72,-128,8,86,74,-106,-84,-28
-104,-90,-64,-22,-30,-87,-124,-76,-30
64,126,-128,-10,-20,-93,30,-70,-48
124,10,-128,-124,33,65,-16,70,-84
-126,86,92,78,29,49,36,-114,-104
116,-46,-62,-12,-18,-101,-96,44,4
-16,-88,76,-27,43,-96,90,16,-64
-66,32,-84,42,95,-21,-100,68,112
-40,-116,86,-12,112,-47,88,-18,70
-56,80,-18,-19,-114,105,-84,118,-78
110,90,52,-60,-103,94,54,26,-48
22,116,76,93,-15,-64,82,-44,42
-96,36,-70,-98,20,-42,8,92,50
112,-34,98,103,-21,127,80,-12,118
-86,-108,-18,97,-40,-91,96,36,-14
-10,-80,-8,-27,45,-72,92,12,-44
-36,-28,88,0,36,-64,126,94,-30
38,-68,-96,-60,97,-64,108,-22,76
-126,62,10,-38,105,-71,124,52,-6
-120,-12,-92,21,-66,77,-30,-16,86
126,-34,-44,52,-87,84,-114,-116,30
-34,2,106,24,-54,-46,-38,-122,42
4,114,56,37,-63,-40,64,118,68
42,98,-120,-123,-36,-108,16,-82,-106
-54,-38,114,-76,-59,117,124,86,-118
52,-126,-80,92,-35,-119,36,20,98
-60,-32,124,71,-81,91,54,-116,94
-104,-74,-126,33,19,-73,-100,-112,-106
66,-118,-94,-21,115,-92,-62,-60,54
-116,82,34,48,-81,-11,-86,-36,-56
16,64,-82,56,-93,-4,100,-26,120
-94,-74,-126,98,-98,70,114,52,-50
-74,-60,32,-126,112,67,108,74,-14
-28,-38,122,-85,-111,-48,-100,22,90
-118,-66,-112,-89,-86,-76,36,-90,42
118,106,-122,-9,114,-79,-100,-78,116
-12,10,-112,-27,-101,-86,-128,60,66
92,-32,-98,-20,86,-64,-40,114,-124
50,-66,-94,15,-25,-50,6,-100,-124
-126,22,82,39,91,119,78,-60,80
-78,30,-44,63,114,117,-48,64,72
-90,22,-52,89,-85,-110,-72,-8,-74
20,-42,-48,108,-43,-121,74,88,-128
52,60,108,-51,-18,-19,4,2,-120
14,44,-106,-36,16,-52,62,64,-50
-116,70,32,-31,71,-68,-44,118,-122
-84,64,-10,-23,107,-92,112,18,100
-80,-96,116,57,20,17,104,-92,104
102,-58,-28,105,54,7,52,-106,-110
-98,-56,54,118,-82,88,84,-50,-28
-92,-128,0,107,-47,64,98,-118,22
32,-42,-30,-51,-94,97,80,-110,58
78,60,-52,21,-61,88,102,14,-98
38,-64,-112,-100,4,80,-34,54,124
126,90,-4,-103,-12,76,-60,-46,-96
-34,-38,52,-94,-33,40,124,94,-70
12,-120,-74,-58,-15,58,64,-32,-102
2,24,118,67,110,-32,60,108,-56
90,-50,84,67,-121,-52,40,-100,44
-118,-106,38,63,66,-109,32,66,-92
58,76,80,27,85,-119,-108,106,-52
34,-102,-26,-81,107,62,118,-12,54
34,-36,-90,-117,-120,94,-86,-78,-10
-28,36,-98,46,-127,-92,64,52,-22
-52,22,-118,45,-112,-66,-68,-116,-54
-60,-96,-34,26,-113,69,-34,-20,86
-72,102,-80,30,-71,69,8,-88,70
116,-88,-10,91,48,60,-44,-116,-44
-88,-10,-98,91,79,58,-56,6,56
-76,-46,108,93,52,60,126,74,48
46,-14,-70,98,86,56,-72,76,-68
34,90,98,-17,-86,1,-30,-128,-16
-68,-34,72,-8,-84,-8,106,-96,14
32,-56,-50,84,-22,-40,34,56,0
32,-124,-32,78,-20,-42,106,118,-102
-32,-104,76,-48,-93,61,64,94,110
80,104,86,-78,-90,48,-80,56,-120
62,8,60,-57,-45,-20,-24,-60,-68
58,-92,-62,-97,-56,-26,76,-116,-80
92,-4,6,-103,-70,119,-82,-56,114
98,-110,-122,109,-101,102,2,48,6
-118,-36,28,-71,121,46,24,-82,66
-118,54,12,127,62,34,38,18,88
4,64,-68,-125,56,27,32,14,44
88,38,-90,-116,53,25,126,-44,14
-88,-88,4,-64,-63,20,114,58,44
76,-82,-100,-21,-88,55,-122,30,-110
116,42,-78,113,-8,-55,76,72,-126
122,-104,-88,-128,-30,-26,36,-54,0
74,-28,-126,126,-17,95,50,-96,86
-54,22,-42,114,-61,-109,82,-90,126
102,28,-16,-20,25,-96,-54,-14,102
-102,112,-124,-54,-2,-52,12,0,76
94,-128,-118,18,40,-115,-10,-28,-128
-42,-62,90,-18,25,-72,-98,-34,118
100,-2,-24,-121,-99,-2,90,56,24
126,-82,-122,88,-124,16,-88,-58,94
82,8,-106,-38,-60,-60,124,26,24
46,-28,-48,-110,99,-52,78,-86,80
92,124,-102,-25,15,119,26,82,-112
110,94,-52,-49,12,122,-14,112,-64
62,-24,-42,-71,-105,117,-50,124,118
-14,-92,-54,-77,-117,106,-50,34,42
56,116,-120,-107,28,-75,118,-98,-26
4,-86,122,-109,33,-79,-66,48,82
-22,-88,-74,111,127,72,96,122,-36
-98,-92,60,-115,106,82,46,46,-70
-48,26,-106,-89,-86,68,-122,-48,58
78,118,34,-57,-78,71,-32,98,14
-78,116,-12,-61,21,25,-92,108,-24
104,-98,-62,-6,28,31,-68,-72,28
-108,36,86,36,-27,-124,-94,-74,52
92,84,-30,53,-15,118,76,8,12
38,16,-38,21,61,-11,-54,-98,14
18,74,-108,45,64,-35,-116,-12,-40
-32,120,72,-37,-13,-18,84,40,102
-108,-98,-20,-51,14,-41,86,60,-20
-68,-40,12,52,-7,20,40,-18,-68
104,52,50,67,-5,7,-116,106,-118
34,-46,116,-27,71,-91,-76,74,-16
90,50,108,-2,70,-91,26,-88,-118
40,-14,-68,55,-112,102,-104,-24,116
84,48,4,34,-127,85,-56,56,-38
60,74,104,-62,93,103,98,22,28
-42,-24,34,-71,-107,104,-124,100,32
-82,114,88,-83,5,-32,10,58,40
104,-16,-108,-76,-21,-4,54,-26,60
-112,60,-74,55,56,-31,94,86,20
-68,6,-58,16,19,-10,38,-66,-60
116,96,-114,-49,-41,81,-90,36,20
104,-86,20,-31,-25,105,-80,-102,-86
-80,-28,122,15,-33,-77,-78,50,-112
20,6,110,66,-128,-92,32,124,-88
50,-64,-40,121,-74,114,98,62,-122
26,-50,-124,-109,-89,77,110,44,14
2,60,124,-13,-2,89,42,40,-120
-128,-30,122,24,7,57,34,52,-62
44,98,100,-119,-66,-76,22,-70,-38
-70,-16,-124,-68,-51,-85,10,98,70
12,48,66,-6,-35,33,16,-90,-68
82,92,-80,-13,4,16,-118,-110,54
-68,50,-88,69,-75,-125,86,-62,30
94,20,58,-120,-36,-123,30,60,62
-2,102,12,20,-20,12,88,-86,36
80,86,-98,55,-9,-8,48,-42,20
-30,98,40,-60,-24,-59,-84,36,-98
-54,88,26,-24,46,-97,78,6,94
58,82,84,-54,51,-50,116,32,-74
-42,42,84,-42,79,-77,-24,102,-62
-126,-106,-76,17,85,101,20,-58,36
-12,-28,-52,61,109,70,-108,-50,-52
124,84,-82,74,-49,75,-58,-122,-8
-56,52,-120,68,-20,38,114,16,-64
112,52,-98,2,23,-75,-14,100,40
102,-28,12,120,33,-107,72,-58,-46
-100,126,-116,-32,-10,-42,8,-78,114
76,60,72,-38,-49,-57,-64,-48,72
-120,6,-16,77,5,0,20,-88,-78
-52,-2,-4,75,66,22,122,76,-2
-104,-126,100,-64,-102,117,-46,-28,-90
-124,-58,60,-58,-93,125,-108,-6,-2
-66,-108,-24,-26,1,-5,-76,80,-120
-86,-82,12,5,-17,18,-48,32,104
-28,-16,116,97,25,-58,-70,-80,54
-56,90,-74,90,-9,-85,-24,40,100
2,26,106,-25,-83,-106,30,-116,124
-30,42,26,-23,-37,-123,100,68,-90
82,-18,120,126,43,-6,24,66,-40
-92,-38,-90,114,37,-8,-106,-2,92
-84,-54,-100,119,25,79,-126,-52,-66
-30,110,72,47,2,93,-62,-14,-54
-54,-116,70,110,-126,-84,34,-122,30
102,-128,-46,102,-120,-55,94,-88,74
100,-46,-84,13,98,-2,84,-80,-122
-6,104,82,0,97,38,124,16,-18
-80,36,44,103,-81,45,-108,32,12
-64,10,-26,109,-99,59,60,18,-34
-70,54,98,29,8,-101,94,-72,90
12,58,50,23,11,-108,-112,-84,126
-62,-48,62,66,-102,-90,120,-30,12
62,60,70,54,-79,-110,-60,-94,0
-92,30,58,23,-78,-94,-68,-2,-22
70,66,-36,32,-45,-117,6,60,10
-120,-120,-70,0,-4,-84,-112,76,-16
24,-30,-84,14,12,-95,-64,90,-26
16,-106,-64,-54,-122,-59,4,-28,-70
-124,106,90,-32,-79,-54,66,6,20
-4,-26,-116,104,124,-2,22,96,-52
-74,32,20,-77,-118,12,94,-90,-52
18,26,-46,-86,-52,-32,96,-64,-44
106,98,14,-68,-79,0,96,-86,52
106,50,34,68,80,7,56,80,-54
-96,-112,-34,71,46,59,70,38,-96
-32,-48,84,-74,62,67,58,-80,88
6,100,-80,-91,94,119,-68,124,-20
-28,6,92,-104,61,58,92,18,-94
50,-14,66,-124,27,83,118,-10,36
-122,-10,-114,-82,-28,98,126,-126,-98
74,14,-58,-107,-58,113,114,52,-66
76,18,-102,6,-54,-6,-32,-18,40
-72,-18,-122,-60,-124,13,-42,72,-122
34,80,-108,35,-84,31,-78,124,-74
-112,120,120,14,115,29,-76,92,-70
64,-4,44,23,-85,-105,-6,-112,-70
86,-34,72,4,-94,-92,-10,102,-84
16,-66,-116,54,111,-76,76,-58,-104
62,84,-34,49,77,-93,86,54,48
70,114,106,95,-41,-111,-66,46,108
40,52,-60,101,-56,-121,-34,118,48
-58,-102,-92,-72,65,118,98,48,108
-40,66,-124,-71,49,113,38,86,82
-70,-76,-58,-18,-44,79,-96,-38,118
114,116,100,-9,-62,80,118,-26,54
-118,-30,-88,-109,77,114,-44,-56,80
-100,-92,-52,-107,43,119,-92,-54,2
-102,-116,-66,-53,-73,-68,122,116,-56
-82,-78,66,-63,-52,-63,56,-66,-34
-36,-42,22,124,34,92,58,82,74
14,30,-84,107,19,83,80,-8,42
-4,-108,92,-89,-63,24,-60,58,36
-8,-114,44,-66,-70,32,-88,-14,-18
-24,-114,-26,-60,-30,111,126,-10,6
-70,34,76,-99,-32,104,-108,-106,104
30,-126,-14,99,98,97,-32,48,-44
-56,22,2,88,-82,84,54,90,124
40,66,80,119,-68,91,68,28,120
-18,-26,-106,-50,111,116,70,52,-28
66,56,18,-109,-31,-88,74,-40,-24
96,100,2,94,53,-109,44,-12,94
-36,-60,-62,-27,86,118,-22,98,4
-70,-4,28,-62,103,91,-16,-68,-24
-24,28,122,-95,112,82,2,56,86
80,54,72,119,117,52,30,-116,-58
52,-36,-22,-107,-2,108,36,-90,104
-122,-88,82,-77,15,86,34,120,124
-38,12,-14,-24,-121,61,36,28,-54
120,74,66,-9,-88,48,56,82,64
12,-58,90,14,25,105,112,-74,-70
64,-76,-56,51,38,95,-120,-6,-102
-8,106,-8,-62,-7,-109,-30,-38,-38
82,96,64,-56,14,-103,114,18,-78
-110,78,50,87,-75,12,118,-102,88
76,36,60,118,-74,24,122,-22,16
22,4,-8,86,-87,38,-118,36,78
-90,-88,-102,96,-100,82,36,-82,22
90,-50,116,50,95,-49,-44,82,-84
28,-96,60,92,53,-18,-28,-52,66
116,76,114,41,-102,-14,-38,82,32
-96,-6,88,47,-116,15,82,-42,-24
98,2,-104,36,118,-10,100,-88,-46
28,-122,106,50,82,19,94,114,106
86,94,-86,-37,-4,56,-78,2,64
90,-82,84,-9,-42,79,-114,-40,-108
120,118,-86,-108,44,-68,8,-126,-6
94,92,42,-114,9,-75,90,124,-76
-118,-26,60,-118,87,-59,-96,38,-112
84,-100,112,-50,-122,-66,-84,72,-98
-90,-80,-92,124,1,89,-74,-26,-48
8,-14,-6,-77,31,38,-126,38,-86
104,118,32,16,22,-23,8,-126,100
-92,-94,-70,18,18,-95,-64,-32,10
-70,46,-68,-53,26,68,88,0,6
-108,42,54,-42,-6,37,116,-6,76
16,-2,-36,-17,105,-60,-64,-104,-50
78,-26,-58,26,110,-54,-92,-122,-16
-76,124,22,18,-36,48,-70,-78,-120
10,-60,90,-21,16,26,112,22,78
38,62,86,106,14,121,14,80,66
-128,4,-4,-87,70,-113,-100,-26,-70
-20,-108,82,-46,112,-9,52,84,-22
112,4,-108,-44,110,-2,-8,-24,-92
-4,-62,44,42,-33,-53,-54,-22,-34
-56,-36,28,68,-7,-68,-14,-28,-46
-38,-104,88,70,53,49,-98,16,-72
-128,52,-102,72,77,41,-40,-124,36
102,-78,-20,14,91,-2,-78,-116,112
102,-24,-122,5,77,-7,106,-64,112
46,-50,118,-106,80,101,-74,-34,58
-62,124,-58,-94,75,114,2,64,-110
8,92,58,8,38,15,-14,-16,84
0,110,-116,-59,79,18,16,-4,-120
-70,-44,-20,-127,-100,70,-116,42,-78
-32,-46,8,-111,-77,64,4,-24,74
-76,34,80,-65,121,-57,76,-120,36
114,82,20,-44,119,-60,116,-94,-58
-110,82,-122,99,-91,-13,72,34,-76
112,-12,98,85,-98,-8,74,-110,-14
-80,-96,-54,2,36,34,28,82,-56
-6,-46,-36,-27,77,48,106,42,108
-74,-106,-6,4,25,-75,26,-92,122
-116,-56,-58,11,38,-62,122,-122,-16
44,88,-20,107,-82,-101,-54,-108,84
98,28,-98,117,-79,-92,-78,-86,-104
14,42,92,104,68,112,-2,16,-72
-66,42,118,-111,48,-116,36,-10,-110
-80,-30,84,-60,22,-112,-86,0,34
-74,68,-106,-61,23,-85,-66,-56,36
80,-78,64,-44,-66,-81,-52,-38,46
36,-106,18,-55,-76,-57,-8,-124,84
-72,98,118,19,-128,123,44,-10,-46
-98,38,-32,11,127,123,108,48,-16
54,-98,-6,47,16,-78,-74,-16,-16
54,0,-78,42,-33,-80,-50,-44,-34
-124,16,16,-90,53,30,110,86,-8
-120,16,-20,114,-30,11,-68,62,-28
-108,-8,66,-48,-25,-97,110,-48,-104
44,32,46,-68,-55,-108,-90,126,-96
84,48,126,17,27,71,22,94,124
-100,-44,108,-15,20,81,106,92,90
20,118,18,-48,87,-104,-94,-50,-20
54,116,-14,-51,96,-111,78,92,-48
118,0,114,-83,95,73,2,112,-82
-50,-36,34,-117,103,83,-34,64,-60
-98,122,-12,29,12,51,36,-22,110
96,8,22,-59,-102,41,16,24,124
114,-84,-78,95,22,74,-128,-84,-14
-50,-46,-112,40,64,87,-32,-70,-36
76,-120,-22,-50,11,-20,-34,-86,-104
-66,110,-110,-34,-29,-13,-78,-112,-20
-88,-84,52,105,-16,99,90,118,-14
-34,-98,-70,95,-10,108,6,-80,-86
66,62,-92,-84,91,119,40,50,-86
24,-36,52,-108,85,-113,48,122,-112
4,8,96,12,32,123,-110,-2,62
-56,-62,72,19,65,-116,122,18,-128
58,68,-22,-55,-25,62,-38,10,-16
20,-10,-40,-42,-40,73,24,10,62
98,-10,-36,-23,26,-81,-22,54,-36
70,-72,-58,-13,13,-54,18,60,66
94,108,-8,35,25,-116,44,-10,28
48,64,-78,28,67,124,82,74,22
36,32,28,60,106,47,-116,34,88
-52,124,-124,98,60,31,-102,-66,-106
-74,-82,-48,-48,108,107,-100,22,114
22,-4,-82,-33,85,72,42,-86,-46
-116,76,-120,-64,120,58,8,-104,36
-54,-28,96,-66,8,42,100,32,-10
66,-74,102,50,-65,-94,-110,-94,112
-100,-62,-78,52,47,112,14,126,6
16,100,60,-77,-50,-106,-12,92,90
0,-32,122,-61,-23,-92,4,82,4
-14,14,90,68,-116,57,58,-94,-118
-98,30,-18,47,108,63,-18,-104,-36
24,116,-2,-45,25,57,-38,118,94
64,2,34,-70,-22,47,54,-104,92
-60,-18,4,37,61,9,108,88,-122
-78,122,-24,31,-28,12,-80,-112,66
-126,-8,-64,-29,125,-62,-34,24,-80
-66,10,-52,-23,-105,-57,-20,-52,-64
74,-126,46,-97,-54,5,-128,-102,108
-78,-96,-6,-82,-40,1,22,-68,-50
8,86,6,-14,107,29,24,-56,56
-58,-80,0,-19,79,20,-18,12,-92
-118,36,-28,110,11,32,22,76,-86
-24,-42,-56,116,20,22,-48,70,-100
-66,-16,96,3,-80,-63,120,106,58
-4,-58,-48,9,-53,-80,40,-108,-72
12,110,104,-93,3,65,-18,80,98
-104,-14,124,-15,31,59,-62,-126,116
8,32,-102,-64,-71,-21,14,82,-102
120,22,-52,-36,-49,-43,-98,56,-20
-24,30,32,-95,55,-27,-122,22,24
114,76,116,-56,61,-57,52,92,88
4,40,-22,106,-119,89,90,-80,42
-10,-94,0,123,-95,67,2,-36,-30
120,-98,10,-66,-76,-2,44,84,78
-122,-88,-52,-12,-26,-22,40,54,6
70,-62,12,88,-115,-43,12,86,108
-42,-44,8,72,-59,-74,104,-72,-30
-90,-42,64,119,-118,12,-124,-80,102
30,-116,-94,114,-115,-13,122,64,-54
-98,108,-126,-100,-33,-20,-76,-70,-112
78,68,4,123,11,-29,-102,86,44
82,-6,8,25,-16,-69,-74,-12,-24
-104,54,52,3,43,-49,-94,-110,122
-52,-112,-48,-61,-63,-23,-102,-122,18
-44,-12,80,-47,9,-8,38,-72,8
-92,-78,40,52,-81,-124,-124,-38,98
8,116,12,38,-86,-102,-74,84,100
-18,-80,-58,-91,42,38,112,-114,-84
50,38,-26,-115,45,41,30,30,92
118,56,-90,83,55,-6,-82,122,-96
-8,36,24,4,82,-10,-4,8,-22
60,-124,88,-115,108,-18,-12,-44,14
46,-84,112,111,-125,-34,60,100,-18
50,-6,-8,-99,17,-78,56,18,62
110,-32,14,-97,17,-82,78,96,108
90,-20,96,126,-99,85,-84,50,-52
-54,104,-114,-118,-94,84,-40,24,-124
56,-74,66,-104,89,66,-80,114,68
-34,42,-108,-109,71,61,-32,2,14
-58,20,14,46,3,51,-46,16,16
-34,110,-16,36,-11,53,66,-30,-64
126,-124,-20,-59,37,33,-52,40,120
-64,32,46,-30,47,65,34,8,58
36,-48,-48,-92,70,103,70,106,104
50,10,126,-77,72,123,-34,98,42
-118,-100,-62,8,-38,-50,-24,-124,-112
-76,10,28,3,-83,-12,-80,-90,102
18,-24,90,50,-123,87,6,100,28
-32,-10,-34,19,-91,112,84,-42,40
80,34,-92,30,26,86,-16,64,12
-54,36,-120,-16,9,75,46,-58,48
-114,18,-78,-50,-114,103,124,-108,12
126,84,102,-80,115,86,-88,-88,40
32,54,22,-5,45,-47,-92,64,46
-112,-118,-78,-35,-11,-45,-24,-22,4
42,38,80,78,39,40,-80,-14,-20
42,20,-88,46,14,51,18,-32,-10
-8,92,-38,-10,-113,-88,-92,78,-26
-74,-126,-68,-51,114,-88,-84,98,-14
126,-18,-38,-114,66,-49,-32,92,-92
-52,-12,-10,122,48,-54,-106,86,108
46,68,-24,-38,71,27,40,-126,-8
124,26,-62,-69,43,33,96,84,-50
-102,66,28,-3,-61,-58,-56,-104,-94
22,50,4,-19,-73,-41,24,-126,-112
-24,-28,18,90,-65,-21,-94,126,106
18,-46,-46,103,-94,7,-118,76,102
88,68,-20,16,-33,-57,-12,-116,-36
-116,18,34,-27,-46,-47,-70,-84,6
-100,-66,-76,112,92,3,66,-36,58
-12,-26,-126,-127,103,41,94,-20,-92
-104,-108,78,-37,-92,86,-38,-44,58
86,-108,48,-22,-102,103,-124,-8,82
62,-12,-10,-123,-52,-31,12,38,98
122,-12,-52,120,-70,-26,-68,58,58
74,110,26,-15,0,-21,8,6,28
74,-6,-20,-8,-47,-31,44,38,-24
28,-70,42,24,45,-85,-6,-36,82
38,76,32,48,52,-116,42,50,-38
-2,46,126,95,-29,-112,-54,108,16
124,24,-64,-117,-69,98,-92,72,78
60,98,98,5,55,5,-118,-100,-82
-76,112,-114,-4,54,-38,-120,-62,54
-86,72,-22,-2,2,-44,-128,-118,-112
-94,104,122,23,-19,-86,-24,-46,38
-66,-4,14,21,-98,-82,74,12,0
-72,8,70,33,99,-87,-112,-32,-90
52,-24,-46,-41,84,40,-14,88,-64
56,56,-74,-29,-10,69,-122,2,-38
68,-24,92,-80,-21,54,44,62,-98
40,-98,-52,-63,-46,41,104,-16,96
-90,-40,-86,-127,40,88,-82,32,60
22,106,20,-88,-26,119,0,94,42
-114,122,24,92,115,-122,-66,-46,108
120,-50,8,85,21,-85,-106,28,66
-52,120,-124,29,68,98,-110,-92,8
50,74,46,17,7,-123,-122,50,22
82,118,14,-45,-63,-28,102,82,44
-60,118,-96,39,-47,14,70,28,78
-118,-62,122,28,-97,-27,-44,108,-70
-66,46,36,48,-109,-62,-76,-88,-26
-48,112,-102,41,105,117,-86,-38,0
14,86,4,80,118,107,-102,74,-50
-28,94,62,-124,-55,-128,-96,44,86
104,16,-24,-90,-37,124,52,50,-34
-56,-26,-56,-27,-67,102,-52,88,-72
-80,20,108,-21,-69,85,14,50,74
-78,38,92,-54,-36,56,22,14,-66
-96,-64,84,-23,-33,58,42,98,-72
12,26,-120,-82,84,62,84,-116,42
120,82,-112,-38,105,-28,-34,56,-14
68,34,-66,16,-67,121,118,-32,-14
-76,100,-8,24,-33,63,100,122,-66
-28,48,-24,-76,-83,-37,-46,106,-100
-122,-16,52,-58,-126,-4,-76,-56,34
116,92,100,30,-9,96,-72,80,122
-124,70,-64,-51,3,117,-64,-100,-104
86,78,62,-2,-117,74,124,-56,-94
-110,-6,-38,-55,112,68,-14,-122,-102
-64,-32,70,-1,73,104,-50,-84,-82
-58,98,-70,8,110,110,-60,-12,104
108,-76,-66,-89,45,18,-60,58,106
-92,-28,96,-120,84,39,70,18,-108
-54,-50,-8,44,-38,94,-20,-22,4
14,-56,-90,42,12,101,-8,96,-68
-108,-98,-8,-64,-60,72,-70,56,110
62,106,110,-78,-54,95,20,-22,96
-112,98,-30,123,103,-3,-124,120,76
-114,24,6,85,-126,-5,-66,-8,-4
-98,-76,118,-70,15,11,52,-20,8
-80,-114,-68,-107,-1,10,-6,-116,-22
-96,34,88,-70,103,80,106,60,124
-26,-58,-82,-70,116,72,-86,84,-102
34,46,90,-19,115,3,44,-32,44
114,-12,-92,-53,115,8,104,60,-82
80,-6,-40,-121,-12,-63,60,-48,-106
-72,16,-74,-124,1,-85,76,-50,-28
14,92,40,-40,74,105,126,-64,30
50,-4,-64,-38,85,107,-50,-66,-42
104,90,72,87,-14,107,92,-86,-110
-44,-122,60,66,14,111,-124,-110,-18
-56,-40,62,6,76,36,124,40,106
108,18,52,25,81,56,-64,52,50
24,12,16,-11,-33,15,-50,10,124
84,-122,-102,-1,-32,22,-78,-28,-124
106,68,-84,-85,65,-125,40,54,120
-28,44,48,-61,55,-113,100,52,-28
58,-58,124,52,-10,-38,72,-8,0
102,34,-20,19,-28,-42,-86,14,-38
52,16,60,91,127,112,86,86,-54
-110,66,82,110,-83,-122,108,16,-128
104,-40,-26,64,-104,1,-114,-124,-70
-76,4,-78,61,-111,2,44,0,-84
-88,20,-114,75,-2,-31,-108,110,-104
118,-46,64,60,6,-34,-14,-124,-34
-8,-104,-50,110,121,-3,6,86,-128
18,84,10,68,-116,27,120,76,-122
-52,112,-122,-77,-118,-74,-24,106,-68
66,48,-116,-64,-112,-68,-22,56,-86
78,-38,70,77,-92,61,-100,-128,-10
72,44,80,65,119,76,-52,-70,78
-114,-48,-76,121,-24,-64,-88,-20,62
28,-72,-96,93,-44,-53,82,-106,80
-80,50,-116,-7,-116,-12,116,72,36
46,104,38,-54,123,5,94,-98,-100
-78,-2,50,-72,72,-53,50,10,74
-42,44,-104,-101,35,-49,-24,-118,-88
56,-16,-74,113,23,23,50,-104,-82
42,-40,2,112,-3,27,42,-82,-26
-38,104,-60,-92,-88,116,34,28,72
28,98,-8,-78,-105,115,52,-2,78
-80,8,-126,-45,60,-128,-122,-46,40
-84,52,-102,-26,32,-91,-122,-20,6
106,-124,-110,-33,-8,127,-20,40,82
-78,-94,-46,-13,3,113,-22,70,-88
2,-2,24,29,70,59,-86,-76,-30
100,40,66,58,74,49,-64,-92,-116
26,96,28,-92,-127,-119,0,-18,2
-10,86,114,-50,113,-120,6,22,-18
96,36,78,-44,29,-113,-82,12,78
-88,6,-66,-47,5,-123,-122,-122,120
-6,110,8,-18,123,22,-14,24,-22
108,72,28,-4,96,28,-58,46,-96
86,98,38,11,-29,20,92,56,-110
-94,44,92,18,-22,25,92,-44,-76
34,114,58,19,102,13,-86,16,-18
-64,-52,40,59,-78,28,-104,22,-64
122,-60,-24,33,91,1,8,44,-60
78,88,34,42,-118,-2,-48,-122,-30
-74,-118,-72,42,-106,-77,64,-16,22
-66,-104,74,53,-75,-82,88,-62,-90
80,-50,-10,-110,-3,30,-62,18,-92
-22,98,-82,122,11,17,6,-126,114
78,-44,2,68,14,88,56,-96,-22
-100,96,-124,45,28,69,60,30,22
-48,-126,20,95,32,-7,-98,-24,18
56,12,-84,79,43,-6,118,-16,52
-44,-40,-52,117,-94,34,14,-122,-30
-48,124,60,106,-46,30,-122,-62,46
-100,-86,-78,-119,-107,2,114,-120,-80
-28,-22,-56,110,-80,-20,-124,16,44
64,36,76,-117,-1,56,98,88,106
-104,40,56,114,-9,40,58,-120,28
74,-128,78,-51,14,-15,104,-52,82
122,-46,40,-53,44,-9,0,-56,-90
-128,-78,-10,-91,21,-11,94,-116,-46
-94,-20,6,-71,-1,43,-100,74,-40
18,-14,104,39,-36,-78,-90,-108,-70
32,106,74,62,5,-50,-40,52,-82
-84,-64,-42,-57,79,-69,108,90,-36
-16,-96,-96,-45,71,-62,-118,-64,-18
98,-52,-60,58,23,-55,-44,-68,-80
20,-28,-52,57,39,-57,-56,20,92
-46,-84,52,-113,7,-90,-112,-72,-40
20,10,2,117,-14,-98,12,-70,-20
82,-106,-16,-8,-37,-121,-48,88,-30
28,60,34,-41,-51,123,14,-28,-96
22,-94,90,62,-43,53,30,110,-90
-8,-112,-92,51,-40,50,96,-70,66
98,-90,48,-128,96,-24,-128,92,-84
-110,-34,-20,-101,120,-20,-100,-6,110
90,84,26,46,-108,118,-64,-42,-66
-36,120,-26,74,-84,86,24,28,-10
76,-66,82,64,-117,71,26,-108,56
-110,-104,78,89,-71,56,-70,-108,34
120,112,2,47,-90,-45,-78,10,-94
-26,-24,16,77,-94,-73,58,20,-92
34,-90,36,13,-105,-105,68,92,110
28,-96,-128,18,-93,123,-70,-24,-64
10,-58,78,64,-105,113,-12,46,10
86,-4,-110,-81,-75,-116,-86,-92,28
-84,-126,74,102,58,-70,-62,-102,-82
-24,-62,84,41,98,-89,-92,-104,-38
10,20,72,80,-108,-97,-46,92,-6
-44,14,24,76,-77,-121,-98,118,-92
-28,-102,-10,103,-104,-128,72,-118,-10
80,-54,-8,94,-47,96,-116,-118,-110
80,-2,-116,-49,114,-92,-2,-116,36
100,-114,-24,-71,-121,-102,-66,34,-26
10,16,-92,67,-65,-105,-128,72,-68
10,-6,24,60,-23,-92,-10,116,114
66,-106,-10,78,-46,42,62,114,-102
-36,52,-4,76,-22,55,48,82,82
-74,20,-120,-92,51,-32,38,90,80
2,90,116,-110,100,0,-44,74,76
-92,52,2,-94,5,53,-124,44,36
-88,-70,-50,-116,16,89,-108,108,86
52,30,8,57,100,-22,-60,68,92
-120,0,-66,46,67,18,40,124,48
104,98,120,-37,-46,-94,-18,-114,30
-112,92,110,-39,-69,-67,108,-8,-60
-110,-116,-94,-95,-23,-42,-12,-88,-48
78,2,62,-109,-18,-20,8,108,-112
-58,8,24,-54,97,75,-30,-124,-2
-60,-18,-30,-62,87,78,-126,92,-16
70,-12,-24,120,-98,-102,-82,28,82
-116,62,-68,113,-100,-83,-38,-16,84
104,76,-60,-88,40,76,-30,-18,-64
124,-124,68,-73,14,91,34,-88,-84
76,-108,12,58,-30,-83,36,-110,-64
-14,-114,-40,63,-51,-91,52,-100,-42
112,-128,44,78,5,-121,-84,-2,64
-76,-4,-66,99,-33,-126,-80,-50,98
36,-46,-40,83,87,40,-100,10,-38
4,-30,124,75,75,39,-30,-64,42
64,-120,60,-45,-103,94,14,-30,-54
98,-70,-44,-52,80,84,16,-64,-26
-26,28,120,6,-48,7,28,-84,-28
102,54,46,-38,4,7,46,84,-62
-94,-30,82,97,32,-115,100,48,52
-58,-60,8,113,26,-98,-80,100,44
12,14,-50,-52,111,49,122,-92,42
-10,98,-124,-45,72,75,-90,-124,126
-56,88,72,36,41,-124,-112,12,-88
14,52,12,6,2,-111,-86,10,-106
68,26,76,-100,-46,-4,108,-118,46
-118,50,104,-87,-66,13,118,100,118
-10,-102,-40,93,63,-120,-88,68,72
-64,-76,-36,109,55,-106,18,74,122
114,16,36,17,107,-95,82,76,-38
126,52,40,55,70,-108,48,102,-52
116,48,110,-45,21,115,-26,-22,-116
106,38,92,-13,-12,112,-80,0,124
14,-26,-30,1,-96,42,60,-50,46
-78,-4,54,27,-76,29,66,-32,18
-14,120,-108,-3,12,-75,-114,-100,70
6,62,-122,-14,-74,-87,-102,-120,2
-126,-68,-114,93,49,52,114,100,-118
-122,-46,-128,-104,105,56,-112,-122,104
58,124,-92,-13,-80,34,32,-6,6
-124,-128,120,-29,-69,47,90,36,26
-68,104,82,18,28,-50,62,106,-66
116,52,14,15,48,-67,90,-92,-106
64,-6,-16,-5,-15,-94,-50,20,116
78,-32,112,-14,49,-110,-70,-20,62
68,28,110,-83,-95,-58,-76,-92,66
-66,-96,-80,121,-23,-70,-128,42,28
116,108,-94,-38,96,95,66,-2,90
-70,-126,-62,-70,-27,122,106,-120,-6
120,-82,50,61,90,126,18,-82,-10
-24,-90,22,50,115,-104,24,-120,-62
-38,124,82,112,-10,-110,-32,38,62
16,68,64,109,-33,-95,-104,22,44
104,-60,80,62,-109,-38,20,-78,106
-124,-76,-48,88,-108,-43,-68,54,-12
-92,-4,90,-16,90,32,46,60,-30
44,-72,66,-6,92,7,102,16,-82
50,-28,82,-97,-7,-46,-108,-72,-36
-56,0,-84,-95,23,-81,114,-104,-68
-16,42,90,-6,-38,117,-92,-112,18
124,72,122,19,-68,-122,-28,14,-20
-56,-4,86,-121,108,-19,44,120,-116
-24,-46,80,-94,89,15,60,-62,0
-56,-92,-4,-50,84,-111,-16,-96,-82
18,22,-98,-19,96,-120,-96,22,116
-12,-18,72,-100,-50,-73,-72,-96,112
60,-34,-116,-88,-36,-108,-54,-96,-6
-72,-96,22,-24,62,22,-58,-108,-42
-32,-114,-124,-7,39,27,-108,-46,-124
-8,-52,52,92,-121,88,34,-50,-124
-2,-26,-30,-126,119,89,62,-22,-106
-92,-26,-12,-31,-55,-117,22,126,-34
82,96,-46,-7,-115,-121,-74,-72,-20
16,54,-48,114,26,3,-68,-108,70
-70,104,-120,-112,3,3,-118,-44,78
-54,78,-10,123,-109,96,-68,6,64
50,-42,120,-97,-120,87,118,40,100
-10,88,72,28,-101,73,-16,-34,-76
50,34,22,27,-115,80,44,-82,6
-108,88,-76,117,-108,42,-102,38,30
-88,-50,34,119,-127,18,92,76,106
74,38,-118,-51,-15,58,94,-32,62
12,-28,58,-47,88,51,-10,64,-60
42,8,94,49,-25,-27,-2,70,46
88,-84,0,11,-40,-62,32,112,62
0,-98,-24,105,-86,-114,-54,-122,-128
54,-6,2,-97,-110,121,122,18,118
-86,42,86,63,-43,-105,78,-126,-26
-118,22,-54,50,-1,105,54,90,98
-124,-46,126,-16,-109,123,-102,-44,-58
-34,70,20,15,-113,122,38,56,-66
106,56,-56,-40,103,-47,88,-128,-126
-14,90,94,3,87,-104,34,42,12
116,74,100,-21,52,82,126,-126,-10
12,-70,66,86,-111,103,-86,-22,-28
-78,38,118,-93,47,-79,36,2,120
-68,110,112,-66,33,-110,72,4,-56
-12,-108,110,23,74,50,-114,72,-60
-98,92,32,-33,80,15,96,-94,-116
86,104,16,-5,28,-12,-54,-104,82
88,56,78,-24,66,-39,20,-104,30
26,-14,26,60,32,-17,78,66,-50
-42,72,-92,58,64,-20,114,-12,24
-30,6,94,-39,-89,-95,-20,72,40
2,88,100,-91,-42,-95,126,-34,-72
58,-88,-82,120,40,-25,-12,74,60
124,84,-66,76,70,-26,80,80,114
-70,104,0,-98,53,75,120,6,110
-44,-40,-26,-98,92,74,38,-2,-32
94,92,88,-97,-40,-82,-18,0,102
106,84,-68,-102,-15,-79,12,-74,14
-12,-22,-54,114,-47,70,76,-80,-42
126,102,70,91,-5,87,-54,-116,-48
28,-40,20,52,88,23,-12,100,-96
-100,82,-34,18,113,52,30,80,-70
-68,-12,-64,-115,111,96,88,-8,-100
14,34,-22,-82,115,122,100,-108,8
-76,86,-66,-88,-112,73,104,-108,78
-102,-30,82,-63,-125,90,-90,-102,44
18,-78,126,105,-39,-7,26,-122,114
-128,-102,6,-122,-57,1,-90,32,76
48,92,98,-105,-11,-107,68,84,124
84,-80,-86,-102,22,-107,106,18,22
42,82,-70,-13,83,-39,-36,-46,-40
18,96,-126,17,43,-39,42,-122,22
-14,0,104,125,-127,-127,-74,92,-66
42,116,-64,-128,109,-118,-88,106,-54
6,0,10,-100,-109,37,98,-110,14
-104,-12,-46,-103,-67,54,122,8,72
-106,-26,-96,39,19,71,86,-42,-88
-100,0,82,4,8,72,-88,-36,96
-56,-28,52,-90,-93,-105,116,-128,-2
2,112,-108,-101,-87,-101,-90,116,94
-88,-100,78,69,-113,-124,52,-112,-52
108,-126,-112,39,-119,-117,118,50,-50
38,-104,-2,110,-75,-126,-18,-90,46
2,78,30,95,-73,-123,24,122,48
-16,-22,-70,23,-96,-72,-116,28,76
-58,-80,104,22,85,-86,-86,88,-110
124,42,-4,-44,15,-94,-2,40,24
100,118,-126,-59,-30,-128,38,-20,-20
-12,106,-106,119,72,-33,24,74,116
96,104,108,87,78,-43,-32,-32,-70
72,82,-6,35,54,-78,26,-108,-42
66,14,-4,33,56,-81,26,-100,48
-80,-102,-6,-113,-64,-64,22,-60,-74
-10,122,24,107,-78,-68,4,-24,52
14,-42,76,105,79,64,118,-44,30
20,-58,-106,90,108,69,-98,44,-100
-26,-20,-124,46,44,-114,-90,-82,68
114,0,58,11,68,-84,-28,-74,100
-94,-20,124,46,-16,-2,-14,104,-50
-50,-52,-90,95,41,65,-6,12,108
-120,90,46,117,-84,66,30,-62,86
-126,90,-24,102,57,96,-40,-32,-52
-16,-72,124,-30,-97,-44,110,-44,120
30,-116,-60,5,125,-14,80,76,126
-60,-60,-74,95,-70,69,-110,4,-20
-6,-84,114,108,-77,121,60,-128,100
72,22,114,72,47,118,84,48,74
16,-70,-10,115,76,126,40,-118,-54
10,-36,-12,-124,-93,114,100,-82,24
-124,126,60,-102,-15,102,72,-42,-90
-46,8,-6,-56,45,92,44,36,48
-22,-22,-6,-79,4,61,-44,-86,110
-46,34,-24,41,2,-27,-58,116,-76
-62,42,24,26,-48,-68,68,-84,-10
40,50,2,21,-15,-22,-78,78,-112
-22,-22,-56,-50,-10,-104,38,118,62
-72,-28,-78,-93,-110,-108,-4,-84,78
-38,-84,-26,-38,-101,-111,94,32,46
-44,-18,120,-65,125,7,4,34,52
-126,108,2,-16,-76,-7,-30,44,6
84,-118,-80,-110,-100,-72,-114,46,82
78,62,20,-117,-51,-35,-108,118,24
28,14,120,46,-16,85,-118,66,-12
-122,-46,92,95,45,120,-86,-2,62
-74,14,62,7,-69,81,-124,-22,-10
34,96,38,-2,1,108,-42,-70,-114
-52,52,-128,-80,-115,-118,44,-120,-124
4,96,36,-88,-66,-95,-52,98,-74
42,-36,54,63,33,-16,-84,20,94
-70,-24,30,66,73,-72,14,-82,126
52,-16,68,-128,-5,20,0,24,108
-36,108,118,-117,-18,-54,-100,-4,22
-56,-16,68,-75,55,110,-58,-100,-90
110,98,-98,-124,49,71,114,-58,16
108,108,-80,-56,-99,14,-24,-26,-70
110,-114,-54,-39,-104,27,-86,-42,-10
54,58,60,-104,-58,87,18,-14,-56
108,-2,-124,-55,-26,87,-56,114,0
68,102,22,-8,57,-21,-98,-70,-22
-66,118,-12,32,84,-2,-24,16,-124
12,38,58,-45,-55,80,66,-68,-114
-128,20,-68,-50,-24,65,40,-120,-44
6,104,-76,-37,-108,45,-102,-50,102
-30,116,88,-83,-49,42,-108,70,88
-22,-6,76,-36,123,-91,-128,26,-38
44,38,-98,-68,109,-93,-80,124,-104
-88,106,-38,71,116,-4,56,80,-76
108,-92,-62,-100,-126,-18,18,-40,-90
88,-108,-72,94,-97,104,-92,62,70
52,48,-106,61,-91,86,-24,-124,-82
96,22,-90,-39,-80,71,-92,-14,-76
-40,-124,112,98,117,26,-40,20,60
-62,100,30,-72,-33,97,120,-40,64
-108,-24,-60,-109,31,100,36,-116,80
-104,-64,12,-101,15,124,14,52,114
12,90,14,116,37,-121,-46,98,-54
56,-88,86,-93,-48,-116,-74,114,126
-72,-10,-32,98,-64,117,-56,-116,-88
-70,36,80,76,91,92,68,62,56
-30,-18,120,65,99,96,70,46,-38
74,26,-86,-125,-112,-89,90,68,118
110,-110,-54,-120,-105,-92,-10,18,-70
118,-18,-24,4,-17,-106,-80,84,-30
-80,-96,72,-20,-13,-104,64,26,-58
104,-6,-64,-128,17,-83,24,-8,-74
122,-88,126,118,31,-73,74,-38,-102
100,108,-42,-111,-89,-69,120,-40,-4
58,18,-42,117,-102,-68,-98,-86,-12
24,88,24,-19,-55,-72,-58,16,54
98,-84,42,-6,-35,-65,24,-4,-78
-108,-18,-122,-76,-39,-16,122,-8,-122
74,-28,-124,-54,-31,5,94,2,112
-92,44,42,57,95,-86,-10,-48,-66
-14,-94,-66,63,97,-76,6,-4,-26
-46,-72,-36,45,-23,115,-24,102,38
-42,20,-58,47,-45,-118,-10,-20,-124
-32,26,4,-10,-7,79,-8,-82,38
-58,-32,-62,-12,-27,91,80,80,-96
46,28,116,-53,44,48,-6,56,60
108,82,44,-56,1,59,20,-32,88
-116,88,-84,-20,19,74,-50,-38,48
88,86,96,-3,-43,111,-10,-88,26
-52,60,-30,-42,-37,2,108,-102,80
-60,68,108,-83,-77,12,-36,-122,-128
-122,114,-50,55,-20,-81,-70,30,-82
-28,-34,104,57,-45,-63,-60,66,122
-112,90,98,-110,3,56,122,-80,-116
64,66,-40,124,-8,62,0,-118,30
66,-100,120,24,42,98,78,-22,98
58,76,-94,8,49,105,-88,-64,6
-2,110,32,118,-94,90,-80,-16,-44
-94,80,42,110,-104,89,116,-94,-74
-4,-26,-40,-124,90,46,-82,16,-50
96,-56,38,-111,44,53,70,-66,-40
122,98,36,-94,119,82,-102,-100,-92
96,68,64,-77,-102,89,96,122,2
24,38,-114,46,-44,12,10,68,-90
-16,-22,116,77,13,1,24,78,-88
-28,-102,90,13,-45,120,52,80,28
2,126,124,26,-49,102,56,-84,-20
-114,-72,126,-80,21,-19,-58,-128,32
-96,-44,126,-49,0,-32,-74,-90,22
-40,68,-80,90,35,119,-32,-4,90
92,80,116,103,39,111,-20,22,126
-62,-116,-116,5,-106,1,106,86,-20
80,32,86,-22,-52,-37,10,-38,116
70,48,34,58,103,110,-112,24,126
52,-46,114,62,73,96,120,-18,-84
-122,-120,2,35,-117,-117,-40,118,-58
68,0,-84,6,-127,-118,-44,-66,58
74,18,108,44,-10,21,-8,-72,-70
-126,78,-98,13,-18,19,56,-10,-48
-40,94,62,84,-56,46,-62,-32,-76
86,66,-108,48,-77,56,-50,-12,126
24,-64,-36,-18,59,114,18,-82,-128
124,-124,-36,-29,-3,116,14,-50,118
6,-80,-70,-107,-11,-76,-86,52,-82
-126,122,-34,-119,-28,-70,-124,-28,120
86,-120,26,-52,85,-98,-116,-40,-34
-98,-58,-38,-57,81,-92,28,50,32
34,106,116,-86,-25,-26,92,-40,44
-106,80,-42,-105,-14,-27,-96,98,86
-40,108,14,-128,-117,-47,-32,34,-94
34,100,-92,-116,-96,-54,26,-110,122
76,44,24,34,-66,90,-42,-94,112
34,-114,-60,19,-90,71,-110,0,-126
26,-34,84,30,-65,101,-42,58,80
-46,-128,-46,41,-37,106,-28,-82,68
10,-58,-10,69,-63,-55,72,62,40
-12,-20,-56,93,-55,-47,-98,40,46
-94,-104,-64,-124,-49,-94,102,-80,22
22,114,14,-94,-35,-72,114,-26,-22
18,-40,22,39,-74,56,58,104,-54
-56,48,28,56,-78,61,-10,108,-92
88,-108,-102,-34,61,-94,-108,8,-6
-68,-84,-52,-13,109,-127,54,14,-12
104,-94,-14,-95,126,110,-102,-116,-8
122,-86,88,-75,-117,103,86,-44,-44
-38,4,122,30,17,44,-98,-6,18
-90,38,-84,43,26,29,-122,42,-32
-66,-84,-102,122,-114,-78,120,56,16
96,-80,-70,103,-115,-91,2,14,68
34,46,64,-27,-59,17,-56,-46,-30
76,-86,66,-11,-43,5,-94,-110,-70
-60,120,-26,-67,44,-113,-40,26,-38
-78,114,-56,-50,95,120,-72,42,112
56,116,44,-55,10,90,-116,-32,-72
54,-4,116,-39,62,53,70,46,-126
-108,-110,-102,-31,95,-54,104,62,52
94,92,-52,-2,126,-90,50,-110,36
-2,78,-120,65,30,-68,36,18,-94
120,-98,88,23,-5,-89,22,26,-8
40,118,-72,-49,-17,-62,22,-86,-14
-48,10,-44,77,-59,-86,-2,98,114
-122,-128,98,-122,-81,6,-26,-14,-122
46,0,14,-55,-86,7,56,6,-42
52,-90,-20,100,-48,91,76,-88,-104
38,6,-122,70,-48,80,-54,2,-70
78,116,-114,-107,-89,-38,40,20,-116
40,-100,126,-112,-87,-37,60,32,-126
-26,-102,106,67,-82,6,-74,64,-80
-100,22,-22,-5,-67,0,72,-38,-12
68,-88,68,-3,-99,120,24,-118,-98
-80,-60,-58,-39,-73,-111,20,70,-62
-16,86,2,38,-50,-57,-4,42,38
30,-78,52,-8,-50,0,66,54,62
82,-18,120,-127,-13,116,118,-46,68
126,-52,18,108,6,-92,-52,-84,-2
-36,-18,-92,98,105,72,-10,56,46
102,92,70,55,89,94,-44,-40,96
106,42,20,-121,-67,86,-26,66,116
-70,72,-36,82,-97,95,60,86,104
-2,-10,52,-59,-123,-107,106,-74,-16
10,90,-32,-56,-91,-88,-106,118,-2
-88,-58,-100,-70,102,-48,32,46,-52
-94,108,-94,-66,-126,-49,-42,4,30
6,-22,32,29,-81,90,124,-42,-94
124,-40,-74,58,-64,68,108,-86,-68
10,-58,38,-118,-100,89,0,-42,94
46,60,-20,-68,-85,73,-90,18,-116
-96,124,-64,3,53,102,38,-48,60
6,-30,-114,19,55,89,56,-124,102
-68,122,18,-104,29,-44,-66,-88,96
18,-48,40,-61,21,-58,-46,24,-98
66,-4,-60,-40,-42,89,72,118,82
-46,4,126,-37,-66,72,62,44,-102
-34,-80,-104,-17,73,18,-34,-90,-46
122,22,30,11,71,20,-36,-120,-46
26,22,-60,46,-5,76,-18,80,-108
68,-118,-112,47,-4,83,-28,58,-40
-124,-82,68,-23,13,-64,0,54,12
-120,12,16,-7,26,-52,18,44,40
54,24,124,38,64,96,-126,2,-62
20,104,126,102,104,-127,120,-46,-76
120,36,36,72,-9,-75,-86,-18,-64
112,-126,-50,55,-34,-82,-60,2,-78
-32,-52,24,-35,9,103,66,-64,30
-92,-6,30,-48,5,119,58,-6,-30
-4,-128,110,-119,38,-3,44,36,-48
92,-102,98,127,20,1,54,4,-38
-4,-114,-34,-21,68,39,-82,-88,114
-90,-78,-20,-23,65,45,0,-24,74
42,-118,82,124,-51,87,-102,-104,-102
64,120,-90,-118,-71,95,126,90,0
-4,-106,30,-109,17,-68,-54,96,18
-12,-120,-4,-106,-5,-82,-8,96,-26
68,-26,122,-123,-61,-50,-28,90,-80
56,16,-60,122,-91,-55,-24,68,-54
102,-12,46,-26,3,-93,-102,90,10
-56,-40,12,-57,-117,-90,-128,86,-34
-30,28,80,-24,-69,-32,68,108,-46
-62,20,116,-8,-73,-9,-22,-56,42
-74,80,-32,-22,-121,-126,-110,26,-84
28,76,50,-24,110,-119,-56,-118,86
112,32,116,98,62,-51,108,-12,-46
20,10,-46,99,67,-39,126,-72,12
24,-114,-126,-31,-50,12,50,122,12
40,114,68,-55,-27,-9,-28,-114,-74
-64,68,68,52,15,-38,64,124,-108
-58,36,80,59,47,-32,32,100,126
16,-128,-116,-68,106,-50,8,90,4
-54,-108,58,-108,19,-53,16,-52,-34
-40,-102,4,32,41,-33,-26,-54,10
96,-128,46,19,85,-29,-40,84,98
-86,116,68,-24,-26,36,-122,32,58
-70,-28,-98,-29,-29,57,46,-92,8
40,62,-112,70,11,66,-70,122,0
-56,-98,-28,66,70,70,-10,0,44
4,124,2,-38,-66,70,102,42,72
-44,-102,32,-60,-90,71,-112,12,116
48,-98,6,-65,119,45,126,-46,6
-124,-92,-60,-58,-115,47,-112,36,-64
-100,-70,-68,90,24,66,-96,54,54
114,20,100,59,-13,55,-52,40,-106
86,-100,-116,-110,14,57,-12,78,-76
-12,8,-34,-125,-4,57,124,46,32
116,-64,78,40,-47,31,32,22,-22
96,-116,-84,29,-72,31,112,-82,-102
-42,70,22,85,84,-114,-116,-72,-20
-94,-88,90,111,61,-117,50,72,54
-40,-86,14,-87,46,125,82,68,-106
-110,-108,48,-103,33,-126,52,-60,-114
-88,56,-16,-76,25,126,-92,70,-44
-42,96,116,-56,17,-95,-90,-62,-48
-82,-10,120,111,-94,71,-122,-30,-40
56,-8,100,64,-71,77,118,-110,-114
-56,22,-22,-27,18,56,116,16,40
-44,50,-112,-25,17,53,62,-20,-52
0,-74,-64,-96,-73,-128,84,-22,-40
-22,-50,-88,116,-117,-128,-112,16,-48
-84,-90,-6,-124,-96,121,28,-90,-6
-16,126,88,77,-118,-123,54,-118,6
22,38,14,117,91,78,-40,100,14
32,64,54,114,53,100,-54,-124,-72
28,68,14,-71,-95,-24,-48,28,14
-46,108,-116,-41,-59,-63,36,74,-8
-124,-68,-106,97,-25,126,116,-106,-126
-64,64,-20,124,2,84,-26,-98,60
54,-62,-114,34,120,-69,70,-14,-36
102,-100,-112,81,-119,-124,12,-106,-26
-38,84,-10,95,-14,-12,-78,22,-14
-40,-104,104,118,-3,-36,74,-122,-56
116,-88,122,20,34,-110,-128,24,-94
120,-128,98,54,103,-119,-74,-114,-28
-48,-16,96,65,-44,-72,-70,108,-118
16,-70,-68,81,-16,-94,-24,102,72
6,-72,122,-22,-57,-126,114,-32,-68
-110,-44,48,-13,-54,103,0,42,-62
-16,-58,58,-117,-85,-16,-38,-122,72
-98,-42,-12,-106,-53,-21,-60,14,12
-50,122,4,43,-70,56,52,-30,-50
52,86,2,38,-68,56,-42,60,-56
108,30,46,-81,-22,23,-84,-78,114
-124,-26,18,-90,-2,22,-38,-30,-126
-36,-120,-34,-106,47,63,-82,40,-96
-90,52,102,-86,59,73,118,110,-34
16,-92,-50,29,-38,53,-32,6,-98
34,112,-106,13,-17,44,20,-64,66
-86,-40,86,29,-38,40,112,-128,106
-56,-44,-42,48,-46,31,16,24,-36
106,110,-118,95,-68,-87,48,46,-56
-28,-14,80,97,-38,-97,-94,108,82
46,38,-94,103,-9,125,-16,-82,-10
22,80,8,-124,-2,102,-84,-122,-56
104,-44,-120,-75,67,19,42,26,-6
-94,48,52,-80,60,11,114,-74,-26
-28,84,118,36,-58,-121,70,8,68
-70,116,-12,23,-58,-120,60,8,116
-114,74,-72,-61,41,102,-86,-126,86
-108,112,76,-50,52,105,118,62,-120
-8,6,-68,-102,64,-22,64,10,82
36,-92,-98,-104,41,-6,64,110,98
122,0,28,12,109,102,-114,60,-62
-24,-14,-98,9,119,-128,-106,20,78
66,46,-36,14,7,-77,-58,-114,84
-90,126,-62,1,-10,-59,-42,96,102
-124,28,38,55,41,-91,-80,-116,-22
-110,110,-118,56,33,-83,-48,86,-104
-62,-120,106,71,-97,-98,-98,118,126
-26,112,94,55,50,-77,-90,50,-100
-78,-128,-94,-24,15,88,-12,76,-62
106,-62,32,-15,22,104,0,50,-92
-48,-104,26,-21,-111,40,14,-126,-36
-48,90,26,-23,-124,47,76,106,-110
-4,26,2,1,117,46,4,102,48
50,-18,-76,-11,67,76,56,8,58
114,-86,-8,30,75,-97,16,-64,42
54,102,-86,-3,-1,-96,-110,-112,32
78,122,-108,-70,-105,-23,-24,64,6
70,68,100,-82,119,-35,-72,66,4
78,34,-116,93,4,74,-96,-78,-28
12,-10,-70,58,-33,53,-94,-126,126
38,32,24,88,-24,112,-100,92,-32
-8,42,-50,70,-29,99,126,26,-66
8,62,-54,113,14,-122,-58,78,60
36,-26,-98,95,24,119,-128,120,64
-62,-62,120,-101,60,106,92,-60,-56
-38,-98,24,-111,76,126,126,-48,-106
70,36,108,66,-97,-75,96,-76,86
108,72,34,54,-91,-57,-126,6,34
-62,-38,126,-44,60,-75,-20,-64,-32
-56,44,-96,-4,92,-34,-66,-90,124
116,26,38,-64,-115,37,-122,-100,118
-114,66,72,-83,-81,56,68,-40,118
-52,-48,80,-1,83,-117,72,-46,-84
12,24,102,-46,43,-100,24,-24,-64
-50,-50,-100,-91,58,62,-2,96,-106
122,76,104,-96,85,87,-8,80,-126
-12,98,24,-88,87,101,-62,-34,50
-118,-36,120,-105,82,100,-38,-12,46
100,-126,-128,25,47,51,-52,-84,-30
-114,-32,18,8,29,45,-74,-26,-4
-4,-116,96,-90,-20,102,86,38,20
66,86,84,-119,-72,112,-80,86,114
68,48,26,-10,59,-85,-56,-4,-124
-54,112,14,-8,57,-83,-86,32,-60
54,-72,78,115,-120,-41,30,-104,2
74,-16,24,99,110,-34,-80,68,-86
-124,-84,54,126,-107,-102,10,6,-94
-82,8,-116,-97,-95,-119,118,58,4
-82,-124,68,-121,-64,-43,6,42,26
-32,32,26,-42,-97,-52,18,80,-102
24,-116,90,35,12,-97,0,-114,-90
-122,-38,82,77,-44,-117,-34,-40,-120
-12,-74,-100,64,-116,87,-94,-62,8
-122,-122,-22,74,109,66,64,10,-70
30,-76,-40,88,-1,-16,-18,20,-26
-106,-20,38,-105,50,-9,-52,116,-62
-92,120,124,-72,-101,-1,28,-22,126
-96,32,0,-30,-52,-11,-60,-18,50
-10,-50,-60,-98,-123,126,66,112,-124
-90,-80,-64,-50,-93,120,-122,116,78
40,52,-44,61,63,57,58,32,10
10,4,-114,91,56,57,8,50,6
-62,-4,-124,-32,-24,90,-64,34,-60
2,-44,-116,-37,-44,98,86,96,-6
-2,-46,54,-60,78,90,66,90,-112
20,-28,-58,-64,89,76,70,90,120
-96,-88,-20,57,-111,-119,-50,116,-18
-66,-72,-54,90,110,122,56,60,-40
-120,-26,60,1,-82,127,36,20,46
120,84,66,34,-127,101,14,92,-116
-116,-16,-70,-72,-119,-4,2,-42,-48
36,96,-50,-57,-91,-46,68,2,102
-52,124,88,2,-58,-21,-6,-24,-120
6,54,-38,32,-12,-59,50,94,24
-88,54,92,111,-125,-78,68,-44,-48
52,106,-10,-103,117,-70,-18,38,24
52,-28,38,71,21,73,-114,116,-36
90,-4,-20,30,2,48,86,-110,92
-2,108,122,62,11,-72,-74,86,-2
2,22,-100,84,60,-88,88,-82,-48
-56,4,-6,-23,-114,24,76,-92,116
90,-14,60,-40,-79,4,-28,-42,12
58,-10,-90,-120,120,29,-80,-62,-6
-110,-108,-8,125,-123,41,-52,-62,-116
-102,-26,66,45,118,69,-72,-48,74
-6,42,-36,42,-112,70,-72,124,66
-4,-72,-110,2,-19,76,28,82,48
-34,-86,-92,-11,31,76,54,88,-112
104,0,-12,-18,87,112,-114,104,-20
14,118,-6,-26,97,87,-110,-86,6
-84,-44,-120,-105,-23,-95,-66,24,-74
96,92,24,-117,16,-75,82,-46,-50
-70,-40,-16,-35,-82,11,-34,-98,-92
-6,-58,-104,-37,-67,9,-36,-48,-78
98,-50,100,59,-88,71,62,-122,80
36,42,80,78,-78,68,60,-80,110
-28,0,60,-119,-65,-32,124,60,114
-116,14,-86,-100,-88,-18,-116,94,48
54,-84,-128,40,65,37,8,-70,-72
104,96,-94,8,19,61,-30,100,-54
-88,-102,96,-49,48,-106,-72,20,-60
-96,80,-116,-108,-13,-87,60,-114,-72
-2,-112,-26,-48,-33,-94,-36,28,-122
48,-98,-10,-92,-99,-68,12,-8,-96
40,-88,120,-78,53,74,-92,-44,-58
56,-42,66,-122,48,80,-24,102,30
-70,24,56,123,-33,-116,-66,26,24
-34,44,0,101,-55,-119,-14,-8,-54
64,-116,-58,-126,-51,95,-28,-10,54
122,-18,-78,127,10,84,58,4,44
30,-12,-30,35,-107,107,-122,40,18
18,96,120,8,-124,79,-60,-34,-10
-106,-66,-6,90,-35,13,-98,10,62
0,-14,32,77,-12,-1,-48,-76,-18
10,8,54,100,46,-113,8,12,122
46,-44,-40,75,35,-120,6,44,126
108,66,36,49,86,-118,-102,112,-40
14,2,-18,34,84,-103,-88,126,-6
-48,-116,-128,111,32,113,118,72,16
-62,-90,46,104,-8,-118,-88,66,58
32,36,120,51,15,-108,-76,98,-128
40,2,126,52,-11,-96,-66,74,82
80,-78,4,57,-105,-97,40,80,46
-98,-72,-12,61,-107,-90,116,88,-108
-96,-22,100,-110,-91,8,-112,92,12
-110,-108,-76,-122,-99,-3,124,116,66
20,4,64,-28,-71,-3,-54,-40,-32
92,-110,-2,-37,-57,-13,58,42,-62
-20,56,-14,-99,-76,-92,-108,-108,-22
-118,4,-24,-94,-107,-113,-82,-90,22
-126,18,-108,-48,-32,-8,-36,48,18
60,-54,84,-87,117,-40,-12,62,-4
112,72,116,-85,-17,-52,-58,124,34
-124,110,56,-83,15,-77,-32,38,-40
-72,-124,-122,-108,57,16,56,-8,102
-46,86,-20,-120,73,11,80,18,78
-56,-124,-128,-119,-40,-2,78,-56,28
102,-54,-26,114,47,-5,14,-38,44
-96,54,94,85,41,56,-70,82,54
0,10,-62,-83,-15,98,-116,92,-20
-42,-60,16,-107,-60,-81,74,42,98
-84,64,56,115,-27,-91,24,-26,124
100,-38,118,-5,92,71,70,-2,-102
-114,44,10,-15,94,76,52,76,-124
-116,-48,-100,95,36,-57,2,62,-56
2,52,44,114,52,-46,-38,-114,-112
110,-110,116,-108,63,77,48,32,-62
14,-18,-62,-86,57,93,-120,-106,-40
-30,44,-70,-24,-18,80,-48,10,-80
-92,-108,-18,10,-39,105,-40,54,94
32,-68,110,21,107,0,-40,98,-118
44,108,-76,47,97,21,-96,120,-126
-18,-36,80,-72,21,46,-106,-2,-38
2,-20,-50,-70,27,41,-78,80,-4
90,-96,-92,112,-5,127,-32,2,108
-118,-36,-58,-128,-8,113,-10,-34,-120
122,-92,-102,60,-64,53,66,40,92
54,46,-94,72,-98,48,16,-96,-122
