-13520,-8500,2960,-932,309,1389,5364,13932,5028
-13520,-8500,2960,-932,309,1389,5364,13932,5028
-13492,-8628,2932,-900,248,1378,5452,13952,5152
-13604,-8600,2680,-925,199,1405,5408,13884,5072
-13604,-8600,2680,-925,199,1405,5408,13884,5072
-13496,-8432,2704,-923,52,1471,5164,13836,5068
-13524,-8388,2900,-902,1,1483,5224,13964,5264
-13524,-8388,2900,-902,1,1483,5224,13964,5264
-13436,-8380,2792,-910,-9,1523,5272,14160,5032
-13436,-8380,2792,-910,-9,1523,5272,14160,5032
-13608,-8208,2588,-913,5,1564,5492,14056,5136
-13504,-8236,2552,-894,34,1569,5392,14068,5252
-13564,-8192,2600,-939,67,1580,5376,14060,4988
-13564,-8192,2600,-939,67,1580,5376,14060,4988
-13504,-8232,2740,-917,108,1609,5140,13900,5140
-13504,-8232,2740,-917,108,1609,5140,13900,5140
-13388,-8172,2552,-917,153,1596,5340,14020,4916
-13320,-8196,2504,-902,165,1563,5268,13896,5080
-13320,-8196,2504,-902,165,1563,5268,13896,5080
-13396,-8284,2564,-928,130,1505,5320,13988,4888
-13392,-8340,2512,-935,126,1485,5420,14044,4948
-13516,-8308,2436,-928,150,1453,5356,14184,4860
-13428,-8388,2588,-917,132,1450,5340,14092,4924
-13528,-8424,2580,-894,115,1438,5428,14100,4952
-13528,-8240,2384,-923,113,1449,5276,14172,4864
-13568,-8288,2512,-928,126,1452,5264,14148,4872
-13532,-8256,2416,-918,126,1481,5400,14124,5040
-13532,-8256,2416,-918,126,1481,5400,14124,5040
-13648,-8208,2548,-965,111,1515,5332,13996,5128
-13568,-8288,2692,-952,89,1512,5348,14012,4964
-13564,-8248,2536,-960,95,1525,5236,14040,4960
-13464,-8176,2524,-951,77,1519,5160,14076,4752
-13632,-8116,2572,-915,56,1551,5204,14092,5016
-13496,-8096,2712,-913,33,1548,5232,13992,4940
-13548,-8196,2552,-918,34,1561,5296,13980,4876
-13424,-8280,2528,-921,31,1538,5336,13992,5172
-13424,-8280,2528,-921,31,1538,5336,13992,5172
-13500,-8052,2400,-904,63,1616,5080,13904,4936
-13500,-8052,2400,-904,63,1616,5080,13904,4936
-13388,-8056,2532,-912,141,1669,5348,14048,5016
-13420,-8136,2484,-917,162,1664,5528,14016,4980
-13504,-8172,2496,-918,194,1684,5396,13948,5092
-13504,-8172,2496,-918,194,1684,5396,13948,5092
-13440,-8144,2496,-933,262,1700,5384,14080,4940
-13440,-8144,2496,-933,262,1700,5384,14080,4940
-13396,-8292,2452,-974,276,1681,5108,14100,4852
-13396,-8292,2452,-974,276,1681,5108,14100,4852
-13512,-8192,2528,-962,258,1626,5216,13972,4924
-13468,-8256,2572,-940,257,1624,5272,14012,4976
-13468,-8256,2572,-940,257,1624,5272,14012,4976
-13616,-8304,2596,-956,188,1627,5216,13968,4924
-13616,-8304,2596,-956,188,1627,5216,13968,4924
-13552,-8240,2504,-941,171,1645,5372,13964,4912
-13552,-8240,2504,-941,171,1645,5372,13964,4912
-13396,-8288,2700,-945,133,1708,5208,13980,4956
-13396,-8288,2700,-945,133,1708,5208,13980,4956
-13352,-8288,2648,-960,117,1726,5340,14068,4912
-13352,-8288,2648,-960,117,1726,5340,14068,4912
-13380,-8248,2628,-973,121,1752,5192,13980,4848
-13492,-8260,2616,-943,120,1760,5196,13976,5084
-13492,-8260,2616,-943,120,1760,5196,13976,5084
-13460,-8196,2792,-957,95,1761,5184,13956,5060
-13420,-8228,2592,-964,89,1776,5344,13912,5060
-13432,-8208,2632,-952,94,1769,5156,13944,4928
-13432,-8208,2632,-952,94,1769,5156,13944,4928
-13492,-8272,2872,-940,125,1836,5312,14028,4944
-13492,-8272,2872,-940,125,1836,5312,14028,4944
-13448,-8372,2624,-923,120,1880,5544,14068,5104
-13496,-8324,2696,-935,131,1862,5368,14060,5004
-13496,-8324,2696,-935,131,1862,5368,14060,5004
-13408,-8488,2496,-945,138,1864,5448,14004,4988
-13408,-8488,2496,-945,138,1864,5448,14004,4988
-13504,-8356,2600,-968,153,1829,5540,14132,4852
-13504,-8356,2600,-968,153,1829,5540,14132,4852
-13468,-8464,2584,-981,79,1782,5332,13856,4956
-13468,-8464,2584,-981,79,1782,5332,13856,4956
-13372,-8448,2664,-979,26,1723,5552,13944,5176
-13372,-8448,2664,-979,26,1723,5552,13944,5176
-13348,-8356,2796,-1006,0,1583,5492,14080,5020
-13348,-8356,2796,-1006,0,1583,5492,14080,5020
-13420,-8328,2644,-970,-27,1563,5288,14072,5072
-13420,-8328,2644,-970,-27,1563,5288,14072,5072
-13444,-8444,2760,-928,58,1580,5416,14124,5036
-13428,-8464,2712,-911,70,1583,5200,13964,4912
-13428,-8464,2712,-911,70,1583,5200,13964,4912
-13456,-8356,2820,-927,124,1593,5328,13992,4908
-13508,-8440,2720,-935,100,1598,5388,14008,5148
-13508,-8440,2720,-935,100,1598,5388,14008,5148
-13380,-8372,2824,-963,30,1685,5248,13916,5096
-13380,-8372,2824,-963,30,1685,5248,13916,5096
-13316,-8312,2684,-959,5,1764,5252,13984,5008
-13316,-8312,2684,-959,5,1764,5252,13984,5008
-13452,-8380,2760,-976,-23,1782,5252,13984,4904
-13340,-8416,2744,-954,-6,1769,5612,14164,5040
-13340,-8416,2744,-954,-6,1769,5612,14164,5040
-13320,-8244,2564,-944,4,1754,5364,14048,5184
-13320,-8244,2564,-944,4,1754,5364,14048,5184
-13384,-8220,2544,-962,11,1676,5252,14104,5156
-13372,-8248,2528,-952,21,1628,5276,14008,5024
-13372,-8248,2528,-952,21,1628,5276,14008,5024
-13440,-8296,2672,-942,63,1570,5204,14100,4988
-13440,-8296,2672,-942,63,1570,5204,14100,4988
-13360,-8424,2684,-934,66,1572,5200,13984,4992
-13440,-8560,2660,-934,75,1599,5316,14036,4892
-13440,-8560,2660,-934,75,1599,5316,14036,4892
-13420,-8492,2548,-945,29,1591,5192,14064,4716
-13420,-8492,2548,-945,29,1591,5192,14064,4716
-13496,-8500,2668,-988,64,1612,5140,14012,4976
-13496,-8500,2668,-988,64,1612,5140,14012,4976
-13404,-8352,2504,-981,3,1646,5144,13964,4892
-13440,-8304,2652,-997,36,1686,5352,13992,4968
-13440,-8304,2652,-997,36,1686,5352,13992,4968
-13364,-8220,2760,-1000,53,1763,5204,14072,4860
-13364,-8220,2760,-1000,53,1763,5204,14072,4860
-13424,-8344,2592,-1001,73,1772,5236,14072,4788
-13468,-8336,2568,-966,103,1763,5272,13980,4960
-13468,-8336,2568,-966,103,1763,5272,13980,4960
-13360,-8196,2588,-976,89,1787,5384,14096,5004
-13372,-8312,2524,-956,96,1808,5292,13984,4888
-13372,-8312,2524,-956,96,1808,5292,13984,4888
-13396,-8368,2540,-1006,118,1776,5160,13996,4844
-13328,-8328,2640,-988,135,1782,5192,14092,4848
-13328,-8328,2640,-988,135,1782,5192,14092,4848
-13412,-8340,2452,-1030,98,1766,5348,14132,4884
-13412,-8340,2452,-1030,98,1766,5348,14132,4884
-13428,-8384,2568,-1006,142,1770,5252,13992,4728
-13476,-8372,2652,-1009,117,1750,5228,14004,4820
-13476,-8372,2652,-1009,117,1750,5228,14004,4820
-13560,-8368,2748,-1004,129,1811,5368,14008,4880
-13560,-8368,2748,-1004,129,1811,5368,14008,4880
-13336,-8316,2764,-1024,99,1792,5296,14064,4832
-13336,-8316,2764,-1024,99,1792,5296,14064,4832
-13464,-8160,2736,-969,-4,1850,5384,14152,4908
-13464,-8160,2736,-969,-4,1850,5384,14152,4908
-13452,-8256,2664,-900,-3,1946,5208,14060,4828
-13452,-8256,2664,-900,-3,1946,5208,14060,4828
-13436,-8184,2520,-844,-53,2105,5284,14000,4960
-13436,-8184,2520,-844,-53,2105,5284,14000,4960
-13412,-8376,2620,-845,-72,2243,5420,13972,5064
-13412,-8376,2620,-845,-72,2243,5420,13972,5064
-13424,-8344,2508,-897,-117,2290,5316,13884,5080
-13424,-8344,2508,-897,-117,2290,5316,13884,5080
-13296,-8272,2284,-924,-92,2208,5420,14004,5072
-13296,-8272,2284,-924,-92,2208,5420,14004,5072
-13532,-8264,2300,-936,-80,1987,5504,14128,5100
-13408,-8224,2292,-942,-61,1861,5296,14004,5192
-13408,-8224,2292,-942,-61,1861,5296,14004,5192
-13424,-8204,2340,-941,34,1603,5488,14192,5292
-13424,-8204,2340,-941,34,1603,5488,14192,5292
-13440,-8300,2600,-948,174,1332,5328,13784,5172
-13440,-8300,2600,-948,174,1332,5328,13784,5172
-13552,-8216,2812,-978,337,1132,5176,13936,5256
-13588,-8224,2976,-961,387,1063,5384,14000,5044
-13588,-8224,2976,-961,387,1063,5384,14000,5044
-13656,-8088,3264,-969,442,980,5244,13936,5076
-13656,-8088,3264,-969,442,980,5244,13936,5076
-13620,-8052,3332,-990,507,965,5376,14044,4836
-13676,-8108,3424,-1005,484,1006,5572,13972,4812
-13676,-8108,3424,-1005,484,1006,5572,13972,4812
-13560,-8164,3824,-1046,467,1130,5304,13940,4856
-13560,-8164,3824,-1046,467,1130,5304,13940,4856
-13584,-8212,4128,-1090,376,1290,5108,14036,4644
-13584,-8212,4128,-1090,376,1290,5108,14036,4644
-14000,-8260,4104,-1096,353,1416,5188,14132,4780
-14000,-8260,4104,-1096,353,1416,5188,14132,4780
-14004,-8116,4004,-1098,372,1592,5368,14092,4420
-14004,-8116,4004,-1098,372,1592,5368,14092,4420
-14292,-7724,4336,-1132,441,1635,5220,14184,4680
-14292,-7724,4336,-1132,441,1635,5220,14184,4680
-14164,-7724,4524,-1141,425,1638,5120,14232,4820
-14248,-7712,4428,-1142,377,1643,5308,14196,4892
-14248,-7712,4428,-1142,377,1643,5308,14196,4892
-14156,-7788,4352,-1135,395,1510,5368,14180,5024
-14156,-7788,4352,-1135,395,1510,5368,14180,5024
-13996,-8072,4164,-1203,458,1364,5452,13992,4784
-13996,-8072,4164,-1203,458,1364,5452,13992,4784
-14060,-8452,4276,-1234,457,1299,4984,13908,4792
-14152,-8168,4372,-1239,431,1333,5216,14056,4640
-14152,-8168,4372,-1239,431,1333,5216,14056,4640
-14428,-7276,5696,-1193,379,1408,5440,14128,4924
-14428,-7276,5696,-1193,379,1408,5440,14128,4924
-14200,-7104,6124,-1138,383,1572,5504,14040,4916
-14200,-7104,6124,-1138,383,1572,5504,14040,4916
-16780,-7600,7220,-1199,379,1697,5424,13928,5008
-15088,-7160,8136,-1213,406,1693,5328,14020,5072
-15088,-7160,8136,-1213,406,1693,5328,14020,5072
-16512,-6928,11328,-1188,425,1666,5396,13876,4872
-16512,-6928,11328,-1188,425,1666,5396,13876,4872
-17592,-8228,13432,-1192,361,1827,5296,13960,5184
-17084,-8360,13436,-1236,415,1824,5524,14016,5240
-17084,-8360,13436,-1236,415,1824,5524,14016,5240
-17348,-8564,14176,-1287,487,1600,5348,13984,4976
-17316,-8512,15256,-1311,545,1508,5216,14040,4896
-17316,-8512,15256,-1311,545,1508,5216,14040,4896
-16764,-9168,17876,-1347,567,1364,5320,14132,4848
-16764,-9168,17876,-1347,567,1364,5320,14132,4848
-16948,-9536,19268,-1338,510,1403,5276,13908,4784
-16948,-9536,19268,-1338,510,1403,5276,13908,4784
-16984,-11896,18852,-1234,522,1515,5600,13800,5264
-16984,-11896,18852,-1234,522,1515,5600,13800,5264
-15916,-12832,18724,-1299,575,1557,5232,13952,5252
-14772,-13120,19008,-1369,556,1589,5288,14040,5140
-14772,-13120,19008,-1369,556,1589,5288,14040,5140
-13660,-12144,19440,-1547,471,1749,5452,14020,5300
-13660,-12144,19440,-1547,471,1749,5452,14020,5300
-11268,-14308,20020,-1575,481,1846,5528,14028,5112
-11268,-14308,20020,-1575,481,1846,5528,14028,5112
-10680,-16596,21016,-1519,481,1864,5256,13908,4960
-11172,-17532,21328,-1461,498,1818,5272,13836,4740
-11172,-17532,21328,-1461,498,1818,5272,13836,4740
-10884,-16968,22080,-1397,411,1776,5464,13852,4836
-10884,-16968,22080,-1397,411,1776,5464,13852,4836
-10704,-16768,22360,-1243,462,1797,5332,13944,4992
-10172,-17320,22348,-1211,519,1845,5448,13976,4932
-10172,-17320,22348,-1211,519,1845,5448,13976,4932
-9948,-17352,22764,-1202,683,1897,5548,14056,5184
-10220,-17332,22832,-1217,697,1879,5624,14128,5140
-10220,-17332,22832,-1217,697,1879,5624,14128,5140
-9680,-19984,22800,-1198,910,1795,5472,14096,4824
-9680,-19984,22800,-1198,910,1795,5472,14096,4824
-9644,-18144,21956,-1165,1031,1611,5352,14056,4700
-8868,-18232,21064,-1156,1048,1561,5328,14000,4708
-8868,-18232,21064,-1156,1048,1561,5328,14000,4708
-8936,-14716,19716,-1170,1255,1469,5324,13960,4772
-8936,-14716,19716,-1170,1255,1469,5324,13960,4772
-7676,-14200,19148,-1189,1162,1441,5204,13996,4900
-7172,-13416,18324,-1224,1364,1341,5140,14056,4872
-7172,-13416,18324,-1224,1364,1341,5140,14056,4872
-6608,-14400,17808,-1157,1391,1215,4984,14084,4852
-6608,-14400,17808,-1157,1391,1215,4984,14084,4852
-6308,-13816,16332,-1107,1157,1234,4992,14152,4348
-6308,-13816,16332,-1107,1157,1234,4992,14152,4348
-6016,-10216,13740,-1224,568,1282,5028,14196,4324
-5392,-9180,13096,-1328,509,1389,5264,14308,4336
-5392,-9180,13096,-1328,509,1389,5264,14308,4336
-3736,-8500,11968,-1438,-177,1393,5048,14512,4424
-3736,-8500,11968,-1438,-177,1393,5048,14512,4424
-2336,-7740,9336,-1536,-94,1229,5016,14440,4408
-2336,-7740,9336,-1536,-94,1229,5016,14440,4408
-2692,-6048,8368,-1572,-884,182,4964,14336,4340
-2692,-6048,8368,-1572,-884,182,4964,14336,4340
-2100,-5484,7804,-1412,-992,515,4972,14272,4204
-1536,-5152,7244,-1729,1108,-743,4880,14072,4136
-1536,-5152,7244,-1729,1108,-743,4880,14072,4136
-1468,-3836,6112,-1107,976,653,6116,14492,5780
-1468,-3836,6112,-1107,976,653,6116,14492,5780
-884,-3432,4424,-969,1969,1132,5880,14400,5356
-780,-3480,3136,-1331,1691,1528,5848,14304,5496
-780,-3480,3136,-1331,1691,1528,5848,14304,5496
540,-2360,3316,-1582,2975,1458,5152,14068,5464
540,-2360,3316,-1582,2975,1458,5152,14068,5464
1224,-1884,1776,-1631,4969,1028,5200,14124,4868
1864,-1832,928,-1602,5568,969,5268,14148,5080
1864,-1832,928,-1602,5568,969,5268,14148,5080
1708,-1092,-28,-1561,6066,750,4572,14080,4792
1708,-1092,-28,-1561,6066,750,4572,14080,4792
1900,-1172,-1016,-1563,5192,929,4832,14148,4688
2492,-204,-1120,-1794,4099,952,5360,14276,5104
2492,-204,-1120,-1794,4099,952,5360,14276,5104
4868,-464,-516,-1834,2516,821,5112,14152,5292
4868,-464,-516,-1834,2516,821,5112,14152,5292
4348,1472,168,-1563,1304,918,5112,14060,5112
4464,1304,260,-1428,1123,1116,4956,13984,4960
4464,1304,260,-1428,1123,1116,4956,13984,4960
2848,4428,-252,-1193,689,1938,4864,14108,4732
2848,4428,-252,-1193,689,1938,4864,14108,4732
2408,8204,368,-1190,579,3002,5036,14228,4848
1276,9436,344,-1269,442,3322,4976,14172,4736
1276,9436,344,-1269,442,3322,4976,14172,4736
1496,13916,1380,-1470,-307,3528,5416,14140,5172
1540,14580,1460,-1533,-391,3511,5264,13924,5204
1540,14580,1460,-1533,-391,3511,5264,13924,5204
1640,19544,1756,-1330,-314,2932,5444,14052,5492
1640,19544,1756,-1330,-314,2932,5444,14052,5492
336,23988,1724,-1029,54,2185,5328,13932,5508
336,23988,1724,-1029,54,2185,5328,13932,5508
-84,28236,1904,-971,60,1705,5216,13700,5456
-84,28236,1904,-971,60,1705,5216,13700,5456
-468,30416,2172,-995,13,1490,5340,13872,5808
-468,30416,2172,-995,13,1490,5340,13872,5808
-1056,31140,2740,-920,277,1445,5528,13708,5628
-1056,31140,2740,-920,277,1445,5528,13708,5628
-1140,31400,3788,-994,345,1325,5468,13788,5552
-1140,31400,3788,-994,345,1325,5468,13788,5552
-1336,30904,3580,-1039,396,1055,5144,14072,5160
-1032,30040,3892,-1038,428,931,5156,13944,5096
-1032,30040,3892,-1038,428,931,5156,13944,5096
-492,28864,3840,-1134,336,770,5272,14040,5276
-492,28864,3840,-1134,336,770,5272,14040,5276
-640,26332,4808,-1210,250,801,5084,13968,5296
-664,25768,4932,-1223,260,885,5112,14012,5512
-664,25768,4932,-1223,260,885,5112,14012,5512
-424,23896,4728,-1261,433,956,5168,14048,5164
-424,23896,4728,-1261,433,956,5168,14048,5164
828,20480,4560,-1277,544,1067,4952,14056,5172
984,20100,4580,-1236,558,1145,4872,14036,5088
984,20100,4580,-1236,558,1145,4872,14036,5088
1352,18132,5252,-1250,378,1308,5212,14264,4836
1376,17388,5128,-1265,330,1382,5244,14308,4504
1376,17388,5128,-1265,330,1382,5244,14308,4504
1688,15776,4764,-1260,299,1598,4996,14300,4396
1748,14692,4884,-1338,320,1666,4816,14264,4632
1748,14692,4884,-1338,320,1666,4816,14264,4632
1832,12268,4408,-1230,266,1797,4872,14272,4772
1832,12268,4408,-1230,266,1797,4872,14272,4772
2004,11544,4480,-1288,189,1925,4776,14200,4852
2004,11544,4480,-1288,189,1925,4776,14200,4852
2516,9840,4560,-1302,253,2090,4896,14232,4988
3364,7924,4068,-1322,332,2222,4740,14104,5216
3364,7924,4068,-1322,332,2222,4740,14104,5216
4944,6452,3328,-1356,244,2441,4992,14400,5620
4944,6452,3328,-1356,244,2441,4992,14400,5620
5760,5472,3512,-1491,-57,2798,5236,13980,5308
5760,5472,3512,-1491,-57,2798,5236,13980,5308
4836,3624,2144,-1452,-33,3329,5220,14192,4800
4836,3624,2144,-1452,-33,3329,5220,14192,4800
6708,-1072,3628,-1631,-448,3600,5328,14340,4708
6708,-1072,3628,-1631,-448,3600,5328,14340,4708
9000,-2160,3760,-1998,-1076,3853,5080,14120,4972
9000,-2160,3760,-1998,-1076,3853,5080,14120,4972
10136,-2168,4640,-2030,-1292,4094,4996,14016,5140
10136,-2168,4640,-2030,-1292,4094,4996,14016,5140
9608,-1736,5504,-1939,-1698,3880,4820,13896,5320
9608,-1736,5504,-1939,-1698,3880,4820,13896,5320
11700,-8084,7112,-1801,-1945,3485,5076,14152,5248
11700,-8084,7112,-1801,-1945,3485,5076,14152,5248
15856,-12080,9332,-1685,-1977,2995,5432,14036,5460
17664,-12512,10316,-1644,-1911,2817,5472,14000,5632
17664,-12512,10316,-1644,-1911,2817,5472,14000,5632
20172,-12596,12780,-1397,-1740,2419,5416,13564,5972
20172,-12596,12780,-1397,-1740,2419,5416,13564,5972
20744,-13956,16448,-1228,-1684,1883,5284,13500,5792
20744,-13956,16448,-1228,-1684,1883,5284,13500,5792
21628,-16212,17728,-1122,-1356,1120,5232,13800,5764
21628,-16212,17728,-1122,-1356,1120,5232,13800,5764
24460,-17184,19124,-928,-811,689,5748,13916,5944
24460,-17184,19124,-928,-811,689,5748,13916,5944
25484,-17488,20220,-763,-198,507,5516,13720,5824
25484,-17488,20220,-763,-198,507,5516,13720,5824
23796,-17404,19352,-783,262,405,5320,13876,5668
24068,-16888,18988,-834,437,351,5268,13816,5680
24068,-16888,18988,-834,437,351,5268,13816,5680
23472,-15548,18012,-982,685,328,5464,14032,5416
23472,-15548,18012,-982,685,328,5464,14032,5416
23268,-14836,16184,-995,841,350,5336,13928,5260
23268,-14836,16184,-995,841,350,5336,13928,5260
21868,-13772,14520,-912,718,193,5040,13828,5200
21868,-13772,14520,-912,718,193,5040,13828,5200
19844,-12316,13012,-988,863,-213,5460,13920,5284
19844,-12316,13012,-988,863,-213,5460,13920,5284
18812,-11496,12916,-1039,1169,-639,5248,14060,5316
18812,-11496,12916,-1039,1169,-639,5248,14060,5316
17612,-10348,11504,-987,1176,-1255,5192,14072,5160
16624,-9800,10824,-839,1431,-1644,4980,14076,5160
16624,-9800,10824,-839,1431,-1644,4980,14076,5160
15004,-9012,9208,-885,1871,-2166,5124,13992,5204
15004,-9012,9208,-885,1871,-2166,5124,13992,5204
13240,-7544,8972,-795,2496,-2254,5304,14212,5452
13240,-7544,8972,-795,2496,-2254,5304,14212,5452
11868,-6552,8544,-744,2882,-1540,5052,14128,5000
11868,-6552,8544,-744,2882,-1540,5052,14128,5000
11664,-6084,7512,-891,2995,221,5112,14004,5136
10072,-6020,6792,-983,2878,651,5084,13888,4856
10072,-6020,6792,-983,2878,651,5084,13888,4856
10688,-4512,5988,-1214,2432,1044,5180,14032,5036
10688,-4512,5988,-1214,2432,1044,5180,14032,5036
7212,-3600,5412,-1613,1460,1691,5460,13992,4996
7212,-3600,5412,-1613,1460,1691,5460,13992,4996
6732,308,3300,-1657,473,2475,5600,13984,5336
7008,124,4764,-1678,525,2644,5408,14064,5468
5120,-140,4376,-1713,464,2835,4844,13832,5220
5120,-140,4376,-1713,464,2835,4844,13832,5220
3424,2420,2264,-1680,304,2824,4964,14028,5316
3424,2420,2264,-1680,304,2824,4964,14028,5316
3864,6444,1928,-1701,10,2382,5212,13920,5144
3864,6444,1928,-1701,10,2382,5212,13920,5144
1008,10276,1388,-1543,-306,2072,5764,13816,5320
1044,11268,1172,-1409,21,1798,5472,13880,5248
1044,11268,1172,-1409,21,1798,5472,13880,5248
1380,13636,56,-1411,264,1495,5632,13904,5452
608,15304,-240,-1462,298,1352,5400,13844,5476
608,15304,-240,-1462,298,1352,5400,13844,5476
-528,19152,96,-1442,962,1145,5428,13928,5492
-528,19152,96,-1442,962,1145,5428,13928,5492
-1540,24528,636,-1399,1031,992,5280,13736,5376
-1540,24528,636,-1399,1031,992,5280,13736,5376
-2164,26296,156,-1466,616,869,5472,13832,5200
-2164,26296,156,-1466,616,869,5472,13832,5200
-3120,28844,64,-1334,379,1209,5444,13944,5312
-3120,28844,64,-1334,379,1209,5444,13944,5312
-2440,30936,-600,-1054,72,1706,5464,13772,5632
-2440,30936,-600,-1054,72,1706,5464,13772,5632
-2984,30596,-776,-997,-408,1985,5436,13700,5656
-2984,30596,-776,-997,-408,1985,5436,13700,5656
-2732,29512,-908,-1088,-547,2030,5344,13760,5124
-2732,29512,-908,-1088,-547,2030,5344,13760,5124
-2236,28508,-920,-1191,-727,2321,4996,14044,5084
-2236,28508,-920,-1191,-727,2321,4996,14044,5084
-1492,26960,-940,-1053,-419,2426,5332,14068,4800
-1296,25732,-616,-993,-364,2348,5444,14032,4968
-1296,25732,-616,-993,-364,2348,5444,14032,4968
-676,23676,-852,-1092,-189,2210,5468,13928,5064
-676,23676,-852,-1092,-189,2210,5468,13928,5064
152,21864,-552,-1165,-80,2290,5256,14032,5120
600,20536,-144,-1137,18,2261,5108,14020,4992
600,20536,-144,-1137,18,2261,5108,14020,4992
1148,18944,-24,-1093,287,2434,5172,14044,5064
1304,18080,120,-1085,364,2461,5336,14020,4928
1304,18080,120,-1085,364,2461,5336,14020,4928
1492,16300,260,-1025,449,2526,5164,14084,4840
1492,16300,260,-1025,449,2526,5164,14084,4840
1872,13496,324,-1034,242,2635,4944,14036,4748
1872,13496,324,-1034,242,2635,4944,14036,4748
2592,11868,676,-1076,47,2866,5232,13964,5012
2592,11868,676,-1076,47,2866,5232,13964,5012
3884,9944,1008,-1551,762,3323,4860,13796,4456
3884,9944,1008,-1551,762,3323,4860,13796,4456
4576,8440,1752,-1002,-770,3168,5196,13920,4752
4576,8440,1752,-1002,-770,3168,5196,13920,4752
5140,4820,2484,-850,-308,3046,5264,14096,5008
5140,4820,2484,-850,-308,3046,5264,14096,5008
6612,3928,3164,-1258,-1018,3332,5164,14156,5148
6612,3928,3164,-1258,-1018,3332,5164,14156,5148
8396,2380,4856,-1567,-1842,3244,5644,14000,5208
9556,568,5296,-1644,-2066,3250,5436,14064,5276
9556,568,5296,-1644,-2066,3250,5436,14064,5276
13612,-5020,7328,-1585,-2396,3352,5176,13868,5104
13612,-5020,7328,-1585,-2396,3352,5176,13868,5104
16036,-6984,10972,-1455,-2456,3637,5216,14092,5272
16344,-8952,11872,-1467,-2332,3651,5348,14156,5464
16344,-8952,11872,-1467,-2332,3651,5348,14156,5464
18840,-12864,15320,-1519,-1854,3240,5288,13904,5520
18840,-12864,15320,-1519,-1854,3240,5288,13904,5520
21232,-15548,18544,-1295,-1805,2688,5416,13728,5548
21232,-15548,18544,-1295,-1805,2688,5416,13728,5548
21316,-15840,19908,-992,-1688,2168,5308,13684,5792
21316,-15840,19908,-992,-1688,2168,5308,13684,5792
23672,-17708,20348,-717,-1366,1631,5288,13968,5612
23672,-17708,20348,-717,-1366,1631,5288,13968,5612
24172,-17296,19624,-656,-954,1086,5460,13976,5268
24172,-17296,19624,-656,-954,1086,5460,13976,5268
24916,-17280,19204,-644,-384,846,5536,13992,5188
24916,-17280,19204,-644,-384,846,5536,13992,5188
24012,-15664,18096,-739,251,756,5500,13952,5464
24012,-15664,18096,-739,251,756,5500,13952,5464
23740,-14380,16252,-852,707,714,5140,13944,5332
23788,-13692,15892,-894,870,747,5076,14000,5308
23568,-13040,15056,-931,968,785,5148,14064,5272
23064,-12560,14424,-981,923,841,5228,14132,5264
22836,-12728,13888,-1034,875,830,5272,14112,5312
22836,-12728,13888,-1034,875,830,5272,14112,5312
20932,-11072,12924,-1031,951,666,5116,14256,5036
19992,-10660,12128,-987,983,561,5380,14108,5012
18640,-10020,11732,-994,1002,423,5368,14168,4756
18124,-8580,11476,-973,1118,255,5176,14120,4920
17160,-7620,11116,-939,1176,114,5300,14116,5096
16336,-6624,10548,-978,1279,-101,5052,14072,4940
15280,-5516,9908,-998,1358,-319,5016,13980,5248
15280,-5516,9908,-998,1358,-319,5016,13980,5248
14220,-5196,8692,-948,1505,-737,5020,14068,5020
13260,-3812,8372,-1025,1699,-869,5128,14048,5020
13260,-3812,8372,-1025,1699,-869,5128,14048,5020
12048,-1900,7528,-964,1734,-802,5052,14052,4936
11400,-908,7272,-994,1901,-724,5140,14092,5104
10876,356,7236,-903,1970,-577,5052,14008,5088
10548,1080,6980,-892,2016,-334,5240,14064,5160
10452,1272,6356,-912,2024,-28,5260,14000,5116
10132,812,5436,-944,1923,404,5064,13940,5012
10132,812,5436,-944,1923,404,5064,13940,5012
9196,1788,4412,-1027,1530,1037,5256,14148,5024
9196,1788,4412,-1027,1530,1037,5256,14148,5024
7556,4048,4024,-1319,1000,1395,5136,14108,5032
7556,4048,4024,-1319,1000,1395,5136,14108,5032
7120,6868,4248,-1501,699,1863,5292,14092,5264
7120,6868,4248,-1501,699,1863,5292,14092,5264
6868,9140,3652,-1512,401,1969,5116,13932,5252
6868,9140,3652,-1512,401,1969,5116,13932,5252
6152,7212,3456,-1517,403,1691,5088,13820,5144
6152,7212,3456,-1517,403,1691,5088,13820,5144
6300,7156,1676,-1514,120,1389,5096,13928,4948
6300,7156,1676,-1514,120,1389,5096,13928,4948
4432,9580,2432,-1468,49,1727,5220,14064,5184
4812,10128,2756,-1420,-23,2028,5360,14096,4964
4812,10128,2756,-1420,-23,2028,5360,14096,4964
4356,11800,2700,-1293,129,2418,5164,14064,5348
4356,11800,2700,-1293,129,2418,5164,14064,5348
4300,12384,1960,-1220,387,2204,4960,13840,5228
4300,12384,1960,-1220,387,2204,4960,13840,5228
3040,13208,764,-1163,415,1758,5196,13984,5100
2776,15644,584,-1137,476,1661,5348,14056,5128
2776,15644,584,-1137,476,1661,5348,14056,5128
2724,18500,416,-984,514,1712,5228,13980,5176
2724,18500,416,-984,514,1712,5228,13980,5176
2576,21224,364,-1081,555,1504,5428,13852,5412
2576,21224,364,-1081,555,1504,5428,13852,5412
2596,23472,28,-1182,470,1335,5240,13932,5224
2596,23472,28,-1182,470,1335,5240,13932,5224
2192,25828,-708,-1205,282,1502,5208,14176,5040
2192,25828,-708,-1205,282,1502,5208,14176,5040
2424,27184,-1152,-1022,-81,1718,5148,14024,4876
2424,27184,-1152,-1022,-81,1718,5148,14024,4876
2516,28048,-1368,-969,-312,1704,5268,13988,5276
2516,28048,-1368,-969,-312,1704,5268,13988,5276
2472,27748,-1664,-963,-483,1691,5352,14008,5232
2472,27748,-1664,-963,-483,1691,5352,14008,5232
2728,26492,-1580,-1055,-489,1561,5148,14064,5124
2860,25984,-1436,-1054,-330,1393,5276,14108,5016
2860,25984,-1436,-1054,-330,1393,5276,14108,5016
3396,24552,-1120,-1132,76,1231,5324,14088,4932
3396,24552,-1120,-1132,76,1231,5324,14088,4932
3832,22480,-628,-1223,-182,1360,5168,14020,4708
4028,21444,-756,-1177,-36,1589,5216,14132,4760
4028,21444,-756,-1177,-36,1589,5216,14132,4760
4076,20064,-504,-1142,218,1819,4976,14072,4692
4076,20064,-504,-1142,218,1819,4976,14072,4692
4444,18636,244,-1060,163,2046,5096,14144,4736
4444,18636,244,-1060,163,2046,5096,14144,4736
4680,16804,588,-1051,127,2115,4976,14044,4908
4680,16804,588,-1051,127,2115,4976,14044,4908
4916,15872,608,-1072,58,2108,4896,14156,4968
4916,15872,608,-1072,58,2108,4896,14156,4968
5028,15064,880,-1096,82,2134,5060,14244,4708
5028,15064,880,-1096,82,2134,5060,14244,4708
5252,14044,1160,-1045,47,2139,5308,14292,4628
5252,14044,1160,-1045,47,2139,5308,14292,4628
5164,12588,1300,-943,116,2118,5424,14204,4580
5340,11880,1564,-876,83,2186,5132,14256,4572
5340,11880,1564,-876,83,2186,5132,14256,4572
5680,9864,1772,-897,-8,2285,5088,14064,4924
5864,9336,1644,-945,-25,2348,5076,14092,4916
5864,9336,1644,-945,-25,2348,5076,14092,4916
5932,8664,2044,-1052,-286,2654,5216,14112,5268
5932,8664,2044,-1052,-286,2654,5216,14112,5268
5816,7972,2152,-936,-143,2799,5136,13964,4972
5816,7972,2152,-936,-143,2799,5136,13964,4972
5788,6476,2208,-1197,-419,3089,5044,14192,5108
5788,6476,2208,-1197,-419,3089,5044,14192,5108
7360,3808,2352,-1206,-892,3301,5240,14088,5084
7492,4388,2544,-1190,-723,3321,5252,13888,5016
7492,4388,2544,-1190,-723,3321,5252,13888,5016
7816,4248,2120,-1179,-853,3349,5252,13968,5044
7816,4248,2120,-1179,-853,3349,5252,13968,5044
7868,4240,2792,-1103,-1091,3344,5084,13896,5092
7120,4508,3384,-1099,-1158,3334,5232,13980,5108
7120,4508,3384,-1099,-1158,3334,5232,13980,5108
8552,-388,4776,-1411,-1457,3354,5360,14068,5336
9664,84,6180,-1561,-1514,3267,5396,13984,5400
9664,84,6180,-1561,-1514,3267,5396,13984,5400
11560,-3996,7544,-1592,-1705,2982,5420,13844,5544
11560,-3996,7544,-1592,-1705,2982,5420,13844,5544
13924,-5944,8772,-1262,-1107,2619,5320,13856,5468
14456,-6784,10020,-1084,-1016,2508,5456,13844,5296
14456,-6784,10020,-1084,-1016,2508,5456,13844,5296
13776,-12156,15296,-984,-898,2195,5316,14008,5416
13776,-12156,15296,-984,-898,2195,5316,14008,5416
16852,-18184,21336,-1183,-868,1526,5480,14140,5304
16852,-18184,21336,-1183,-868,1526,5480,14140,5304
17748,-20596,24116,-1083,-753,917,5112,13844,5408
17748,-20596,24116,-1083,-753,917,5112,13844,5408
20272,-21844,24016,-658,-192,728,5436,13868,5744
20272,-21844,24016,-658,-192,728,5436,13868,5744
21172,-20856,24244,-420,25,685,5332,13896,5612
22080,-20900,24512,-409,147,674,5260,13812,5552
22080,-20900,24512,-409,147,674,5260,13812,5552
23844,-20132,22628,-448,359,693,5512,13796,5612
23844,-20132,22628,-448,359,693,5512,13796,5612
23504,-19284,20156,-422,811,848,5492,13824,5340
23504,-19284,20156,-422,811,848,5492,13824,5340
23060,-17380,17512,-490,726,1171,5256,14008,5036
23060,-17380,17512,-490,726,1171,5256,14008,5036
22448,-15348,15656,-665,729,1507,5184,14096,4884
21692,-15180,15616,-757,785,1628,5084,14156,4880
21692,-15180,15616,-757,785,1628,5084,14156,4880
19480,-13528,15488,-842,675,1696,5368,14032,4884
19480,-13528,15488,-842,675,1696,5368,14032,4884
17752,-12316,14716,-946,455,1638,4964,14020,4940
17752,-12316,14716,-946,455,1638,4964,14020,4940
15892,-10888,13336,-949,373,1451,5096,14096,5160
15892,-10888,13336,-949,373,1451,5096,14096,5160
14208,-9156,12252,-884,244,921,5168,13904,5080
14208,-9156,12252,-884,244,921,5168,13904,5080
12476,-7264,11300,-863,96,357,5092,13880,5172
12100,-6616,10884,-882,51,101,5200,13748,5104
12100,-6616,10884,-882,51,101,5200,13748,5104
10904,-4316,10208,-783,377,-280,5184,13980,5316
10304,-4092,9820,-756,653,-472,5268,13976,5044
10304,-4092,9820,-756,653,-472,5268,13976,5044
8980,-2676,7984,-447,1560,-945,5272,14036,5088
8980,-2676,7984,-447,1560,-945,5272,14036,5088
8212,-1172,6420,-447,1995,-1052,5176,14036,5016
8212,-1172,6420,-447,1995,-1052,5176,14036,5016
7476,2824,5104,-500,1552,-534,5172,14084,5012
6872,1392,5400,-586,1737,-136,5352,14040,5096
6872,1392,5400,-586,1737,-136,5352,14040,5096
5892,3192,4384,-621,1549,760,5216,13976,4908
5892,3192,4384,-621,1549,760,5216,13976,4908
6024,4040,2816,-672,1566,1694,5296,13920,5076
6024,4040,2816,-672,1566,1694,5296,13920,5076
4968,6472,2164,-726,1629,2327,5224,13960,5136
4968,6472,2164,-726,1629,2327,5224,13960,5136
4636,8268,1816,-874,1440,2422,5556,13972,5312
4636,8268,1816,-874,1440,2422,5556,13972,5312
3692,9824,1024,-1140,590,2226,5564,13908,5228
3692,9824,1024,-1140,590,2226,5564,13908,5228
2776,11836,116,-1133,166,1831,5208,13956,5116
2776,11836,116,-1133,166,1831,5208,13956,5116
2796,14216,140,-972,203,1530,5204,13980,4956
2796,14216,140,-972,203,1530,5204,13980,4956
1784,17340,252,-894,73,1365,5564,14116,5108
1784,17340,252,-894,73,1365,5564,14116,5108
1376,18000,76,-908,108,1223,5136,13968,4940
1332,19496,8,-945,158,1278,5052,13984,4908
1332,19496,8,-945,158,1278,5052,13984,4908
1600,20504,-264,-903,174,1650,5084,14080,4984
1040,22728,24,-831,206,1797,5156,14100,5080
1040,22728,24,-831,206,1797,5156,14100,5080
396,25028,900,-649,107,2086,5436,14140,5152
232,25676,636,-627,40,2114,5288,14020,5220
24,26928,420,-646,-83,2059,5412,13932,5408
24,26928,420,-646,-83,2059,5412,13932,5408
-84,28068,-572,-752,-244,1956,5296,13824,5552
-84,28068,-572,-752,-244,1956,5296,13824,5552
308,28560,-1736,-792,-336,1940,5204,13816,5344
308,28560,-1736,-792,-336,1940,5204,13816,5344
1048,27412,-2044,-756,-399,2009,5212,13820,5496
1048,27412,-2044,-756,-399,2009,5212,13820,5496
1388,26344,-2064,-782,-377,2116,5284,13928,5280
1388,26344,-2064,-782,-377,2116,5284,13928,5280
2056,24384,-2168,-882,-387,2106,5328,13752,5216
2056,24384,-2168,-882,-387,2106,5328,13752,5216
2484,22540,-2204,-942,-243,2077,5188,13956,5184
2484,22540,-2204,-942,-243,2077,5188,13956,5184
3204,20224,-2156,-979,30,1992,5148,13968,5008
3204,20224,-2156,-979,30,1992,5148,13968,5008
3840,18820,-2136,-947,203,1905,5064,14072,5060
3840,18820,-2136,-947,203,1905,5064,14072,5060
3956,17160,-1824,-933,310,1905,5036,13908,5204
3956,17160,-1824,-933,310,1905,5036,13908,5204
3932,15908,-1180,-915,252,2032,5136,14148,5064
3932,15908,-1180,-915,252,2032,5136,14148,5064
4332,14760,-768,-922,135,2180,5184,14164,4856
4332,14760,-768,-922,135,2180,5184,14164,4856
4664,13436,-120,-854,206,2305,5176,14092,4684
4928,12392,240,-869,194,2321,5176,14224,4752
4928,12392,240,-869,194,2321,5176,14224,4752
4992,11760,888,-789,49,2385,5400,14208,4872
4824,11108,1340,-751,9,2413,5132,14116,4696
4824,11108,1340,-751,9,2413,5132,14116,4696
4500,10528,1960,-861,-304,2446,5168,14124,5072
4932,9912,2384,-860,-433,2420,5240,14196,4860
4932,9912,2384,-860,-433,2420,5240,14196,4860
5904,7936,3264,-911,-461,2409,5016,14136,5100
5904,7936,3264,-911,-461,2409,5016,14136,5100
6372,6660,4588,-835,-525,2429,5416,14032,5244
6280,5912,4764,-818,-698,2544,5296,13924,5320
6280,5912,4764,-818,-698,2544,5296,13924,5320
6188,3648,6428,-1027,-1483,2820,5520,13856,5456
6552,2540,6500,-972,-1642,3014,5400,13916,5352
6552,2540,6500,-972,-1642,3014,5400,13916,5352
8328,756,7336,-1157,-1700,3177,5260,13912,5328
8328,756,7336,-1157,-1700,3177,5260,13912,5328
9708,-200,8656,-1308,-1862,3383,5312,13828,5360
10136,-832,9104,-1358,-1871,3461,5136,13868,5280
10136,-832,9104,-1358,-1871,3461,5136,13868,5280
10940,-2628,9952,-1345,-1824,3595,5264,13936,5268
10940,-2628,9952,-1345,-1824,3595,5264,13936,5268
14136,-5644,12792,-1307,-1736,3443,5328,13904,5448
14136,-5644,12792,-1307,-1736,3443,5328,13904,5448
16416,-6860,15448,-1214,-1844,3295,5316,14024,5300
16416,-6860,15448,-1214,-1844,3295,5316,14024,5300
17404,-8248,18552,-1079,-1837,2993,5052,14072,5240
17404,-8248,18552,-1079,-1837,2993,5052,14072,5240
17636,-10460,19528,-1067,-1817,2568,5228,14004,5204
17636,-10460,19528,-1067,-1817,2568,5228,14004,5204
20412,-12064,19784,-1026,-1611,2119,5304,13848,5636
20412,-12064,19784,-1026,-1611,2119,5304,13848,5636
22532,-12132,20356,-797,-1270,1794,5340,13800,5636
22532,-12132,20356,-797,-1270,1794,5340,13800,5636
22728,-11416,21096,-709,-498,1367,5432,13932,5584
22728,-11416,21096,-709,-498,1367,5432,13932,5584
22380,-11624,20140,-661,27,918,5364,13936,5260
22516,-11616,19532,-727,184,799,5492,13988,5336
22516,-11616,19532,-727,184,799,5492,13988,5336
22720,-11956,18620,-793,589,691,5376,14064,5416
22720,-11956,18620,-793,589,691,5376,14064,5416
22132,-12108,17532,-768,922,748,5216,14052,5268
22132,-12108,17532,-768,922,748,5216,14052,5268
21052,-11328,16076,-779,1051,789,5216,13916,5176
21052,-11328,16076,-779,1051,789,5216,13916,5176
20004,-10288,15208,-808,1152,824,5088,13876,5416
20004,-10288,15208,-808,1152,824,5088,13876,5416
19092,-9476,14468,-827,1042,866,5068,14060,5252
18452,-8956,14092,-840,902,887,5004,14080,5128
18452,-8956,14092,-840,902,887,5004,14080,5128
17280,-8492,12820,-905,798,862,5316,13984,4956
17280,-8492,12820,-905,798,862,5316,13984,4956
15928,-7536,11752,-904,693,677,5352,13996,5124
15928,-7536,11752,-904,693,677,5352,13996,5124
14784,-6104,11232,-1020,599,366,5360,14140,4996
14784,-6104,11232,-1020,599,366,5360,14140,4996
14108,-3948,10132,-981,704,152,5048,14072,5044
14108,-3948,10132,-981,704,152,5048,14072,5044
13640,-2956,9308,-853,1064,89,5116,13964,4848
13640,-2956,9308,-853,1064,89,5116,13964,4848
12292,-2536,8332,-842,1228,-172,5056,13968,5032
12292,-2536,8332,-842,1228,-172,5056,13968,5032
11252,-1628,7200,-738,1626,-551,5168,14176,5084
11252,-1628,7200,-738,1626,-551,5168,14176,5084
10368,-1228,6768,-794,1663,-488,5288,14068,5288
10368,-1228,6768,-794,1663,-488,5288,14068,5288
9796,-32,5956,-800,1412,-51,5396,13832,5124
9796,-32,5956,-800,1412,-51,5396,13832,5124
8716,2128,5572,-909,1244,582,5220,13896,5024
8716,2128,5572,-909,1244,582,5220,13896,5024
7952,3068,4944,-863,1297,1346,5332,14044,5224
7284,4380,4292,-834,1309,1681,4852,13980,5064
7284,4380,4292,-834,1309,1681,4852,13980,5064
6940,4924,3440,-823,1281,2291,5344,13996,4888
6940,4924,3440,-823,1281,2291,5344,13996,4888
6012,6764,2464,-1050,1080,2368,5424,13928,5176
6012,6764,2464,-1050,1080,2368,5424,13928,5176
5248,8100,1956,-1095,620,2064,5360,13980,5272
4832,9520,1800,-1167,440,1713,5012,13852,5296
4832,9520,1800,-1167,440,1713,5012,13852,5296
4500,10960,1284,-1222,168,1598,5020,14080,5208
4500,10960,1284,-1222,168,1598,5020,14080,5208
4312,13016,-168,-1173,33,1370,5252,14000,5172
4312,13016,-168,-1173,33,1370,5252,14000,5172
4020,14392,-712,-1029,-7,1567,5236,14024,5096
4020,14392,-712,-1029,-7,1567,5236,14024,5096
3672,16904,-1152,-964,14,1894,5272,14100,5108
3468,17844,-1156,-975,61,1998,5228,14172,5080
3468,17844,-1156,-975,61,1998,5228,14172,5080
2156,21584,-516,-1016,41,2056,5280,14064,5084
2156,21584,-516,-1016,41,2056,5280,14064,5084
2396,22908,-964,-1004,-16,1815,5184,13808,5360
2432,23636,-1080,-996,-47,1681,5168,13948,5288
2432,23636,-1080,-996,-47,1681,5168,13948,5288
2604,24236,-1404,-888,-131,1584,5132,13928,5332
2604,24236,-1404,-888,-131,1584,5132,13928,5332
2436,25044,-1812,-740,-177,1583,5440,13932,5324
2436,25044,-1812,-740,-177,1583,5440,13932,5324
2004,25404,-1932,-720,-246,1582,5312,13892,5148
2004,25404,-1932,-720,-246,1582,5312,13892,5148
1792,25180,-2092,-786,-331,1657,5348,14100,4796
1792,25180,-2092,-786,-331,1657,5348,14100,4796
1976,24608,-1812,-890,-246,1685,5144,14092,4980
1976,24608,-1812,-890,-246,1685,5144,14092,4980
2360,23864,-1968,-1008,-87,1589,5324,13888,5192
2360,23864,-1968,-1008,-87,1589,5324,13888,5192
2616,23276,-1668,-1026,3,1513,5240,13920,5252
2616,23276,-1668,-1026,3,1513,5240,13920,5252
2976,21832,-1428,-998,142,1462,5108,13964,5032
2976,21832,-1428,-998,142,1462,5108,13964,5032
3168,20372,-1332,-1041,192,1473,5208,14060,4884
3168,20372,-1332,-1041,192,1473,5208,14060,4884
3404,18556,-1104,-1093,293,1617,5104,14096,4776
3404,18556,-1104,-1093,293,1617,5104,14096,4776
3700,17952,-776,-1071,279,1863,5372,14156,4796
3700,17952,-776,-1071,279,1863,5372,14156,4796
4556,16792,-120,-1048,245,2091,5376,13992,4612
4556,16792,-120,-1048,245,2091,5376,13992,4612
5060,15900,-64,-1047,207,2240,5124,14052,4748
4948,15716,64,-983,190,2163,5032,14180,4648
4948,15716,64,-983,190,2163,5032,14180,4648
4944,13928,488,-927,244,2164,4948,14276,4660
5116,13360,288,-1025,354,2241,4984,14336,4432
5116,13360,288,-1025,354,2241,4984,14336,4432
5532,12868,524,-890,257,2240,5152,14204,4604
5684,12064,456,-877,402,2274,5348,14100,4620
5684,12064,456,-877,402,2274,5348,14100,4620
6160,11212,688,-887,61,2349,5308,14024,4976
6160,11212,688,-887,61,2349,5308,14024,4976
6492,10364,1236,-896,-63,2500,5192,13944,5084
6492,10364,1236,-896,-63,2500,5192,13944,5084
6376,9012,1316,-952,-428,2657,5184,14040,5012
6376,9012,1316,-952,-428,2657,5184,14040,5012
6636,8112,1644,-1199,-729,3124,5320,13992,5340
7052,7336,1768,-1397,-622,3100,5544,14120,5508
7052,7336,1768,-1397,-622,3100,5544,14120,5508
8052,6536,2192,-1296,-950,3180,5536,14044,5160
8052,6536,2192,-1296,-950,3180,5536,14044,5160
8372,5332,2732,-1319,-1276,3360,5468,13936,5192
8372,5332,2732,-1319,-1276,3360,5468,13936,5192
8676,3100,3612,-1476,-1551,3529,5192,13968,5308
8676,3100,3612,-1476,-1551,3529,5192,13968,5308
10352,1288,3428,-1717,-1484,3575,5152,14040,5020
10352,1288,3428,-1717,-1484,3575,5152,14040,5020
11752,-1456,6684,-1825,-1475,3372,5308,13780,5380
12496,-2096,8876,-1743,-1523,3330,5236,13808,5176
12496,-2096,8876,-1743,-1523,3330,5236,13808,5176
12436,-2936,13136,-1601,-1292,3001,5336,14012,5080
12436,-2936,13136,-1601,-1292,3001,5336,14012,5080
14348,-7768,17588,-1660,-1286,2703,5100,14168,5132
14348,-7768,17588,-1660,-1286,2703,5100,14168,5132
15772,-11684,19472,-1544,-1054,2088,5296,14072,5192
15772,-11684,19472,-1544,-1054,2088,5296,14072,5192
17988,-13232,21148,-1243,-934,1585,5284,13808,5336
17988,-13232,21148,-1243,-934,1585,5284,13808,5336
18904,-14088,24088,-825,-535,1217,5504,13892,5548
18904,-14088,24088,-825,-535,1217,5504,13892,5548
20280,-13888,25304,-849,-365,925,5164,13784,5548
20280,-13888,25304,-849,-365,925,5164,13784,5548
21480,-13480,24028,-726,279,698,5460,13920,5176
21480,-13480,24028,-726,279,698,5460,13920,5176
22588,-12740,22072,-602,650,764,5576,13896,5244
22588,-12740,22072,-602,650,764,5576,13896,5244
22216,-12128,20108,-695,789,964,5640,13708,5256
22216,-12128,20108,-695,789,964,5640,13708,5256
22700,-10952,18368,-852,1045,925,5488,13936,5184
22700,-10952,18368,-852,1045,925,5488,13936,5184
22396,-10680,16740,-824,1124,683,5092,14008,5104
22396,-10680,16740,-824,1124,683,5092,14008,5104
21216,-10608,15168,-857,1167,565,5052,14112,5084
21216,-10608,15168,-857,1167,565,5052,14112,5084
19760,-9480,13648,-926,1104,259,5160,14120,5188
19192,-9116,13208,-961,1207,68,5068,14132,5236
19192,-9116,13208,-961,1207,68,5068,14132,5236
18272,-8424,11920,-1096,1295,-400,5116,14004,5032
18272,-8424,11920,-1096,1295,-400,5116,14004,5032
16984,-7360,10700,-1084,1483,-871,5404,13912,4984
16984,-7360,10700,-1084,1483,-871,5404,13912,4984
16364,-7216,10640,-796,2020,-1336,5180,13968,5084
16364,-7216,10640,-796,2020,-1336,5180,13968,5084
14796,-5808,9508,-760,2397,-1256,5100,13988,5104
14796,-5808,9508,-760,2397,-1256,5100,13988,5104
13856,-4652,8520,-837,2252,-946,5200,14012,4880
13856,-4652,8520,-837,2252,-946,5200,14012,4880
12880,-3588,7932,-861,2258,187,5056,14032,5104
12880,-3588,7932,-861,2258,187,5056,14032,5104
12176,-3288,6872,-1114,1686,1894,5344,14044,5032
12176,-3288,6872,-1114,1686,1894,5344,14044,5032
10796,-2772,5580,-1302,1419,2556,5236,14020,5004
10088,-2120,5252,-1402,1178,2381,5032,13900,5124
10088,-2120,5252,-1402,1178,2381,5032,13900,5124
9780,-1216,4320,-1786,616,2880,5056,13992,4884
9432,-960,4448,-1827,91,3076,5252,14056,5328
8728,-1116,4208,-1844,-166,3013,5040,13956,5292
8728,-1116,4208,-1844,-166,3013,5040,13956,5292
8308,-1676,3452,-1729,-20,2512,4980,13828,5024
8308,-1676,3452,-1729,-20,2512,4980,13828,5024
7256,196,2200,-1408,151,1564,5300,13964,5336
7276,468,1972,-1399,85,1713,5224,13980,5264
7276,468,1972,-1399,85,1713,5224,13980,5264
6180,3564,1908,-1329,328,1568,5352,13944,5264
6180,3564,1908,-1329,328,1568,5352,13944,5264
4976,4076,1508,-1317,275,2043,5300,14024,5372
4976,4076,1508,-1317,275,2043,5300,14024,5372
4236,5496,904,-1243,536,2418,5300,13804,5124
2852,6320,380,-1180,584,2649,5488,14092,5052
2852,6320,380,-1180,584,2649,5488,14092,5052
3460,9128,-344,-1118,571,2908,5528,14020,5248
3460,9128,-344,-1118,571,2908,5528,14020,5248
2508,11696,-776,-1121,477,2811,5156,14076,5220
2508,11696,-776,-1121,477,2811,5156,14076,5220
2872,14696,-1900,-1114,452,2521,5184,14044,5012
2872,14696,-1900,-1114,452,2521,5184,14044,5012
2144,19188,-2096,-1045,404,2255,5072,13780,4888
1708,21796,-2376,-972,519,2297,5320,14048,4552
1708,21796,-2376,-972,519,2297,5320,14048,4552
1208,23816,-2956,-866,444,2232,5396,14144,5012
1208,23816,-2956,-866,444,2232,5396,14144,5012
1288,26836,-3504,-949,185,2123,5460,13920,5172
1288,26836,-3504,-949,185,2123,5460,13920,5172
1840,29584,-3708,-890,16,2163,5312,13800,5420
1840,29584,-3708,-890,16,2163,5312,13800,5420
1888,29884,-3228,-916,-239,2119,5188,13920,5760
2164,29968,-3380,-916,-325,2044,5084,13880,5428
2164,29968,-3380,-916,-325,2044,5084,13880,5428
2280,28876,-3216,-870,-552,2055,5276,13968,5444
2416,28032,-2900,-881,-528,2076,5096,14024,5240
2644,26980,-2584,-862,-530,2049,5252,13992,5268
2644,26980,-2584,-862,-530,2049,5252,13992,5268
3484,25100,-2184,-830,-374,1931,5260,13756,5552
3484,25100,-2184,-830,-374,1931,5260,13756,5552
4140,22484,-1700,-1028,-247,1869,5432,13892,5392
4184,21712,-1448,-1046,-140,1833,5424,13932,5440
4184,21712,-1448,-1046,-140,1833,5424,13932,5440
4444,20112,-772,-1139,75,1840,5284,13968,5368
4444,20112,-772,-1139,75,1840,5284,13968,5368
4616,18680,-416,-1091,397,1789,5188,13776,5144
4680,17876,-624,-1064,492,1756,5156,13784,5280
5024,17004,-436,-1050,573,1700,5044,13988,5164
5148,16664,-296,-1025,587,1652,5288,14048,5132
5348,16072,-116,-1049,563,1624,5168,13968,5016
5676,15520,-124,-1032,495,1544,5248,14136,4924
5808,15328,376,-1006,375,1516,5348,14040,4964
6016,14468,504,-972,260,1491,5256,14100,5124
5908,14048,520,-896,157,1488,5092,14132,4992
5812,13712,928,-806,58,1559,4976,14072,4960
5516,13004,1080,-796,26,1597,5100,14168,4936
5324,11944,816,-801,-25,1685,4948,14156,4820
5312,11808,1204,-794,-34,1737,5036,14172,4644
5560,12224,1276,-800,32,1789,5112,14212,4900
5828,11268,1340,-847,127,1849,5016,14168,4740
6100,10192,1520,-886,203,1887,5132,14072,4932
6544,9924,1736,-886,237,1933,5340,14028,5000
6408,9596,2176,-1089,488,2155,5508,13944,5040
6744,8888,2264,-1019,129,2079,5612,14188,5428
6628,6976,2940,-923,-3,2031,5360,14032,5256
6576,6608,2796,-915,260,2071,4948,13988,4900
6824,6036,2880,-889,58,2099,5348,14128,5168
7028,4596,3212,-915,-142,2152,5212,14196,5036
7556,4072,3536,-928,-192,2166,5092,14108,4884
8036,3712,4240,-1258,161,2631,5132,14116,4944
8280,3568,5260,-1414,-15,2187,5504,14692,5376
8480,3320,5740,-1123,-1154,2270,5308,14012,5228
8380,3028,6724,-1066,-717,2319,5168,13992,5188
8440,1992,7452,-994,-434,2224,5080,13952,5048
8576,320,8012,-1024,-490,2348,5064,13968,5260
8972,-864,8456,-1028,-868,2358,5284,14052,5200
9524,-800,8828,-1066,-1033,2386,5392,14152,5288
9888,-1724,9736,-1038,-1203,2434,5108,13964,5160
10412,-3000,10672,-1060,-1461,2554,5328,14132,5100
11148,-2956,11544,-1147,-1617,2568,5508,14016,5244
11484,-3128,12228,-1189,-1945,2597,5148,13888,5212
11668,-3520,13408,-1259,-2127,2607,5424,13912,5276
12100,-4164,14920,-1297,-2209,2610,5228,13932,5276
12868,-4748,15676,-1274,-2400,2511,5400,13908,5448
14000,-5980,15904,-1246,-2259,2457,5192,13924,5312
15608,-6772,15896,-1199,-2148,2371,5376,13768,5476
16788,-6392,16164,-1183,-2037,2215,5372,13788,5372
17192,-6476,17128,-1118,-2101,2106,5360,13848,5496
17960,-6896,18688,-1092,-2000,1942,5404,13860,5392
18172,-6884,18968,-1139,-1963,1799,5212,13872,5508
18220,-7948,19396,-1173,-1817,1659,5380,13856,5620
18572,-8832,19360,-1168,-1605,1552,5296,13796,5332
19024,-9244,19020,-1149,-1411,1446,5244,13888,5300
19768,-9396,18764,-1108,-1227,1336,5532,14060,5340
20652,-9792,18724,-1039,-1030,1241,5524,13944,5104
20924,-10244,18768,-988,-800,1203,5664,14060,5160
20888,-10296,19124,-934,-592,1198,5392,14004,5204
20924,-10392,19444,-904,-471,1181,5308,13944,5144
20852,-10448,19564,-971,-308,1125,5152,14068,5036
20620,-10772,19404,-1031,-158,1070,5280,14084,4984
20644,-11060,18864,-1101,27,981,5112,14148,4776
20660,-11768,18324,-1106,211,997,5216,14052,4852
20284,-11512,17584,-1030,334,1076,4972,14052,4804
19812,-11328,17168,-982,474,1180,5008,14132,4752
19280,-10896,17016,-916,651,1318,5112,14092,4732
18828,-10520,16564,-920,849,1364,4956,14096,4604
18424,-10064,16144,-932,942,1392,4944,14216,4572
18236,-9520,15828,-979,967,1390,4796,14244,4672
17852,-8872,15520,-980,1012,1389,5104,14180,4640
17544,-8592,15412,-969,1108,1353,5252,14048,4532
17104,-8360,15020,-956,1118,1241,5212,14212,4684
16688,-8112,15220,-940,1085,1115,5156,14072,4636
16216,-7876,14724,-922,1068,977,5184,14124,4788
15640,-7924,14448,-918,1067,858,5200,14036,4764
15172,-7364,13516,-894,1008,769,5112,14072,4932
14908,-6796,13232,-877,1139,778,5116,14036,5172
14680,-5788,12708,-835,1363,791,5300,13992,5088
14652,-5540,12352,-775,1563,886,5424,14020,5192
14644,-5528,12200,-744,1809,926,5536,13992,5172
14304,-5148,12016,-767,1861,966,5316,13996,5032
13736,-4664,11224,-822,1761,1036,5076,13924,5116
13128,-4152,10392,-902,1646,1130,5188,14000,5096
12652,-3652,9920,-1004,1324,1238,5424,14028,5288
12328,-2912,9012,-968,1089,1223,5464,14080,5108
12208,-2448,8292,-955,1069,1357,5640,13920,5504
12160,-2852,7544,-1068,953,1506,5316,13876,4992
11888,-2120,6900,-1105,525,1739,5420,13924,5436
11556,-1176,6492,-1192,456,2000,5080,13848,5084
11416,-936,5948,-1235,659,2183,5116,14000,5228
11196,-832,5868,-1068,609,2272,5044,13976,4908
10624,-512,5468,-1089,655,2470,5012,14068,4768
9820,-104,5324,-1135,716,2607,5360,14004,4764
9820,-104,5324,-1135,716,2607,5360,14004,4764
8620,504,4472,-1271,552,2569,5360,14216,5040
8096,868,3864,-1332,643,2411,5024,14020,4968
7384,2148,3420,-1373,364,2310,5132,13940,5008
6732,4108,3576,-1458,404,2449,5240,14064,5096
6668,4728,3260,-1454,300,2288,5144,13968,5080
6304,5524,2972,-1406,165,2307,5356,14012,5292
5688,6516,2788,-1311,56,2237,5280,13980,5220
5688,6516,2788,-1311,56,2237,5280,13980,5220
5344,7032,1844,-1171,171,2016,5056,13856,5024
4932,8060,1084,-1090,239,1956,4928,13836,5180
4504,8836,716,-1002,324,1892,5076,14120,5080
4704,8940,-188,-955,381,1879,5012,14056,5008
4100,10684,-264,-892,387,1944,5140,14024,5100
4008,13072,472,-829,440,2119,5352,14044,4840
4032,13592,620,-822,546,2279,5252,13896,4992
4012,14716,624,-861,581,2320,5256,13912,4908
4012,14716,624,-861,581,2320,5256,13912,4908
3280,17432,1164,-954,569,2172,5196,13908,5084
3016,18348,820,-958,574,2066,5004,13928,4880
2768,18352,412,-1002,487,2001,5212,14068,5212
2028,19580,-596,-872,346,1886,5212,14080,5244
1904,21436,-1000,-817,236,1946,5344,14092,5284
1824,22448,-1432,-711,176,1920,5156,14112,5344
1332,24304,-1396,-655,90,1962,5208,14232,5396
936,25812,-1028,-613,24,1895,5080,13976,5416
628,26440,-1036,-640,17,1735,5020,14004,5344
440,27096,-980,-684,-37,1572,5280,13888,5340
188,27876,-880,-724,-44,1485,5452,13812,5336
-104,28028,-872,-740,-87,1504,5392,13864,5272
-88,28420,-976,-746,-48,1563,5472,13920,5332
