124,124,58,84,85,37,30,72,102
92,-112,100,-15,-31,37,-24,-38,122
-84,74,-80,78,79,120,-122,58,-54
-96,-64,-68,42,93,124,114,-24,-64
-54,-92,66,55,-35,-69,108,-116,-70
-122,-112,56,44,-49,-70,62,84,74
62,-10,-40,-7,97,-73,-120,62,-100
-24,96,-82,-37,78,-85,-126,-54,54
-42,-38,-10,42,-48,-8,104,84,44
-90,62,84,86,-55,20,92,-56,98
94,22,4,-87,65,-47,60,-68,26
78,-46,112,-79,19,-41,62,114,28
42,-36,50,-124,-7,-71,28,32,-24
62,-100,98,90,-20,-74,70,-64,-80
46,10,118,-117,0,-45,-114,-92,-88
50,-84,122,-77,0,-33,80,100,-36
-108,-12,-50,-113,103,7,-16,-32,92
48,104,-38,-97,124,6,6,116,-118
110,-10,96,51,-81,28,-28,60,6
56,-36,-58,55,-55,25,-10,72,46
-88,-44,4,110,-57,55,96,42,-36
118,36,102,101,-26,54,-98,94,-20
0,-78,86,-76,-86,-46,30,-64,18
76,-46,-44,-59,-97,-52,32,0,6
106,110,36,-29,-16,100,0,98,-32
-18,66,-50,-3,-12,90,82,118,22
100,64,20,-13,85,42,26,62,-94
-72,-36,-124,13,89,55,64,98,-124
-34,110,-124,-121,23,41,90,-118,70
-82,74,118,-118,39,46,60,-86,-16
68,64,60,-84,-49,7,58,-88,42
-34,-118,-30,-85,-21,10,52,-40,20
-62,-88,-66,-106,64,-4,-84,110,-118
-78,-102,-96,-112,85,-11,-64,-114,92
2,-58,-34,-63,14,-21,-20,-86,-50
10,62,102,-42,32,-21,-10,-34,96
-66,104,-94,-28,-27,-12,30,6,26
-14,84,110,-31,-36,-9,-12,68,-10
78,-106,-28,111,-83,43,2,84,-44
46,-12,-28,107,-79,51,20,-128,126
106,118,4,58,82,87,-108,2,64
-70,26,-124,63,76,97,-102,2,44
-64,-22,28,-58,79,-73,-58,38,102
-82,-58,78,-55,83,-75,-14,54,54
54,114,100,-17,33,-67,40,66,-120
-10,-12,12,-6,19,-64,-16,98,-70
-66,114,-78,44,-23,-48,38,124,-84
-58,-54,64,37,-40,-42,20,-38,80
98,-66,-72,90,29,124,122,-102,-78
62,92,-76,106,-15,62,-60,-30,88
8,-52,50,9,-40,63,-66,4,-26
78,-110,-4,-4,-70,60,40,-68,98
-26,-4,-10,-65,-47,-93,-120,30,-112
2,-38,88,-37,-72,-99,-68,74,40
70,98,-54,85,15,-115,-36,-96,100
-100,72,50,99,-35,110,72,28,18
86,-112,26,-73,118,-78,72,-106,100
2,74,-120,-95,85,-73,-78,-48,94
20,62,-20,-78,23,-49,-70,-2,-24
-102,40,64,-100,-22,-46,94,-68,-88
74,66,30,117,-3,-8,-90,-20,40
-20,114,78,114,-16,6,68,58,-122
-116,50,42,-126,-96,60,110,-98,-40
44,66,-28,107,-84,65,-80,-52,6
-44,16,-28,44,-67,31,-66,-56,60
-22,120,-14,62,-39,31,88,-120,-96
112,6,-6,0,-53,-26,80,-90,94
-88,-78,28,5,-25,-43,78,-30,-90
-118,-106,-104,-61,-98,-42,-60,-36,-122
104,6,-56,-90,-77,-42,104,48,6
-2,88,-34,101,4,-29,118,-8,26
-12,-126,-122,61,31,-30,-88,88,-80
98,-58,-4,-92,-117,-43,80,-58,8
40,88,-62,-116,-106,-46,-22,118,10
-74,92,-120,122,-15,-53,-112,-128,6
-114,-98,100,94,7,-55,64,78,6
8,36,-8,48,118,52,-108,-92,-122
-4,-82,88,61,-128,65,58,70,-114
-112,-34,88,96,-95,122,-82,-50,-114
122,26,66,121,-91,120,-128,-120,-64
38,32,0,55,-29,123,-34,-6,40
-20,-122,-46,37,-32,110,72,-112,50
8,-86,-22,-36,118,107,-20,-44,46
124,-68,-32,-57,-124,99,82,-86,80
-16,-4,12,-69,117,91,-122,-124,32
60,120,50,-94,107,84,-36,104,104
36,112,90,-124,-15,70,34,18,44
108,-80,126,-116,-34,86,-30,-58,12
-10,-16,104,-45,-46,97,-16,-118,-86
-96,66,98,-68,-127,89,100,70,-66
52,-116,-96,-107,122,105,-26,-88,30
-4,-4,-68,-96,-127,121,58,-106,46
-58,30,4,-35,10,61,-86,122,-18
112,102,124,-3,12,40,52,90,32
102,-74,-44,84,2,-98,-94,-124,-92
-120,92,36,57,10,-101,92,118,-124
38,102,-60,-17,79,-74,100,80,82
-8,-86,-88,-29,54,-81,22,48,74
-88,44,66,-74,-65,-67,-120,86,-74
-102,110,112,-83,-66,-51,-124,-118,122
22,8,26,-102,-5,33,-84,86,-128
22,6,50,-49,-37,50,-96,2,-52
104,86,-24,-68,64,36,22,4,100
52,-64,-26,-56,127,44,-12,78,-16
-126,-16,60,-49,13,53,88,68,4
50,-110,54,-46,8,48,112,-24,24
-122,10,-6,10,-27,-7,70,-22,38
-6,50,-68,39,-49,-11,12,12,8
116,-80,-52,103,-15,29,8,-66,42
84,8,-6,-124,-58,33,30,96,-68
-42,-22,80,30,64,-108,36,-58,116
-104,-106,-94,44,72,-95,50,-70,-46
42,54,-84,-58,71,-24,16,-118,-34
-42,-80,-68,-64,101,-17,-22,110,70
6,-98,116,78,35,-54,-108,66,-58
90,34,104,67,0,-65,38,108,-52
-126,28,-96,-29,-83,107,-88,60,-18
110,22,110,-19,-66,100,-74,28,100
-22,-44,20,-43,31,50,44,-42,-102
120,-14,-18,-38,54,52,60,8,-40
-120,62,92,14,-13,101,8,12,-110
64,42,48,27,15,110,16,-26,-88
16,84,-104,116,-84,-91,84,-108,82
42,-116,42,108,-59,-79,74,-90,60
120,-124,-102,126,69,-80,74,-80,-44
24,64,-14,121,76,-78,96,12,-36
10,126,92,-32,38,-69,-56,-10,-72
-30,26,26,-40,75,-74,-78,-80,-6
74,52,-18,112,-46,-121,20,116,34
20,78,-114,123,-31,-115,50,-110,2
-50,28,-6,-45,118,27,66,-36,-120
-8,114,-20,-34,91,31,-4,112,86
-96,-120,-106,41,-96,-22,-86,68,124
58,54,100,48,-75,-24,-106,-98,24
38,12,106,80,-88,-97,-20,86,56
56,-2,108,101,-117,-113,-26,-76,2
-118,44,76,-40,101,72,32,22,-10
52,18,80,-8,115,74,66,122,-128
-8,-90,-122,58,58,-3,26,100,-120
48,-104,-120,85,15,1,58,118,124
-74,-6,-128,4,-121,41,12,-60,108
-18,-64,-16,12,118,43,98,64,-2
-2,-18,64,30,-51,62,66,-98,-80
90,-96,12,10,-80,74,-126,-4,104
20,-104,64,103,-101,62,114,104,24
-100,-34,44,56,-123,76,-54,78,-46
-120,-78,-60,-76,90,-111,-44,44,-124
96,58,70,-71,53,-103,56,-76,126
10,28,-52,-115,94,-107,-102,58,-72
96,56,26,115,34,-125,52,-22,-20
-62,-62,-4,25,-1,29,-44,52,-26
24,78,-102,-88,59,24,-32,24,-30
-128,78,54,1,-88,54,92,62,-102
46,-70,74,33,-105,59,-64,62,-10
46,-84,90,-81,22,-89,78,80,70
-100,-98,70,-91,47,-89,-2,118,60
42,18,-114,76,-111,89,14,-10,-96
32,-120,-78,48,-56,71,-106,-40,-10
116,-86,100,24,28,93,-126,-62,-32
48,84,98,17,76,79,70,-104,-40
-90,24,-26,15,76,34,-78,82,108
-74,-28,-38,-8,-100,25,16,-120,46
-88,-22,-96,35,-28,21,18,-16,120
-60,-100,-62,0,7,18,-118,-68,-86
94,18,16,101,127,25,-96,48,2
-56,64,74,63,-90,26,68,-36,-76
-110,80,-68,1,-117,110,-118,-50,-64
10,8,-102,-9,-113,126,-2,94,-28
-72,106,-94,-84,-49,-56,114,-4,-34
-110,74,-88,-82,-51,-59,44,-86,56
-114,-118,-12,-95,-93,-94,-58,118,36
-54,28,126,-71,-92,-103,112,30,70
-92,84,-116,59,-124,123,60,-106,-110
-116,-56,86,67,-85,118,74,48,78
-40,-66,-4,-12,-3,30,20,-92,74
94,38,50,-8,13,12,-54,14,90
122,-128,42,45,-48,-27,-82,46,108
72,14,-30,60,-26,-35,80,6,98
-82,-40,14,10,-54,-13,36,-64,-74
-4,18,12,32,-23,-22,34,2,46
114,110,-86,-45,8,-64,4,4,-8
18,118,46,-47,21,-70,16,-72,30
-80,62,86,-109,53,-39,82,-56,8
22,-44,-94,2,-39,-41,16,-64,78
74,-16,94,-20,48,42,-34,10,-106
-52,62,64,-46,41,59,-88,-18,-94
-102,38,100,28,62,-46,116,64,32
44,-80,0,48,78,-45,30,-90,70
-28,58,78,-56,-22,68,-40,8,-90
-116,96,114,-85,-24,87,-88,20,106
-68,96,110,82,45,-93,120,14,-66
58,32,-116,72,33,-111,-38,-64,-122
118,-12,-20,102,83,-123,-26,-48,6
-86,104,66,83,55,-119,52,82,46
32,-56,38,-25,-48,-128,-94,116,-54
-16,-88,70,-26,-48,-108,-56,50,16
70,-82,-38,114,22,96,-38,92,-52
-96,48,-4,107,16,111,112,-76,-106
44,-114,30,108,-31,-97,116,-36,-66
-124,-16,110,74,-70,-105,42,-88,-14
-88,122,90,36,-6,84,-96,84,26
-36,-52,-4,33,-14,81,-38,60,74
40,-46,60,-97,41,-14,-30,-40,70
-94,-62,46,-21,15,-9,-46,22,-56
30,-60,86,100,123,-56,-94,48,-74
-56,98,124,114,89,-65,-92,-72,-114
-92,108,44,-58,-97,-97,-118,52,4
-94,16,12,-57,-126,-104,-120,106,52
52,50,12,121,-79,-28,90,72,-52
-12,-90,38,-120,-61,-16,-88,-12,88
52,-82,126,-15,47,83,-36,-56,-30
-42,-120,-80,-8,54,90,-120,-126,-54
-8,-62,16,-4,-104,-85,-54,20,-8
0,124,-86,-20,-106,-73,76,124,72
84,14,-36,-28,116,-32,36,-38,104
6,118,-118,-30,-107,-38,40,108,88
-84,-86,78,-46,-127,110,86,42,38
-26,-28,10,-47,-97,108,-122,96,-38
-38,-118,-78,65,-86,-53,-124,114,-120
20,82,-118,56,-54,-65,-118,-72,-24
72,-76,-60,49,-36,-106,8,112,-104
-128,36,-60,52,2,-94,76,-68,42
6,60,-108,-123,-71,-112,88,-46,-14
-122,50,-2,38,6,-127,60,-40,34
-64,-94,-120,-6,-25,-84,-126,-58,-58
124,70,66,-3,-36,-86,-74,-22,56
22,78,30,93,-15,-38,102,-122,-10
82,-16,-26,124,-24,-37,78,-124,-72
-16,-28,-22,0,93,1,-70,-32,-66
20,-64,-72,-5,104,1,-98,8,-70
118,124,4,-122,-83,3,-34,-84,6
60,-2,-72,-118,-95,8,14,-46,-22
-128,-70,34,-119,-80,-5,-64,-118,-52
-114,-82,-8,-107,126,-52,-34,-82,-68
116,104,38,99,-124,0,-20,-100,-52
-16,52,76,106,122,24,28,0,-124
-74,98,42,26,-79,-29,32,120,-82
-36,92,-72,11,-122,-19,-26,-18,-84
-20,-90,-34,16,-23,-122,-24,78,-44
64,62,96,-12,-72,127,22,-24,-72
6,28,-100,-96,-29,-112,74,-92,70
28,-26,124,-81,-59,-105,-90,-2,4
50,-108,-80,113,31,-72,-30,-34,-70
-34,-8,4,-124,4,-77,16,44,46
116,54,-78,-27,38,-77,-22,44,62
-56,94,84,-6,17,-71,28,124,76
-4,-56,76,44,-110,-22,-8,-8,20
88,-128,48,57,-108,-22,-48,-30,-36
-84,60,56,97,-25,-43,-44,-44,-126
-22,-102,86,96,-7,-49,102,-126,4
72,76,40,121,5,105,50,-14,54
-60,-80,38,99,38,89,-112,72,38
-24,-80,-70,-54,-113,-31,-78,110,16
14,60,-54,-71,-73,-33,-54,-50,108
92,-54,-36,-18,-36,-75,-30,-122,6
22,86,-44,-80,1,-96,-104,10,-124
48,8,-72,-10,-126,93,24,122,42
-2,38,106,-50,-46,101,-104,-36,-64
-106,-108,32,22,90,52,0,6,-96
-76,32,-96,-17,105,44,102,-46,64
-116,18,-22,-18,-84,83,-98,70,4
-54,-18,-92,-1,-53,88,60,-62,72
34,-126,108,-120,-67,-69,40,64,2
6,54,-70,120,-53,-78,0,-84,70
32,36,-122,119,16,55,-56,88,-52
-66,114,68,112,31,44,38,22,-80
-4,114,-96,90,-98,-42,-36,-82,-70
32,-42,56,103,-106,-57,-78,90,-128
66,104,-116,-52,-118,-105,64,18,46
-70,-98,116,-32,-112,-114,-28,-58,70
-14,-92,72,19,80,-117,12,-94,-80
94,-68,-4,27,59,-111,-14,84,30
-66,-126,120,102,-37,-126,-52,4,76
-84,-86,-124,-124,-51,126,-106,-100,114
-8,-88,-68,-24,-108,-82,24,56,-110
106,-124,-58,-14,-116,-96,-90,-94,38
-66,84,-4,89,-70,-81,-12,-42,108
-102,-110,124,98,-43,-69,-84,118,112
-76,-2,0,104,2,-24,52,22,10
10,84,42,100,29,-23,-70,124,-56
-44,34,-94,4,-2,77,110,94,-94
116,86,-56,-23,-35,51,36,-26,110
-82,-78,112,-55,-7,49,110,108,110
-94,-54,-54,-44,7,55,-116,-54,-60
-66,82,46,-125,-24,40,96,-102,6
-66,106,28,126,4,40,58,-120,-96
-98,34,-110,50,1,23,56,12,-102
28,-80,-96,13,2,21,30,96,-124
-2,104,-24,-102,-14,61,-6,-122,70
22,-30,-40,-108,-13,63,-104,-4,-4
58,58,-70,-61,-108,-112,58,-70,24
118,-82,86,-22,-78,-102,-58,66,-14
28,-96,20,-8,-67,9,-128,104,-10
-50,114,-26,-11,-65,3,-116,-76,-26
-30,-110,-86,-117,9,-83,-10,68,-62
-20,98,24,77,-35,-95,122,-78,50
-96,76,32,-96,-10,5,-2,106,-64
-56,52,-102,-16,-60,14,48,-36,100
-122,88,-112,71,35,-11,78,-54,-54
94,-42,-76,69,0,-8,110,118,-92
-126,44,18,22,85,125,-20,120,22
-84,-122,-24,-3,45,109,104,68,-28
90,-32,-116,-52,5,41,-110,0,-86
70,18,-52,-29,-26,62,8,12,24
-126,68,-92,-30,123,-32,-64,118,30
-110,-88,86,-40,120,-28,-34,124,-94
24,118,82,101,58,-41,-116,66,80
126,-92,-88,105,79,-41,104,-90,-14
52,-44,-26,103,-111,-40,-60,-120,-96
20,-114,-88,87,-103,-39,-54,-76,-80
20,-46,60,-92,-33,-35,36,-6,-56
-112,82,-12,-98,6,-32,72,88,-82
52,12,-56,80,-104,-78,-8,74,108
-38,-110,-96,56,-76,-81,22,-4,-70
108,-62,2,-104,-8,115,20,88,120
88,-112,12,-114,9,108,88,-76,-56
-34,-84,-4,92,-9,89,36,-46,20
124,96,-18,89,5,98,-38,120,124
126,52,-88,-102,62,24,92,-94,64
66,-56,122,122,21,16,116,-52,-114
36,50,24,-82,-64,41,110,28,-112
64,-12,-74,-86,-41,28,106,122,66
26,-124,18,-118,-63,16,64,70,-8
12,74,-30,-121,-85,12,104,112,2
40,-86,8,84,62,-29,52,-8,110
26,-52,-24,76,65,-22,8,72,116
-90,42,42,46,99,-37,98,-64,118
122,-30,86,88,102,-34,-114,-6,58
-32,36,30,38,-43,-85,-48,-28,80
-26,10,108,20,-103,-94,-102,104,34
48,82,-10,34,-75,-96,78,40,-36
50,-108,-62,22,-117,-98,4,94,-20
-100,78,48,106,122,-128,-32,32,-54
90,-38,10,-111,97,-127,-20,100,-58
-26,126,-8,-75,77,-116,74,-110,38
4,10,-46,-56,24,-124,-68,72,-88
-12,54,-70,75,-31,77,-112,-34,-28
64,-2,-78,116,-70,86,-98,38,8
94,42,-120,125,-86,66,-22,-74,-106
60,-86,-126,-23,19,93,70,-56,-114
-12,-56,-92,52,-65,31,-116,76,52
-46,-98,6,107,-98,36,-80,116,32
26,22,70,89,-92,-65,78,-110,74
66,-90,46,44,-87,-56,-120,66,30
126,56,52,101,-89,-21,-112,30,-34
-66,-28,62,84,-73,-27,36,-100,-78
10,100,50,-9,119,-90,-28,54,-28
76,44,-42,-20,-90,-90,62,120,-84
2,-104,-96,25,-63,-60,28,-104,-12
-68,-14,36,-3,-75,-45,-112,-78,20
-96,48,8,99,38,-21,-88,-44,-100
-32,62,-54,71,60,-19,26,86,-16
14,88,18,-73,-30,12,116,112,108
-26,48,-78,-120,-4,-2,-112,4,42
122,96,34,28,103,5,-14,-78,14
-50,22,86,10,-119,5,-20,-2,10
122,-90,122,80,37,23,80,82,64
-32,-90,44,72,57,8,50,108,114
-44,56,84,40,-85,73,-112,8,-106
18,-84,-80,48,-58,91,100,82,-64
-70,-120,-84,111,58,68,54,64,-114
50,68,62,118,83,61,-34,-8,-110
104,-18,6,4,25,-6,10,-104,58
64,86,-12,28,41,-15,-100,-92,-2
114,120,120,100,-16,-106,-12,-20,38
-96,-6,106,100,12,-112,28,-38,-24
14,96,-36,-73,-25,14,-44,18,-128
122,20,-120,-47,-8,-8,-88,44,-110
86,-68,-86,-50,-111,-125,-12,88,-70
54,44,-92,-49,-114,-124,-56,-86,14
-100,50,-74,-73,120,-121,38,-52,-58
-126,-114,-78,-81,112,-118,-14,-94,94
-22,-50,34,-19,-93,-52,80,-112,4
114,78,84,8,-109,-54,-104,-72,108
112,104,-82,77,-39,-118,120,38,-56
110,-68,-88,89,-85,-127,6,-108,108
126,112,102,61,105,-78,6,-38,56
-44,126,80,76,67,-80,-24,-60,-96
-2,-112,-68,94,-95,-96,-100,66,-120
-80,90,-114,110,-61,-95,120,70,-78
-22,32,-64,104,74,93,-46,12,-104
-86,88,-40,91,79,79,-100,52,-72
-128,-58,-36,68,-53,83,120,86,-104
24,-78,26,25,-61,75,30,44,-22
-80,-88,-14,107,22,-111,114,-118,-92
20,-100,8,109,4,-99,18,100,-12
-10,2,10,-2,37,86,-24,28,88
-90,66,50,-6,49,79,-4,-126,108
94,-118,-126,79,-74,-106,30,36,-78
64,-112,50,48,-86,-101,-10,16,-58
70,-8,120,114,-20,-98,46,26,-48
-92,-48,-116,42,-55,-77,-42,34,-60
-4,-20,22,63,-68,-20,72,24,-52
-100,-4,-112,44,-102,-27,-110,-94,16
116,-114,8,-58,43,-104,34,-100,-16
120,22,-98,22,-6,-76,-26,-26,78
88,-52,54,117,-90,43,-26,-116,98
-86,124,-74,28,48,74,-32,2,104
-100,24,-128,21,100,-16,22,-16,22
60,10,90,9,30,-14,-76,126,122
-10,14,120,90,-92,5,-126,100,38
112,54,-104,106,-104,19,-36,120,10
2,66,-14,-86,-16,-93,40,78,-54
-58,42,82,-43,-23,-86,54,-22,92
-88,-90,-94,120,-34,-19,-20,26,-26
-36,-116,-110,-123,-40,-14,22,14,-62
-76,10,34,110,-75,-45,-98,122,32
-128,-18,40,103,-61,-46,-56,20,-88
34,84,82,-18,117,-113,90,-54,-20
-96,62,10,-6,-109,-127,-24,-4,-30
62,-76,-32,48,-91,27,110,-56,6
82,-96,-78,67,-69,16,-128,46,-22
120,60,-126,-102,-111,-33,16,88,76
-30,14,78,-107,-95,-34,108,-40,2
26,-34,-52,-126,39,114,10,118,-58
-126,116,68,-56,81,-124,22,-102,-52
110,-46,-86,19,-122,-76,114,58,90
54,124,-100,2,-122,-62,-98,-36,26
-98,-44,-98,-16,20,-16,-24,-24,110
-54,106,78,-2,14,-3,-16,28,-6
-68,-58,122,43,-33,45,-24,20,116
34,76,60,40,-37,47,42,90,30
-54,92,-114,-55,-23,95,52,-78,104
-80,-62,66,-37,-25,103,108,-54,78
-96,78,50,103,-6,102,50,110,-60
-92,-20,84,102,9,94,10,-90,-92
-24,54,76,-2,-101,62,28,2,-16
106,12,54,-15,-120,50,18,42,-94
10,-110,22,-9,-21,-18,70,102,50
52,106,-54,-9,-48,-34,46,-96,12
20,-62,32,-65,102,-34,-106,78,32
108,-126,62,-87,74,-19,-12,-102,10
-22,90,-6,79,122,-112,-18,-36,0
72,38,112,86,89,-105,24,88,-52
86,-52,-34,-123,119,-115,-110,-100,76
-16,92,32,120,84,-95,-68,74,28
48,-88,36,91,79,-31,82,-40,-8
-92,118,-104,46,71,-60,120,-64,-18
-118,-44,76,55,-71,43,8,-74,6
-94,92,-92,62,-95,42,68,-94,2
26,-70,0,-21,30,-99,48,64,-24
84,66,-78,56,-8,-88,4,84,-60
78,-114,118,2,-52,-60,114,76,-20
-14,-30,60,37,-86,-72,116,-50,124
126,-60,100,4,89,31,-72,-124,114
86,-64,-44,-57,89,11,124,18,58
48,100,82,125,50,31,108,0,48
96,-120,14,-114,82,8,62,-42,-50
14,32,20,-108,40,4,22,78,-26
28,78,8,-97,66,4,-40,-54,18
-46,-32,-46,66,-45,122,24,-32,-58
2,106,-22,58,-14,106,116,58,10
124,-104,-40,-97,48,1,12,122,58
-18,-30,114,-126,88,-9,-24,76,-18
-44,-100,-4,-100,-114,-71,-68,-112,-90
-20,122,4,-127,-95,-78,-86,-10,-114
40,56,-70,64,83,-95,46,-96,108
66,-82,-46,76,106,-92,-54,4,-96
118,-90,-20,72,45,-50,-102,82,-112
56,40,-34,78,81,-53,28,32,-76
-88,38,-124,5,100,113,-84,42,102
42,88,-116,-12,126,99,34,-100,92
-96,-42,94,-107,-67,-85,-18,102,-72
106,76,-44,-104,-42,-92,-74,46,-100
-100,54,82,-1,-73,120,30,22,8
-40,106,-20,2,-69,119,-120,-38,72
72,-110,84,124,-6,-20,-38,108,30
-48,-74,78,111,-19,0,-108,28,-12
66,-20,70,21,-51,48,20,-106,-84
20,-28,44,22,-59,54,-128,96,48
72,-122,-12,-103,24,-47,-34,-86,28
-58,-100,42,-94,-29,-31,-84,88,-8
56,48,4,-36,-87,29,-120,24,-68
102,-128,54,-73,-107,38,6,-18,-106
-78,-54,90,29,94,-38,70,-56,20
-88,-20,64,45,51,-23,38,-126,-34
-110,6,-126,-107,-17,-107,-52,28,62
-68,2,48,-78,-19,-102,-84,-62,120
112,-104,80,61,44,-35,28,-72,-86
-90,-84,10,56,34,-31,-120,-106,-16
-76,24,-104,127,9,-94,48,80,98
-34,-64,118,93,12,-97,22,8,-66
-38,-96,38,122,-26,14,-100,94,44
58,-46,22,-128,-15,4,70,-44,102
26,76,46,26,113,96,32,108,6
-72,-102,-8,34,111,91,2,-78,-68
110,-32,118,-11,-68,17,68,-16,-58
-26,112,64,-43,-66,6,118,18,50
-8,108,-18,4,-69,-51,-68,-22,126
-98,-44,20,23,-127,-19,12,-26,38
26,-24,-122,-104,-68,46,-86,-24,-48
-116,122,-102,-98,-61,49,-46,-70,-24
-52,-22,126,81,98,-106,-88,-72,112
-40,56,-46,79,88,117,114,92,124
106,-18,-90,-31,-69,16,-18,-42,-76
-6,66,58,-7,-116,16,-56,68,-18
-86,-26,-122,0,117,-115,-72,-54,116
4,-6,-30,-16,-124,-96,-100,-46,82
38,-76,58,-35,26,77,16,90,-118
30,-30,18,-13,30,82,-90,-76,32
-28,-126,-20,-122,-91,-128,70,-2,-20
-54,-112,-54,127,-98,-123,-26,84,54
80,-92,-4,-100,-66,-11,-72,124,14
66,110,-48,-120,-68,-7,-56,110,-88
-44,92,-66,-70,75,18,-20,84,68
-102,-66,-110,-75,79,15,-8,-82,-76
36,-10,52,48,-52,-45,94,-12,42
74,64,80,30,-52,-51,-58,124,12
-106,96,116,-71,17,-106,42,-72,66
124,14,-28,-79,28,-103,54,-50,-28
54,-50,-102,97,123,-90,90,-14,-118
52,-106,-86,85,-128,-83,30,-126,30
108,-90,-28,109,-41,-54,-96,76,-44
-64,120,-62,120,-42,-51,-98,-52,82
110,-116,-38,-82,-70,-40,8,48,-40
98,2,-126,-11,-71,-39,-2,110,-88
-16,94,34,-2,39,-38,-66,-92,22
90,8,-50,-13,36,-48,-38,58,102
-44,-24,86,86,20,-69,34,104,110
-58,104,98,107,9,-84,2,-102,120
-118,-82,8,59,-104,-78,-30,96,-16
-72,104,50,52,-123,-84,-24,120,-48
80,36,-108,3,-42,-10,36,-14,-70
94,-64,-72,-5,-53,18,48,-26,-102
-88,46,8,109,-92,-124,88,94,62
14,72,-24,-113,-43,-88,94,-50,4
-74,-60,-120,-107,21,88,96,-2,-18
-34,-102,54,124,-2,76,-116,60,-24
-104,36,-22,-23,102,114,-10,32,54
74,2,-40,-6,72,122,120,-126,-14
100,116,-72,-45,-78,-83,-2,66,62
-66,108,122,-12,-91,-89,-100,44,88
-44,-128,-44,-34,-126,-82,102,-62,86
-98,96,-118,10,104,-76,-44,88,-100
52,-20,86,-119,102,6,90,62,10
124,-52,-94,121,80,-5,44,-36,22
38,-4,-94,62,22,-32,-104,72,108
32,-68,-30,61,59,-37,-118,56,30
42,-102,-8,55,-43,8,-62,-54,102
94,26,120,92,-69,-30,104,48,-110
20,-68,114,-43,-75,9,40,-40,-68
118,72,-20,-31,-87,23,18,-60,-46
38,14,-16,119,31,119,-112,-48,6
2,106,80,81,47,125,90,-112,110
-6,-10,110,-117,20,88,72,28,120
-2,-64,44,94,83,70,98,-128,44
-58,118,-76,-92,66,-96,26,6,54
-60,-18,-4,-84,88,-112,-122,-84,-38
-94,-36,-54,-97,-40,102,-50,-78,40
-24,-108,86,-106,-49,104,72,106,26
28,40,-24,71,34,101,-46,28,14
32,10,122,62,63,102,56,-86,-28
106,-8,-124,-122,-52,82,26,-26,-126
58,54,110,126,-21,74,82,108,56
88,-68,100,-18,22,-20,18,-50,60
-112,120,-54,-30,44,-20,90,-126,-118
-52,-14,76,-31,8,-53,-60,28,16
-126,36,84,-17,6,-55,-100,-106,4
-122,-44,98,46,-70,-56,14,102,-110
20,-6,-110,45,-59,-50,-116,-34,-80
-108,30,30,31,35,-113,-48,102,-78
-82,-114,70,27,38,127,-112,20,-54
-92,116,74,-33,109,-5,118,124,-38
12,-106,78,-50,99,-18,62,52,-96
102,-2,-30,73,120,-113,28,72,-90
74,56,-92,51,117,-106,-36,-50,-116
32,4,-60,-94,-103,77,124,122,40
34,80,24,-106,-110,66,56,-114,32
-54,106,-114,-5,-100,118,-22,-86,38
106,-56,-54,-8,-122,-125,-54,-92,90
-108,-10,44,122,125,-63,-56,-66,116
76,54,40,-115,-117,-51,70,62,-68
-12,-30,40,37,62,23,108,-98,126
-82,30,-34,52,64,31,40,112,-128
72,-98,50,-56,0,-123,2,104,-72
-64,28,-114,-35,-20,-103,-2,-16,66
-90,-4,68,-122,14,113,-116,70,20
-90,30,92,-125,20,104,44,26,44
26,104,98,66,-60,67,82,-74,58
4,-88,-38,63,-60,71,-16,-50,78
-116,0,96,6,124,-72,2,-78,32
-36,110,-88,-7,-103,-5,-80,16,46
80,-90,-28,-74,109,-1,-116,-4,-86
-40,-114,-62,-62,106,1,120,-22,-78
38,96,-96,28,93,7,-80,84,122
-56,-40,-76,50,84,4,-78,34,76
-18,-12,22,19,-44,17,-126,2,22
-2,-58,-18,14,-47,20,-124,-122,-50
-78,-110,-54,-89,-72,8,-58,102,-122
94,58,-54,-128,-76,11,-96,-112,-12
30,-50,-90,-79,45,32,-70,126,-126
82,4,48,-85,79,52,-94,76,12
114,36,40,-63,-115,60,112,90,-8
30,-106,-112,27,86,99,56,-42,-72
42,26,-72,-79,-18,-96,78,-62,-8
80,-106,-118,-100,-55,-90,24,76,-38
6,50,74,109,37,126,88,34,28
32,-100,-122,-112,34,125,-68,124,50
-90,-34,-36,54,99,-68,28,-34,-120
0,-2,-26,70,83,-68,-94,120,-20
48,22,-32,-99,-63,126,-96,76,4
-46,-92,94,-48,-67,104,12,90,-10
0,118,-104,-27,102,-31,10,6,76
-104,-94,38,-33,114,-52,-30,64,52
-68,8,106,-38,-125,87,118,96,68
6,-60,-60,-41,-128,82,110,-114,14
32,114,-32,47,-26,-24,-92,106,24
-32,30,108,25,-15,-28,-96,-50,-96
-126,4,68,-104,-106,-58,28,2,-74
44,-116,20,127,-80,-50,8,62,38
70,-40,42,-5,29,-3,12,96,74
60,124,126,-1,20,19,52,-100,0
-118,58,-84,-30,36,53,124,98,-82
-84,50,58,-37,16,51,-110,-74,30
-8,-14,-8,8,-83,103,-96,12,2
-124,-98,88,10,-75,95,-92,126,-30
92,12,82,-119,69,-120,86,16,-50
22,104,60,-91,96,-118,76,46,122
30,18,-104,80,-72,-73,4,2,20
-64,-104,-114,72,-103,-57,4,76,24
44,22,-76,39,9,-30,-98,76,-26
112,4,-126,33,-20,-34,-66,84,-64
-80,-58,20,-24,68,14,-18,100,-82
-48,-112,-46,-6,37,18,80,-118,-40
-48,-128,-112,-50,86,14,-68,30,26
78,84,74,-34,104,18,-118,108,58
120,68,24,-37,-67,31,-92,72,-22
-72,-20,92,-32,-74,35,-70,-94,-28
100,98,34,110,-32,25,-14,12,60
-78,52,116,95,-61,27,0,106,14
-38,88,-30,-46,7,77,-72,124,-32
-38,34,22,-61,13,63,-70,-100,102
116,26,-126,-63,-67,16,-126,42,-76
-14,-100,-102,-75,-82,11,-90,-120,-88
-42,-66,22,114,21,-60,-118,2,-52
-102,-74,-34,55,-29,-42,-108,-118,124
16,-120,26,-115,121,0,-92,-72,-52
36,92,42,-116,103,17,18,-118,86
-38,52,98,13,59,87,52,-124,12
38,64,40,2,39,95,96,52,90
-24,38,-54,-90,-86,13,66,-88,82
16,-18,-12,-85,-76,-8,-20,62,12
8,4,-4,81,4,75,38,16,-62
20,-96,-66,93,0,70,104,-4,118
86,124,-76,-115,-61,-119,-48,-30,80
24,-124,108,115,-43,-99,-68,-68,-2
32,-10,102,-120,97,53,-54,4,-96
-40,110,-84,-115,-127,36,106,-72,110
70,8,-78,-100,88,-15,56,54,-128
-118,28,-16,-94,81,-32,38,-116,-50
102,-16,54,-8,95,-109,-36,-8,-100
-60,46,-38,-7,98,-111,106,62,-54
4,-70,84,-109,-14,-110,14,-12,-48
-16,116,28,-88,20,-107,-60,-10,-30
60,-42,20,-117,-100,-114,18,-12,48
62,-36,90,108,-88,-117,54,2,-14
42,-104,-54,-33,-8,126,-118,62,28
2,76,12,-54,15,122,62,40,-42
56,28,-110,-76,87,-77,42,-42,-120
-102,18,-114,-73,101,-75,-110,32,54
106,100,-42,-25,-66,-21,-16,64,-92
0,58,-42,-21,-70,-23,118,26,44
56,34,-64,-3,35,-15,4,102,-120
84,96,-114,2,47,-30,-116,32,-42
22,44,30,-105,88,-95,92,-80,-106
36,92,-42,-119,102,-91,10,20,-74
36,116,-70,15,89,90,-56,92,68
-110,-72,36,2,77,81,124,-90,-100
-42,82,-64,-108,-33,45,-24,-58,10
84,-4,-44,-112,-16,50,66,-64,2
-22,-74,-82,-87,-64,56,92,32,-98
-124,24,-2,-96,-61,45,-98,-90,-106
110,-128,-36,-58,112,-111,-46,16,48
104,-66,-12,-66,-110,-104,-116,-110,34
-82,-32,-80,117,66,46,-10,-42,92
74,22,-116,118,76,50,108,-114,-6
-78,-24,-46,-57,-3,-83,96,24,-20
-16,96,48,-83,1,-88,-24,36,70
78,62,-34,45,21,-100,-18,38,-112
76,-128,-24,41,10,-113,-92,-92,24
28,-26,-88,42,115,-70,102,-110,6
-52,120,-110,47,76,-62,90,122,44
-22,42,78,65,-11,-12,-110,16,24
58,-52,-108,87,-30,-9,102,70,-20
102,92,-48,98,-37,43,-78,-86,-110
-82,-110,-104,126,-65,45,-32,94,52
84,120,118,109,-36,85,56,-8,-106
-102,-108,-96,29,-101,38,96,-40,-100
64,68,2,93,53,61,56,52,64
90,64,58,102,35,67,18,-24,-96
-38,-66,-8,-83,-78,62,50,-74,-96
-104,-98,80,-64,-69,59,-92,12,-68
-22,62,90,70,52,-108,-96,-30,22
-70,-126,-100,68,58,-91,-42,-52,110
-10,4,116,-104,40,-97,-28,-78,-92
122,-18,12,-99,22,-101,34,76,-28
64,30,-22,-105,69,113,-74,-52,-20
120,110,-34,121,-122,77,46,-74,-100
-122,-106,-4,-121,-98,7,-122,72,-78
44,-74,-92,-113,-75,6,56,-16,-32
-98,90,112,117,-83,112,80,-118,-124
32,-32,-40,-127,-82,117,-66,64,42
-116,-74,106,-92,46,-70,100,-100,-90
-28,-46,-100,-82,32,-70,-6,-110,126
-70,-124,-36,122,92,23,-8,-34,70
-30,42,-54,-111,94,19,-96,56,74
-52,82,-6,83,112,-21,8,-22,104
124,-80,16,92,119,-30,-4,-42,-120
-52,-12,-2,-2,31,-115,-28,44,-120
92,32,-42,23,51,-117,20,-108,48
-104,-108,38,80,-34,68,20,50,-8
-102,42,-18,74,-18,62,14,-88,122
-18,-14,-86,21,-120,37,86,10,-92
88,84,-82,12,-109,41,92,-108,-68
-28,112,-80,-31,-1,53,-82,-46,66
74,-48,-30,-31,0,47,-122,-106,124
-112,-82,-100,-114,39,99,-66,-26,78
-98,76,12,-124,28,104,18,102,-8
-32,-48,52,49,-101,-113,118,-86,36
-114,-128,40,-14,82,-112,116,-6,-8
50,98,-62,-106,122,-62,-94,-72,-54
92,54,-96,-105,-115,-37,-112,38,112
8,-86,54,-105,46,-75,16,-100,64
64,-66,98,-120,39,-80,62,-18,-12
-88,-84,102,99,-23,-80,-46,32,88
-84,50,-10,108,-31,-90,-76,60,70
-84,-48,78,35,-104,-91,94,-10,-112
24,-82,58,37,-114,-82,40,108,-84
24,112,8,-71,-26,-98,-118,-54,-106
-28,28,-8,-71,-52,-104,112,-24,-118
-42,48,112,-89,70,-73,88,-86,116
-36,8,94,-102,48,-63,104,-24,76
-18,-122,-4,22,93,-62,48,-38,66
32,82,-70,21,95,-65,-2,20,66
86,76,-54,47,95,-107,-12,-72,106
-12,58,-74,56,104,-115,-60,6,114
-70,24,66,74,115,94,-76,-84,30
62,6,110,84,124,87,-124,32,20
10,74,102,37,99,64,98,-30,-34
-86,22,-116,32,97,55,8,-98,24
-32,52,100,109,-25,9,-74,36,-126
-88,-14,68,100,-28,0,-22,108,70
-24,66,-88,87,-19,4,-102,74,12
-62,126,120,-120,6,-16,34,2,104
-122,-2,-58,-8,-106,-53,-30,58,72
-78,-96,28,22,-92,-42,-12,-104,18
48,-42,-110,-92,-9,-70,-92,-26,30
-124,20,112,-111,1,-74,52,12,-110
38,24,106,95,64,127,110,12,2
84,24,12,98,41,-116,-58,114,-6
26,-106,112,39,-48,-25,-4,102,98
-88,70,16,5,-62,7,-12,98,-76
66,-104,-92,39,-42,101,62,56,60
62,-60,-36,15,-36,111,90,38,52
-88,62,38,-107,97,-75,54,66,30
-92,-10,-28,-118,89,-72,-30,-64,-4
116,96,78,-50,69,22,-18,-52,-24
-102,-18,-4,-32,75,33,36,68,-110
-56,-82,30,-97,90,-81,102,-38,-84
-74,-78,-28,-115,104,-89,-100,-2,-128
20,100,-86,-115,-124,-112,-118,-124,-114
-34,92,-52,127,-109,-115,20,-92,86
56,20,-24,1,67,-8,-40,24,-88
-76,38,-44,-15,67,-25,44,-72,38
-40,-16,-78,-68,81,96,28,78,-32
90,-24,-46,-85,97,89,54,34,32
-56,106,-34,-104,17,76,-108,32,80
24,-102,-38,-107,27,78,-74,-56,120
70,-38,-2,-83,-39,124,108,-126,110
-82,-10,56,-117,-27,-126,-56,66,34
-88,-98,-80,-19,85,-127,-2,-112,108
-32,12,-36,-26,99,114,6,42,-48
-90,98,84,-60,126,93,-20,12,72
26,12,-110,-56,125,99,68,-2,-48
64,18,-98,14,-104,88,-18,-124,92
-18,-122,126,24,-95,69,-66,56,-50
116,-112,6,-103,-88,-4,-82,38,-34
-22,42,22,-98,-86,-10,100,22,34
64,-30,104,-112,-37,-61,-98,98,-28
-96,-40,-98,-112,-40,-68,96,54,8
-98,24,-70,51,-43,-93,92,-108,24
112,-60,42,59,-62,-87,70,-8,28
80,76,-120,108,-61,-112,22,118,-24
-30,-80,96,107,-60,-115,-36,70,92
-30,36,-62,97,21,91,86,2,102
-98,24,72,97,37,100,-108,-112,-78
86,-128,18,-126,-93,95,28,108,-84
84,126,60,-123,-92,103,6,28,-46
0,112,12,13,3,-87,74,90,-116
-72,14,-64,6,3,-83,-38,0,-68
38,34,112,13,-120,-81,74,-76,-8
104,-126,104,-3,-125,-69,64,124,22
112,-78,126,35,-13,-3,-38,-86,-94
14,92,100,45,-20,-2,-68,-88,-16
-116,-114,54,-99,-28,-43,2,-92,72
-80,4,98,-89,-26,-44,-86,-38,-22
-40,-100,-70,-102,-101,-68,90,0,118
-104,-88,-18,-95,-127,-75,106,-96,-90
24,-124,124,127,52,-29,-118,-54,-10
26,-48,96,-121,26,-28,98,80,24
106,68,22,-89,-58,42,-10,32,-16
26,-8,0,-88,-83,43,40,-40,66
-40,-34,-108,-70,78,87,62,-64,84
82,-22,-66,-68,92,86,6,-122,80
-62,-88,-62,67,8,83,60,34,-2
-84,106,-44,98,-14,82,68,-70,72
-112,46,-54,-4,-18,-64,6,82,-122
22,122,-96,-15,-26,-76,94,62,124
92,-36,32,106,71,-123,-110,6,-118
122,-88,-80,54,50,-122,-114,124,-6
34,-60,-128,84,114,-72,4,30,0
36,-82,-10,105,56,-47,110,-48,-66
-114,104,-126,10,-122,38,-26,-48,90
-120,-26,100,39,-107,19,-22,-72,-52
94,68,114,127,96,73,18,-84,-16
26,14,116,-107,78,84,-32,94,58
90,-58,-54,44,120,-51,18,54,-86
108,30,48,56,101,-39,0,-40,-100
62,42,-50,-71,17,33,58,56,-100
74,-128,-4,-67,25,43,86,12,-62
-6,-72,-64,-79,-125,22,86,-102,88
-24,76,-118,-104,-123,27,-88,-108,72
112,70,100,-64,-57,-49,-64,58,-62
102,-36,68,-80,-46,-47,-72,-34,92
56,-2,-6,107,28,-99,44,82,-38
-124,74,-90,105,14,-101,-72,-110,106
26,-102,-40,-100,80,-120,108,-36,114
-8,54,124,-103,89,-103,-116,-16,-102
-58,12,4,-72,-82,-83,-82,-50,10
42,-10,-26,-67,-73,-89,-74,30,48
74,42,-38,-19,-61,-86,114,-110,-26
-66,-100,-124,-6,-29,-78,-110,66,114
86,-124,-98,49,28,-45,40,26,40
-60,102,-86,65,11,-45,64,-106,-10
84,-14,-82,-128,34,-28,106,38,24
-70,-12,-98,-109,37,-26,-128,110,-34
-64,50,-36,-55,-81,-31,-110,-40,-54
-108,-52,-68,-61,-97,-26,-114,-12,104
56,10,-80,31,-112,24,32,-40,34
126,-30,0,9,115,21,58,28,6
-44,-88,-84,110,-39,-83,-112,-102,-88
-116,-54,-102,109,-62,-97,20,-24,118
110,86,-94,-99,57,-124,88,-60,-36
100,60,98,-91,49,-120,84,32,-56
-34,-26,-72,52,-98,113,86,-32,68
-90,-22,120,50,-109,112,52,28,48
-102,18,-48,58,-41,-108,-96,-14,-88
60,72,-72,53,-51,-111,-120,28,62
6,38,-14,86,75,-93,-88,-86,42
-124,-26,-14,70,83,-101,-12,12,-26
120,-72,80,45,-70,-121,-84,54,-108
-28,44,10,7,-72,124,-10,-40,-58
-12,52,-102,114,-111,0,-2,22,-104
44,104,62,-110,-119,7,82,110,92
104,-128,84,-3,38,45,68,-98,52
58,16,28,26,11,45,72,-116,-30
-24,-26,-104,-45,31,-49,-62,-126,-86
-126,-62,-2,-69,2,-28,30,72,-114
88,-82,-58,-96,53,48,80,-88,96
-24,-88,-68,124,68,31,68,-126,-60
84,-10,-70,0,23,-50,88,-80,118
46,-76,94,41,41,-61,94,86,120
4,-18,-70,-63,-126,-78,52,-14,2
48,-36,-54,-49,-120,-67,92,-102,-80
-126,92,110,-31,127,-12,-18,54,-102
98,94,102,-41,109,-29,32,122,-12
92,56,102,122,-107,107,108,14,-38
-18,98,92,119,-92,113,-104,112,-36
10,118,-106,58,-76,-38,48,104,-114
-60,-42,20,58,-43,-44,50,6,118
-64,-104,-112,-123,92,51,-54,16,-120
78,4,80,-121,120,45,-14,-84,100
-20,-24,20,-33,-104,-16,14,-58,80
84,16,18,-6,-73,-17,68,-86,-94
54,90,40,34,38,-110,-120,-50,-72
-6,-112,64,34,72,-121,-108,-44,26
60,18,126,43,116,42,20,28,-2
-40,106,70,68,-115,32,60,68,44
108,-98,-66,89,54,-32,76,54,-120
-30,-50,30,81,63,-44,94,54,122
-78,-32,-126,-51,-80,123,16,-62,-76
64,16,-116,-51,-85,127,12,62,-94
-10,24,-58,72,-31,-10,-38,112,30
-126,-90,-38,80,-15,-19,-70,68,-4
124,-8,120,72,93,50,-108,-118,-98
-30,90,124,82,112,37,30,16,-68
108,16,-40,11,-61,-84,82,-86,8
-52,-50,56,2,-64,-93,42,74,76
-118,-18,-96,-73,120,-98,-10,106,-12
104,-8,-56,-65,116,-94,-124,30,100
98,86,-14,54,80,88,-60,58,-66
64,44,-74,56,73,109,-64,0,-50
-58,-80,96,46,-54,-38,-16,74,-54
-68,60,44,42,-58,-27,116,20,-116
-114,40,-66,-59,-96,-8,110,38,120
-10,-6,-6,-89,-92,15,76,16,-120
48,-96,-16,25,4,-103,-30,114,-92
-106,104,72,8,20,-30,-64,78,-94
-40,-2,54,116,87,14,18,28,74
20,32,108,-94,73,30,-42,6,58
-84,80,6,-23,-25,-39,94,98,-36
30,-118,-44,-37,-38,-22,22,4,-112
118,-114,34,-58,-93,-12,16,-112,-90
24,-104,126,-81,-93,-9,-4,40,80
-36,-76,66,-33,40,51,100,-116,-14
-70,10,-18,-77,-10,30,120,-92,20
-20,62,-114,-79,-117,-19,42,-54,-104
106,116,-22,-69,126,-24,36,-50,-22
46,-30,6,37,-105,121,118,-22,80
-20,92,-34,-23,-116,108,78,76,10
-62,76,-60,30,34,-11,-114,-88,-74
-104,-110,116,49,47,-17,-92,-36,44
90,20,108,-109,76,-12,-126,82,-124
-114,-112,70,-116,15,1,96,60,-56
-56,-90,-96,-28,93,0,-54,60,82
-10,122,-80,-43,73,-25,34,54,-46
46,58,-22,38,-114,-17,92,-58,96
-90,112,-48,53,-122,14,-80,-54,-78
94,-42,2,111,-58,-117,-76,28,-24
110,94,-92,126,-53,-118,-86,-46,-46
62,92,-126,-60,-84,117,-28,-8,-88
112,122,114,-50,119,-127,-68,-68,-92
-122,-6,112,76,-93,-79,-68,62,-36
-128,36,-94,70,-113,-68,-72,-94,-104
-106,36,-82,-24,-28,30,-124,58,-4
84,78,-52,-27,-29,39,80,2,98
84,-24,28,40,-15,103,118,106,-100
92,4,-46,57,-19,115,32,120,-54
-2,-24,-8,23,-2,-51,-88,48,76
-126,-116,-20,2,-10,-49,-40,-122,-8
34,66,104,101,17,-60,-6,0,88
-4,88,4,89,24,-62,-12,84,-18
120,84,76,27,118,-87,106,58,116
-112,70,96,30,-122,-82,-116,-100,20
-50,102,-40,19,-53,-96,-66,22,78
18,-78,126,8,-37,-105,-28,118,22
-112,-110,82,36,40,-89,8,18,50
-14,-112,48,43,38,-95,34,76,-64
118,-16,18,-100,4,-52,18,32,-98
-90,66,-104,-125,-1,-48,-4,108,106
28,68,88,45,-101,-59,18,-70,58
-110,34,66,45,-107,-67,48,24,-94
-76,-20,-26,49,-88,-18,-10,-56,116
120,-124,-48,91,-77,-13,6,-24,-120
74,-2,106,24,-112,-26,-58,86,-10
42,-16,-126,50,-125,-17,4,-78,-4
124,-48,-52,112,-51,-63,0,-40,-124
-92,74,-68,125,-50,-63,46,14,50
-16,-54,2,93,89,-110,12,-112,-12
-124,122,-68,103,69,-124,-38,-92,-28
-52,48,-70,127,-49,92,-96,10,-100
-2,-126,100,118,-75,92,68,20,-40
-116,0,28,41,-3,47,80,16,54
74,16,-30,21,-16,48,-8,44,-32
86,8,-14,70,-120,75,-28,32,-88
-74,124,90,39,126,80,14,44,-76
40,98,0,85,-112,79,-76,-58,-118
70,30,14,93,-114,84,-32,-102,-44
2,-74,-110,-64,-107,-39,68,60,16
120,26,90,-74,-116,-26,88,-38,6
12,-8,-66,-37,55,66,-68,-124,-52
108,2,58,-32,64,83,-42,-84,-82
124,90,-80,48,-105,-48,-116,-24,-120
52,112,-66,9,-86,-54,10,82,-2
-14,-22,-12,-96,-102,-29,60,28,38
-76,28,42,-65,-92,-36,126,-126,98
124,-78,-80,103,91,-39,70,102,104
0,-90,106,127,74,-36,110,-68,-66
-120,-4,44,-3,62,-122,-54,-92,6
120,-62,18,-31,52,-112,-128,40,-58
10,-120,94,90,-76,-35,110,86,102
18,30,-104,80,-52,-52,-68,38,90
40,26,-62,24,-46,-9,-98,-104,-104
-24,96,-68,25,-8,-33,-44,18,-38
88,120,14,97,48,88,-2,-70,22
98,38,96,111,43,87,46,4,28
96,-22,-80,-21,-19,116,-10,98,88
-94,-6,-48,-46,15,121,-12,-22,62
-90,-74,32,-43,20,93,10,94,68
102,88,-82,-79,42,93,-12,-82,-36
124,0,-114,117,-30,32,126,42,-58
-42,-84,46,96,-16,19,110,114,-100
-66,-40,72,-31,-98,-85,60,106,-104
68,-38,28,-35,-68,-91,-82,-120,-26
42,-32,-102,82,-79,68,-32,-54,28
-118,68,-72,100,-50,45,118,-82,122
-82,100,-90,-78,85,-68,-2,-22,116
18,58,60,-84,98,-81,-112,-76,-34
-2,98,-98,110,27,37,-84,126,74
-108,-80,-60,104,33,29,88,10,42
-124,100,12,60,55,-45,58,-48,-20
50,14,-48,36,41,-42,-58,46,-6
40,2,-40,4,-68,41,-64,12,76
-114,84,-14,-1,-97,38,-118,-72,124
-62,-54,58,78,22,3,-88,-72,-124
-114,88,116,65,29,-1,-116,26,-42
-34,-40,22,47,-66,-60,8,-20,122
110,30,16,56,-71,-47,-4,-20,94
-64,-104,38,-30,127,-14,-8,96,48
18,-102,86,59,-114,-24,-28,-110,-108
56,-22,6,-28,37,73,92,108,-12
28,26,22,-9,28,83,90,74,82
126,-86,-44,-72,-76,-83,122,112,-18
114,50,54,-80,-62,-79,110,-6,112
-64,-32,-6,-103,-116,-61,-114,-128,110
80,54,-66,-110,-111,-53,6,104,-54
22,-22,16,-112,-110,-44,0,60,-74
-48,64,-94,-105,-101,-42,2,96,-4
-94,22,58,3,-57,8,88,-62,-102
110,78,50,6,-62,11,-102,-38,124
-114,8,-62,-81,-44,49,100,-26,-80
30,-96,-32,-86,-32,48,26,-68,-62
-122,-76,78,7,98,69,-2,96,74
-128,54,-78,32,113,75,-74,-128,26
-4,92,14,-23,19,123,84,-62,54
8,54,-74,-21,11,-120,112,64,124
-56,0,122,-5,-10,-64,16,92,-44
102,-16,-100,-12,-30,-58,52,-82,108
-16,-72,-10,-102,124,-26,68,16,-16
70,110,8,124,108,-19,90,-84,34
-74,-116,90,-83,62,-22,8,58,18
24,-8,-46,-55,25,-15,10,28,-28
28,-6,-74,-117,10,-17,-102,-22,98
68,-16,-26,125,-16,-25,50,118,32
32,18,-92,-97,95,-90,64,-96,60
-122,90,-74,-101,100,-86,-114,-92,-28
122,-60,-74,-46,100,-43,-36,44,-100
-106,30,98,-28,74,-20,94,-66,102
122,34,122,-75,-125,-71,-84,60,-84
80,12,-80,-58,-123,-66,-84,108,0
-54,-126,-110,-45,-109,-113,-48,112,-72
78,-70,-56,-34,122,-105,20,30,-106
110,56,52,-78,22,45,-106,18,-80
104,-120,-124,-71,29,38,124,-128,-14
-78,-68,124,-72,9,39,-86,92,16
88,-36,-88,-75,11,46,82,40,64
-78,-68,124,-72,9,39,-86,92,16
88,-36,-88,-75,11,46,82,40,64
64,-74,-120,119,120,121,-18,-78,26
-78,102,-8,123,-122,114,58,10,124
100,-54,116,116,69,102,-20,4,22
14,-104,-60,108,91,108,26,-106,-62
-66,-100,16,-116,-74,64,124,24,36
-108,20,46,-112,-72,55,124,120,120
98,58,-86,-106,-88,23,0,120,-122
8,-20,116,-109,-94,21,-12,-54,126
8,124,-96,21,11,-12,-78,92,-18
76,-8,0,13,20,-18,-30,-44,6
-60,-94,-120,3,72,-18,-108,70,-120
10,114,-58,55,28,-8,-52,-126,116
-86,120,-44,96,10,37,100,-24,12
124,-60,-52,120,20,36,52,36,-46
30,-4,112,-52,-27,61,-120,18,76
32,-48,116,-58,-29,53,-124,86,38
-86,100,34,-26,4,37,-64,34,106
-6,-44,-74,-32,-18,22,-94,-126,-94
-122,-84,-34,-85,-40,15,-50,-44,94
26,-90,28,-96,-33,11,-58,60,-60
-66,32,8,31,78,26,24,-96,106
-60,-78,40,38,78,21,68,-38,-98
36,-108,-62,85,29,16,-56,-70,-22
44,-126,-80,84,15,13,-78,-42,-66
-28,102,-28,-28,-14,-46,106,28,-36
0,-2,18,-43,-16,-41,112,28,-46
84,8,108,32,-33,-128,56,-118,-10
-80,-50,46,23,-36,118,84,10,-80
20,-106,124,-45,123,45,-90,66,4
48,38,-90,-40,116,35,-78,98,-2
108,-108,-10,118,38,41,-4,-4,56
-88,-114,-98,125,44,49,38,78,54
-114,112,-72,-101,69,68,-88,52,-40
-14,98,-122,-103,23,72,-54,94,-60
-50,126,-26,-103,62,-110,-54,16,-112
-36,46,-78,127,102,-89,74,-66,20
2,36,-42,-4,-39,-13,40,-122,110
58,-102,-10,-11,-53,-39,96,-50,66
0,-60,62,-34,-72,80,-20,-22,-128
102,-92,56,-35,-81,76,14,-62,10
22,-60,2,4,-87,-40,-68,24,78
-50,-30,100,-11,-101,-16,64,124,-94
-122,108,8,124,65,118,-88,-46,56
38,64,-122,102,69,114,-30,24,-42
-14,-120,26,86,46,58,-14,14,-26
96,-88,-16,87,51,69,-30,110,-114
56,92,84,29,-47,-105,-32,-94,116
96,100,110,14,-62,-97,64,78,74
82,62,-26,-27,-74,34,22,120,2
82,-88,-88,-34,-76,34,-110,-74,-114
122,-52,-110,111,97,61,28,82,-88
-32,2,-16,-127,127,58,-74,-66,10
96,68,42,-27,-86,-47,-86,124,6
-38,-26,-86,-24,-65,-58,52,126,124
26,-100,-102,-85,-24,125,-104,6,2
-94,-28,-34,-95,10,124,-122,-82,124
-48,-56,38,-52,-41,72,-108,106,66
26,-106,-78,-86,-10,65,-64,100,70
-110,50,110,-63,-87,28,-38,-56,-76
4,-86,60,-79,-72,20,-72,22,60
114,90,-30,59,-43,-57,-88,-122,116
96,-78,38,60,-37,-56,-124,-102,68
-40,46,68,71,-37,-122,70,-90,36
-92,52,-94,74,-35,119,20,68,-62
-20,-70,68,-126,-45,57,50,-10,-56
-96,-74,68,-112,-49,65,-62,-98,120
-68,-120,-56,-77,-36,20,118,-8,-44
-88,124,92,-91,-31,22,48,-64,-20
-72,24,-78,-59,79,-53,20,-88,-86
76,66,-84,-55,104,-54,-56,98,-76
-34,66,-26,93,-32,-67,16,120,-114
-80,16,-78,100,-27,-61,-34,80,-74
110,-122,20,86,31,-105,-54,22,-62
66,-42,96,61,53,-109,-54,80,-14
-50,72,14,53,5,33,48,-128,-70
28,-116,8,47,26,26,18,66,-56
-94,-90,-68,53,-41,-9,24,16,40
0,62,-16,53,-50,-2,-62,-40,82
-86,52,38,87,-43,18,-40,-120,106
-122,96,54,89,-54,12,74,18,6
118,-96,-122,124,90,78,82,-38,72
-40,64,2,-122,102,60,112,-100,-38
46,90,30,-83,64,107,108,-32,-18
-128,-124,4,-27,64,104,64,66,-18
58,98,36,-9,95,-6,-32,-54,52
-104,-108,12,-10,94,-28,-2,-20,20
104,-98,40,125,100,-16,-74,92,98
124,-26,-10,-120,98,-5,80,-114,32
76,58,-50,62,39,43,-32,96,-66
64,-52,-34,60,43,57,-62,24,-104
66,122,-16,-5,-110,57,96,92,-104
-32,-98,-26,68,-112,46,-38,-114,24
42,66,62,-40,51,43,-72,66,12
-28,-14,120,-50,57,69,56,-56,92
110,-120,100,59,-81,-57,48,-30,-54
-22,-80,46,78,-109,-43,62,-64,-104
-52,36,112,-72,-16,-74,-62,12,100
112,-42,-36,118,-34,-90,100,-106,-68
126,54,-16,14,5,6,38,-92,26
-2,-102,-16,5,-16,-5,52,48,-120
-76,-16,-34,-50,104,104,10,-128,52
-26,-120,-24,-17,58,121,-30,32,-20
54,-92,-4,28,22,69,-86,126,-94
110,34,-58,25,-12,83,-108,-38,28
-40,24,-104,25,-108,-105,90,-50,108
-18,66,-20,20,-107,-103,114,-62,60
90,10,64,23,-81,-57,-66,10,58
-76,94,-114,51,-80,-63,60,-112,38
-68,20,-78,-62,-87,9,92,-112,-102
22,70,106,-52,-101,13,84,-54,-64
-40,-128,-20,-91,-94,91,-44,46,34
-32,68,-40,-90,-89,97,42,-34,-30
-114,-82,-112,79,27,110,38,-42,32
44,-88,-80,54,45,127,4,-56,-56
66,34,126,-54,-102,53,-22,116,-58
98,-74,42,-52,-92,45,-22,-50,66
52,-58,64,-36,15,-19,-98,-18,-120
124,60,-18,-36,1,-23,-90,68,70
-58,48,106,-54,-124,-63,-64,-38,-50
-106,72,-12,-50,-111,-70,38,-56,-88
-26,46,42,1,-17,112,70,-104,-126
-60,10,-36,20,-15,104,104,22,54
-54,6,46,80,-18,115,-28,14,-18
-12,-98,50,73,-47,119,26,92,-98
16,-6,16,91,-100,-108,40,46,118
-50,-108,-62,89,-119,-91,-28,-34,28
118,-44,-4,127,0,-26,0,-114,-46
106,-32,-104,-117,9,-30,42,-30,-114
-120,-30,118,-94,56,5,124,-124,-22
-122,-8,-128,-85,-34,-5,88,-56,74
102,-60,-126,-4,-98,46,0,-72,80
42,124,86,14,-124,61,6,-42,58
-74,18,100,39,71,17,-34,54,-62
8,46,-84,26,55,14,-102,-68,-42
4,-8,-56,-45,-34,14,8,122,-86
-10,88,74,-47,-40,20,-2,-124,102
-128,-58,-112,96,-115,-33,72,80,100
-40,76,-126,84,-127,-44,82,-94,56
56,120,-42,69,9,-70,50,88,58
-116,-36,108,50,-16,-78,62,-74,-68
-34,-22,102,-41,-9,46,-114,-106,-20
8,-36,84,-39,-19,52,122,-116,14
78,-58,100,47,105,122,-46,116,-44
-80,-96,102,66,99,-128,-100,-40,-18
-88,-44,28,96,82,29,26,76,118
90,-52,4,-128,109,36,-2,124,56
-32,78,-34,-103,-27,-32,-116,88,14
2,-4,-66,-94,-33,-40,-8,-28,18
-54,28,-118,97,-43,-64,-62,78,-36
-46,78,-58,81,-65,-61,84,-48,-118
108,-76,112,109,-83,-70,-64,6,-6
-110,18,-98,-125,-81,-66,-58,-42,96
4,46,74,-4,104,43,-64,-108,-22
-94,-94,96,5,120,32,-128,32,-116
-18,-88,26,65,-112,21,-62,-82,-8
-120,-64,88,93,-124,7,0,70,10
-26,-128,78,-56,64,51,-58,-118,16
-74,-60,-8,-70,67,55,44,-118,-128
-2,-80,-38,-65,61,47,92,112,18
-96,104,72,-51,62,38,-36,-60,-128
90,74,112,108,-50,-67,14,64,4
48,-54,90,98,-30,-78,94,22,78
34,110,92,-90,63,-99,-114,68,80
-126,56,60,-89,67,-109,-2,-16,76
-6,-38,-94,97,24,-104,-76,114,10
-98,-66,64,57,61,-90,50,52,-110
114,28,-26,-31,32,-78,-38,112,36
104,-32,44,-70,41,-78,-64,6,-16
-8,-46,106,82,-74,-60,40,38,4
-28,-96,-80,59,-67,-62,-102,-6,-62
52,-62,10,114,70,-63,34,72,-86
-30,-46,60,118,76,-61,6,118,-64
30,-44,-96,-53,-43,-104,22,46,-34
-40,-92,-96,-57,-31,-119,-70,-24,54
118,-4,-128,-28,59,48,34,28,118
-64,28,-124,-24,85,44,-122,-74,-102
72,-18,32,-44,-47,-47,50,28,-92
-70,34,52,-50,-38,-55,8,-18,122
14,-10,-72,-97,18,127,-116,-90,126
-118,-60,-34,-80,39,112,88,92,-120
-64,18,-4,15,79,105,-56,102,-94
16,72,14,26,77,103,104,-38,-22
8,-122,0,54,-121,110,-56,28,104
56,56,-110,61,-104,105,-82,-54,-68
90,-8,4,14,-81,-110,102,-76,-128
0,96,-4,15,-78,-98,20,38,-14
-22,-46,-102,93,116,-71,-104,-4,54
124,118,98,101,106,-74,-110,-6,-82
-42,-14,88,102,-2,-111,60,-48,122
-56,100,-86,122,-30,-117,-48,18,-110
-48,48,-80,-96,85,-57,-52,-110,20
-72,118,-64,-98,125,-64,-72,116,44
82,-82,-16,-22,-37,-117,-86,66,-112
116,-24,-4,-13,-31,-106,-54,56,-82
78,-60,-6,14,121,-117,-94,50,52
-78,84,-84,30,102,-121,-58,-112,14
-124,-78,122,-110,-97,4,-98,84,-106
-122,-60,-16,15,-111,-43,68,16,-18
116,86,38,-9,-93,101,-108,-28,120
50,-38,36,-11,-97,-127,-128,82,50
32,18,66,-11,-91,-87,-40,-72,124
26,52,106,-38,-96,-86,-124,112,58
22,82,102,-107,-79,-42,28,-122,102
16,-46,-24,-111,-88,-35,-40,-26,-36
72,-70,-128,-51,-89,-123,18,56,-18
16,-54,-124,29,-78,94,112,-112,-48
-118,32,50,-48,-84,-112,90,-42,-4
54,-66,18,-81,-101,-106,-106,-28,-14
-86,-26,70,-51,65,125,110,106,26
118,120,-2,-49,58,124,64,-18,28
-70,90,86,18,-75,-43,-118,102,-4
120,124,-22,64,-50,-43,104,-106,106
-26,86,18,124,51,-5,-34,118,-58
66,34,4,121,38,-13,-22,-48,100
118,-114,112,-20,48,-44,104,110,86
-26,10,120,-31,69,-53,112,52,-82
68,-40,90,34,5,-3,94,118,6
124,84,-48,36,10,2,74,-28,-68
-52,-30,12,80,-66,127,12,54,22
22,36,-106,93,-80,-119,-20,52,2
20,-6,82,99,-85,-86,-68,-116,108
10,78,108,98,-72,-92,124,-28,34
28,-26,-2,58,-109,-107,112,24,-126
92,38,-62,46,127,-106,-32,126,116
-14,100,-106,117,49,-1,74,116,80
-62,124,-20,91,59,3,8,92,-102
-2,8,-20,57,-77,19,-108,-56,-126
-50,-72,68,68,-61,15,66,-8,58
-78,114,-10,79,-12,-70,-68,68,-16
-88,94,22,81,-4,-78,-90,106,-6
120,76,-2,95,-42,113,-14,-24,50
-20,64,-54,100,-45,120,18,68,-76
126,2,8,-26,-20,95,-106,-18,10
-68,-60,4,-19,-24,89,-90,-106,-58
-54,76,36,12,61,79,-14,-116,82
-128,52,-2,21,69,83,46,-54,40
-52,106,-8,78,118,65,-64,-106,118
-118,88,-46,77,115,63,-64,-62,114
100,-80,74,122,-92,64,-8,70,-42
52,46,2,115,-92,64,38,126,-32
-80,-10,-104,100,-79,122,112,64,-32
-48,-66,-126,115,-87,113,28,-54,-34
48,22,-68,-45,51,105,-96,94,90
-24,-118,-92,-50,27,109,-54,-98,70
88,-86,12,-45,-62,-78,30,-92,-96
-18,102,-8,-50,-49,-71,-2,48,-96
-50,106,-128,-17,-120,-52,96,90,8
-108,22,120,-28,106,-46,122,-102,6
-108,118,94,-60,36,-24,114,98,38
-84,28,36,-66,22,-10,98,-126,-38
90,66,-22,-114,-86,26,22,72,62
-44,60,-110,-124,-93,17,42,-114,-56
68,54,122,37,53,32,-26,-72,24
56,-40,98,44,47,38,-46,6,82
-10,14,-126,-34,-29,20,40,-116,-6
116,-20,-74,-18,-44,29,108,-24,-128
112,-22,124,37,-98,25,-76,-78,14
38,-92,38,37,-110,17,-16,-38,-36
-52,38,-58,-128,8,-110,116,-6,-104
14,-116,-118,-106,-39,-111,-106,68,-122
-68,8,66,-37,-109,-100,-126,-10,8
-28,-48,20,-25,-124,-92,122,68,60
-22,-12,2,105,-109,125,-72,-86,10
-76,-112,-2,-33,-19,119,114,-122,126
-126,-28,8,-31,25,-31,74,-32,-96
30,-100,-88,-8,15,-55,96,78,-112
-100,-104,-122,-89,116,-108,10,-76,18
50,34,-60,-80,108,-102,8,24,38
34,-28,-50,-14,31,4,68,36,84
24,84,16,46,85,26,-70,84,46
16,118,-4,-46,-106,0,2,74,-42
2,20,98,-46,-104,4,98,-56,-70
-56,-34,-10,36,-81,-3,78,16,42
-40,-100,-116,39,-77,-16,4,54,84
-50,116,-86,23,-93,16,-52,-112,-22
-90,-18,90,22,-77,14,70,24,-116
104,66,106,25,-65,-13,-42,-118,120
12,-90,-2,10,-59,-7,90,-10,-14
-16,50,-26,117,-62,-46,96,40,-30
14,36,-116,105,-50,-42,-76,110,-120
-66,62,-100,-105,88,-97,22,-80,116
66,-126,100,-127,104,-97,54,-108,86
14,-66,-38,-114,112,111,-82,102,-2
-14,-116,-24,125,-100,103,18,-100,-44
-80,-40,-24,34,0,123,-108,56,62
104,-6,86,30,44,-126,112,-102,-64
86,-118,104,-50,51,-101,-6,-104,-36
16,48,14,-76,68,-104,-86,-36,124
-126,50,-90,-31,-67,125,-78,14,62
-102,-114,56,-34,-58,125,104,22,-106
110,-52,104,-15,-56,120,80,-60,108
40,-16,48,-17,-55,117,-60,60,-92
-96,-50,22,-29,-77,83,6,-102,-110
-78,50,80,-30,-73,66,-80,-2,-48
112,-14,30,-18,-123,21,76,-30,122
118,108,-128,-27,-128,10,58,-52,104
68,-114,46,-50,60,-15,36,56,-114
64,-60,-116,-54,55,-25,124,-56,18
60,-4,104,-71,32,-55,110,-110,52
-58,-108,26,-69,31,-62,104,102,30
-46,-118,-66,58,117,-22,-14,-110,114
-32,-12,-68,74,118,-20,-40,38,42
14,30,-116,28,-35,-33,92,-2,-80
126,80,-82,31,-30,-23,84,-4,-56
-72,64,-102,-3,-105,-4,-56,100,26
-58,-108,-108,31,-113,-13,-60,36,26
-56,-114,-92,-16,-13,67,104,-44,46
96,-6,-24,-13,-19,71,108,108,74
-98,66,92,51,106,-125,10,66,48
24,126,12,67,117,119,24,50,2
76,-94,52,-71,93,101,-104,38,-88
-112,-62,66,-72,75,113,96,14,-42
-18,10,-6,99,-63,117,-12,-30,16
-122,14,-6,102,-102,89,2,-12,14
-16,-98,-32,75,-31,-115,90,-52,2
-102,32,74,2,15,-89,78,-50,-24
74,-114,32,58,-83,-66,-58,102,112
24,94,100,127,-80,-81,-48,44,20
50,-8,-24,-118,105,1,50,122,-8
76,0,-46,-92,93,14,-104,46,106
30,-56,-60,50,-6,-87,-80,-50,20
24,-4,-48,42,-15,-78,-14,16,-16
66,56,-98,75,-114,60,34,112,-54
8,-84,42,37,-97,57,-12,-128,-80
46,-2,48,-119,75,-41,-78,46,28
114,22,-84,-28,-69,-15,-44,62,36
96,104,-4,100,-123,78,-102,-110,4
-34,-96,-42,-115,-115,77,106,122,54
-34,62,-38,-1,22,106,-88,-32,-36
-10,-24,-120,-11,-11,101,122,26,30
-102,-100,-48,-32,-95,36,38,18,-38
72,40,-62,-41,-105,31,104,-74,28
122,-84,-38,-84,-113,90,-62,74,24
80,34,26,-42,113,101,-32,8,-4
68,58,-8,-65,-77,-56,56,-2,82
72,78,8,-56,-96,-60,78,-10,-80
-86,-62,94,-67,1,-74,126,110,-46
-38,-112,44,-73,-16,-77,-128,2,0
-110,70,50,82,-96,-31,118,-70,34
68,92,108,79,-91,-34,60,66,58
80,110,-68,-67,-12,94,-32,-118,-44
12,-98,98,-65,6,109,-74,82,24
120,6,-20,-70,69,-93,84,98,-50
80,0,-46,-96,73,-100,-108,68,40
-24,40,-42,91,-16,-86,-22,56,84
-16,-88,122,-8,87,-108,-28,82,122
-102,78,46,-85,74,60,-40,-102,96
18,26,88,-40,78,54,-34,48,60
72,-8,82,-121,79,-23,70,-58,56
-98,-116,126,-118,79,-36,84,-16,32
-90,76,-52,93,103,-59,-26,-112,-4
-20,108,94,91,98,-59,44,-50,-70
-102,-120,118,-10,-92,-41,14,-78,50
-102,-116,-120,-16,-88,-39,-100,46,-46
44,46,48,-45,-80,-33,-110,116,-124
-88,-10,90,2,-39,-27,82,-22,16
98,-120,92,89,-106,28,-114,-128,-74
-50,-122,74,65,-92,21,-108,-64,-90
-128,-66,118,123,122,17,-86,104,-70
-108,-106,114,-121,-128,23,-80,36,-64
-116,118,16,-70,37,-9,0,10,34
-124,70,8,-64,47,-7,-92,-60,-64
-42,-6,6,42,42,16,-70,84,-38
-78,-6,38,53,29,30,-38,-126,-86
110,-58,64,-63,-26,34,92,-74,64
40,-58,28,-54,-51,33,66,18,82
-40,48,116,52,-42,-27,38,-10,64
-12,-24,-72,72,-42,-42,72,90,12
-124,108,104,89,-107,-105,-28,126,-22
42,74,-120,93,-119,-108,-14,-90,-34
-24,16,-54,-38,67,-110,30,-110,12
4,-90,-30,-40,63,-118,2,-116,-12
104,28,-18,94,-49,117,-30,-112,24
96,34,4,78,-62,118,-10,-78,6
-34,116,-108,90,90,83,-66,0,82
88,52,84,93,86,76,-46,122,74
-112,90,84,57,-24,73,-2,-12,86
-38,-4,96,43,-27,84,-14,2,32
-40,-68,126,-24,14,68,48,-30,-18
-72,-92,88,-19,-46,28,104,-22,64
78,26,-40,-7,67,93,30,-8,8
-56,-30,-14,-25,26,105,112,-12,52
-52,124,104,66,-32,74,4,-50,-118
-86,-40,-104,44,-34,67,-2,18,54
-86,20,-40,84,-12,79,-112,26,-10
-50,-24,-50,97,-11,82,34,62,-52
122,26,38,-79,8,27,20,74,-30
-52,32,24,-89,16,36,-24,74,-40
16,-52,-80,98,-89,-86,52,16,-68
-30,-124,120,118,-90,-79,-82,-80,22
-102,-62,10,118,34,-23,-12,-30,116
-86,-108,14,-100,42,-14,66,66,72
-126,-126,-6,-113,29,-4,-38,-90,-70
6,10,72,-96,15,-3,-26,2,90
-16,14,56,79,-121,-78,-72,-8,-92
-78,98,-124,57,-118,-94,-16,-96,-80
100,84,20,-35,-72,27,18,-70,122
-126,48,-82,-58,-98,30,-58,116,-8
60,46,74,-36,-113,-21,84,-24,22
48,-26,-112,-32,-77,-26,-122,-104,-76
-40,38,-94,-40,-43,-97,126,8,18
-12,-52,54,-78,-72,-97,-58,-110,-72
-34,108,18,108,-60,-53,36,80,-40
-76,-108,-80,115,-80,-44,-32,-72,-18
76,36,-4,57,78,97,10,-36,-88
110,-54,124,49,112,117,0,-12,54
108,-108,90,105,-48,-92,78,-66,-58
38,-126,98,94,-21,-92,60,84,-16
-86,-74,72,-80,-127,95,42,-116,-32
-40,6,-8,-98,-123,80,36,50,36
90,66,76,13,-76,86,88,-74,-112
-4,126,70,9,-64,83,-38,2,-22
86,28,-56,-1,19,-110,-62,108,30
-104,-60,-90,-7,30,-112,124,-20,44
-64,22,-92,-96,-59,73,-18,-112,118
114,116,78,-106,-44,79,-54,74,94
52,-6,92,58,-117,-9,32,-2,-30
64,46,62,64,-97,-22,-58,-98,62
118,70,90,65,35,-117,-4,-64,10
-54,86,-22,82,86,-108,-66,126,-40
22,68,-78,4,-105,44,80,-120,-68
-58,-118,44,1,-107,44,12,52,120
64,-66,110,-53,-4,-17,76,82,28
8,74,38,-73,-12,-19,-52,-40,66
-124,92,102,111,-126,-45,-18,112,-44
50,-110,94,90,-118,-50,-22,26,-64
-94,-96,-2,8,77,-76,-62,-96,40
58,92,-46,17,76,-75,44,50,84
76,-68,32,36,-27,-64,-52,-74,56
22,-44,-24,34,-25,-66,-52,112,50
50,114,12,-35,102,-65,-128,102,108
40,-2,96,-32,115,-56,74,-44,-40
96,-84,-60,-41,-54,-61,64,16,96
58,-80,126,-40,-59,-64,106,10,42
-30,66,100,73,121,-90,-72,-88,-72
100,-112,-112,86,-101,-94,-70,108,-28
-18,126,-24,-46,17,62,-104,0,-8
26,-18,-22,-35,19,56,58,78,-78
88,-28,116,-69,30,-105,42,8,-44
28,-32,-114,-69,26,-95,60,-100,8
-28,-58,-50,11,-64,84,-72,36,-92
-6,60,30,12,-81,98,62,-102,104
-6,-88,-106,-6,-27,-98,20,120,86
-100,0,-98,-26,-23,-90,76,-96,0
-34,44,80,-77,121,-57,86,16,22
78,60,88,-83,118,-56,26,18,0
-34,116,-78,37,-10,68,32,6,4
-64,126,-84,57,-14,62,6,-104,-122
70,-70,-120,59,6,-123,36,-90,86
-14,-48,-40,54,-1,-115,70,-104,62
-124,54,8,102,-14,4,62,60,-120
-26,104,-82,76,-2,49,2,-2,-80
-26,12,-98,-3,-11,-26,-114,74,-90
114,-30,-44,23,-3,-18,-114,-12,64
-22,0,-48,36,-22,20,-60,28,88
-100,106,24,17,-47,21,-30,58,26
-76,-28,2,-8,41,31,-124,-4,-116
-72,56,-30,3,9,37,112,108,-22
-76,68,-46,-16,97,72,-74,-66,28
-88,-72,26,-26,102,65,-14,-102,-64
52,-50,-64,-34,-42,-81,66,22,-100
110,-106,-32,-7,-78,-21,108,102,-124
-66,34,-12,106,-106,2,70,-40,-118
-42,-94,-120,105,82,26,28,6,-96
-14,24,-14,-86,80,7,-126,112,78
64,-60,-110,-80,99,9,-26,-2,74
-34,42,-66,-41,121,-27,-110,110,110
70,124,-72,-38,106,-27,120,60,88
56,-92,50,-114,-127,7,48,-110,-106
42,-6,-46,-119,-123,7,72,114,26
122,-60,-30,-12,-100,-1,-86,54,-62
52,-80,-66,-2,-95,-3,-86,118,-98
-64,122,30,103,-88,-81,20,-62,-64
-80,-56,88,108,-93,-88,84,-126,106
112,2,-72,125,-110,110,-74,-106,54
-6,-116,-74,127,-106,102,-38,-46,-10
-100,-124,-126,-13,-50,127,-8,24,84
-110,-18,40,0,-50,-128,20,58,22
100,76,12,24,59,-107,-104,94,-22
74,-40,-48,4,61,-120,-82,-98,-66
48,122,-102,10,120,-125,108,-120,14
2,2,120,-9,105,-116,98,96,-92
48,26,-66,-92,89,-120,-62,78,-90
88,-116,-116,-69,30,-123,-72,-78,-64
90,2,-70,-39,-66,-92,-32,46,-102
38,6,-100,-60,-84,-85,-16,92,56
6,-88,-92,16,-83,-43,-12,8,-42
8,124,-34,38,-93,-51,52,112,102
-88,98,-96,8,10,-48,-120,6,-128
2,106,-126,18,2,-53,-92,36,42
82,84,82,-10,94,-43,-2,2,50
38,10,28,-27,102,-43,-12,30,118
78,-70,-4,-61,-9,-43,28,36,78
-46,-72,-76,-44,0,-48,104,106,64
-118,6,72,-19,95,-29,96,126,2
-36,-118,30,-27,80,-34,-120,-116,-98
-76,76,96,14,-44,-95,74,38,76
-26,12,114,30,-77,-100,-124,98,14
6,-22,32,108,62,126,38,-14,120
4,124,-66,111,81,120,84,18,-96
118,42,-74,123,100,105,110,90,0
30,-12,-46,119,115,101,88,84,-72
-54,-112,98,96,-100,11,80,64,90
10,14,46,82,-97,5,82,-80,92
-44,42,-20,-14,42,126,68,-94,8
124,-6,-16,-43,2,50,122,14,-82
-22,80,-112,-86,-3,-76,-26,50,-38
-108,-32,20,-93,-14,-63,62,-86,-64
124,54,98,-42,-77,-4,-46,44,120
-90,32,114,-38,-64,4,-104,76,-106
-16,-126,-6,125,15,85,4,-52,-106
4,72,116,-97,33,92,20,52,76
116,-94,-124,50,44,64,-56,106,-24
28,78,-78,39,15,56,74,-92,-2
-70,-58,-20,-14,-107,27,-96,48,100
42,10,20,53,-77,26,-32,-22,122
-46,20,-122,-26,-4,100,-112,-122,-78
-14,62,88,7,-17,105,-44,-28,70
124,68,-22,11,63,-58,90,10,-24
-12,28,46,26,81,-62,82,52,90
-20,2,-68,-41,-13,-53,84,-34,-46
56,48,96,-46,5,-59,52,-80,-18
-122,84,30,-16,-116,109,-22,48,-24
-36,-118,116,-26,-94,108,60,-88,-104
-74,108,-102,57,-81,125,-106,86,-116
20,-16,-2,21,-33,122,18,0,-48
-86,-6,102,-53,-5,60,26,84,64
-42,-58,106,-87,38,51,-102,-112,-2
62,-54,-8,-101,6,-5,-38,-106,-84
-104,90,122,-125,35,-16,-66,-92,-72
-66,-6,40,117,66,-89,-28,-38,56
88,32,-16,100,76,-101,58,-12,44
-112,-68,-2,-122,-49,-127,-54,-50,-28
-98,-122,-108,-107,-43,-122,106,108,8
-32,12,-52,55,22,108,52,-42,-2
-72,-96,-38,64,30,107,-18,-74,110
110,-80,56,123,4,-27,40,-70,-16
88,-34,-50,-122,-16,-34,10,-84,-6
30,88,-90,-118,-80,-107,14,52,30
4,-108,-100,-120,-67,-118,118,100,40
-104,62,56,-52,90,64,-68,-96,64
12,-104,68,-35,66,57,-72,68,-118
-16,-118,82,41,-27,-34,76,8,-46
-32,18,-8,45,-20,-38,26,-74,0
-6,-26,118,65,-7,-86,6,-74,-104
-24,30,-78,67,-10,-89,-112,-80,22
-84,90,62,-45,100,-110,-34,-6,120
80,-60,32,-51,113,-121,-128,-26,-60
-26,-86,108,15,19,-70,-104,112,14
34,-16,-100,17,10,-71,58,-72,-10
60,32,66,123,113,54,124,8,90
28,38,-46,108,124,58,-84,-48,92
50,24,58,21,-121,-101,-62,-126,-108
-14,92,32,10,-118,-92,126,-68,-76
20,2,-34,-57,91,-46,52,-84,-120
-40,-106,-34,-58,94,-37,36,112,-114
122,-22,108,45,41,27,110,-122,54
-32,4,-66,56,37,17,108,98,16
80,-128,64,17,-98,62,18,42,-88
62,-26,-26,26,-99,72,82,-22,100
76,24,-108,13,-47,34,-52,110,-44
-48,-6,48,47,-63,47,88,-78,102
122,-122,-56,-123,87,-115,-68,-14,-46
-56,-122,-70,-121,73,-110,-62,-98,28
-122,-56,-78,-123,-10,113,108,-100,48
32,-116,-52,73,57,112,32,-124,88
100,94,-68,90,40,28,60,80,-24
68,-114,22,-124,88,57,36,-22,44
16,74,-76,86,-75,-113,16,66,46
4,-78,-86,74,-69,-102,-6,-98,-120
120,12,76,-19,40,105,-36,54,-48
-124,28,102,-40,44,101,10,-6,34
-60,114,-38,-121,-75,-54,-34,88,-4
28,2,6,-113,-41,-75,-28,44,-96
-96,106,-100,-74,-71,125,94,72,-70
-40,8,-38,-70,-91,108,66,-48,114
-28,-66,92,-4,-9,59,104,64,94
2,-116,32,48,-35,59,114,2,-100
36,38,-70,68,-80,66,-116,80,-56
28,-14,10,82,-126,72,-46,30,-122
64,-128,116,-112,-105,-56,2,8,94
14,-8,102,-102,-96,-54,-22,-116,-38
82,16,-80,-8,55,112,44,-54,40
-6,122,22,13,45,117,22,-64,112
-102,-4,18,-82,90,-54,-60,62,-108
-32,94,42,-70,76,-52,120,6,-128
-114,36,-116,-57,24,0,-110,54,-56
48,-40,-102,-62,27,4,-74,40,-18
26,-86,64,-35,0,63,-122,-88,94
118,-24,72,-48,-1,71,-46,10,124
-28,-46,24,64,76,111,80,-24,102
-96,-106,-44,59,85,105,106,-120,48
-96,2,-22,-92,-87,58,106,-64,-2
-110,54,-82,-118,-67,63,-108,-54,-6
86,50,-120,123,13,28,-46,-42,6
-92,28,-78,125,17,36,14,108,-84
10,110,-2,-98,74,18,36,-96,-84
42,-46,-80,-100,88,20,106,-46,-106
88,-80,40,-53,122,19,22,56,76
16,-110,68,-41,-116,34,98,-128,-102
38,-110,6,108,76,38,-72,-82,-68
74,-120,-34,-116,84,40,-50,-30,-126
-28,80,-104,-87,16,59,-6,18,12
78,-28,106,-89,14,70,58,90,-46
10,-78,92,-85,-92,106,-124,18,72
94,-32,18,-106,-108,111,-56,-120,12
92,92,28,-68,8,-119,-46,-36,-48
114,26,-34,-67,-6,-111,-6,-10,-72
126,112,-100,-19,-103,-99,110,-10,-44
-118,84,-26,-17,-99,-112,94,126,-92
66,-78,-28,-18,72,-125,20,-8,74
0,60,14,-13,71,122,52,8,4
-66,16,4,54,36,119,2,-96,124
124,-82,-26,51,32,121,30,-42,94
-16,14,4,18,-116,100,4,-34,12
2,-46,-62,0,124,94,36,-86,28
94,-40,116,-44,-122,83,66,-50,100
-18,-112,60,-126,-110,108,78,-34,106
72,54,-68,117,-105,-31,-82,62,-42
-124,120,120,-124,-112,-36,114,-80,12
-112,-42,-64,-57,75,19,-6,-98,44
-106,-70,-86,-91,62,21,-102,8,114
-58,90,-18,107,82,80,-118,-118,32
-56,-50,14,83,90,60,50,4,-110
122,-38,-100,0,10,108,-4,6,86
-2,-54,-62,30,13,113,-30,90,16
-58,-128,-72,-111,-72,-95,94,-74,-10
0,36,4,-77,-71,-72,-80,-92,104
28,-42,70,68,98,-100,38,-86,-48
-92,-6,14,76,90,-62,-108,40,108
8,-12,80,8,96,-6,-68,22,-120
38,-64,94,-26,92,-23,18,6,10
-90,72,-36,28,-57,20,-36,-8,84
-38,76,106,13,-47,5,86,-60,96
36,18,-48,60,-43,77,-48,-32,-108
-20,-62,108,64,-46,59,-78,50,-76
56,6,92,-45,-125,100,-28,20,-100
-14,22,16,-28,-110,91,-128,-126,-4
-96,-12,56,33,31,13,-82,-44,6
80,114,114,5,51,6,-34,-106,-106
96,-48,40,-2,-51,-97,54,-62,-86
72,-8,4,-6,-47,-102,98,44,-88
104,-76,88,-89,3,-78,120,112,122
84,98,56,-94,14,-78,-88,-26,48
-42,60,24,-17,-67,-50,-44,0,74
30,-4,-84,-7,-57,-53,-48,-46,-124
-58,30,78,-52,-54,125,-78,6,18
-70,-106,28,-77,-30,115,-128,-100,-54
-22,124,56,-10,-82,38,-68,-40,-58
120,-122,62,-27,-60,29,-42,124,-16
76,126,-128,73,86,42,-8,-32,16
66,-12,2,89,80,50,0,80,-36
-52,-78,8,7,-10,64,-66,16,-76
0,18,118,26,-12,64,116,-54,-98
-48,72,52,-119,-98,20,-38,6,42
-52,-86,-96,-109,-90,2,-96,30,-110
90,-88,-10,6,-127,-74,-58,-64,-74
36,-8,-24,20,-126,-74,-90,-98,32
20,-104,102,-42,-75,126,-108,70,-10
60,-68,114,-68,-86,114,-110,-32,76
84,8,52,101,-33,77,-54,-86,44
102,98,50,91,-29,61,88,96,-122
-126,68,46,-2,24,49,46,24,-6
36,88,42,-14,44,50,8,-24,-6
6,-70,-46,-35,-97,92,-28,86,-70
8,24,60,-33,-79,100,-80,-30,22
48,-122,-70,35,-14,-88,-44,54,34
-66,-26,-72,35,-6,-80,-88,-24,120
2,4,90,-44,105,-52,70,106,-94
-68,38,78,-34,119,-54,78,66,-2
-122,-94,-40,54,122,-48,-90,96,48
92,104,-48,74,103,-42,126,28,36
-82,42,54,79,-55,87,-88,-96,-82
42,66,122,73,-69,82,-100,-98,-82
8,-10,-102,103,71,68,-4,-86,2
-22,96,-18,120,63,63,-56,-86,42
-42,-62,122,-111,-21,84,42,-20,-16
110,-44,-106,-101,-9,85,-18,84,-22
50,-40,-10,-92,-80,89,-12,52,118
-22,124,84,-118,-80,98,-30,-36,-50
-24,50,24,76,-117,-47,-94,14,120
14,-58,-36,86,121,-34,-104,-94,-54
72,116,-98,124,-28,-68,-36,32,-124
86,-90,-122,-128,-35,-51,-6,100,46
110,50,2,-11,-33,90,8,32,36
-108,-88,52,21,-14,82,-14,-44,-40
-68,2,-94,-113,51,124,-64,122,106
-26,-104,-52,-94,62,-113,10,-46,68
122,54,80,9,-20,-126,-64,-128,-14
-128,-72,-112,15,-35,126,-98,-120,-116
-2,-96,40,-102,-25,-95,-128,118,90
-108,124,54,-113,-44,-108,110,46,-88
-64,22,-76,63,102,75,102,-36,82
-38,60,-46,68,92,69,14,78,66
-46,50,-126,9,-100,88,-26,118,60
-48,-62,-62,8,-128,90,-42,-18,114
62,38,22,59,28,100,-48,118,96
38,-90,-110,70,0,100,-56,4,120
-88,124,-116,50,-98,1,-70,84,-54
120,104,-56,42,-120,-6,118,70,-18
-78,42,22,-25,61,26,-2,-12,-116
-100,-26,68,36,-101,26,-38,6,-32
34,44,-122,87,-28,123,-24,102,74
-2,-82,110,93,-16,-120,58,48,-64
74,-72,94,115,-60,-66,104,-104,-90
-90,30,68,107,-49,-60,92,-54,-114
-86,90,6,115,39,-78,-118,32,-24
-126,20,0,115,32,-88,-58,-22,-46
-64,86,-50,74,42,-128,-128,-52,50
-78,4,-66,68,45,126,56,80,-66
-60,48,-90,86,6,117,-122,104,126
44,30,36,85,6,125,-34,-42,36
40,-38,6,50,-104,-127,86,76,6
84,-80,-26,107,116,115,-112,-98,-74
20,-34,22,-112,37,-67,106,6,-128
76,-56,50,-97,48,-64,-90,96,56
106,52,22,34,57,-25,28,-104,50
-94,28,56,25,37,-36,56,-116,50
-8,60,80,31,31,-44,-122,-12,-92
-26,-72,12,36,43,-45,120,48,-36
42,-98,40,-36,39,-59,-42,32,-100
-110,124,-22,-43,31,-59,4,86,-100
94,-42,44,-61,-125,-73,-26,-82,30
106,-102,122,-59,106,-67,-52,-88,-46
-106,-46,-74,117,-57,-34,38,54,24
-106,88,-30,124,-70,-41,-4,-124,-56
22,116,-14,-115,123,7,-78,-114,-34
6,20,-50,-122,120,6,12,96,18
38,40,42,-103,44,-35,-104,-108,-110
-52,-54,-12,-113,15,-44,-80,-86,66
-110,82,20,-116,-119,9,10,-12,-64
-100,36,-98,-97,-75,32,-42,-70,66
118,-16,70,-28,-102,-6,12,80,-100
76,-4,68,-50,-114,-23,26,-24,-124
-56,-18,118,-79,-113,13,52,72,82
-46,-68,2,-94,-117,20,36,10,-2
-42,12,-118,29,-46,62,-58,-46,66
42,-108,-122,11,-38,61,16,-52,-40
-14,-88,122,67,64,-50,-62,72,-100
10,54,8,56,63,-76,-46,124,92
48,40,-96,-74,29,72,40,-86,-8
78,-98,-96,-52,26,75,58,-80,14
-62,-64,56,-121,-37,-43,86,106,50
-110,-126,-74,126,-78,21,-26,2,118
-90,126,-2,-126,80,68,62,-36,34
-102,-70,-10,-125,85,66,12,-22,24
-16,-12,-18,-123,-84,6,34,-40,34
-16,-6,-90,-102,-88,-7,-100,26,-94
88,114,-96,-27,-88,43,-80,-72,6
52,70,82,-8,-101,31,76,-86,-38
-12,34,62,36,-106,-118,-124,38,-40
126,114,-86,49,-106,110,122,88,4
30,-96,-108,-115,-73,-82,-4,88,122
-126,104,8,-94,-17,-99,44,126,20
-48,120,100,-42,-55,-61,68,-108,40
-14,22,76,-62,-27,-74,48,60,32
-76,-50,-118,66,23,59,8,42,14
38,-2,-96,54,61,54,64,32,82
-76,58,-106,-14,-16,-122,38,-82,-60
-102,-126,34,-26,1,-99,46,54,14
76,50,-78,115,-94,27,-26,-128,90
20,-98,-92,96,-72,26,-86,20,28
6,50,80,-41,73,86,64,-124,-74
-28,-110,60,-46,101,89,-94,44,50
46,96,-4,-114,62,95,112,-110,88
-126,-102,40,123,84,95,86,58,24
-66,-32,64,-122,116,51,-70,-28,66
-78,26,120,-127,113,39,126,-80,86
-14,74,-10,-77,34,-23,98,44,120
120,-30,56,-72,9,-23,-4,-100,-76
-28,-56,88,-80,-82,-99,-32,46,-116
36,30,104,-92,-90,-113,-122,-6,64
-102,66,-84,-86,44,54,-98,-92,-106
-52,-98,-58,-76,48,52,44,0,-76
-18,10,74,-66,-36,10,112,50,46
-82,-76,118,-56,-44,6,96,-28,78
122,-110,-116,-111,-85,72,-70,-114,-124
124,-18,114,-122,-87,63,120,96,-4
-6,-82,112,44,-52,18,124,-120,70
-38,56,38,43,-27,19,116,74,98
-124,36,-38,-122,84,48,2,92,-48
66,42,-32,116,91,58,-24,40,-68
114,8,100,31,-66,-124,-32,14,48
32,-106,58,34,-74,-117,-64,-76,-18
52,-124,-122,-70,14,-32,48,-100,54
10,-88,-118,-53,78,-23,-12,84,72
0,-128,8,60,119,38,16,-128,84
-60,-4,4,10,-121,41,-50,30,24
-22,-30,114,116,-46,-128,-62,-82,-38
-104,-104,-98,117,-35,-121,120,-86,78
40,64,-22,38,65,-117,72,-82,-18
-86,-2,114,45,73,-111,-36,-54,-46
30,-80,-10,53,114,-106,-26,-36,68
54,24,-104,56,124,-112,-16,-52,-124
-34,102,34,-33,49,82,12,22,-66
102,46,-58,-6,103,73,24,-26,-116
-4,20,84,21,-47,-41,40,64,-44
-112,70,104,18,-11,-34,-16,32,68
28,34,-54,-105,122,-95,-126,60,68
78,116,40,116,-109,-104,-52,-16,-102
-100,76,-8,101,28,97,74,58,-120
20,-124,-60,92,25,99,118,-102,100
92,78,-74,38,2,-9,-24,88,120
-76,-98,-16,66,-26,8,-38,-30,-56
-102,-72,-126,-68,-18,-13,106,-114,64
-50,12,-64,-55,-57,4,-38,-56,-54
20,-84,4,78,-99,50,122,72,-8
12,86,-18,91,126,49,-108,54,8
-36,-64,104,-25,41,60,4,80,-10
106,-112,64,21,25,73,-104,120,30
2,-32,38,77,102,57,-6,-30,-72
-82,-124,32,77,84,57,22,106,54
104,4,-10,8,7,76,62,84,-22
-66,-50,-108,30,-2,70,14,-26,-42
120,120,116,-108,-16,115,-58,-108,-50
-2,102,68,-114,-17,115,-82,20,74
-36,28,38,54,-59,54,44,-98,-2
16,-106,14,-60,18,56,22,-100,-76
-52,-94,80,101,-96,-13,58,116,120
126,34,70,98,-62,-25,-44,30,-48
108,16,-112,57,-14,59,108,54,66
90,66,94,31,17,51,116,-32,34
116,-70,28,55,-63,-73,-100,-84,-110
-54,-90,-8,62,-52,-98,-56,32,50
48,86,-40,-116,43,111,12,70,4
70,-90,78,-108,50,104,60,-108,-124
14,16,-28,37,80,123,-126,-104,86
42,-40,-62,42,79,124,108,-30,24
60,-28,126,-98,70,-121,40,-40,-72
94,18,0,-84,59,-115,78,-82,30
-58,-126,-16,-7,-70,-100,-80,-96,116
-78,66,-70,4,-80,-96,-110,-92,112
76,8,16,120,9,-51,-90,-84,-14
-102,36,-26,90,33,-46,82,-44,-8
-2,-22,106,-12,125,-20,-32,-30,8
24,-102,88,13,114,-7,-44,70,-16
-126,-68,-74,7,-15,90,84,98,112
118,-68,102,3,-18,108,124,-54,116
30,2,24,-64,90,123,8,58,-122
42,-42,-92,-57,93,118,-16,-78,50
-70,38,60,-6,-69,-81,38,84,-88
-84,-38,126,-5,-87,-103,-6,-124,-110
10,122,22,-97,-89,-80,-32,62,-116
-30,-92,-40,-70,-81,-79,-106,70,-116
-78,0,32,-58,51,-94,-74,-50,-22
106,-74,-42,-76,44,-98,-106,-16,-30
28,4,10,-114,112,-97,0,-18,-62
64,-124,-78,112,122,-95,-86,24,124
-94,-30,-8,62,-24,-38,40,-94,-72
126,-52,-62,46,-36,-37,88,-32,-114
-78,114,92,31,115,-27,-54,94,-90
-100,48,10,21,91,-35,-92,126,-84
-128,-84,22,60,-95,14,12,-44,50
22,114,-10,50,-103,11,-28,-110,100
4,-84,80,83,-8,-32,4,124,106
-102,-44,110,103,-52,-44,66,-50,-124
-44,14,-48,-76,-64,-108,-16,-76,16
20,-88,4,-29,-59,-99,-80,48,-114
24,76,-56,-26,-104,79,-44,116,28
-88,82,-8,18,87,73,-8,102,64
-118,6,-122,48,-37,67,8,-126,74
-72,118,56,70,-38,45,124,40,-36
-66,-34,-36,-103,102,79,-128,-38,-60
32,-114,22,-85,97,61,-2,-84,-128
-50,106,58,-84,113,71,-30,46,-50
48,-12,6,-67,110,60,-8,56,-28
24,114,28,18,46,-5,-20,-36,124
4,42,36,31,60,-3,-116,-40,64
-70,-22,76,-19,80,-17,48,-30,22
-18,-26,-122,-30,110,-15,-64,20,100
-26,-76,56,-41,15,-23,102,-32,6
-52,64,38,-60,45,-19,-114,64,-90
-14,2,12,-80,16,-5,-62,-52,28
126,8,118,-118,46,-14,-14,26,74
-118,56,-40,11,-113,15,34,42,-116
54,104,-2,-14,-88,20,-128,2,106
-84,102,4,69,-64,107,46,32,66
-96,-68,-38,67,-35,115,22,-80,90
62,-66,-74,-25,-38,-87,48,-120,-70
100,56,-86,-34,-30,-81,-30,88,-58
114,16,-112,-28,115,-116,-34,48,-114
62,100,60,-28,-123,-116,118,-102,-90
-114,70,84,3,-84,52,-128,82,-60
-92,114,-124,-12,-88,42,42,-8,-36
78,122,-96,115,-42,-61,-128,-104,-60
114,-98,-50,98,-59,-76,98,126,-36
-122,22,-24,61,121,113,-96,18,88
118,94,0,51,119,93,124,-78,-104
-64,-106,44,121,0,104,-124,44,-94
-38,-52,44,-117,-2,105,46,-42,-106
-80,82,-38,70,-123,-96,88,112,-110
-90,-78,118,87,113,-95,60,70,-118
94,-116,-106,14,42,-95,8,-70,-94
88,-34,-6,-7,32,-100,-44,-118,-112
52,-118,-12,-110,60,-106,28,-88,-6
10,56,-56,-107,75,-106,-6,120,-112
4,-122,54,16,-81,123,-108,120,76
-100,-92,64,26,-105,123,96,74,40
72,18,10,123,26,120,-60,-24,118
62,-66,0,-125,31,-120,42,-106,-108
112,-92,-88,25,63,-41,-58,92,-54
-6,-52,-46,22,78,-42,110,50,-56
-78,-118,-122,-113,74,34,72,-68,-38
-106,-78,-76,-121,82,48,122,-32,70
-40,122,-94,-22,-112,84,-80,-28,-108
108,-36,-46,-50,-119,81,98,-4,-92
82,-48,6,-85,8,-30,-96,-128,-110
48,0,40,-67,-3,-27,116,112,-28
-44,110,-104,58,93,-10,-74,-54,40
16,-126,-42,76,70,-3,-108,88,-82
100,68,16,-127,-6,63,-2,-2,64
110,-124,-116,-112,-14,66,-38,-32,-122
94,-48,-120,-69,-15,-128,-2,-64,120
-128,28,124,15,-31,66,4,102,-58
-66,60,76,-119,-105,117,96,106,94
2,-60,-100,-127,-106,-123,116,56,-34
126,74,-104,26,-52,-97,-106,12,-50
92,46,-116,50,-38,-88,-54,52,-52
-86,-58,-112,-83,50,-106,50,28,-66
-32,-58,-48,-72,47,-106,78,-120,16
98,124,12,-54,-67,22,-18,-58,-92
20,98,-40,86,-33,34,-64,58,82
-112,22,-122,66,0,-23,-22,100,8
-52,-46,-118,105,23,-6,-32,-74,64
-94,0,88,-82,-49,-71,-18,-14,100
86,-40,8,-47,-30,-76,-74,108,-68
-50,-70,68,84,6,-77,-28,-2,42
-126,-92,98,76,-27,-90,88,-66,66
-58,-24,-30,33,17,122,14,-48,78
-72,106,34,44,1,121,-34,-2,-106
-2,88,-82,-65,12,-123,2,-22,90
112,56,72,-55,9,119,-32,70,90
-108,70,40,75,62,-84,-78,74,-126
-68,16,-50,84,74,-80,-92,50,102
30,122,-104,51,50,-60,-62,-46,78
24,64,2,37,24,-45,-8,14,2
-108,102,16,-26,-43,27,-44,36,-86
-110,-16,20,-30,-38,38,-98,-96,-58
-110,-8,2,-53,20,-3,28,34,-100
12,0,-8,-65,26,-16,38,72,-98
-4,-108,-66,-75,96,-40,-102,-126,112
56,-12,124,-56,105,-38,-84,12,-20
-72,4,122,-41,-93,-43,124,28,-120
54,-60,86,-51,-113,-49,106,106,68
-6,42,94,42,110,-61,120,-16,90
82,60,102,39,117,-61,-86,-94,-74
-84,-116,-16,-77,117,-7,124,-124,18
-36,28,-18,-64,101,-1,84,-62,-66
-70,96,86,-17,12,31,-116,-36,118
-6,62,50,-16,21,22,112,42,22
6,74,-68,17,9,49,106,-90,-118
80,-74,-10,32,12,51,116,64,62
-84,120,16,24,-57,67,60,-92,120
-128,100,-28,18,-46,66,28,-20,-106
6,-122,114,-38,64,76,-120,-118,98
116,82,-18,-47,57,70,-74,-60,-40
-14,-6,78,112,-99,67,100,2,-10
-106,-104,-28,92,-94,71,96,4,28
10,-18,66,79,-99,49,120,-96,-10
44,-120,40,77,-95,46,126,-44,-8
-52,58,-24,-117,-124,24,-78,6,-90
124,-34,98,-108,-117,29,122,-90,-84
-100,96,106,-19,81,55,108,40,0
52,-84,-100,-28,77,54,-102,110,-94
-34,60,-102,106,-120,100,8,-6,-76
-2,86,-74,101,100,96,16,62,-82
-122,-70,-80,117,61,70,12,110,-102
10,102,-70,-123,82,80,-28,-120,-118
-66,-118,86,-108,12,-88,-20,-106,-42
64,108,-54,-61,-15,107,74,-6,-68
50,20,-52,-26,-108,42,126,-2,-46
-14,-20,-38,-84,-127,30,-100,44,-66
-28,80,42,18,105,-98,-72,90,88
-28,-102,80,25,106,-105,-56,-126,62
-8,116,82,-5,67,-83,-96,40,126
30,-94,-32,5,47,-69,-16,-46,80
72,-4,-14,32,10,9,-58,-78,-66
-90,114,-88,9,-1,4,68,20,116
126,18,54,25,65,-22,46,-50,-76
-76,-78,-80,9,63,-31,-82,-92,44
86,74,24,48,34,-118,40,-80,106
68,10,60,64,51,-127,-32,-14,-114
86,82,92,-96,38,18,-4,-40,-22
-100,-12,86,-79,42,21,-42,56,12
32,-12,-122,80,55,65,-48,70,56
-124,40,80,96,70,73,26,72,76
44,-2,74,-12,-8,97,-82,8,-118
80,-66,-122,-21,4,78,-28,4,-50
-28,4,-54,42,21,-39,28,-102,-112
58,-86,118,23,36,-40,-34,38,122
74,2,58,118,-111,-73,106,94,-70
118,76,102,101,-102,-76,-120,124,28
-52,-48,-92,18,-63,-39,-42,98,98
-56,-26,86,3,-52,-48,-4,-18,-122
-30,124,44,81,82,-75,-36,88,-2
-26,-18,26,77,103,-88,-62,60,-12
108,126,96,27,-4,123,-60,-34,98
-118,112,-66,23,6,116,-110,74,-80
-126,126,82,39,116,89,24,-128,-84
-28,-62,48,42,121,84,-6,74,-52
-100,22,-28,73,-94,55,-6,6,50
-82,82,-90,63,-92,60,-64,-46,86
-64,76,-42,78,-51,17,-40,78,-102
-122,76,-14,52,-81,20,-114,10,-122
86,120,-20,-42,92,-8,-32,46,98
-122,60,-64,-53,95,-8,-34,34,100
96,110,-98,58,-59,-33,-40,-92,-100
8,32,14,48,-52,-45,120,88,72
-14,-114,-110,-44,78,-22,28,-50,-24
-18,-20,56,-47,86,-16,-6,-116,20
-38,64,-42,-62,-97,25,86,32,-28
-58,90,38,-62,-84,28,56,-36,-60
-22,-116,-92,8,-85,62,104,-108,58
-112,-94,-84,13,-93,65,56,80,88
108,0,10,-52,121,69,-124,100,-104
10,122,98,-44,120,66,106,48,86
110,70,-98,72,78,19,120,22,-32
14,108,118,70,79,6,72,-4,-76
-70,48,-16,104,46,-27,-124,76,62
116,-70,-88,107,43,-30,102,18,-106
-122,36,-126,87,-39,-84,-114,-90,60
-128,108,-80,100,-46,-82,70,62,102
-66,30,92,-124,-12,29,40,26,-84
-46,-46,-90,-112,-40,40,48,12,112
-122,-62,-88,80,120,-101,-22,-32,66
-104,12,-42,100,95,-107,-90,-58,-44
28,28,-58,120,30,-41,-46,56,122
-118,-32,-100,117,22,-39,18,-30,-128
-74,126,26,-125,-85,-105,-72,24,72
-22,-118,50,-106,-81,-108,-52,-94,114
50,116,26,94,-83,99,-88,0,-82
100,-112,14,113,-74,96,-16,-74,-74
-18,-6,-44,124,-59,89,104,104,82
-108,-126,-22,118,-46,87,-110,72,28
110,-38,122,-102,-23,19,66,-64,88
-88,38,-70,105,-71,20,-28,-2,80
-100,98,34,-97,30,61,-18,-58,36
68,112,-38,-90,28,55,-94,-110,-118
-44,-24,-104,114,10,54,96,122,102
-102,70,60,106,9,47,32,-110,-86
92,20,32,-23,-111,-3,40,-86,-86
-120,-16,82,-40,-113,-5,2,108,-118
98,-44,-56,53,27,115,74,-88,-66
40,-100,-8,85,-4,-110,104,4,-68
-110,104,-42,-39,76,11,108,56,-64
106,104,110,-50,69,20,102,-90,-104
74,-52,-6,7,-113,68,-80,2,-6
62,-34,20,-7,-113,88,-126,-48,124
-114,4,-106,-63,-5,-58,-122,100,-50
-22,-44,-84,-58,-21,-40,-124,12,34
-4,-114,-68,-37,109,88,-78,-38,-2
14,-54,-16,-45,92,81,118,-54,-112
96,-110,16,126,70,79,-20,-78,108
-116,-26,-10,120,73,76,-86,-126,-68
-86,-36,40,37,78,99,-72,-10,-10
50,22,46,23,78,104,-58,2,-36
92,-100,90,-101,111,99,118,-38,-24
-108,-100,44,-116,-128,94,-86,-24,74
-118,-60,-42,75,-110,79,92,-126,-32
-64,114,110,64,-113,82,116,-20,-114
-98,-38,120,62,-56,82,-22,72,-82
20,-122,90,63,-42,84,-64,114,-84
42,-22,-118,58,54,53,-120,76,98
48,-90,118,49,59,58,-104,-128,-36
100,6,100,8,-103,22,86,-40,-100
-100,-50,70,10,-99,9,82,-10,-128
-36,-74,116,-3,-100,-15,-66,-52,-94
20,-126,86,15,-98,-23,26,16,-126
22,-12,-102,32,103,-8,98,52,-6
-36,-12,-94,36,106,-12,54,52,-76
78,8,48,78,55,13,88,-26,-80
100,-36,84,82,64,7,62,-10,-56
-114,-64,-82,-86,-81,30,28,24,-30
0,-112,98,125,-44,21,46,118,62
-44,26,98,-64,-73,13,120,10,-26
-74,-84,62,-60,-99,8,112,-26,-22
40,50,-74,-98,-101,3,-60,112,-18
34,70,-104,-97,-114,6,-40,118,90
62,46,110,104,-6,31,-112,-50,-126
98,-16,60,95,-15,36,116,32,116
-80,-68,118,61,-93,91,0,-66,120
18,-6,-96,67,-103,92,46,-24,-2
-22,34,-20,-87,-112,45,-76,-68,104
-46,-20,-66,-80,-111,35,-128,-74,-114
-98,-50,112,-53,-128,-56,122,-46,116
26,-106,40,-53,126,-75,-128,22,-6
-4,96,8,18,76,122,70,-64,-64
46,62,12,25,48,-128,62,-54,28
56,-62,118,-15,-12,121,-50,-120,126
86,102,72,-33,-14,124,-8,-112,66
44,120,70,99,-75,2,118,64,20
-96,52,70,75,-51,-23,-12,-112,24
-54,26,-98,-10,-30,10,108,-10,-94
2,-78,28,-62,-26,-4,88,88,-110
-66,52,54,40,-51,-109,40,48,110
30,-78,50,29,-64,-87,-98,122,-70
72,12,-62,118,20,-71,-38,88,-74
-102,-56,36,-106,13,-60,32,-106,70
-94,-66,100,-110,-53,-16,8,-108,-44
-12,20,2,-74,-77,-13,62,-16,-114
82,122,-126,126,-52,-61,40,-114,-66
-20,-98,-74,-108,-56,-71,-56,72,-28
98,-94,-118,44,-68,-51,-112,-116,66
88,116,-18,58,-107,-38,-42,-124,-50
-22,54,-104,110,-80,103,-42,-56,34
-36,42,-94,69,-62,99,62,84,-4
-32,68,-66,96,38,-32,-126,12,56
56,64,16,86,76,-51,-6,-52,-36
84,22,-22,-21,-118,-95,36,0,30
48,36,96,-30,-111,-103,6,-24,-88
8,34,98,18,25,-18,-88,88,-18
-104,90,-48,-14,39,0,-128,-88,-116
-10,126,-72,10,41,85,-44,-70,-82
32,-14,-46,-9,62,101,-8,2,-44
-60,30,98,2,58,111,86,82,116
-126,118,-48,-17,83,106,-120,84,-2
-92,110,-78,87,104,-2,28,-128,50
6,-102,100,112,120,-16,80,82,52
-54,-64,28,59,-50,-70,-60,6,68
-12,10,44,79,-20,-57,88,-102,102
-54,-86,-128,96,126,125,38,82,-58
-108,70,-80,98,-108,111,4,8,-32
110,96,-78,-96,15,19,-114,-68,-102
20,-76,34,-85,26,18,110,72,-102
-128,94,-62,-72,64,-57,50,126,-38
28,122,-114,-59,81,-52,-64,-4,-2
-18,-54,-74,-79,68,-122,-102,-102,-32
-58,90,120,-98,50,-122,102,102,-88
34,24,-38,-1,-120,-98,-96,-56,-70
114,22,-118,-6,-105,-94,114,32,-58
36,124,12,121,48,-79,-94,-90,-96
-60,18,-70,91,62,-74,-74,-106,-78
-58,86,-102,-29,-74,-102,-88,54,92
92,-108,2,-26,-71,-94,116,78,98
90,70,-114,115,-121,-17,100,-64,-32
94,74,-22,-128,122,-20,122,-114,-6
-124,-84,-12,-44,14,-6,58,-30,98
76,-24,-12,-45,15,5,42,-68,-122
110,124,-70,90,-3,13,84,126,114
18,-44,-4,98,-31,24,32,-8,-72
90,40,102,-50,-16,-10,-96,10,122
-80,-78,72,-52,-36,65,-50,-18,122
12,-84,-76,-34,67,121,-58,72,-14
0,-72,-44,-6,32,108,64,-10,-126
-52,104,-116,-98,19,-118,72,22,32
-12,72,-72,-104,20,-109,58,-34,50
-80,-108,-128,108,-50,-45,48,-122,44
48,24,2,100,-38,-51,-84,-30,122
-62,6,76,-68,49,56,-18,36,-38
-64,-30,-34,-119,5,47,52,46,-32
-56,-104,50,-86,-104,-118,-34,-86,86
10,10,-104,-112,-108,-116,-112,-54,122
114,32,16,-80,-55,-90,-8,-96,-32
116,-78,90,-98,-54,-96,18,124,-14
-72,14,26,-4,-69,-92,-108,10,-34
-98,72,12,59,11,-116,-42,-112,4
-28,-68,-52,-126,121,-86,8,-44,124
-86,-68,26,-108,115,-78,12,54,-6
96,-20,24,65,45,-21,-52,-80,-20
-76,-12,-106,72,24,-11,-88,36,18
30,12,28,-94,23,-39,36,-26,-74
-30,38,4,-78,6,-37,-48,104,-40
32,-116,114,57,67,-29,116,64,4
20,-38,90,63,53,-16,42,-78,-50
-2,-112,-14,-101,124,77,92,-50,120
-56,10,92,-73,124,82,-70,-56,34
-124,42,-2,38,110,-121,-86,66,-78
-98,18,-10,39,104,-120,-78,78,72
64,-40,36,118,56,113,42,-72,-118
38,-58,-46,-99,64,108,-24,-108,-108
-116,88,-96,-118,34,-86,-38,74,0
-6,102,-110,-122,27,-82,0,96,-88
56,24,60,105,44,-27,8,62,4
74,-32,-26,97,51,-29,-8,122,-14
4,-64,-90,-30,120,-7,-66,42,-98
30,120,102,-41,121,-9,18,32,70
-104,-16,18,-91,-93,-53,-100,-64,0
-4,-34,28,-99,-91,-58,-82,-12,-22
-26,-90,16,-46,-79,-99,30,52,100
-106,84,28,-30,-72,-90,52,120,-82
-2,60,106,-53,-81,-72,-34,58,-40
92,-8,-78,-53,-85,-68,26,-114,-110
96,60,-116,-29,-105,-28,-76,-98,96
50,-82,-120,-16,-102,-13,-90,-36,120
-4,-44,44,108,25,-2,-104,2,86
-54,-54,88,-74,41,8,-80,116,50
-4,108,-96,121,123,33,40,126,-36
42,80,108,-107,-111,31,80,-86,-104
-8,116,112,-44,92,72,74,-86,-102
-60,90,120,-32,122,92,70,-28,62
22,-10,108,34,98,126,-124,-22,-116
66,8,-126,29,87,-125,-82,-82,118
-62,-84,-46,46,-44,-127,-16,-56,110
-80,-68,32,43,-57,-125,-18,118,-92
-120,-74,108,28,106,-45,24,74,-8
-100,-128,-16,25,91,-49,18,-100,4
-12,-108,-72,4,70,-64,8,-116,-108
-10,-102,-94,-2,58,-79,78,-48,90
42,-64,-38,-71,-17,73,0,-84,-110
-54,50,16,-75,-44,66,-26,-48,44
-2,50,-56,-113,-81,-61,80,-28,-6
-88,8,-6,46,74,-29,58,58,-52
-98,-12,-4,121,40,21,-32,-46,54
104,88,50,-124,47,6,32,104,54
36,118,8,-95,-75,42,44,96,-108
60,0,-20,-101,-65,34,-108,-18,44
-2,80,6,41,-69,-3,-128,-16,40
38,-34,-78,33,-72,-18,-44,-120,-18
-114,12,-4,-64,-23,28,28,22,66
-78,46,78,-46,-23,15,14,-104,-26
48,-106,-110,101,20,-71,-14,114,-54
-20,-112,-110,69,23,-73,-84,-64,-94
-116,64,-44,76,-43,4,-86,-42,100
10,44,-54,62,-32,1,116,60,100
-72,102,-76,-7,10,-46,94,-116,-104
106,114,92,6,7,-45,8,-48,-20
34,2,50,110,80,115,-126,-6,108
116,-102,-6,-127,89,115,46,-116,4
-40,38,18,43,74,-62,46,74,126
-110,90,70,49,98,-62,124,-92,-18
124,-120,78,119,65,-72,22,38,-32
-122,-60,26,-101,123,-58,100,106,78
112,6,14,-108,121,92,-64,-52,-46
-86,-110,54,-114,-116,72,104,-82,34
102,16,-122,-51,37,-54,-76,66,126
30,124,-52,-90,39,-55,4,88,-118
-62,108,-88,-66,32,-49,82,110,64
36,-66,-124,-92,48,-62,98,-28,-68
-62,8,50,20,44,-35,68,70,-66
-84,60,12,13,70,-23,106,54,-72
80,-42,56,-54,-57,-44,-122,46,-100
-84,44,-52,-54,-44,-51,74,-62,72
-24,-122,-64,-8,74,-89,50,-112,-68
-48,-14,-122,-10,81,-93,38,90,-60
-68,104,-34,1,-69,88,70,-28,-108
50,62,-44,14,-51,89,-14,-78,-82
-34,-2,114,-93,49,32,-50,70,-112
14,28,-118,-90,62,24,-68,32,-24
22,-70,-24,-89,77,6,92,12,78
-74,-42,36,-77,81,7,98,-36,8
16,36,76,-75,116,-10,102,40,26
10,56,42,-72,111,-20,4,-24,-104
-6,-10,60,-96,-92,-53,126,-22,-86
-112,86,0,-92,-78,-54,68,-66,124
-28,84,-4,-121,-23,-77,-60,120,-82
96,100,38,-121,-5,-79,110,-32,-112
-4,-50,-30,88,80,-88,12,-68,10
-108,64,92,77,88,-76,18,-106,52
-100,104,10,-88,39,-44,-14,54,-106
86,-80,38,-110,48,-51,-78,-44,-92
126,4,-24,39,114,-14,16,-26,-116
-4,-78,-34,48,104,-14,-26,-88,-86
28,-116,86,52,67,-15,-104,114,102
18,4,42,48,63,-28,114,96,76
112,30,-126,-51,-89,5,116,-102,-62
80,86,-24,-40,-119,-7,104,10,-38
108,-72,-74,-78,-40,-9,80,-76,-52
-36,4,-106,-64,-52,-10,22,-116,-106
-12,-102,-48,52,-50,3,98,-2,88
86,40,-126,32,-19,-2,70,-76,-122
102,-92,-48,-9,30,42,-66,34,-70
112,32,-32,-4,32,26,-118,10,-102
78,-62,-32,36,42,-22,-82,66,-78
100,-48,-114,58,19,-16,-54,-20,6
-86,58,-74,-54,-56,78,10,-2,-6
82,-38,-120,-48,-51,83,-4,-22,58
-42,80,72,-83,-48,71,-26,-70,36
48,58,74,-71,-47,-121,-68,-110,50
-34,-58,100,-128,0,37,30,-72,-110
-82,-64,42,94,20,28,80,-102,88
-116,74,108,0,25,69,-24,90,106
94,120,-118,11,32,87,112,-30,102
-80,-114,100,100,34,121,-122,-102,-68
118,-22,62,108,34,124,-106,56,-26
-24,60,-4,-33,-13,119,-2,24,110
-106,-110,-44,-54,-23,105,-70,-84,14
92,-92,-80,75,48,89,18,-8,100
96,102,-50,90,42,91,-54,44,-6
4,-36,98,14,-42,-113,-54,12,76
-56,6,-70,28,-41,-108,-72,-100,116
42,-108,6,59,91,119,-50,100,-12
12,-26,-58,56,78,107,-6,40,70
-70,-128,34,75,95,56,116,-78,16
-50,0,84,-82,-98,57,-10,60,-102
-38,-110,76,39,-73,-123,122,-82,116
12,50,92,29,-103,-120,76,-102,6
-50,24,-56,-27,64,-20,-66,-20,120
20,-94,60,-35,75,-10,-76,-64,-10
70,-14,14,120,-128,67,-120,-68,24
-4,8,62,104,-127,74,-126,-104,56
-72,-108,-14,-10,67,64,-40,-54,-94
18,80,4,-7,59,66,-66,-108,6
-20,36,-96,-53,-54,86,100,22,88
28,-74,120,-51,-76,89,-114,28,56
-38,120,-26,-21,106,108,-16,24,-124
90,88,24,-22,100,117,-22,46,-108
106,122,96,-115,-67,119,-98,62,-36
-98,14,56,-118,-59,113,-24,-56,100
72,-102,-70,25,-24,100,50,-120,-110
52,72,-86,15,-6,93,98,-14,-114
-44,126,26,-44,-6,112,52,-96,-98
-114,28,44,-48,0,103,52,-18,10
72,102,-128,-76,12,122,8,-6,-58
68,18,-58,-86,11,124,48,22,86
2,38,112,-29,-93,127,-82,-90,70
-84,-30,76,8,110,-128,-30,-10,-30
-2,-68,-52,-53,114,-125,-70,-46,52
20,116,-26,-41,-122,-105,-104,-10,-10
-28,74,42,-1,71,-85,-36,6,-46
-102,80,86,4,46,-83,18,74,8
42,106,38,127,-48,-54,86,-12,62
44,42,-84,-72,74,-43,92,56,-66
8,110,-92,-25,-35,-15,-64,30,72
-124,90,118,-20,-22,2,-66,88,102
34,74,-14,-64,120,8,94,-64,98
92,98,6,-82,102,6,-124,38,102
84,-126,126,-117,73,16,-4,-126,72
-112,86,100,-121,64,17,-10,-82,32
-52,-108,-88,-88,-67,41,-60,-40,-72
-16,80,120,-86,-69,22,58,48,94
24,-98,-32,-128,127,5,-8,-94,-50
-44,14,-86,-116,-126,3,-50,-50,-120
32,98,112,-44,93,-73,-122,68,68
-76,-22,60,-38,101,-92,98,94,-128
-92,-32,-104,-126,51,98,-36,124,-108
30,-90,-22,-111,56,96,100,18,106
-78,-24,38,-82,-111,51,120,60,126
118,-90,84,-81,-101,50,-98,98,86
102,-58,68,-68,87,-27,-102,-4,2
114,110,106,-83,108,-29,-12,62,102
108,6,56,32,18,-41,94,34,-42
58,80,34,24,37,-27,-124,-26,20
34,-10,-86,-72,-117,-78,38,46,-70
58,-8,-50,-81,-114,-79,-116,-82,-114
110,26,-116,-35,105,-111,-10,80,-8
-124,96,-46,-29,105,-114,32,102,-48
52,96,16,3,85,29,72,-34,-82
40,-108,-72,-9,68,52,40,44,10
20,4,126,-21,107,8,-26,-40,84
80,-120,-76,-14,96,32,92,-22,-70
78,116,24,96,28,-68,36,116,-44
116,-48,-42,106,24,-72,30,-58,98
10,58,-78,-69,-53,-75,64,-10,10
-6,-22,-106,-73,-59,-71,76,58,-94
-40,94,90,-111,-22,94,-4,-18,16
-116,12,-34,-108,-21,77,54,36,18
-48,12,88,44,65,-4,62,96,-44
70,56,64,21,73,-21,-84,-90,108
24,52,-78,10,-25,-95,-30,-120,-74
-46,18,8,-21,4,-115,-12,112,106
40,116,-94,73,49,46,-38,-126,-46
-6,70,-26,73,86,38,0,50,-64
120,-58,122,-54,108,-23,8,-70,78
-114,-62,104,-59,121,-35,-18,-108,58
-46,104,116,57,41,-105,92,-88,-18
110,-76,28,66,66,-118,74,116,-28
88,-62,-74,-80,-61,54,-104,66,60
-18,-76,-26,-86,-33,65,18,-40,-54
100,12,-126,104,-88,-17,-48,-116,42
-8,50,-54,96,-73,-15,-104,-124,62
54,-114,86,-42,44,-55,-70,30,68
-86,120,94,-39,69,-43,72,-20,112
-122,-114,-12,21,77,-10,122,76,-72
76,0,26,37,91,-5,110,12,-28
0,98,10,-73,103,31,-52,122,108
-120,-112,-4,-84,99,30,-56,124,110
34,-60,-106,123,108,-4,64,8,108
-76,-6,-114,106,113,-6,8,-10,84
40,22,-40,-3,-99,-100,94,122,-124
100,-124,14,-18,-90,-111,94,46,112
-90,-6,-90,-63,-29,86,-24,76,-84
46,118,-32,-59,-22,82,-58,2,-124
-36,2,-34,0,43,66,-46,-38,-104
32,116,-52,15,49,68,-56,-102,-106
-28,6,48,103,-13,91,-128,88,-70
-30,106,-98,103,-20,98,68,-50,28
52,-80,-104,125,-89,123,-14,-18,-126
52,-20,-120,120,-83,-114,-14,-58,-120
-22,118,-38,85,-89,-126,-96,-50,42
126,-34,-58,86,-96,115,100,-96,-108
-34,28,56,86,-120,102,-26,18,-52
116,30,-126,103,122,110,-84,-64,62
122,-50,54,-92,-6,-93,32,-8,108
36,-98,68,-99,-29,-84,100,-114,122
52,86,-106,25,-27,-49,-80,18,46
-48,84,114,41,-9,-57,108,-30,-22
-14,-102,68,41,7,-83,34,116,-40
-2,76,-64,41,-19,-90,-32,-90,54
-106,64,-46,109,18,-123,-128,102,-116
-42,-64,82,68,21,-127,30,-36,-56
110,-94,-54,45,70,117,40,-94,-122
36,-24,36,41,61,-126,32,-124,94
8,44,-122,-1,11,14,82,-42,-22
-24,-76,-40,17,-12,29,96,-72,-44
46,-94,84,-60,115,-90,78,-66,52
66,22,42,-66,106,-85,-66,64,-94
28,8,-92,110,3,-31,-18,12,72
54,0,18,101,-4,-31,-6,-114,4
-38,-76,-128,8,20,44,-44,64,104
8,58,-50,-20,16,50,-46,-16,-22
60,-94,-50,5,59,71,60,72,30
52,-84,-66,13,48,81,26,-8,-90
50,50,-54,-11,126,-88,-100,100,-100
82,56,24,-15,119,-85,-56,72,-124
-52,-12,34,20,-10,120,116,12,56
26,82,0,15,-9,115,116,-100,10
-42,84,26,123,-19,-103,-44,42,-34
-60,94,-68,-67,-7,107,-44,8,-34
106,-26,42,2,-70,106,-64,118,68
80,50,90,122,41,-128,-18,-58,-26
30,-58,-126,-116,117,-71,-16,118,-94
-90,-72,98,-98,105,-63,-14,116,-36
-84,-60,44,96,107,-45,-128,124,60
106,98,-10,90,98,-41,-122,70,32
-126,46,-54,-66,105,-12,96,-44,60
90,-6,-126,-90,109,-4,88,8,-30
-74,-12,-38,16,-68,-12,62,26,106
-122,42,-64,8,-64,-19,100,-98,-14
-102,-10,-116,-28,-27,-13,68,-26,-42
-92,-32,-110,-28,-17,-17,62,44,-90
-98,26,78,-25,-4,-24,22,-36,122
48,-76,12,-18,-4,-36,-14,60,-14
34,82,118,59,-6,-32,44,88,114
-92,-94,124,57,-4,-41,68,-110,46
-82,-58,-10,84,-3,-17,70,-14,-84
-64,-72,34,76,4,-22,80,2,-106
40,-128,28,-91,107,-28,62,62,-78
12,72,34,117,-102,-29,124,-62,-76
16,108,42,41,-120,-12,114,46,16
76,60,28,45,103,-13,-116,90,58
-2,-62,124,25,3,24,30,38,-6
52,-114,-120,7,3,29,52,82,70
24,-74,102,-80,104,66,-32,-38,4
118,-56,-128,-73,98,57,-28,-36,-42
26,32,-50,107,-35,101,-14,-26,-128
4,-12,-102,94,-47,100,-10,22,-112
52,116,-6,45,-83,-69,-24,-28,-58
22,88,-30,50,-89,-76,8,20,100
4,-36,90,53,58,-41,-2,-32,-68
52,-108,118,55,49,-47,76,24,62
-10,52,10,26,-37,-41,108,14,-70
-110,-36,14,15,-49,-50,-114,98,-36
4,4,-94,-23,28,-97,-16,-96,-12
-74,-4,-74,-19,45,-104,-78,104,26
96,-118,-10,37,-99,116,126,18,68
-18,-96,-20,41,-87,124,86,-6,4
-36,84,-118,-123,-87,100,-38,42,68
-44,-72,-10,112,-93,98,-54,-104,-38
-72,-122,42,-78,-104,54,88,-84,-94
-40,116,12,111,-128,51,-32,58,42
-104,-110,-102,48,-72,-11,64,-26,-80
80,60,-86,21,-94,-13,-16,-118,46
-16,-128,52,-45,-99,-14,42,-90,-84
18,108,2,-30,-116,2,12,-4,16
-10,-94,0,107,26,-5,-42,76,-68
-60,-12,106,-122,34,21,10,106,-2
-74,92,26,-63,35,84,-104,-126,-44
30,48,-126,-44,30,80,-60,-12,-108
-22,90,-46,8,114,118,44,-128,112
-52,-20,20,27,100,116,-108,-102,74
-72,-60,6,-36,89,-44,-30,-96,-104
4,-94,-124,1,105,-45,88,36,110
-112,-100,70,90,-3,-94,84,18,84
-68,16,-22,123,2,-101,126,16,72
-88,-98,100,76,-7,87,-52,122,-122
80,-42,-120,58,-13,68,86,92,-128
-40,12,-56,-111,70,0,52,-52,-78
0,-94,118,-115,102,-16,58,16,34
-112,122,104,-48,-84,-56,72,4,12
96,120,-126,-48,-31,-62,-96,6,30
94,-88,54,-15,-13,-29,-82,-32,54
-16,120,36,-43,5,-38,18,-44,16
-48,52,108,52,113,-15,84,32,-94
108,42,114,47,122,-17,-82,-54,-12
14,-6,110,51,73,28,-36,-128,-112
38,76,64,52,70,29,-12,118,122
36,50,-28,115,-60,3,-48,110,-42
-72,126,-30,113,-47,-8,-54,46,34
42,26,70,113,115,-98,-70,18,-20
6,-10,94,120,127,-114,96,-90,8
-74,-98,24,-110,-45,83,-20,16,-98
104,8,80,-102,-37,74,-86,-58,-82
-78,70,6,38,-29,69,-40,-96,-16
66,30,-32,49,-50,55,-110,32,22
-36,64,-88,76,-84,29,-118,-54,-36
-38,-106,-116,76,-80,32,108,-84,-78
32,-56,38,65,-84,-24,-8,88,122
-84,102,68,48,-96,-36,-46,-26,-122
64,94,-16,-87,116,-75,-10,-100,110
110,-120,-16,-100,117,-87,-28,122,74
106,-66,124,41,-48,86,-16,-126,0
14,90,104,26,-48,62,-34,66,-14
2,26,-12,1,55,3,48,-88,16
18,100,8,14,48,2,-48,50,98
-20,-96,32,48,-106,-44,46,42,-100
-24,-16,-84,55,-99,-52,14,2,-70
26,-46,0,88,-20,-103,38,50,90
-18,-82,-76,86,-13,-124,-76,16,94
74,74,-4,-93,73,-93,-32,20,-56
-12,-22,-56,-72,95,-91,-22,-100,-104
-60,-84,-10,-56,-52,-64,-62,-110,2
52,-22,54,-55,-38,-67,-48,116,-44
-32,90,62,-94,-18,-114,-112,-4,18
-86,2,80,-75,6,-127,102,-42,-4
106,-94,4,-5,124,64,46,44,-118
56,-46,-54,30,-114,69,50,-44,98
-68,58,76,-88,27,27,-72,-78,-78
106,52,-118,-94,1,51,-64,-96,122
38,-72,-38,92,-109,67,-42,-42,10
66,-18,-18,95,-121,67,-98,-28,84
-116,-104,30,-6,94,27,-48,-78,-42
106,52,88,-12,102,26,34,-18,-12
24,4,6,-82,-55,-22,22,70,-48
48,-98,-84,-33,-84,-43,-44,-22,8
42,100,26,104,28,-69,-120,8,82
-100,-56,-58,102,51,-71,74,-108,-80
-86,122,-24,-23,-21,-96,6,-4,-6
-52,-4,-108,-25,-54,-89,-28,-116,56
-66,-22,76,70,20,-33,-90,118,12
-2,84,-4,61,13,-13,-76,-86,60
-126,-66,-122,-113,-122,113,-4,-110,-38
-104,30,-124,117,124,110,-82,-90,-82
36,-10,-108,-113,95,10,-62,18,34
20,56,-2,-88,101,4,-98,126,50
114,14,126,19,-40,78,46,-110,96
64,104,100,27,-60,85,-32,38,-38
4,26,30,7,-12,117,-74,-48,26
-38,12,88,-6,-48,124,-52,-12,60
-36,-52,-116,-127,-119,-116,-12,126,34
18,-54,-88,-115,126,-117,-4,-74,124
22,-68,-24,66,3,79,-94,46,68
-80,-120,34,106,27,87,-14,12,18
-118,74,120,94,1,82,-16,46,114
-120,-76,10,86,3,80,-40,22,110
-8,-104,86,60,-13,64,24,110,-116
-20,120,80,46,-5,69,76,12,-2
-20,64,72,-48,83,103,-100,36,42
-76,26,-12,-48,90,103,-72,72,66
-26,24,-90,121,-127,107,-110,96,26
94,10,102,110,-126,108,114,-14,-62
96,-128,-104,53,-96,85,-100,88,-88
-60,62,108,41,-104,85,-102,126,116
-72,108,22,13,117,75,-50,2,84
-122,18,-86,8,119,77,-12,122,118
42,-52,34,52,-20,33,-56,48,82
106,-34,2,31,45,35,12,48,38
14,78,-112,-40,12,86,78,-90,72
2,-38,-28,-24,-3,70,-72,70,92
-8,80,68,10,-5,126,-46,8,82
38,48,18,9,-25,119,-34,2,70
68,42,-116,50,124,109,-26,-30,-98
122,-52,-78,69,111,94,14,38,-100
28,-82,-92,-76,-27,100,26,114,-22
48,126,-106,-62,-38,104,-116,-24,40
74,-18,-66,-108,88,-126,62,106,58
80,80,-62,-100,83,122,38,-94,-30
60,116,54,-49,19,75,84,-128,22
-44,68,12,-42,26,71,72,-50,120
-116,40,28,13,106,-1,38,92,-20
-58,102,18,2,95,-16,116,-58,-120
-70,98,124,-3,35,-70,16,78,28
-48,10,16,9,9,-73,30,-20,-40
-102,-128,-128,-109,-82,-30,-88,50,54
12,-12,6,-116,-87,-31,-122,-128,72
-28,98,-126,-44,-122,-3,90,16,-110
-108,-20,-68,-61,-121,8,42,66,18
60,10,70,58,53,15,20,-14,-102
78,40,106,60,60,30,-66,102,-106
-106,6,-18,-113,-91,65,-56,-78,126
-20,-122,-72,-104,-105,79,6,-12,20
88,18,-118,117,-41,-123,-34,-42,-68
-30,-128,60,87,-105,-120,-14,92,-80
86,120,-118,-13,9,12,-44,-64,68
-48,-80,72,22,10,21,-32,-26,80
98,-10,-110,-52,69,97,-4,-70,68
-60,-6,-118,-53,81,95,-76,-78,-114
-20,28,-114,-38,-13,52,124,-56,-62
86,46,-116,-47,-14,42,-118,70,-90
-74,30,-42,-109,-54,-43,-76,-32,102
-74,72,68,125,-54,-51,-18,70,26
60,86,72,49,-123,-70,80,-54,-8
-96,-90,58,46,-114,-58,-104,-64,-56
-10,-96,94,19,31,-5,50,64,54
70,24,-10,9,29,-1,52,-110,106
14,-82,-90,-73,-13,-36,-32,72,-68
126,80,-2,-61,9,-50,98,-112,-48
76,-128,-32,-80,-107,-111,-64,-48,-108
-106,108,-24,-96,-100,-112,-54,-60,-58
84,118,58,120,3,90,-36,86,-74
24,-104,-124,126,11,90,-38,-26,2
14,-102,-78,115,92,63,-116,66,-24
4,-46,88,97,109,54,-98,28,-122
16,80,80,118,19,-19,86,-44,88
-92,68,-120,108,29,-35,66,-92,120
-40,-72,-20,100,-122,-89,-60,-70,-118
12,-40,-18,92,-111,-81,-112,-72,-48
24,-60,112,-60,-51,-118,8,-30,-36
-12,-34,-64,-46,-58,-122,4,-74,-44
-30,-102,56,3,-21,-113,68,-16,-80
62,-92,34,2,-20,-124,24,90,-92
-94,78,-124,-26,45,108,-102,46,-28
-122,-112,116,-34,52,105,-116,-20,-88
-44,-6,-48,-79,101,64,20,0,12
-108,50,-52,-79,115,68,-34,-82,-6
28,-14,38,95,-112,53,-22,6,-6
86,28,122,102,-126,43,-62,4,-2
-44,90,-64,-124,-111,53,-26,108,90
-54,30,18,-121,-92,51,-64,120,52
-108,-40,-56,26,17,23,-128,-28,-96
-74,26,-52,22,10,25,62,-120,-60
8,8,-98,-64,126,10,122,36,14
-76,-98,88,-76,-118,5,-122,-52,10
122,-38,126,99,69,-20,-18,0,-78
50,-24,-102,88,72,-14,18,-86,-90
-74,88,6,79,-71,-77,-30,-128,-40
-94,-80,-100,79,-68,-71,-48,70,-40
82,124,-56,-128,-98,-71,-104,112,120
90,106,-90,-128,-110,-67,-90,-44,40
74,-74,-48,126,40,-30,100,4,-76
44,68,122,-118,43,-33,84,-94,-114
0,28,-8,-110,-32,-26,82,-98,104
-90,-72,20,-110,-29,-35,-8,-60,-78
-60,-40,-16,-37,100,-35,14,6,94
122,-70,-40,-9,103,-37,-60,-100,-116
12,-16,-90,35,95,-58,-104,32,-108
2,24,-92,61,91,-65,-66,-46,118
52,64,30,126,-119,45,-40,124,-10
92,-100,-60,-117,-102,46,-8,36,-110
20,-120,124,-69,-123,-24,-88,-64,98
100,-26,84,-63,-121,-31,-106,-126,78
-46,-126,-76,-53,-118,10,-120,98,8
42,-48,-112,-38,-107,16,-112,-46,-128
-58,-42,-128,61,-91,20,2,88,106
-76,-74,-38,45,-98,19,42,46,-82
-106,-126,-122,-55,114,47,8,-60,-78
-82,38,46,-43,121,55,26,48,-38
92,104,84,5,-49,99,-72,84,124
72,18,-44,102,72,83,-92,36,126
18,88,110,-80,102,-116,-40,94,78
42,-32,-114,-71,109,-117,-42,76,-6
38,6,-18,106,-14,49,42,44,-20
96,-18,124,74,-28,46,18,88,-40
34,-90,-42,65,-81,41,112,-26,-6
-60,26,122,91,-76,40,66,-128,62
-116,-44,-48,91,-121,-19,24,-40,-26
-112,-38,-118,97,111,-14,-2,-72,-116
80,-22,54,59,-62,57,-64,-14,-24
62,-22,-76,48,-84,61,-98,-28,104
38,32,-44,-97,-122,62,-22,48,72
102,68,-68,-120,-125,59,-38,44,-92
72,52,82,-109,-10,118,-62,-6,56
18,-74,116,-109,-29,119,-10,68,108
-84,10,-34,-48,102,-75,84,72,64
-100,50,118,-41,89,-77,90,66,8
-20,-96,0,-44,92,-106,-56,32,108
54,-82,-78,-55,95,-108,-60,80,-46
-52,-108,-78,67,-116,61,-56,48,-76
4,50,-74,57,-114,61,-72,118,86
6,-116,74,10,-99,4,-20,-52,-96
86,90,122,-1,-104,-5,-32,104,-12
124,74,16,-77,-8,-25,-58,-82,-44
-2,48,-24,-86,3,-12,-68,-60,120
-8,-126,-50,118,55,-4,124,36,112
4,78,98,116,67,2,62,98,36
-84,26,108,2,95,44,-96,-38,-36
18,-56,68,-4,88,42,-16,38,-48
-30,-16,120,99,106,75,-98,-92,-62
-2,-112,102,-105,53,83,-60,-80,-128
62,28,112,33,55,108,-62,124,26
0,-30,60,17,85,111,-16,-84,-118
94,-4,50,14,73,-99,106,120,102
-62,6,-12,17,52,-114,58,-78,52
24,2,-20,-51,-100,-19,-112,40,84
-112,-28,-18,-60,-118,-23,-50,-62,-6
-62,-96,-10,-117,-9,-27,48,-16,-68
-54,40,-56,-106,-21,-28,96,28,-8
96,-18,-8,-69,-120,-31,-88,68,-122
46,-98,-6,-66,-123,-24,-98,92,-106
2,-78,-112,74,64,-83,-66,-106,116
50,-98,60,65,46,-79,-56,16,-2
8,-36,36,-98,-60,-36,28,98,-74
22,30,40,-118,-61,-36,84,-116,-28
-124,-12,-54,-5,-30,-31,-48,88,-72
-100,98,106,-15,-30,-29,68,-64,116
-36,126,54,-64,76,21,118,120,-116
10,120,-32,-91,109,45,-94,-42,-120
-6,70,-44,111,-91,117,26,102,8
82,-68,-80,102,-105,103,34,4,28
10,38,114,68,38,-120,20,-104,70
84,-8,82,67,16,-108,32,-12,-58
-74,30,80,22,48,45,26,-62,-82
-36,-114,56,-5,59,41,104,-18,-94
78,-32,-86,24,-19,-92,-4,-120,-26
66,98,-38,37,-6,-102,104,-78,-110
-4,66,-52,-48,102,89,30,-88,-56
-26,-38,-94,-2,100,104,34,70,-26
-52,82,34,-24,45,-44,-48,-100,-32
-96,84,-22,10,19,-37,-104,4,-128
-120,-92,-44,95,-85,-79,-40,-44,-90
-108,96,-22,87,-88,-86,48,104,-112
28,104,20,-34,-43,5,44,98,-90
-102,-90,-52,-34,-33,2,74,-34,26
-46,-86,24,60,-128,-77,84,-42,80
-40,102,70,41,118,-78,-102,124,96
14,80,-26,-110,28,-79,-36,-10,-72
-124,-44,106,-98,51,-69,2,46,90
-12,-76,2,61,-84,-67,-108,126,70
-36,-88,124,55,-82,-72,112,34,82
58,82,32,42,13,125,-36,106,94
52,-78,-128,9,9,122,-2,-36,-126
-54,-68,16,3,-78,101,-116,124,-34
-20,-76,46,-6,-59,103,-70,6,116
40,-80,18,-70,66,123,60,20,72
-8,78,-96,-62,66,118,-126,-46,82
-112,102,20,-28,-105,99,76,-44,70
-66,-110,36,-1,-91,93,-8,12,60
30,-96,-90,-126,-8,34,122,86,-76
20,-26,86,-121,-11,19,110,16,-32
-66,54,-102,121,18,-67,-100,0,-80
10,80,-76,115,32,-75,-106,-64,30
-110,-30,-98,12,-125,114,74,-24,30
-6,70,-32,3,-119,123,12,90,-118
40,28,-72,-85,-43,83,-34,78,-10
-32,56,-92,-98,-25,72,-30,14,94
-64,-8,44,-49,-16,55,-20,-94,-66
14,74,-44,-51,2,58,-20,32,-66
-104,-36,-58,92,-13,109,-36,56,86
116,74,106,67,-20,111,-10,-6,74
-58,-32,28,-36,118,-124,58,-128,60
122,30,-20,-32,-113,-122,0,18,122
-64,-56,-76,-6,17,-54,34,-74,-102
104,-116,-18,-15,22,-60,38,122,-34
46,8,122,17,109,-74,-32,-94,64
14,84,-92,26,70,-71,-16,-112,18
-126,-82,82,106,-3,-110,84,60,-50
-38,50,-16,116,-24,-116,56,26,-70
90,-46,-70,126,-90,87,60,-24,-40
24,-90,114,122,-92,95,44,-42,-112
-96,40,40,-113,-27,69,32,-30,22
72,66,-24,-81,-32,69,10,-76,72
24,-98,114,-6,-53,-84,68,-88,-128
32,-12,110,31,-121,106,56,-108,-84
42,74,-46,-85,-71,-117,6,-8,-128
36,124,88,-57,-82,-82,70,-58,-82
14,-98,58,30,44,0,48,-84,46
42,12,68,36,21,10,120,-96,26
-98,-42,50,73,-37,-78,82,-48,26
56,-90,-18,126,-20,-105,80,-28,-58
-16,-26,90,-58,-3,81,-30,-128,82
54,114,100,-41,-3,86,42,34,102
-58,-52,80,123,85,98,74,-64,-122
110,60,-82,-112,96,107,48,-96,110
-86,-114,-94,-115,83,-89,-16,-22,-42
-94,-86,82,-99,84,-85,30,-4,50
96,116,56,114,27,124,-68,0,62
-114,-108,124,25,-67,110,-58,-30,104
88,64,54,-25,-2,82,-36,-48,-86
-8,8,78,2,-3,83,32,48,10
-32,60,88,120,68,-82,112,-82,20
-66,116,80,-114,58,-80,104,120,-34
-46,-80,94,-46,-75,-21,110,0,74
-74,10,74,-58,-88,-12,64,-98,60
44,-2,-98,22,-127,0,46,-96,-34
4,46,-110,4,-122,-8,-24,26,88
8,-20,-46,124,-87,35,42,82,-24
8,16,74,-126,-108,34,54,-24,80
-78,-72,-40,84,70,64,94,-92,64
124,-10,12,116,79,60,104,-124,-102
108,-104,62,88,-34,46,80,102,-10
-92,112,44,90,-48,43,90,124,84
-120,88,116,-16,-69,52,-44,-90,-106
-28,-102,52,-29,-60,58,-46,-56,-38
-42,-128,-124,-101,-63,101,-104,-8,112
-28,94,80,-116,-71,96,-72,78,114
-46,-86,-126,9,-77,-124,38,60,108
68,-72,-104,-1,-75,-123,54,102,40
48,64,-90,126,-42,-93,-104,24,-40
38,-114,-94,121,-22,-90,-60,6,-98
76,28,-14,-115,53,-63,-94,-46,90
124,-110,-58,-117,51,-64,-78,6,-126
-30,126,18,-80,36,-56,80,-62,120
-66,4,-24,-29,62,-65,-120,20,26
124,-56,60,52,11,-63,60,-70,30
74,98,58,49,8,-69,42,-78,60
-6,18,96,82,-34,-62,-114,-14,-58
50,-40,114,96,-50,-62,-100,8,-98
-116,122,10,-86,-115,-45,-58,8,-34
-98,104,4,-75,-116,-34,-80,-12,66
58,50,-96,-25,86,2,-90,-8,116
-64,-26,-92,-7,84,3,-108,10,-106
10,-116,-24,-88,29,22,-70,-112,42
48,64,-44,-81,32,26,-96,-36,32
-88,-54,-72,-104,-31,-17,-72,-12,2
22,-68,-48,-82,-24,-28,-90,-6,32
102,36,24,-22,-105,122,120,-82,-78
-88,18,-92,-27,122,-106,-118,-28,92
-90,118,-118,127,23,-35,116,116,120
-110,-122,122,-117,15,-37,-98,-118,-70
0,-76,-52,101,-123,-3,42,-60,-4
28,58,-82,93,-115,1,106,34,86
104,-64,102,70,-126,39,38,-18,-122
-74,-70,42,43,122,19,82,6,120
-18,-50,102,1,-80,90,98,-118,-116
-76,-112,100,-25,-57,93,80,-60,120
-74,-78,92,-57,-70,4,80,92,-24
50,88,26,-92,-71,-26,14,-14,-64
-72,26,22,-43,22,42,-64,-118,44
28,-102,-34,-39,-13,57,2,-84,6
30,94,-124,52,71,-112,-126,-118,50
6,-20,-100,57,95,-94,30,-96,112
60,-98,18,-104,-8,-10,106,-104,18
-14,80,-22,-71,-18,-20,62,10,-6
34,104,94,118,-36,-70,112,16,10
16,-62,120,-115,-43,-67,-4,-108,58
24,50,80,-66,-4,-2,-110,82,-66
-84,44,-34,-87,-5,4,-56,-112,-102
54,-100,-40,-105,37,-9,-96,82,112
-112,-14,-114,-92,59,-9,-60,4,50
24,-50,60,9,85,-13,-32,-18,-38
-94,26,-96,20,117,-26,72,-92,-68
106,-40,-112,20,63,107,112,-88,116
48,-114,-118,23,74,85,82,-120,-120
104,16,-50,6,-117,-67,-98,112,40
90,-12,8,-7,-101,-84,124,-60,-102
58,106,106,-112,89,96,112,-28,96
-86,88,96,119,123,85,-72,-36,6
-14,20,62,-91,79,-24,50,-38,78
-98,-122,60,-116,90,-43,38,-18,102
-64,38,22,-91,78,94,-72,72,4
-32,-56,-38,-98,72,82,-94,112,124
90,28,-76,-91,31,14,98,100,-94
-122,44,-128,-84,32,16,12,92,-118
-4,58,14,118,88,-20,-102,-18,-62
-78,80,-24,115,81,-30,68,-26,100
80,-72,-24,-24,-56,-74,32,32,-64
-96,14,-82,-34,-48,-81,26,-16,4
-122,84,112,-110,55,-79,-94,-14,-78
76,-64,-92,-127,55,-85,72,-114,110
72,-68,-50,50,81,-78,2,-46,96
104,-2,-30,39,82,-84,-38,-90,118
-94,-112,38,18,126,-104,-52,44,14
-58,-62,72,10,-111,-118,-122,-64,92
42,34,-28,119,-50,79,-66,-22,-116
-20,-22,16,96,-50,60,-106,-92,-38
64,26,6,71,-9,55,118,-64,60
2,-12,-18,64,2,51,78,126,108
-114,-26,-116,5,44,64,72,44,52
96,50,-90,0,51,64,-22,-12,120
22,-32,72,-8,3,65,120,-92,-40
-90,-34,38,-10,10,71,100,-116,-6
-116,-20,-8,30,-92,-62,38,-42,-58
94,-42,64,30,-106,-55,0,-124,10
64,50,-60,107,64,-115,-42,4,112
-64,86,-90,91,53,-117,-82,-24,106
-4,-32,96,-1,21,108,40,-84,124
112,4,60,16,8,105,-90,74,-124
70,4,-112,117,72,114,8,-76,-68
80,26,-20,124,70,122,-40,4,-50
106,116,92,-22,63,-52,66,-12,-94
-50,-114,44,-26,57,-54,-6,-46,-86
-50,-4,58,35,105,41,94,74,-106
74,62,52,59,104,62,90,20,-80
-116,8,12,108,-91,-116,-106,96,104
12,-24,122,121,-102,-101,-96,16,24
78,-36,-46,-108,64,106,-88,64,62
-82,54,-22,-99,62,102,16,56,-128
118,-102,22,-95,104,53,10,52,-122
44,92,92,-104,106,66,-96,90,-2
-126,8,0,-35,-56,39,-44,-46,-24
100,92,-58,-15,-36,34,-96,64,24
40,-8,106,30,52,124,122,82,-96
-106,30,2,31,-51,107,-122,52,-28
-92,-124,-14,58,110,-126,74,-36,-68
-72,120,80,66,86,-118,-114,102,-114
88,-114,124,96,4,-121,74,-56,-20
108,112,72,76,51,118,-118,66,-84
-120,-120,66,72,-31,-61,-26,-92,-4
42,-6,58,63,-30,-64,-100,24,54
-114,126,-20,-90,97,60,-70,4,-104
60,-98,36,-76,92,76,-100,22,52
-32,-116,28,-99,-128,-104,50,-18,-102
-4,90,-80,-115,93,-108,66,72,-54
66,50,-82,34,-14,-43,26,60,-88
18,96,-6,42,-31,-37,-78,-76,-110
-4,108,124,39,-90,27,-122,-114,-94
14,50,-88,51,-95,40,-110,-66,0
-40,-70,100,-43,-81,99,12,42,-62
-24,-58,-106,-37,-56,94,46,94,-52
-24,116,24,98,-16,117,92,26,48
-20,-84,8,91,-19,114,-54,80,42
-106,-36,-84,-103,26,53,-82,66,-64
-70,4,-22,-92,26,48,-106,-114,-18
32,-36,-48,-6,35,-36,44,46,54
18,-112,80,-5,36,-37,36,86,20
-76,104,96,59,33,-58,-122,-104,110
-56,50,54,68,35,-63,-120,-84,20
-64,-4,-58,69,50,-60,-90,-56,32
-48,-120,84,69,50,-55,-92,80,12
72,-66,112,4,110,-48,72,-108,112
66,-80,0,6,108,-37,50,-40,96
-104,22,-38,4,-120,-38,72,-58,-6
-44,-56,-48,1,-107,-31,-14,-54,-22
-6,114,-42,42,-109,-31,72,-68,108
10,48,-68,51,-127,-32,90,22,80
-70,34,-34,120,78,-13,-34,120,24
-124,-60,0,-61,-17,-9,30,-118,22
-64,-24,126,66,-60,-87,114,44,118
-52,-86,62,57,-34,-90,84,52,30
8,-128,20,82,-57,-42,-78,-12,-80
-46,88,90,95,-43,-35,-86,62,124
-54,10,-114,-29,2,-36,-70,36,8
0,-20,46,-64,-26,-37,-76,124,-56
-108,-22,70,-28,126,5,66,-66,18
126,-48,24,-19,-128,19,76,-16,-4
72,-32,106,2,37,95,-110,36,24
88,-90,-90,9,47,103,-88,78,86
-98,-44,-54,30,9,-106,-6,-74,-78
-66,0,-64,34,-12,-102,38,-22,-68
-76,-110,104,15,-88,114,32,38,14
-128,-124,122,11,-109,104,68,26,-8
100,116,-48,37,13,58,58,-52,-116
-60,-50,-2,37,6,59,96,-40,126
-96,-20,-122,-94,-88,22,-60,74,6
-10,30,104,-73,-66,-2,-20,-102,-8
-68,74,30,51,-34,-89,-62,110,-110
-26,-14,-88,67,-37,-94,-86,46,118
84,-92,118,97,102,15,90,70,18
8,-34,-122,125,67,8,-78,116,8
-52,64,-50,-64,-99,-33,32,66,-18
24,-76,94,-85,-95,-43,104,-88,-30
-78,-20,102,-31,-96,-100,106,-80,66
-34,-102,60,-36,-99,-106,48,-50,-92
104,-34,98,-105,-49,81,66,126,-44
40,88,114,-64,-37,91,112,-124,-34
-40,46,-80,82,77,121,54,-52,28
24,-128,118,86,60,-123,0,82,-48
-120,66,34,3,125,56,-46,90,10
-98,-116,-24,-26,123,63,-102,-48,20
108,-108,-80,-19,-3,119,76,8,-92
-108,22,64,-26,14,118,-76,78,70
30,84,-4,34,4,62,-30,52,0
-22,80,-126,33,5,52,90,58,-24
-114,100,28,10,52,8,-14,-10,-100
-54,-44,4,5,57,10,24,-58,-46
116,42,-74,107,15,-15,74,-2,-28
-62,34,8,101,55,-15,-94,-6,-40
86,8,-60,-71,100,-100,50,-36,-14
86,-8,-4,-103,-123,-117,36,-70,0
-74,32,-102,-41,30,48,-46,42,82
0,-112,-66,-59,45,40,-4,38,24
-38,72,-92,-41,-97,51,84,-22,106
26,-34,-118,-25,-94,58,72,-74,-96
112,-36,42,23,45,63,-62,-100,-42
48,88,-36,27,55,74,120,88,-20
46,-44,-118,103,-66,51,-2,-118,8
106,-26,64,119,-49,55,-78,98,-50
-104,28,96,127,3,22,30,-88,104
106,-112,62,-119,-8,11,-48,-120,-22
-102,6,-48,91,6,-19,-102,-28,-120
68,4,12,84,5,-25,22,-50,-106
-50,34,52,-82,93,-11,120,-78,-74
28,76,18,-65,99,-9,-96,104,-34
