28,78,-106,-18,96,-28,-32,-10,108
78,-86,96,-84,58,-13,20,-80,-100
-116,112,-120,-83,58,54,-72,-16,106
88,-22,-60,99,-86,79,-116,64,-114
38,78,-106,-106,-46,-94,10,-22,4
24,-26,-38,-34,-87,25,68,46,10
124,48,8,21,-61,-49,10,-66,48
-12,4,-88,46,-25,-87,0,-2,-50
-66,-88,118,94,22,114,-28,-46,-114
120,-26,-28,-28,-73,77,108,38,64
10,-116,-16,104,-104,80,-110,84,28
10,20,6,127,84,68,-90,0,30
-6,56,-116,-53,76,7,-36,-72,10
-26,64,-78,-56,60,-49,-120,-128,-76
52,112,90,-79,45,118,-52,22,118
-66,-88,18,-55,-10,56,120,120,104
-30,-124,70,15,60,-93,-44,8,-36
54,74,60,-38,-113,88,0,-60,80
-88,-86,94,-77,-97,-79,-86,52,-114
48,-28,-42,94,-20,69,64,62,-2
-114,34,10,-16,83,-120,-12,38,-62
-44,-66,-70,46,45,-91,56,74,-66
-32,-42,-122,-60,-7,-31,72,56,80
120,30,24,-68,-8,-105,-62,-64,-88
-120,-64,2,-34,23,8,-98,-26,-94
-106,-20,98,-23,76,101,26,76,42
42,88,98,-87,71,99,42,-50,20
122,-122,-90,23,-80,-9,-108,-122,-60
90,-20,96,78,97,78,-26,-70,-2
-128,-38,32,-49,-12,-24,-100,46,-118
28,-1,-64,16,-127,-119,48,0,-1
36,-1,-1,-54,48,84,30,0,-1
-32,-1,-1,-89,-89,12,-74,-84,-1
66,-1,-1,92,-14,-36,20,-44,-1
74,46,102,-66,89,43,80,64,2
118,-16,94,79,67,40,34,98,106
-36,58,84,5,-110,110,8,-112,94
120,-40,-80,-32,-126,-19,66,-56,-20
-82,-72,-52,56,91,97,-112,84,-20
30,112,-42,-37,120,20,-100,66,-102
112,30,112,-46,-114,21,48,-100,-86
48,64,-54,-16,-72,9,96,86,-24
-60,-122,-26,71,17,108,-2,-108,-118
-66,-40,-86,-108,1,-114,76,-4,-68
-52,36,-78,117,34,62,-110,76,-66
-120,-70,-10,-120,-41,-95,-16,-2,-102
-68,-28,78,44,-37,-41,58,-28,46
-82,122,-96,-58,2,-9,14,-14,110
-90,-76,10,-116,-73,54,-24,22,-96
-58,-108,-84,-109,37,-118,102,-4,-24
114,-90,-48,-17,127,37,54,86,92
-70,18,106,83,106,-122,36,-24,22
66,-6,62,-70,-114,89,44,-84,2
-62,74,-50,38,101,-48,-50,54,-30
-100,-50,-68,95,16,-31,114,76,-54
98,-124,-26,46,-108,65,106,-122,58
-32,-118,72,-61,-24,98,98,104,-30
-24,20,-92,-46,122,-118,66,28,-54
-36,110,-104,62,5,19,-88,52,76
-64,34,56,42,65,-125,24,58,-66
-56,18,-96,-73,111,123,104,-70,-88
118,34,-110,19,5,127,46,74,52
98,-2,-84,-66,-89,-21,-52,-66,-124
0,104,36,118,27,78,-32,48,58
-38,10,56,-57,-28,-55,-108,54,-88
-58,-68,70,-121,-122,122,84,10,36
124,-44,-44,46,-98,31,-48,24,-50
52,-118,-40,-33,74,-116,-84,38,-16
-42,-62,46,121,-101,53,-100,84,-48
34,-64,58,97,-34,-50,4,-28,-118
-74,34,-100,63,-38,76,-28,-82,50
-58,34,78,61,-78,74,-110,-42,-10
-108,92,-124,18,111,-15,34,92,26
-46,-24,94,83,-81,-61,2,72,58
-92,-54,-58,56,95,-53,118,108,-10
-14,-108,-66,-7,66,-88,118,-70,-18
-92,90,4,44,-35,83,114,4,-68
24,44,-18,-2,115,21,114,-100,-90
-62,-86,-114,-21,-32,33,-56,-70,100
-112,-110,122,28,33,-91,2,76,-92
32,76,116,-107,75,12,80,10,-60
42,28,-120,28,-27,102,50,88,-58
46,28,16,124,90,-24,8,62,-76
54,102,84,-86,41,-23,90,-14,-94
0,82,6,-15,-24,-82,-86,62,66
-68,-118,-24,121,-74,56,-116,52,62
-104,68,62,-2,-82,-40,-88,-92,4
108,58,-70,-43,-14,89,78,22,112
70,40,124,-124,15,-48,-12,-62,-100
0,-100,114,115,-107,64,-36,-120,-128
-38,-16,38,127,-114,-61,86,12,90
-112,-42,-58,-123,-13,-31,-26,118,-8
0,-18,-42,-91,-95,-77,-42,40,126
0,114,-56,-28,26,-12,-44,38,44
0,102,-1,-101,10,-19,-118,-1,-76
0,50,-1,103,-52,81,-94,-1,-1
54,100,106,-28,77,-101,0,-50,56
126,118,126,118,1,-123,0,62,76
-92,10,-22,-65,95,120,-108,4,76
120,-102,10,-96,-72,-4,-106,122,-50
-58,-112,124,112,111,122,-50,-106,38
54,-16,-112,18,86,64,-124,94,-78
-54,114,20,50,-124,-91,-70,56,-110
64,122,-62,-38,45,-48,120,100,-98
62,-58,48,-117,-103,61,-86,-34,-96
-22,-78,60,-58,-83,81,118,84,28
-30,28,-50,-41,44,-3,-60,-52,-96
-104,-96,0,-89,74,-38,-108,44,-68
-104,-94,92,-33,-116,62,-118,22,122
-24,72,120,-32,125,78,-10,-20,-28
-116,32,76,-37,-105,-80,-106,124,66
88,-54,-84,-67,95,-87,-90,-58,-106
120,-98,-38,58,-70,113,56,-20,26
88,-56,-60,99,-113,112,64,-112,18
72,-106,24,113,59,-30,-36,14,-60
110,-58,110,121,87,-47,24,-30,-58
-82,-126,-126,-47,-61,58,-22,-54,64
-124,90,26,-83,-13,37,72,108,96
74,-64,16,-32,15,-22,-46,-32,10
-76,-4,-112,122,82,-39,-108,-12,-16
-52,-76,-86,46,61,-28,32,100,0
-2,28,50,-18,69,-20,86,76,-48
-100,-26,-22,72,-79,111,-18,10,52
92,-124,10,-30,-46,96,-56,94,-74
-40,64,-52,6,-97,25,20,-32,10
64,-124,44,30,-72,35,60,-30,-54
-36,-112,26,-89,41,26,102,-52,86
82,114,-50,-75,-67,8,40,34,-16
78,-10,-44,61,20,119,-30,72,82
-34,4,-92,115,17,-112,-74,-90,-50
-126,-108,68,-38,-66,-75,-8,86,24
126,-8,-28,23,120,-57,40,-40,74
-74,96,-80,86,-6,10,-54,-110,-94
-88,-106,96,61,10,-8,50,-32,78
-56,58,92,-86,11,58,90,-114,-36
26,58,54,103,-112,-19,-112,92,74
114,-110,-124,97,21,4,-90,-44,-36
-50,-26,-100,79,-71,-38,-98,-68,-48
30,12,-118,-59,49,105,110,-30,112
-108,82,48,-69,-124,63,-112,-112,-106
-106,18,22,-94,76,82,-72,116,78
-118,-110,26,56,127,31,46,62,-26
26,-24,28,48,-68,126,-6,-126,-20
-64,104,16,81,-15,62,-16,-106,90
-110,112,16,-65,119,-47,74,-108,92
50,54,-30,-16,-4,-113,-48,118,-44
-34,106,-124,-29,-70,-69,-6,114,58
52,-100,-104,104,55,81,-102,28,108
-96,-22,44,-59,-83,62,-100,0,-98
100,120,-62,-51,84,-118,-60,-36,92
58,-106,22,114,-124,-7,-56,82,-32
-48,-102,-78,-108,-32,-33,-120,124,-24
-90,-38,-44,70,107,-103,82,2,102
84,-92,-6,121,68,6,-124,46,118
-66,-1,-60,-114,24,70,-100,-88,48
76,-1,-98,46,101,-63,60,-118,-4
-106,-1,-26,-67,48,72,-84,10,70
-16,-1,-46,-72,70,113,-88,40,-128
44,-1,-12,-31,126,123,-118,0,-10
-14,-1,-76,43,-2,59,-82,0,116
-66,-1,74,-81,84,126,34,0,-80
124,-1,-42,86,39,24,-78,0,-116
40,-1,-56,93,73,-2,-118,-68,94
-108,-1,22,7,107,-86,-94,94,34
16,-1,-42,-32,-117,62,-118,34,-66
-126,62,60,-102,47,-97,-88,-46,-32
-24,-84,70,113,21,44,28,110,-48
-86,108,-124,70,-2,81,124,-78,-44
2,10,90,55,1,38,64,-66,42
-100,98,70,120,31,74,-118,120,0
12,60,78,27,-110,20,-14,-70,-86
76,32,-72,105,82,59,104,106,120
-22,-76,70,-79,-127,102,-2,16,-56
0,46,-118,-15,-100,126,-88,-122,64
-10,-98,-14,-85,1,80,-30,50,-4
-76,-14,-14,51,-50,111,114,74,-20
-68,-8,2,1,6,65,122,10,-36
28,-128,66,-97,51,127,110,-50,-126
-76,-46,-100,102,24,-27,106,-52,-70
46,0,-6,69,91,55,-40,-66,0
48,-22,54,57,88,-62,-18,48,58
-22,-120,88,-98,100,25,48,104,-118
-42,-80,104,-55,-38,114,70,58,-6
-12,16,-96,-16,-85,-89,126,-80,74
22,0,-126,-66,-68,-30,106,90,-54
84,46,66,33,-102,39,46,86,20
-16,20,-90,107,126,-35,-10,80,-100
-20,-118,-104,-45,-109,-6,0,84,-80
102,106,28,39,71,-60,-44,104,-128
-48,106,100,-93,-56,-65,-74,108,-20
-32,-28,48,-82,-35,20,-92,-104,-108
120,-36,26,7,-123,30,86,56,72
-30,0,80,31,-45,-30,-6,-108,-56
58,-62,64,56,24,-55,74,-94,-44
28,-20,-36,56,84,-119,4,100,-12
94,-104,126,-27,-62,91,-98,-68,90
-8,32,40,45,111,-1,-40,78,54
58,-4,56,-89,-59,-70,126,80,-18
16,-58,54,-108,-85,-20,72,16,-92
-22,-90,-102,-4,69,-101,-2,0,80
118,-14,-78,1,-41,-74,58,120,122
-10,32,102,-101,22,-100,118,50,-36
58,-68,110,25,63,-86,74,-128,-40
-122,114,-68,-18,-97,-36,-32,-74,42
34,122,-66,77,-69,-30,110,-48,36
76,82,-38,29,-40,-108,-100,-116,72
-100,-6,-100,-31,24,-63,-56,-120,14
58,-44,-88,-123,118,-13,110,22,-100
86,-66,64,110,-4,-126,38,46,84
78,6,-98,84,115,68,-70,-20,-50
84,-68,40,-66,55,109,0,-8,60
-118,-44,70,109,-94,21,80,-12,-2
30,-38,-74,99,-75,-79,-116,48,-6
-110,-120,-10,120,-33,-5,94,-104,-52
40,30,-74,60,61,-87,-80,120,-76
-124,88,-118,-14,79,-64,8,32,22
-82,32,-66,82,61,-112,-108,-1,-1
14,-58,-6,-99,89,80,-78,-1,-1
-56,110,-1,-38,-115,37,-78,-1,-1
104,70,-1,46,-20,-50,0,-1,-1
0,104,-1,-51,-110,-5,-112,108,-64
0,68,-1,43,20,33,-18,-86,68
-10,-120,-106,-92,-45,-70,-118,72,0
-84,-102,118,0,-17,108,-86,122,58
-16,-2,-72,-1,58,71,-104,46,-42
30,108,-106,69,-47,47,116,122,-82
-126,88,-48,-5,-108,-29,-70,-46,80
100,-6,-52,-118,75,-59,62,-6,-56
116,62,-68,87,65,26,-64,-12,-66
30,-114,94,-107,-108,-27,70,-48,-16
-114,62,110,-128,-66,-21,60,-122,8
76,-98,100,62,118,-36,28,116,-60
-78,120,-28,67,102,-74,-34,-4,114
-122,48,26,-41,-38,-117,-2,-50,12
-20,34,-64,-59,124,-35,40,-70,114
32,-14,-62,-43,-114,-29,-56,56,-66
-28,78,-124,101,-74,-61,-76,100,-118
-82,-128,36,97,-64,-61,90,-70,-80
-50,-64,44,93,105,67,-50,-20,-74
-124,-42,120,30,47,65,50,-80,86
54,-74,-34,-58,-117,37,-28,-72,-56
-60,-4,84,75,76,57,120,-98,24
-110,-70,-118,73,3,88,-54,-54,-2
96,-48,16,-71,-43,61,-10,-48,-68
-24,34,12,-11,-5,-66,124,84,-72
-92,-48,-8,-76,-112,-37,-100,90,-38
-58,-54,118,117,-63,21,6,106,62
40,-42,-24,-42,7,71,-114,-96,114
50,-42,-76,18,79,-1,0,-24,-26
-56,-112,-42,-23,24,-66,-52,78,-78
-32,-72,-110,0,96,-34,20,-108,-124
-26,-76,-114,93,-120,-17,124,-8,32
110,122,94,58,-126,-30,122,-60,118
10,20,110,-102,115,4,108,-68,60
-2,-76,58,96,11,86,16,2,-84
-50,8,-86,-119,59,-119,-92,2,112
-68,-102,-48,-75,2,4,100,24,126
-122,-56,94,-6,18,18,-18,-22,116
4,-100,-86,30,22,116,60,32,96
46,80,-62,36,-63,96,32,-52,110
84,-76,-56,-116,-100,-123,-40,6,-64
24,20,72,-113,-120,118,-8,-72,-12
20,26,16,117,-30,1,-54,58,8
-2,-10,-108,-107,94,-21,62,82,24
104,30,96,83,-100,102,-38,-2,-68
110,-58,74,33,-71,56,42,-78,-106
-68,92,74,-102,105,-23,-34,68,-120
-36,16,126,-49,37,-48,-20,10,56
66,10,110,-16,21,-108,38,70,16
-92,-102,-62,-90,-123,68,80,36,24
54,-96,-52,-105,-62,-20,-16,22,66
46,-22,-76,109,3,-26,98,48,72
2,120,-28,64,115,14,-48,2,-82
-68,-24,50,84,122,-52,38,-46,72
-68,-124,50,6,-8,-26,48,-2,40
-82,72,44,57,30,-103,-24,26,-26
46,-78,0,-23,87,-126,6,70,-116
92,48,-2,-58,23,53,-50,38,-96
66,-42,58,-40,76,-92,-48,-38,70
90,46,108,67,24,10,28,48,-102
72,36,88,86,50,-14,-44,26,104
100,-50,78,49,13,-25,-126,8,-72
-64,-1,-118,-85,-126,-32,-46,92,-110
68,-1,-32,-23,107,28,-2,-82,-36
10,-1,-18,-97,125,80,114,106,66
-108,-1,-12,65,-107,-70,-106,-16,92
-32,-1,66,-8,85,63,-72,0,-1
-86,-1,-104,-90,49,-16,88,0,-1
-94,-1,62,41,-41,-30,-60,0,-1
60,-1,120,22,42,-117,-84,0,-1
-40,-1,48,-72,98,-31,108,-42,2
48,-1,68,-73,-91,116,64,-38,112
30,-1,46,-30,0,-73,122,-102,6
-44,-1,-94,70,127,16,-62,-114,-88
-114,-90,68,105,59,58,30,44,102
-76,-28,0,98,65,-74,120,92,76
78,80,86,21,74,-99,92,-84,-112
42,-106,-66,-44,6,-84,58,-52,56
70,72,2,-38,90,77,-4,-124,-62
-58,114,12,30,-100,-10,94,-110,84
62,-84,30,33,-79,114,-118,110,-54
118,-36,126,109,-84,-19,-44,12,86
-50,-6,-52,-16,-58,76,-106,82,-80
118,-118,110,110,-76,-99,82,20,92
2,-48,24,-63,-4,-65,22,-76,40
102,48,14,-44,-78,-30,18,62,-64
88,-92,-72,85,18,93,6,-48,-60
-98,-14,-4,-50,-20,100,-26,-100,-28
114,62,-100,43,-68,8,-34,-98,70
-48,124,-124,-47,52,98,-40,-46,126
120,-44,-102,-43,-25,-100,50,20,-58
-16,-102,-124,-105,-7,-83,70,126,-118
68,-72,-10,79,-38,-105,96,122,-46
90,-26,-42,-73,-22,-44,-28,-34,-22
-52,-126,-104,-99,97,118,46,36,70
-106,18,82,88,-109,118,-116,-128,-98
52,-118,-10,2,-127,-49,12,122,80
-116,40,102,-22,23,127,38,126,-84
70,-62,92,5,51,-33,-74,106,62
100,-12,-46,86,95,-99,24,-56,108
-62,102,-68,-23,16,-105,4,-64,-104
84,-54,-126,-8,-21,112,112,86,-74
4,102,-58,-44,-121,23,-6,2,126
54,-24,112,86,-99,6,-16,116,82
-122,-94,116,7,127,-60,-4,90,24
-116,28,54,-91,83,-120,-78,104,-8
14,-30,-12,59,-71,-35,-92,-66,-78
-68,-78,16,100,118,1,26,-80,56
44,-40,-20,13,126,92,24,100,34
64,-24,-124,-17,89,-45,-34,-122,-64
40,-122,40,-124,-98,-51,-70,34,16
96,18,48,-31,111,-85,88,18,-56
-102,-102,76,-81,11,13,18,-56,-108
26,62,-88,92,113,-127,62,16,-76
-104,-118,114,67,-3,-40,8,80,-78
66,-124,-38,-73,52,-121,-42,52,-120
-4,86,14,-127,48,-54,-76,60,26
-92,24,74,85,-43,23,-2,-90,-62
0,36,102,-7,-64,-35,-18,102,76
0,-24,-76,80,-28,-6,-38,48,-124
86,56,118,-63,-33,-88,-24,-8,-56
102,-94,-6,97,-26,-63,104,-72,118
0,102,-120,115,117,-64,-68,108,-96
0,-114,-128,-103,-6,-50,84,-124,-106
28,0,-1,-16,-72,-91,38,-124,-1
-28,-40,-1,-96,-65,-112,-116,-78,-1
-84,18,-1,49,-102,-62,-56,38,-82
-82,-20,30,-114,-49,-48,78,30,-110
84,90,-1,123,58,97,4,70,16
30,-128,-1,82,-76,-13,72,40,66
-124,70,90,-4,-82,45,-30,-44,62
-124,-42,78,94,-11,-122,-52,86,48
0,-42,40,-53,-26,91,-40,122,-68
-76,90,6,-52,60,-84,36,94,112
58,-66,-110,-25,31,50,-50,70,104
-4,-50,6,-79,31,67,72,88,-86
60,-58,122,11,-54,-6,114,44,52
98,-20,4,90,-11,40,-16,106,42
4,-56,82,83,-113,50,6,126,10
-96,6,12,41,85,-51,-66,-10,-2
-128,-42,96,-44,98,-124,-106,-76,100
70,-50,-114,45,-19,112,-90,94,4
-12,86,-70,-111,122,124,-50,20,-56
86,0,72,-118,118,118,48,-30,-110
32,-62,-2,-48,-47,105,-48,-4,-68
4,-86,-114,-21,29,99,-8,-90,102
-120,62,64,-119,-128,-80,106,-14,6
-44,-100,84,14,0,-23,74,16,-30
-18,68,-92,98,-73,-43,-100,-6,-114
-74,24,80,-32,-81,-113,4,-48,16
88,60,4,39,79,36,-48,-72,-42
-76,-112,114,-22,-60,21,-104,28,46
-82,58,76,7,-114,-75,-34,-120,-102
-26,-30,118,-78,111,-38,-70,-20,46
32,-14,44,1,29,-105,86,-20,-42
-22,16,50,13,2,-69,-64,-10,34
-86,62,20,54,-23,-123,-94,-128,-14
-30,-52,-124,89,19,-87,-40,96,-50
-120,-66,32,111,-1,18,-26,-88,12
-84,26,-18,-79,5,59,-20,-18,36
-120,-22,-28,86,49,28,34,-44,76
-48,74,-112,-46,110,51,-22,-104,-30
2,-8,-64,-115,47,-10,-60,124,8
-24,68,-38,-125,-94,39,-66,-108,14
34,-26,118,-57,-99,-12,38,86,82
4,-96,-112,-54,126,-77,84,-64,94
-68,-120,-80,-45,87,-38,50,-6,-60
36,2,-94,-51,98,-95,-34,-118,-108
80,104,122,-115,-128,-79,-24,-28,58
22,-114,-126,-104,-125,119,34,-122,-42
-108,68,-94,74,94,117,30,-34,-84
114,-6,-124,100,4,53,48,-46,-86
48,122,-50,79,-14,31,-14,-54,-12
-26,124,-40,47,-107,-37,-102,14,10
66,-68,16,-128,-113,116,122,94,40
-14,66,0,-95,-100,-10,-104,22,98
-38,118,98,-62,119,84,-124,68,104
-128,26,-88,10,-63,-53,40,-94,116
42,-96,-4,-65,51,47,-112,100,-44
42,66,-66,66,75,-20,98,-120,-94
-74,110,28,20,-2,-2,-48,-74,-70
-86,114,-60,-120,-89,45,-62,-2,-122
42,92,-40,-125,-111,-37,36,90,-94
-110,-74,-106,-93,97,28,94,-96,-94
-32,-1,72,-44,101,33,-70,-50,96
-6,-1,-12,49,3,-22,-38,-80,-118
40,-1,-96,-58,12,115,46,60,-100
-114,22,-68,-100,-92,-65,-80,58,86
44,-1,76,61,-100,82,72,0,-1
-120,-1,106,33,7,55,-14,0,-1
-40,-1,34,75,-48,-116,-48,0,-1
-60,-1,-104,-26,-25,-30,82,0,-1
-60,-18,118,9,6,-88,6,-24,-46
60,-56,76,88,-121,17,-112,92,102
112,62,40,-49,-31,108,-36,38,4
4,-20,-34,126,98,33,64,34,62
94,-104,30,-100,-60,-84,18,-14,84
-70,-108,40,-31,75,-3,42,108,-52
4,-116,-58,-77,-102,111,-126,48,24
24,8,28,7,-44,87,-72,-128,10
36,30,-20,-63,-75,-56,90,-60,90
-52,120,60,-57,115,-26,104,-10,-96
58,-18,12,-66,-42,-14,-118,110,-128
-52,-80,22,-20,31,-7,-52,84,-114
-28,46,-24,-27,44,38,-74,-64,32
48,-20,-114,-2,-77,83,0,60,36
-100,30,124,75,-37,120,98,110,-108
32,34,-80,-44,113,-78,0,8,124
-38,-24,16,80,64,-69,-86,12,-76
-52,12,-80,-19,52,17,-98,82,-2
-42,-24,-34,9,-126,8,42,52,68
30,-118,-108,-5,31,67,-62,52,40
-60,28,-118,-39,14,88,4,70,-10
-2,110,12,83,48,76,112,-20,100
-36,6,-18,-123,-4,78,-56,26,-108
4,-48,96,-117,-55,95,-38,100,0
-84,118,68,18,-83,63,78,-118,-62
-118,54,-64,28,-125,0,122,-110,-60
94,-128,110,-74,-38,-119,-92,-76,26
-102,-100,-82,-26,-37,-34,-34,-84,112
122,-118,-28,10,-33,-108,-96,-100,-12
-118,-70,-32,76,41,-103,38,90,106
-106,44,16,-86,-107,9,-74,-108,56
-24,-64,94,-31,-11,-112,-66,-74,-36
-86,6,26,-100,98,-68,50,126,8
-34,14,-102,47,-31,48,48,-104,98
110,110,-6,-51,-101,-56,122,96,36
26,-40,-42,-31,103,115,108,82,-124
38,-110,6,111,-63,0,24,18,56
-80,-62,56,61,70,-70,24,16,50
82,-64,-74,113,-91,-70,100,-82,-6
118,84,-78,-70,-106,49,92,-44,-34
-8,-66,-128,-6,-12,-52,122,30,-72
-24,-40,68,-95,64,-91,-86,56,66
-18,-46,-74,99,-76,31,-80,86,-24
80,110,-92,-106,121,-119,64,-28,126
-74,-102,-114,-89,-45,29,-4,-54,-10
-10,110,-122,15,2,98,32,-118,88
42,54,108,-11,-113,76,20,-120,26
90,50,-50,65,10,41,-22,-118,80
0,-96,-82,76,22,-24,-80,-14,2
0,38,38,-102,108,77,-114,-46,-20
0,-52,12,54,74,112,-6,-124,-98
0,94,72,-33,-92,-99,38,50,58
0,-66,38,117,42,-25,126,-76,94
0,66,-124,-123,92,35,100,-12,52
0,-40,-1,-124,-52,125,86,-70,34
0,-30,-1,-25,48,-85,-12,-88,-76
0,-84,-1,62,-11,-106,-108,102,18
0,94,-1,-14,113,47,114,122,-72
0,122,-1,96,76,52,84,-118,-1
14,36,-48,-35,-115,-29,-16,-88,-1
0,-76,-1,-92,57,-11,-38,-40,-1
0,100,-1,-102,-92,-52,2,-106,-1
0,-34,-40,80,83,27,-16,-110,-64
0,110,-20,60,62,-77,-70,-118,-54
70,-98,-110,123,-60,-29,-116,96,-104
118,20,96,79,-12,89,-12,-126,44
32,-64,-2,113,-5,31,12,-126,118
-74,48,102,-77,-71,-66,56,38,-14
-94,-12,-114,-20,104,101,-56,118,110
2,-84,-58,94,-40,73,-14,104,-118
116,-116,-104,64,-17,-58,60,88,-68
102,-16,-94,-115,122,-57,-16,50,122
-110,-120,-106,-100,-113,-67,-128,-40,-100
92,-116,116,-2,-44,-96,-96,88,30
40,50,28,90,-10,96,-14,-68,66
-24,-90,56,35,-7,74,122,-42,-80
-100,-64,68,49,13,-111,-124,-20,64
74,-58,42,-22,9,-127,-12,-52,52
8,-38,-20,98,-57,82,-60,56,104
110,-118,36,87,-121,93,-56,-112,-84
54,126,-74,-29,34,85,4,-36,-46
-42,-102,118,37,-28,94,84,76,96
46,-6,-122,-76,30,61,-124,-42,114
-14,50,114,40,-81,9,24,-62,-90
6,26,88,-26,61,10,84,-84,-42
52,108,-6,60,49,-11,-84,90,-18
-96,126,-24,-24,-93,58,4,-38,74
-4,-68,112,67,105,69,10,44,-88
-126,-124,-46,1,-3,-50,0,20,54
-88,0,108,-21,76,-14,82,-128,-92
56,-48,-34,79,11,-3,124,-100,122
42,32,-4,-101,-58,68,72,20,-120
18,112,-6,-29,-8,-68,-122,-120,22
-10,70,68,-40,106,-4,-124,80,90
-26,-28,-84,-62,-103,-99,4,-32,-92
-98,-62,-30,-99,55,72,6,-120,106
62,-82,-10,30,-76,125,-4,104,110
-52,-28,60,7,8,91,110,-104,28
48,-64,-36,35,96,81,-30,28,-114
-120,120,-78,15,73,11,30,94,-38
68,8,106,-39,-60,66,-6,72,46
-46,102,-10,25,33,-23,-86,-114,4
22,82,60,-108,101,106,-4,-104,-110
-126,-52,70,-99,-32,84,100,-68,46
-60,-72,54,42,-83,-52,10,86,80
-24,118,96,-66,65,101,64,-62,-108
88,-20,-124,74,56,-21,-14,108,-72
-108,-98,90,-35,-6,114,-110,30,-74
48,126,6,42,-119,-66,60,-84,44
86,-84,122,-116,48,-5,-86,52,-4
-12,-74,100,-62,-96,49,-98,96,14
20,-84,48,81,0,45,-116,50,40
-70,52,66,17,-40,-61,100,-110,-108
-62,-106,112,59,39,-98,-40,-78,-126
108,-1,-46,40,49,35,120,-106,34
8,-1,-60,13,58,-77,-44,-44,-90
26,14,-14,-75,-15,-2,-120,-16,-1
-12,-1,70,-69,-55,45,70,-34,-1
52,-1,-1,-69,86,-106,-26,-86,-1
-54,-1,-1,-26,46,-68,-22,94,-1
40,100,-26,-5,-42,-35,108,110,-98
-48,-64,90,-119,117,121,84,-96,-76
-118,-82,50,39,-74,-84,-100,30,-8
34,22,118,-44,-11,84,-116,46,6
-66,4,72,2,0,-19,-4,-4,-72
-70,-62,92,81,74,25,-10,-70,-20
-88,-128,-96,117,11,-39,6,30,-6
-4,-8,-18,109,-84,-88,-86,70,-46
12,90,-52,-13,84,-35,18,-48,-68
-18,-76,-16,-93,-73,9,-110,80,52
12,84,-66,-64,-20,88,122,-80,-60
-62,24,18,102,33,-77,74,-126,70
124,-114,2,-116,75,-83,-106,-108,-12
44,48,10,-27,73,126,88,94,112
0,-124,-22,-50,-71,-29,-32,58,32
6,74,76,9,21,108,-56,14,-2
-48,108,-70,90,85,34,-86,-26,100
-24,-38,-54,10,-35,19,20,-96,118
48,80,-128,-73,-77,8,60,-94,-84
-24,100,-44,-57,-21,-115,12,104,84
104,78,-38,78,21,-120,-6,-8,-72
60,-2,-20,75,-78,-78,-122,102,-40
36,-118,-112,-123,-91,-4,-34,-98,-102
-36,-120,94,-40,117,70,-22,32,-68
-84,24,-128,67,-118,95,110,-128,100
-82,-48,38,28,125,5,22,-88,46
52,-68,44,-118,123,-53,-48,58,124
-82,26,28,-6,-31,34,-46,74,52
96,-116,-54,5,89,100,-50,-8,-84
-84,126,110,-118,93,-66,-102,-94,2
60,-16,-90,-100,104,-43,104,-14,-96
84,-16,62,-76,38,28,70,50,112
116,22,-120,-18,-94,71,-126,126,-108
-34,-88,74,-80,15,117,48,48,-64
96,-72,-64,-55,-14,-29,100,-38,-72
-84,-48,70,69,-123,101,92,84,106
86,-6,-60,102,25,-88,2,14,58
-4,116,-98,63,-26,-89,-106,110,4
-86,98,-88,-72,-53,124,98,16,-18
-128,-78,-2,-121,114,69,-22,94,38
102,34,8,35,-128,-8,52,-116,-82
14,-122,-96,40,106,99,106,24,-14
-2,4,-4,-34,-91,-113,84,12,-24
-104,44,38,13,-6,28,-124,92,120
58,120,74,-24,-114,-78,12,-66,-64
-42,116,72,-104,106,9,-4,106,-88
-72,-2,82,117,-11,29,-92,104,-4
52,-84,80,-104,17,41,-58,102,16
-48,106,14,1,-44,63,16,60,-78
110,-8,-34,-53,34,100,-48,-72,32
0,-2,-80,-8,-70,64,48,-26,36
0,-2,122,30,-13,-23,-20,-68,12
0,50,124,87,-73,113,-102,94,92
0,-100,-92,-101,73,69,-122,104,-24
0,-116,-124,69,2,-25,112,-1,-86
0,-92,116,9,-5,1,-102,-1,-44
-6,-18,118,39,22,-71,-62,-1,-112
46,-70,16,99,-71,73,82,-1,-124
24,-56,-1,127,113,30,-46,-22,-74
-94,-20,-1,10,126,55,78,12,-84
0,40,-1,-4,-28,108,-32,-1,-34
0,-94,-1,29,6,-15,34,-1,-6
-20,-34,-76,-53,38,114,-78,-46,92
0,-22,0,-16,68,-47,-120,10,42
-38,64,98,-90,0,-66,-44,44,-104
-122,64,12,-35,-62,-86,-104,10,-36
92,-36,40,113,76,39,-96,-10,-102
112,-88,-128,35,48,-36,4,-48,-66
6,-98,-126,112,94,91,-4,54,-6
-52,36,34,-30,121,31,-114,-8,76
-10,114,-24,48,9,51,88,126,-90
-124,-50,-108,9,78,46,-58,102,72
126,34,-114,-32,106,98,-42,-90,78
-28,60,-36,18,12,123,90,-32,12
-14,-34,90,45,56,-77,38,34,82
80,104,-126,-115,-14,-69,-84,82,98
-96,-104,-4,55,85,93,-30,108,-58
68,-22,124,116,-120,84,-82,50,64
98,0,-12,-87,-125,50,-72,8,106
88,-34,-102,17,127,24,-106,-54,-22
-42,-30,-94,117,109,25,30,114,102
-106,-110,4,-81,15,-34,50,38,94
-46,114,22,-120,-33,113,-102,104,-56
-34,74,74,-114,3,113,-116,10,118
80,-30,42,-56,-55,-99,-70,66,124
112,50,-18,-113,-43,-32,44,96,116
-22,-110,2,13,27,-111,-84,-108,-46
-50,-36,18,-98,24,-120,112,-16,-16
-16,26,-2,-65,73,-106,14,-30,-64
98,94,-60,-7,46,-100,94,76,-54
-128,104,-54,-79,33,90,-68,-88,-126
54,-74,-100,12,111,113,-58,86,-124
16,-24,-74,-17,-36,-9,-76,-24,68
-66,52,-4,8,-106,57,96,8,50
36,96,104,-2,-102,-29,30,20,52
122,-6,92,106,111,36,-62,100,-94
-36,54,-122,73,-95,111,-16,-18,-78
8,36,52,-11,-73,67,32,-22,-126
-40,-112,110,-41,-98,-49,2,104,50
-106,90,-10,-38,25,121,-14,14,62
-118,2,60,75,93,-31,-72,76,-116
96,94,-6,25,54,-125,108,118,-104
-24,-106,66,63,-104,37,-20,116,-6
-124,88,-48,71,61,-62,8,82,-84
102,-124,-44,6,82,23,50,-114,98
30,-92,100,19,93,-54,-56,72,-42
114,46,84,-54,-11,-108,-34,-28,-70
10,76,-126,-61,6,-120,4,-114,86
24,92,60,78,7,-13,-18,-46,26
-74,52,66,91,36,6,10,-100,-94
-6,0,42,59,-96,-128,42,-112,58
26,-78,-98,25,-15,67,76,66,60
92,-32,14,-65,33,112,-40,90,42
72,74,-78,66,123,28,70,24,72
-76,-106,-90,84,35,36,-96,96,8
28,28,-38,118,-119,-58,46,2,12
68,-120,-56,22,38,23,-62,-84,60
-102,58,-104,12,-117,-74,-44,56,-92
16,100,-36,-33,58,6,-48,34,70
-20,74,68,-66,60,91,-104,22,-120
114,-28,108,-96,124,-5,30,14,12
114,112,118,122,-96,84,-6,-90,-74
92,-1,-1,21,38,-108,-66,14,-1
-36,-1,-1,-3,4,116,-120,72,-1
-4,-1,-1,69,-92,109,36,24,-1
-108,-1,-1,-78,-1,20,-66,-124,-1
-4,-1,-1,69,-92,109,36,24,-1
-108,-1,-1,-78,-1,20,-66,-124,-1
100,126,60,106,-124,73,-40,40,56
-100,14,-38,26,123,-107,34,-76,-50
-88,126,-52,37,117,-76,16,36,84
50,2,-114,-120,-27,-118,-82,28,-8
-30,92,-74,-111,125,-91,-6,52,56
48,-98,-84,73,-121,118,-56,46,110
-44,110,-26,63,22,54,-48,86,34
-126,18,30,-23,117,37,58,-4,32
40,104,-76,74,25,108,-16,48,-96
68,-110,-96,31,33,18,30,-92,-122
106,126,-22,51,-69,-82,-42,34,22
-40,-38,-30,25,78,-117,-100,60,46
0,-48,-68,-8,-41,-124,-24,28,-58
76,48,40,-102,-27,-123,110,-104,-96
42,100,30,-10,69,73,-18,100,-28
-42,-94,-76,79,55,60,72,-102,-76
-76,80,-32,-25,-102,-121,90,52,10
-100,-102,94,-73,88,-72,-114,-26,-48
-24,-122,54,-51,85,-82,-26,-46,36
6,-26,70,-124,71,5,6,-86,-118
42,-18,-58,-86,-5,10,-90,-26,-124
74,2,14,-74,-114,55,-82,110,-40
34,-60,54,-45,106,112,-84,-20,-102
-60,74,-22,-59,9,-91,-112,66,96
-104,64,-84,81,-103,-111,-86,62,-98
54,18,64,4,96,25,44,36,-52
-110,4,124,42,97,123,-118,-100,-12
4,-68,-40,82,45,-77,42,94,104
-22,126,-36,-21,7,-52,-60,36,-72
8,-86,-128,100,-41,0,102,32,58
18,-106,24,120,91,-17,20,98,122
-48,96,18,112,17,21,42,-104,98
12,-128,-14,29,97,13,42,-32,2
-64,70,112,72,90,-97,72,88,-44
-98,-54,44,28,105,93,64,8,74
-10,84,-106,-52,-44,25,-88,-78,-76
98,-86,-34,65,63,20,40,-90,92
84,16,-44,-4,-27,-127,-128,-114,98
-122,42,68,-98,88,-41,32,94,90
58,-24,-52,96,-77,121,-14,16,20
30,-74,-56,120,73,49,-122,30,-32
32,110,-46,-88,78,-20,-98,12,76
-6,80,-50,-18,-121,-73,28,24,2
-76,-40,124,109,66,59,4,-116,-10
54,64,-64,-94,-90,102,-22,8,100
102,-72,-120,-114,30,-87,100,-36,84
58,124,58,-33,-2,96,116,124,-2
-36,-76,-110,92,-21,40,28,-2,106
-86,46,124,-21,-109,-104,6,-78,70
-56,70,126,-110,-121,-110,-16,-36,-18
0,-86,38,-61,13,-30,-16,-22,26
0,-120,44,-105,-17,72,-124,-120,74
0,108,-72,106,14,-1,-90,-96,34
0,70,80,-11,-55,60,80,-34,-126
0,-8,-72,81,16,114,-72,-66,104
0,24,-98,64,-102,-73,-64,34,44
0,-90,10,-105,-76,56,-12,-1,-108
0,-14,-24,87,116,-96,-46,-1,32
0,-78,-1,-34,32,69,-24,-54,-6
0,-104,-1,-121,81,4,-10,-48,46
-48,0,-1,46,45,-91,124,-1,34
0,0,-104,120,-53,69,62,-1,76
36,64,104,55,-47,-67,-60,30,-1
0,-128,-1,-46,-47,-18,-76,-92,-128
-32,50,-86,-36,126,74,-98,48,-64
8,-122,-50,55,-17,-65,-54,-74,42
42,-70,58,16,-42,-44,100,94,0
18,-40,-38,42,107,103,-82,-42,-80
10,72,-76,71,-27,115,62,106,92
90,98,98,-94,-43,109,-4,-122,-58
100,4,-88,-37,107,91,-108,10,98
44,46,-72,-34,3,67,98,114,60
90,-34,72,-128,60,-80,-10,38,102
108,-10,-48,92,55,-8,28,44,-2
96,38,32,27,27,54,102,18,30
-50,-22,44,113,-68,74,-124,122,18
-118,-8,-98,-37,112,-20,-110,-16,22
-78,98,-48,32,-40,7,-128,-74,120
-76,108,-4,20,84,111,-26,90,114
44,-54,-94,68,6,107,-40,-100,-56
6,-38,92,-114,68,-9,46,30,80
-26,-42,64,-80,-88,-55,-16,38,-120
-122,-14,74,68,-74,109,110,-106,-68
96,36,-74,-22,-67,69,52,-34,-4
-82,-114,72,-33,112,-118,-24,10,104
-120,-2,76,-66,-63,-98,-52,-70,-90
-24,-4,78,22,-13,89,-30,116,114
78,-76,32,44,-18,118,-68,-116,50
-40,-64,64,-97,-37,-78,14,-38,-76
126,62,-118,-54,-59,-95,2,-108,-22
-118,106,126,-92,118,-38,16,-12,60
-104,66,16,-4,-69,-84,30,82,82
34,126,-36,17,56,76,-20,-86,-62
12,-128,28,-67,-90,63,-74,-6,-78
-48,40,-42,68,-77,-94,122,34,80
14,56,-76,122,-64,-20,112,-30,-122
16,-84,84,-42,-71,123,0,-32,14
-68,-24,-24,45,-32,127,-72,-6,112
18,124,84,37,-10,-57,-80,-72,-36
52,-26,-128,-51,51,119,-70,-64,-84
50,106,-34,79,4,115,86,46,14
-10,98,-30,-92,-90,31,-112,-70,116
24,102,-100,2,-115,-68,-62,-124,50
-114,90,-8,10,-57,80,-8,8,-58
92,-92,70,-52,-53,-2,36,-38,-110
106,-98,84,-36,68,-55,-44,54,-72
52,-110,114,74,107,104,-38,-110,-126
60,58,-102,32,-124,50,78,-24,2
64,78,90,-64,53,-105,32,-124,62
122,-52,40,-23,-113,57,126,-10,116
-120,-40,-6,-79,11,72,-60,-46,124
-8,-12,12,90,-46,-116,40,-118,-2
-80,-72,-110,94,37,-26,6,-32,126
108,54,100,-41,-62,100,-48,72,-76
72,94,112,89,-124,35,72,-104,-52
-34,-44,14,30,-123,28,-94,60,-122
-74,-60,-62,24,-124,53,86,4,82
-108,-98,12,-62,12,-76,116,70,20
-56,-82,-10,4,103,-84,106,-78,42
56,-106,-90,70,70,87,-118,20,-12
18,-56,-26,-92,-7,-37,-46,10,-100
-2,-96,-40,-76,-53,120,-84,90,-128
-22,-1,18,-14,32,-114,-84,0,-1
116,-1,86,-29,79,28,-34,0,-1
38,-30,-1,-34,8,42,90,120,-1
-54,112,-1,-126,68,-77,-100,-40,-16
-98,92,42,-88,-45,-42,88,-106,106
54,64,62,91,51,89,58,8,92
-22,82,-26,76,39,-91,-68,-66,-66
-26,50,-86,-77,66,-81,-2,36,-34
112,106,-44,11,-67,-64,34,-42,26
-118,-52,8,66,33,97,40,64,-104
-76,56,-2,64,62,-39,112,-52,38
-90,108,-52,55,-72,-20,96,26,-102
-124,92,-114,-39,-42,71,-40,126,104
0,-84,46,72,77,6,34,-50,118
-62,126,12,103,100,-83,-80,-34,-112
-38,122,-82,-115,-127,-113,-84,112,-40
106,58,102,-39,-128,89,116,92,-52
-60,68,46,-27,55,102,60,68,62
114,-14,-44,49,56,-78,72,76,-74
118,74,-42,-78,47,-31,-90,-14,-128
40,-44,16,72,-3,-124,68,60,-92
-10,-108,16,89,68,-127,62,-76,-98
66,-94,98,13,-97,-69,-104,-116,2
-20,-18,70,97,-72,-108,-8,22,-14
-120,-16,4,-81,-57,35,18,12,84
16,38,-90,85,-125,-118,-18,94,-12
-110,-104,54,71,-103,101,18,48,-114
-66,-4,20,-64,-123,-69,-70,84,-6
46,82,-76,104,57,124,-94,-90,98
112,10,66,-21,6,45,-44,-30,84
22,-88,102,-19,-21,85,-118,-74,74
76,-100,68,58,47,-8,82,-62,-20
46,94,114,117,94,94,110,84,-86
-28,0,104,81,117,-55,34,44,-60
96,-28,-44,21,-118,74,94,-108,-86
70,-114,98,110,-87,79,126,24,-120
6,58,94,-5,74,59,-40,118,-30
72,58,-92,-89,124,75,126,42,-128
-28,66,-92,102,104,18,-122,-50,126
-40,58,-120,-89,-109,-14,-50,-38,-108
120,-110,-54,126,23,-16,66,74,56
-28,74,-28,3,95,108,38,98,52
-100,-4,-118,-14,-88,-27,-12,124,68
-46,-128,-44,81,-127,-106,66,-18,-104
-94,12,-34,121,12,-40,60,38,70
120,-84,-28,-7,84,-64,-60,-44,14
66,-56,58,109,-75,-74,-114,-14,-84
10,-80,-114,100,52,-74,-46,90,-46
90,42,-100,-24,-8,76,-106,-54,114
-68,-64,-50,-69,51,-25,-70,-48,76
0,-42,-128,-13,56,-37,-20,90,-96
0,70,34,77,-29,-93,-64,-50,2
-108,58,-16,67,-128,116,30,84,94
16,-84,-126,7,-41,48,88,88,-14
0,6,-38,118,-52,70,46,32,120
0,-92,-102,92,48,-50,72,124,-38
0,24,-60,-17,16,101,32,-110,50
0,-2,0,-111,-104,-69,-100,20,-42
0,-56,-1,-106,-75,88,-94,-74,40
0,122,-1,-81,-30,-121,-38,50,-52
-114,-122,-1,-41,-112,-16,-80,124,60
-48,8,-1,93,59,62,-62,-62,118
-38,52,-1,121,127,-82,62,-1,-1
-78,-106,-1,64,94,-86,46,-1,-1
0,78,-1,-47,44,119,-58,-116,-1
0,76,-1,36,-28,-50,-92,-102,-1
0,-118,-1,-94,-55,-122,58,126,10
0,-54,-1,114,-28,-11,120,-8,-56
72,74,-44,20,-57,-124,-52,-82,118
-104,94,-112,-75,122,-39,-56,-42,44
-82,22,52,3,92,-4,26,120,48
-38,84,74,100,82,-39,82,120,-62
64,110,96,-4,-2,66,44,-20,-50
18,80,-16,-11,44,8,-126,-94,80
10,32,-118,-48,-70,124,-50,48,82
-48,-30,-72,86,-50,122,-104,-104,-48
-64,100,-26,110,116,31,-102,-50,-44
52,52,-70,-126,94,69,-16,-122,18
-18,-52,96,51,-74,95,-46,14,60
-62,82,-82,0,-7,97,-54,-42,64
-28,102,12,78,19,-40,-84,54,-8
-52,82,54,-42,-16,5,-104,-68,-86
-60,96,-100,68,121,-31,-90,-18,-104
-74,2,-122,88,-106,-32,-120,-52,-110
-74,-6,68,-31,31,-50,32,-34,-120
66,88,-34,-84,4,-33,78,16,94
32,116,-60,108,-1,20,10,-104,-80
20,110,-110,74,-61,85,-30,22,-74
-118,-120,70,114,102,-20,78,108,-50
-28,-90,122,90,80,-45,-74,-66,-48
34,92,62,-16,-6,50,34,-82,66
-120,-10,108,-9,80,17,-114,82,70
78,-26,-114,-103,57,-60,24,-82,-40
-62,-92,10,15,53,-53,-98,116,114
76,-104,-70,-8,-81,-5,-56,-42,-122
-78,-48,8,-62,54,24,122,-98,-4
4,-106,-32,-28,23,-5,-86,-94,-26
-104,-86,-96,20,-43,57,86,-32,2
-88,16,52,-65,-79,-61,78,-10,-46
114,-24,-124,-102,114,-40,66,126,22
72,66,20,-80,72,38,68,108,-26
10,-48,-10,0,-21,-56,64,2,56
60,-108,54,-89,-39,-25,76,-50,-128
38,-108,82,122,59,-90,120,-112,2
-84,0,120,-71,-74,123,-30,20,-14
118,124,116,66,33,41,-80,-34,-20
-20,32,-68,111,-87,-127,-4,-30,58
80,52,62,74,-66,76,82,48,60
70,-44,-100,-38,122,100,-80,122,-54
-50,102,-28,92,113,74,-10,100,-106
38,114,-72,-61,32,-58,-2,14,-74
78,-86,70,1,85,-5,-14,86,106
-48,122,34,70,-24,-73,96,-120,10
104,-34,86,-85,-44,58,102,114,-100
-102,84,-60,-69,-8,-53,82,32,124
62,-106,-108,-37,33,90,-80,-100,98
-34,24,8,-100,-124,7,-16,108,94
-110,-76,-120,-80,36,-17,-10,2,108
52,80,-76,24,-44,17,-2,92,124
-14,50,94,121,-72,-36,-22,-92,22
-76,16,28,-21,-41,55,-48,-54,-4
66,-70,104,-105,-99,-117,10,-106,48
-76,-110,56,32,26,-103,90,14,-104
-86,14,-4,-92,-110,50,-126,108,-70
-28,-1,-1,9,-47,-34,70,0,-1
70,-1,-1,59,-127,95,-116,0,-1
-120,92,84,-39,-109,-62,44,86,-1
4,-78,14,33,-104,-109,26,-16,-1
-12,14,-120,51,22,11,-8,-124,84
26,4,-76,71,-105,-101,84,30,76
52,-18,-48,-74,-74,-35,-66,66,-18
36,-30,40,11,-23,-97,48,-56,-72
-98,18,-8,-101,86,-12,-10,-60,70
120,-18,72,-93,-51,90,30,70,110
44,-8,78,-93,-66,45,82,-72,-102
-52,-120,98,-35,-96,-48,94,-70,10
-100,90,0,108,111,92,-8,-38,-22
16,46,-38,94,-103,77,122,58,-96
120,-66,-90,-127,-96,-39,114,68,-112
-114,8,96,114,86,-44,-30,-26,30
68,-112,34,-126,-74,95,-54,-126,112
38,72,-12,-100,-15,122,104,72,108
56,104,-24,-16,-34,57,-92,34,2
-94,98,-52,114,-121,94,26,-118,-82
34,98,112,14,69,57,72,-32,92
-98,-2,114,-116,68,119,-16,108,-38
64,46,58,-12,23,34,98,-74,96
114,58,0,33,42,92,0,-76,-62
92,-22,120,-111,2,23,-4,30,26
82,-76,20,87,-32,48,-74,-124,14
-104,124,16,54,-46,-61,-78,-84,68
122,-102,-36,-63,68,-45,108,64,68
-110,-10,10,-96,121,8,-64,18,80
108,-98,-94,-3,74,21,30,-72,-14
-96,-6,-66,-6,87,-68,0,-68,98
66,90,28,-97,-32,82,-128,28,-28
92,-102,-122,-43,-27,-74,-62,10,-96
92,-14,-112,-47,-50,4,110,94,54
108,-50,12,50,89,-98,34,46,-40
94,-26,44,-117,113,-114,-32,34,40
-94,-120,-68,-114,26,-11,122,64,56
72,-70,-44,66,-40,-52,96,-32,126
-62,74,-124,46,-38,-6,-68,-98,32
-118,0,46,-118,124,116,90,-12,-108
-40,-42,118,-73,-79,-100,-110,-4,106
-66,-52,-94,37,-99,58,120,124,116
-72,-70,-64,-10,-95,-93,104,66,126
44,126,44,113,74,76,-122,-104,78
-58,112,-10,92,32,-59,-82,-74,-46
-24,96,-124,-1,2,-86,52,-60,56
34,-106,-90,-38,-111,-71,78,-72,-28
-26,-48,92,31,64,-102,28,34,-114
36,-120,0,14,124,52,-22,14,-22
16,-26,-20,5,52,29,80,-114,90
-106,86,-74,-127,11,-27,58,22,-62
-44,-126,-60,72,-16,-84,46,-52,-46
-96,-2,14,40,-8,98,-98,-84,-24
72,-26,78,-92,28,-96,-66,-90,-110
6,96,6,12,-26,45,-10,-70,-32
50,-64,82,121,-88,22,-110,22,-122
96,86,36,-8,111,-35,-80,-74,10
56,-10,60,25,-109,0,14,-102,-92
82,118,8,18,-66,-118,-78,94,-30
64,-68,104,-86,49,34,-82,10,-50
112,-82,40,26,108,-124,-110,48,114
-124,-44,110,-123,8,7,-58,-1,-122
-16,-32,-44,65,121,94,-84,-1,20
-56,16,-38,26,61,-106,-84,-1,48
-88,-26,-70,83,-28,6,-24,26,-26
-18,102,-24,81,-91,-79,100,-1,22
0,-68,122,98,-124,-49,6,-116,-30
0,-74,-16,-2,-37,65,-24,-88,56
104,30,114,-110,-34,111,82,-28,-1
0,-64,52,11,-44,114,12,32,-1
94,-94,-18,-113,-31,-2,-28,114,88
56,-8,70,-35,11,115,-110,28,44
120,-90,74,-59,104,32,-112,-34,-68
-120,-108,24,-81,10,67,-76,-64,-26
20,32,54,-80,-17,48,-128,-54,0
122,4,-56,-23,127,19,-38,104,86
4,-114,-12,-93,123,71,2,-52,124
116,108,58,-44,-42,59,-4,-114,-94
-34,34,-96,124,31,48,-86,-78,52
-6,-126,54,-110,-57,29,86,-80,26
50,-74,-128,39,122,-121,-94,102,-90
80,102,-86,107,-116,-124,-94,72,-48
70,-44,-128,-64,-71,-31,48,30,-64
-54,8,-28,-88,68,-43,-12,48,112
4,-22,-26,-45,41,18,-68,-8,28
46,30,0,-117,-127,54,-16,40,-6
-104,-22,-60,49,36,75,60,-44,98
-26,-26,2,-66,-115,24,-110,22,58
90,-50,-22,4,-14,106,-80,68,-96
-22,-58,90,79,-125,84,52,124,-60
-50,-34,28,1,-75,-53,-102,-98,-10
-122,24,-110,-68,109,-42,10,-60,118
-30,42,-114,17,-97,-47,-50,-56,-124
-90,-88,-42,47,-55,-46,60,-98,-116
52,-70,-98,35,76,32,-24,88,-16
-126,60,-30,-58,-90,72,-30,42,-112
-58,-40,-118,-18,44,-39,56,80,-120
26,62,-58,-51,-52,53,-38,-82,-96
98,-88,88,48,-50,-110,12,-88,100
8,-106,-112,-96,-18,-83,86,62,-124
14,-2,82,-96,-27,-62,10,-102,-32
-36,36,-44,-104,-50,-24,-20,-106,6
-68,42,-2,-18,-120,93,-6,-118,-38
-16,72,-116,-75,107,48,26,-34,102
-92,-58,-34,49,-25,-68,42,-94,124
28,-36,-96,62,-1,122,50,98,-50
64,-76,114,49,-32,-56,100,-74,86
-84,106,96,14,-41,102,-106,-24,52
-106,-4,40,-62,88,67,-86,56,-56
82,122,-88,-114,-70,1,110,108,24
22,-80,-78,119,4,48,-52,62,-42
-4,34,-58,-51,-106,75,38,-12,98
-52,-12,-88,65,54,121,126,-104,-102
-12,-64,-64,-24,-40,62,-84,-126,46
50,-122,122,14,91,-84,62,-4,76
-116,58,-70,-43,-53,112,-42,98,-128
12,-62,-28,98,-87,-46,38,-76,-42
60,-92,-64,1,44,40,112,-46,-64
102,-28,-108,-79,74,-27,34,-10,44
120,-118,102,85,116,-88,-68,52,106
112,114,114,48,-64,-14,-116,94,30
-78,-94,12,-27,-114,5,-28,-128,-26
-20,36,122,20,15,-31,54,108,-10
62,38,-46,90,-123,-71,10,86,-128
30,-1,-40,-35,88,107,-48,-72,-60
102,-1,10,25,-125,98,118,86,30
52,-1,-14,59,37,112,-72,0,-1
-84,-1,-66,-18,-104,102,126,0,-1
-30,-1,42,-76,65,-23,78,64,-1
52,-1,86,-128,23,27,90,82,-1
-38,-56,6,105,-59,-32,-38,-30,-64
-16,-88,-24,38,21,31,-92,52,-98
-76,76,-78,116,-65,-2,-100,38,42
70,36,-4,-89,124,-53,50,26,-58
-40,118,-28,66,-51,-11,-102,68,-88
-98,122,18,34,6,-41,-72,80,44
16,38,-78,-102,23,70,22,72,62
56,-8,-86,-86,-89,36,-80,102,-8
-62,74,-106,16,106,-38,40,52,-104
50,56,-26,79,-42,-105,106,60,12
22,-98,22,-62,-6,-90,-82,90,-14
98,108,22,-7,-35,-81,94,-22,-84
56,-126,-112,-75,-32,-71,-108,-104,-108
118,-10,6,73,-50,-62,-28,-124,-100
-8,52,-18,-86,87,25,-122,34,-38
62,28,-90,60,-98,6,2,100,6
6,-76,-86,-46,90,-48,-86,86,-20
-100,-38,56,-32,89,-26,34,12,66
-12,-32,52,116,67,89,40,-98,-88
-10,84,114,-46,-48,-73,52,-36,28
104,-106,18,53,4,-40,20,-2,76
-20,-26,-76,-27,38,41,-86,-106,-34
92,-100,-128,67,25,-103,112,46,20
-108,72,2,115,-56,-58,-114,-44,-62
-82,-44,-122,104,-123,-113,92,-46,-92
-98,74,120,-22,-110,41,32,22,76
-42,102,-22,-73,-79,34,42,82,-64
14,120,-88,32,-106,-100,82,82,-116
-20,70,-44,94,-119,-30,80,-14,-28
98,-20,98,92,105,-11,104,120,-40
-16,-118,88,-30,-6,-79,-90,-2,98
-12,62,-104,86,22,-119,-100,-26,40
-76,118,98,-126,120,11,-126,-52,-66
-124,-16,-106,-55,-53,-54,122,-110,-50
-36,-72,88,-56,-87,113,-12,10,-16
40,-28,-96,-108,3,36,-96,92,-38
-86,-14,26,85,-106,-10,122,78,94
54,74,-50,-123,-84,92,28,76,-4
-80,-2,46,119,25,-76,-28,-92,-32
-96,-50,74,-25,-18,-93,102,-96,110
4,12,-32,19,24,46,-114,-64,-16
-128,78,32,118,-95,-92,124,-56,30
-88,-114,-22,86,74,95,104,-54,-12
78,-8,-2,24,109,-43,-114,46,6
68,-6,24,14,111,66,10,14,-102
124,-68,4,-10,5,-81,-104,-96,-10
86,-18,70,80,-108,35,-120,-90,72
112,-54,90,-123,100,17,6,106,-66
-64,-6,68,118,-9,122,46,100,72
-20,-66,-106,-33,-9,20,76,-28,-36
-86,14,42,53,-4,15,4,-94,6
-96,70,-26,81,64,92,-96,40,78
34,-86,18,-62,-44,48,124,-90,118
52,12,104,5,103,-127,80,42,-20
0,34,34,-69,-19,-126,6,-1,-40
0,-50,-36,110,-74,-74,-8,-1,-60
112,-96,-1,-55,103,114,62,-114,112
0,122,-1,116,-24,36,-84,-1,50
0,-8,-1,-96,125,56,116,-108,18
0,-62,-1,41,3,-94,-58,-52,50
0,72,-1,5,-96,2,-98,4,-1
0,-64,-1,-45,-99,-78,50,-106,-1
66,106,-126,63,75,-63,50,96,-12
-96,70,32,111,49,-26,-68,98,-52
-36,-74,-6,-108,114,-103,-30,-124,-116
64,-56,-82,-65,67,84,6,30,74
98,90,-14,41,-35,-127,-36,32,24
-104,52,102,39,-96,-3,52,-14,102
-22,-42,-84,-14,-27,-9,-4,-84,104
108,70,2,-106,32,-121,14,46,-46
-2,6,94,96,-82,-126,2,-36,-68
80,-42,40,-64,110,-68,-66,-128,-124
-126,124,112,-54,-120,-87,80,50,-74
94,34,60,-113,39,-81,-126,120,30
-80,-56,-68,-117,-47,-16,-56,104,12
-4,-58,12,53,-119,-70,-118,110,34
54,-14,94,-125,-51,-90,-118,-12,-114
110,86,74,106,92,-69,-82,-88,-30
22,104,108,-109,-17,52,6,48,122
-108,-64,-110,10,87,67,38,124,112
-66,82,-110,-93,-8,101,56,-52,8
94,54,4,-114,-78,-125,-84,-8,-60
98,22,92,66,92,-105,36,-8,12
-50,52,-36,9,92,123,104,94,-88
-104,-40,-14,28,118,74,88,-18,14
112,-26,62,-95,-88,80,4,124,-104
124,-68,-112,-28,86,-26,-28,-22,-38
-86,-78,-38,-63,-84,-74,104,-6,6
6,78,126,69,-38,104,-4,18,-84
102,124,34,-126,37,114,48,-86,38
-100,-58,-36,-120,-60,16,-12,88,42
-14,46,-46,27,70,32,32,100,-82
-46,10,110,-111,11,110,-98,32,88
20,-14,-80,-99,65,-115,18,20,-104
110,-50,68,41,45,16,8,70,-72
-70,82,-104,-84,-67,74,-54,8,100
56,86,106,-28,93,-109,68,50,-128
72,-88,-32,-55,-50,127,76,20,102
-48,90,80,96,-45,-72,-118,38,-88
122,-78,-72,66,-92,-93,0,-106,80
124,96,86,4,-61,-47,-82,90,-100
-122,-126,62,-6,-65,-106,110,74,12
-96,-72,-46,-102,2,15,34,-76,-28
32,-116,-12,-124,-24,-8,114,-28,112
-124,102,-36,-48,110,69,104,-94,84
-38,-128,-46,99,13,52,114,-26,26
-30,106,-2,-21,59,-117,22,26,-18
88,-100,32,-79,79,-100,-124,-40,-120
-62,42,16,92,-31,109,-90,-12,10
42,-80,-90,-19,29,-20,80,-56,56
86,-26,-72,103,-103,7,-90,46,92
76,80,22,80,-102,-96,-60,-122,-82
-104,72,-42,-119,-41,-73,-100,78,-32
-120,-34,-40,96,106,-110,-112,-38,-36
30,-66,-70,35,104,56,-78,-88,94
58,34,108,85,114,65,-30,38,38
54,16,-24,-127,23,93,116,-94,-68
-74,-116,-88,-40,15,3,-62,102,82
-98,-1,-6,126,-28,69,36,-26,-82
48,-1,90,-55,11,41,100,-44,-84
52,-1,-98,-5,98,111,64,-120,50
84,-1,104,123,19,-68,94,-64,10
-78,-1,96,-84,71,-32,0,0,-1
42,-1,-44,126,78,-14,-86,0,-1
110,-88,-120,-96,5,114,-72,-18,64
-106,-76,-62,-109,56,-69,102,-52,-70
-114,-88,-10,-48,20,34,-24,0,54
54,8,-60,9,19,-71,-34,54,52
78,76,28,64,-5,5,-22,60,-30
-118,-108,38,77,-60,-5,88,6,52
120,-88,78,61,-33,92,92,-22,42
-16,116,-2,55,-21,54,68,116,-90
-74,84,54,-97,-23,-12,98,6,96
-16,40,24,19,87,-40,78,-28,54
4,100,-2,108,99,-29,-42,116,118
34,-24,-24,16,-83,-108,-128,-78,-118
-68,114,100,69,126,80,28,114,-32
100,-36,-90,-26,-29,0,108,-112,28
6,-82,120,-84,15,-106,-72,-34,76
-68,28,56,72,35,-107,72,-56,-46
-2,122,-52,90,-64,14,-76,8,116
84,-126,-40,-121,-103,32,-80,8,22
20,-36,-128,64,-56,-20,88,124,-48
-62,8,-2,47,15,-46,-78,120,-10
-116,118,98,-44,-33,71,94,90,-70
18,56,-66,83,58,118,96,-22,32
6,-114,-78,112,-89,-6,20,-126,22
-44,58,-112,16,-55,-119,110,-102,106
-128,-84,-74,-6,-18,-40,82,-102,94
10,68,-22,-41,38,70,112,-38,38
-44,42,-90,78,74,-90,28,-126,-16
-38,-116,54,-48,83,7,80,124,-34
-76,-96,76,-72,12,109,-72,20,24
114,-18,-44,33,6,-82,-82,-86,-32
100,40,86,19,41,-78,114,120,50
104,20,-96,4,-74,-32,-52,-20,-72
-28,-22,-54,36,107,104,-16,-50,62
-38,-60,110,-41,68,-113,98,32,46
-124,8,94,122,38,109,-46,-102,124
-82,100,-40,-1,-95,-72,-74,112,-102
-38,6,-54,-85,-103,-35,-90,-18,114
-22,8,98,125,79,56,-126,38,70
84,-38,26,30,77,-35,96,42,-126
90,10,-60,-93,-65,-11,90,38,-30
-2,74,-66,-69,113,1,-76,62,-74
50,40,106,33,-106,-64,14,94,-22
48,-90,38,5,61,-26,36,-70,70
90,-86,60,55,-106,-79,-10,-26,22
6,-126,-122,-48,36,35,-72,58,-38
-12,-60,8,21,58,-17,-68,76,-112
0,86,24,-94,-38,50,-126,12,-22
-54,-2,36,-78,98,53,-44,-18,-12
0,58,0,2,-26,-101,124,-58,-112
0,110,24,3,70,51,56,124,-126
0,-58,8,70,-105,112,114,-6,48
0,-106,-68,-93,10,-114,24,-82,-2
0,40,54,-45,-30,-110,-58,98,-22
0,-16,-76,55,3,118,-122,-36,90
0,76,-1,73,-86,110,-124,-1,-104
0,-98,-1,-71,66,39,-52,-1,50
-72,24,-1,13,-29,-29,10,-100,-102
20,-28,-1,87,-4,-65,-98,6,-20
-18,-94,-1,119,54,-18,110,-116,56
0,-70,-1,-56,-100,43,-36,112,-92
0,-50,-1,7,-81,-117,-26,82,-1
0,104,-1,-82,114,-39,82,92,-1
0,24,-1,84,107,16,72,2,-74
0,18,-1,98,-84,79,-76,-36,26
-112,8,-48,-19,-17,63,94,50,-94
64,66,32,46,-56,60,6,-110,54
74,110,52,68,19,-105,-34,-104,0
-16,-128,28,61,100,1,-106,114,-14
-40,36,-108,-31,57,-38,50,-44,-110
-48,116,124,-60,45,-79,82,102,-40
4,-108,36,0,16,-102,68,68,32
72,-94,-22,120,68,-52,32,108,80
124,114,64,-80,-123,-34,34,20,-20
-10,90,62,-29,69,-18,-88,122,22
-6,58,0,-40,30,-84,-82,-64,-66
2,-38,84,-106,-64,-96,4,118,-86
-4,-60,-6,-12,98,20,-106,-126,-56
-26,18,96,-24,60,35,-120,-44,-12
106,14,40,64,-111,82,-104,-22,56
-16,-18,-14,25,2,76,-54,100,118
76,-94,56,-33,-32,-6,26,80,-86
38,-26,-98,-30,-96,-43,-32,-122,42
98,110,2,-117,127,89,36,-2,-20
-54,48,-116,-14,25,25,-100,106,-12
-100,-58,-14,-87,-86,72,-96,-44,16
-32,2,64,-43,-37,98,108,116,110
-70,-30,20,-86,57,69,-76,-12,92
-116,-58,-116,-11,81,74,92,-2,-54
-124,72,124,-80,116,14,114,58,84
64,-28,-116,111,-83,62,106,40,110
50,34,100,-40,77,-39,26,-58,-36
106,104,48,112,18,-14,-20,-38,-30
-38,-86,-86,-63,68,-14,42,60,96
-12,50,118,97,-69,36,4,-36,66
-46,60,38,-109,10,98,-120,-28,-42
-40,-6,-94,118,-82,-110,-40,-26,-18
-46,16,118,-23,-125,-55,-4,-76,-50
-102,-72,110,-21,54,-88,20,-50,4
112,78,98,33,104,32,-114,34,70
-108,-118,-46,52,112,-12,-22,98,-122
-96,32,78,98,90,105,52,-102,82
76,-88,-96,-121,12,49,20,-118,86
20,98,-28,101,109,-73,-68,38,6
-104,20,24,-9,-35,-77,30,36,48
-74,30,82,-121,127,-47,36,-118,-110
104,18,10,-90,-70,-22,52,-64,62
4,-120,8,122,42,-44,-36,102,58
48,-92,-110,73,-98,108,-52,-34,-126
76,-106,-112,-99,82,106,58,18,8
92,-80,50,-53,37,-47,-66,-36,-4
-66,82,4,8,79,15,-126,34,-94
40,98,-68,-57,-48,-64,80,-44,18
-12,28,-128,-24,-8,-72,78,22,-88
118,72,110,-49,101,118,122,-36,108
-20,80,88,-112,60,42,-8,18,-14
-106,-90,-24,35,-82,5,-44,-110,-86
32,48,116,-78,116,60,-40,26,38
70,-118,42,91,108,-59,-94,-80,-120
20,-36,-4,-7,-109,7,8,-24,-32
-38,-22,126,6,-60,18,-14,-24,-1
-86,-1,-116,-30,31,-46,-40,4,-1
-22,-1,-100,10,49,14,-58,36,-1
14,12,60,54,106,112,-64,-52,-1
-126,78,-86,-96,-96,113,108,-82,-1
-124,-106,-2,123,92,-110,116,-106,94
-118,82,102,-64,27,40,-106,-30,118
24,120,24,-114,-18,-52,46,-30,-72
52,-74,100,69,0,-28,108,-76,122
30,-8,-28,-84,-118,59,84,110,-84
-66,16,8,65,102,11,-10,22,100
-104,82,86,-48,-88,33,-120,-112,114
124,-126,120,-106,91,-43,16,-30,-104
-10,74,46,-35,9,59,-124,46,-46
64,-20,-52,47,-106,-12,-16,-34,-108
-116,-102,110,-88,35,-18,-46,42,-70
-120,60,10,-37,-16,-29,-20,108,70
-52,-54,-108,90,63,120,68,-114,36
-74,20,52,-46,104,127,-84,-102,74
50,86,-80,94,-36,-61,-48,-38,-24
92,12,84,91,-9,6,4,-104,118
54,-86,88,-109,58,95,-66,70,-4
-108,-42,-32,73,-38,77,-92,70,-82
-76,-2,-24,-97,-15,-18,-126,-110,-44
-92,44,-48,-77,100,66,-14,94,2
88,26,32,115,20,-97,-20,-104,58
-38,-20,30,39,-89,21,98,48,32
-122,-90,88,74,125,-78,10,-78,42
-66,88,-70,98,122,1,90,-48,-34
-108,-110,72,-82,47,49,44,-112,36
0,-114,126,-62,13,-116,88,-14,-30
114,-4,92,-88,-128,-96,10,48,18
110,12,78,64,-88,-42,-68,108,-126
-78,104,-42,-76,-110,67,-86,110,88
-104,-92,-6,124,29,-110,80,-24,-20
-62,124,112,-55,15,-24,10,54,-28
-74,-16,-104,-81,90,-33,22,32,22
76,-98,-108,120,-119,-80,38,40,64
-52,106,-28,20,64,-113,64,-26,-118
20,10,50,-40,-32,112,-90,4,54
-114,-102,98,-118,76,-29,14,62,-96
66,12,-18,35,-83,122,118,58,44
-90,-122,-126,121,109,-49,-80,-128,-36
70,90,40,-56,11,37,-68,-50,-48
-28,34,-72,24,-99,-82,92,-4,60
-108,54,12,105,-38,33,74,38,-76
66,66,78,-52,94,-27,-114,-40,-110
-14,-26,8,-123,-67,85,112,-80,-118
90,36,-74,-86,-64,71,-26,110,62
124,-22,72,-113,-22,-116,100,-66,-56
78,-44,34,61,7,-34,-122,24,110
0,-118,-46,82,114,8,116,-110,50
0,-106,76,127,-16,29,-122,-56,-106
0,124,2,-3,81,22,62,118,32
0,-118,-54,-45,-123,10,98,-92,118
-28,-124,4,73,12,54,-56,98,86
48,-72,-10,73,11,79,0,-50,22
0,4,84,-68,26,31,104,72,-112
0,42,-90,-71,63,61,-104,-8,-100
0,112,-1,123,78,30,-14,-1,126
0,-102,-1,83,102,-38,-108,-1,10
90,-96,-1,14,82,-37,100,52,-108
28,82,-1,-110,-100,-29,114,-90,-94
0,-62,-1,12,31,71,0,124,0
0,-118,-1,-126,78,32,22,-74,-58
-98,90,-1,-115,-45,-118,-4,40,-1
-44,-18,-1,53,-62,-64,-64,-78,-1
118,106,24,-45,76,-37,102,80,46
-94,122,110,-56,-102,114,16,-116,-80
-106,-64,66,-96,3,-2,54,42,78
-98,-84,34,98,68,11,-56,64,-100
26,18,94,20,127,-6,86,60,-118
106,-2,30,77,-115,65,20,54,-8
62,-70,44,97,-38,-24,-28,-2,-112
16,-48,-40,-8,8,-105,-118,-106,-34
-28,-90,98,-55,122,-79,12,12,-46
-124,-106,20,95,97,-59,14,-118,-52
-16,-62,-106,-107,-57,-3,80,16,-26
-40,48,-6,104,-45,-32,-44,-14,36
-100,-106,-128,69,-21,-68,30,-120,88
-36,-82,16,29,118,-61,68,-28,88
-16,76,98,-47,37,-19,-88,-2,-52
18,-94,-98,60,23,-79,-114,-116,6
106,-92,58,-78,-67,114,10,116,-56
-72,10,56,-87,24,108,-128,-58,-76
108,28,42,113,45,-95,-38,-28,-32
-46,6,-48,-83,-127,-111,-60,38,96
-108,-114,14,116,-1,-89,10,74,20
82,116,114,-104,-57,-103,-48,102,-108
-124,42,-20,-29,-81,-126,-112,-38,124
-122,14,-114,-75,-42,-103,42,-44,52
60,54,-46,-9,-114,-86,-78,48,-78
-126,80,-4,27,-101,-93,84,100,122
74,46,20,-91,81,-50,-78,72,62
114,-42,112,-11,77,-9,-74,112,108
122,-14,-22,-20,-23,15,64,-38,50
70,-122,-4,75,49,71,-112,-42,118
-120,-102,40,-112,116,-97,14,-22,96
66,34,102,-108,-116,123,64,28,90
-16,36,-40,90,-87,11,-96,-126,-116
32,-72,94,81,16,-30,-80,-38,78
114,-114,-2,-5,-58,-98,-36,-124,66
38,98,112,30,124,90,-128,-34,38
56,86,-30,10,75,17,10,48,-100
-100,-102,-30,-119,-32,-38,124,52,102
66,18,88,-50,-104,-120,6,-96,54
-36,-96,-60,-32,85,49,18,112,-112
-66,16,-86,-86,24,125,-50,32,20
-44,-2,32,-15,-66,94,-40,0,104
-114,-2,38,54,-75,-43,-116,46,-114
-36,-124,42,122,19,-4,-6,88,-32
-58,-70,-106,20,91,9,-94,38,-112
58,-124,-106,39,31,21,-92,-32,64
104,126,36,-33,-65,29,-20,-116,-36
12,84,-62,-111,-80,-33,-68,84,-118
104,58,78,91,19,-37,82,44,30
90,78,-50,-128,-118,39,40,-46,-42
-112,62,-70,-93,-69,104,-108,20,30
16,-8,126,22,-116,125,86,-70,20
-14,120,-88,-94,-21,69,92,98,-68
-36,-1,-30,-113,11,14,40,-76,-40
-104,-1,-6,-74,-100,94,50,38,-50
38,-1,40,77,112,-42,2,72,-22
78,-1,94,39,32,-67,48,0,-1
8,-1,122,-1,60,41,-90,0,-1
-58,-84,-1,29,-97,98,-40,-88,-1
72,-38,-90,-27,124,104,-50,58,-1
-36,38,12,-102,3,126,-12,44,74
46,42,10,-33,10,57,-128,22,-30
26,-114,-92,110,122,63,-50,-82,70
-2,-62,86,-63,-41,109,-126,88,-50
30,48,88,92,108,-114,-70,-6,6
20,114,-120,-36,-96,-94,-30,46,-84
-28,-106,-62,-16,-110,17,-58,106,-34
8,44,-24,-101,-79,5,-42,-4,-6
-66,72,-74,-99,-2,13,-102,-124,98
126,116,102,68,55,-125,30,10,-90
-106,-22,44,22,115,26,-98,52,-54
-24,104,38,-23,64,-27,54,22,64
66,56,88,103,91,-101,-100,82,-10
-42,26,-126,123,-108,-44,-56,-50,-92
-70,126,-60,27,-100,-58,-90,-98,108
-124,4,52,6,-99,-82,4,12,32
-12,-4,-36,-97,122,44,122,-44,-26
-28,10,-98,20,13,11,-100,-70,80
12,10,50,-96,65,4,0,-92,14
-12,-116,62,-64,-46,-108,6,-22,-106
-30,-62,74,16,32,41,-70,48,-52
90,-2,-14,21,-70,-119,-40,0,-50
32,84,-32,96,108,47,-54,4,-98
46,86,-108,-91,17,-112,-50,64,-118
-86,6,-8,-95,-89,-30,-10,46,-104
-96,-32,-6,3,0,18,44,-72,-86
96,34,100,53,-48,88,46,-8,-106
46,-16,110,61,-91,-115,-2,-50,64
-80,74,-126,91,-82,78,-104,26,-72
-42,44,-14,-12,110,124,34,-2,78
86,-30,-76,14,-7,34,68,40,-74
118,66,66,85,-29,24,72,-112,-118
10,-86,48,63,72,-18,-108,-60,4
-74,34,-62,101,-116,-32,96,6,114
-126,106,24,-90,-22,-95,-48,66,-30
106,-8,110,26,-31,22,36,-44,-120
110,-28,90,-109,-107,97,72,-28,42
30,66,-42,70,9,11,-106,-62,-106
88,60,82,78,29,-124,26,106,-30
-104,-120,-6,59,34,-66,-120,-82,-18
104,60,116,53,81,-96,-16,116,-54
-118,36,18,71,29,-62,32,14,104
-80,-106,-18,99,-114,-64,-50,-4,-98
24,-50,-2,-69,92,-123,92,36,-104
112,-68,30,-64,90,56,-80,88,28
106,-8,-68,-103,73,105,-124,28,-126
68,18,-32,-86,125,69,-38,32,-34
-76,-78,-18,15,-112,-38,42,2,-44
-10,96,-34,-69,126,10,102,-18,-48
-22,24,114,-83,116,-99,-84,-96,-74
-108,40,72,106,-33,103,-96,-38,52
102,-34,6,8,116,-115,-84,-18,-26
26,-10,-24,-88,-22,-127,100,-1,-44
52,-106,-118,-119,34,32,-42,-1,-50
18,-120,-1,6,-72,-76,18,-1,-96
16,-12,-1,-123,109,96,124,-1,-94
-14,-88,-1,-70,-21,10,96,-1,-16
0,28,-1,-124,-3,-64,70,-1,106
-90,16,-1,43,-40,-3,-2,-12,-1
0,94,-1,19,-75,96,18,92,-1
0,72,-1,114,-97,-94,38,-76,-114
0,-18,-1,-97,-46,-120,-66,-44,-98
0,70,88,127,-123,0,-96,4,-62
0,-86,-124,66,127,-71,122,-22,72
0,-124,92,36,-73,75,42,-112,-18
0,-14,58,-67,12,72,-66,100,62
0,-46,-84,32,6,-78,-68,-22,74
0,-46,124,94,-67,51,2,-1,-86
0,-114,-128,-34,121,-25,-108,122,2
0,-114,26,-70,-82,-77,126,54,0
74,2,50,-38,-101,-104,-2,58,108
-78,-64,78,-76,-102,-61,-100,50,-126
-34,-94,72,81,77,-62,104,-44,6
-124,80,-58,70,9,-95,2,-112,-58
-58,-72,-38,42,-114,-39,-18,74,-120
-124,-6,-108,72,-10,-17,88,-122,106
22,-8,-94,-68,73,-47,-38,112,-62
-94,88,22,-102,68,-69,-62,-122,-26
92,74,-30,115,-1,-111,108,52,88
76,-124,-104,-47,-85,106,108,50,66
-104,20,-86,65,105,-70,-110,-94,-44
-14,-18,48,1,-72,-39,54,-2,-68
54,110,-60,25,-55,76,-30,98,-70
118,-32,-84,120,4,72,-52,-114,-56
102,-96,66,89,-3,-35,-122,-110,-86
-102,62,14,122,77,-37,6,-10,24
42,-128,30,-119,-76,16,-60,-58,12
70,-90,-100,-63,-62,70,36,-124,-72
6,54,-94,-36,-8,64,80,-14,-14
-90,-62,-28,86,-67,44,-36,-8,-2
92,-106,12,-82,112,51,-4,92,-92
-88,-110,-78,29,-126,57,-100,-60,-94
52,-84,-110,13,-118,126,-118,46,36
2,-78,16,114,-105,-58,-46,-58,82
80,16,6,-106,-87,-120,-66,68,24
-98,74,54,121,79,-117,8,116,-108
-90,-120,-116,-24,-60,3,-82,98,-52
-32,-10,46,30,-35,-24,-22,64,52
6,-2,-94,-39,-98,29,78,-70,58
-122,-50,-116,-19,54,-23,-34,8,-106
-56,-6,52,93,1,-83,-124,-76,72
-64,-92,20,-128,127,-116,-18,34,-80
6,-46,-112,-66,88,41,4,-96,48
-128,-34,-86,-40,8,44,-16,92,26
-26,90,10,119,108,-115,-86,-120,-126
76,14,12,-127,65,-71,-78,14,52
-72,-116,-38,-10,-116,123,-64,42,-94
-50,-112,-86,-9,-92,-116,104,-16,-92
102,36,-108,-86,-25,-72,-44,112,68
-54,72,124,97,67,78,-108,-8,-48
110,64,52,-121,-1,102,-20,-98,-92
60,-92,-48,-95,-85,-9,-118,126,-54
96,-58,12,45,12,-97,-114,-2,-44
-44,-88,-110,51,-32,43,-38,-50,-16
10,-126,104,12,15,67,56,48,32
-38,-44,104,36,115,106,-20,-66,48
56,122,-94,102,117,-76,16,-36,38
-28,48,-74,-65,22,-121,-116,-46,-52
106,-1,-1,-17,127,95,84,0,-1
-38,-1,-1,115,-37,-71,92,0,-1
76,-36,-1,-99,122,110,36,108,-1
-34,36,-1,8,-37,31,36,-78,-1
-12,30,-102,90,55,-10,98,48,-106
-124,30,50,-115,69,44,86,-100,90
-4,106,-56,-128,-15,-34,78,92,-44
0,74,-78,42,56,96,-8,-24,-18
-122,-78,-68,-30,53,121,-54,8,-8
0,26,-38,-11,-126,4,80,-126,-82
-58,-44,76,71,70,-116,108,42,-92
40,-14,-86,114,121,127,-40,-66,-114
-36,94,-82,-103,34,126,-16,92,112
10,-78,-18,-30,-118,124,122,12,-66
120,-92,-96,-126,19,-79,58,-14,34
122,-56,-94,-22,115,-117,62,82,-98
110,-12,108,-86,29,94,-36,116,30
92,-82,-32,-117,-15,59,-114,-54,-128
120,72,28,-23,126,17,-30,-28,-84
-26,124,-80,-7,-99,-57,32,46,90
2,-64,-108,123,43,22,-4,-14,96
0,-6,32,-106,78,-67,124,-112,-22
54,18,-56,94,-23,104,-90,12,0
-46,124,-96,-79,-125,-82,8,-118,-12
118,60,-78,124,43,58,10,-128,18
84,22,-46,0,111,-114,82,6,60
92,112,58,40,61,23,12,-46,66
38,-22,-90,-25,-36,50,-86,68,16
-68,-120,48,31,123,92,-124,-94,-54
92,56,4,-71,-106,109,-66,80,-42
-36,50,64,53,-32,88,82,102,86
108,118,-114,-55,-114,-104,-2,-72,-48
58,84,112,-88,110,-69,116,-72,42
40,50,82,-58,-3,-27,-74,-68,-84
-46,46,90,-109,85,114,-108,-78,12
-40,-50,-106,-110,74,-71,-46,-128,102
-24,114,24,-43,23,92,-32,-50,104
-32,26,-14,13,2,-118,-46,82,-48
96,-56,-66,-26,-98,-10,-66,-72,54
40,120,-52,29,107,2,-64,-10,-124
-88,-12,70,114,16,-56,-94,88,-86
-128,62,-64,-82,16,88,-114,-74,-44
-8,-12,48,-100,71,55,-118,-88,-12
-82,106,-28,-97,113,36,70,-54,122
-108,-86,36,45,-9,-55,-22,126,60
-26,-102,68,-78,61,119,12,-38,22
6,80,-100,84,-57,-44,54,-58,-32
14,-30,62,41,-80,-67,-56,-6,86
-74,80,120,-106,101,76,-90,26,-38
-80,-110,-86,-25,-84,-52,-110,40,72
-56,6,76,113,97,-95,58,94,-30
-86,86,94,-119,-118,-66,62,-40,-96
40,-100,-20,-18,-27,58,-114,-128,126
-14,-2,50,105,58,-14,120,24,-54
4,104,88,12,3,127,0,-16,-120
18,-96,24,56,92,77,8,-86,-38
-24,96,70,32,20,69,-68,-60,10
-110,-20,-44,-106,122,15,124,76,80
-74,32,4,111,69,100,50,18,40
62,-110,50,109,-26,-125,-20,-12,42
-74,42,-112,-4,79,-62,-60,116,10
30,-108,-126,113,20,-125,-58,-6,-6
0,-92,-1,31,68,37,-94,-1,74
0,-62,-1,-19,-27,-98,-4,-1,-12
-74,-20,-1,58,-79,23,-112,58,-1
-122,-104,-34,-84,-117,-19,0,-4,-1
0,-2,-1,87,-45,127,76,108,-56
0,90,-1,-26,-85,67,106,56,-56
-126,-76,44,-93,16,-85,-34,96,96
-124,50,40,107,-96,-41,-6,54,-104
90,116,94,28,-18,70,-102,-40,122
-98,62,-16,16,-45,-24,-60,-78,-40
-124,110,-124,119,20,32,110,-92,54
108,-32,-16,-36,109,-36,58,14,-32
-66,116,22,-77,-72,53,-46,-104,-54
4,-58,-116,-70,49,88,118,-44,-44
8,-84,60,83,98,-85,76,-44,-110
36,-18,74,-128,77,-56,50,16,-56
-52,-66,88,80,21,40,-106,94,56
-54,-88,-46,55,73,36,-84,48,100
58,50,80,-62,-60,13,-40,-102,-78
-108,66,-22,-5,-22,44,16,126,-8
-32,22,12,57,-19,71,86,-106,-108
-112,122,30,-20,-14,21,94,40,-18
10,80,-68,58,33,70,-70,4,70
110,30,-58,-60,-46,26,-56,62,100
2,48,-24,-44,54,-18,4,-12,-74
72,116,-4,-86,-24,-43,-90,-62,6
18,-80,-76,50,14,76,82,20,-60
122,42,-32,-69,95,-124,26,88,22
-100,4,116,117,8,-56,58,-26,-114
-72,80,122,-28,-38,-74,-2,-68,-82
36,16,-118,-77,-111,-62,-50,44,30
-106,54,-104,-39,94,-49,-82,64,-120
74,0,-46,122,38,-88,94,-126,-30
74,-84,-26,107,-30,-64,-48,78,-36
78,-22,-96,-62,-57,-119,44,92,-22
104,-38,94,18,-46,-104,-122,26,82
-30,114,34,76,-76,-34,-100,-94,112
90,110,-124,-104,-64,-12,80,100,22
-24,66,102,63,-106,62,72,26,-36
-118,8,70,-120,-46,124,72,120,68
-88,100,-24,92,76,-2,76,-104,-8
70,64,-20,-15,18,21,-4,-72,-48
80,86,-62,-82,-28,6,108,-104,110
-42,118,-122,-36,-86,-32,16,92,-92
-98,72,-118,43,-43,20,-38,-38,-8
36,-64,-26,105,-94,-24,-6,-100,42
94,104,-8,56,-81,30,92,-20,-38
-94,10,-52,2,-109,-10,44,104,-84
-28,-116,-56,84,101,2,-92,16,90
-110,92,-50,-18,-33,-53,12,48,-82
-116,64,60,-18,66,-85,92,100,-126
-14,-108,-126,41,77,-116,-72,-76,-48
50,-56,-66,3,127,91,-86,120,-114
56,64,64,20,-105,111,-76,-14,-98
-126,16,-12,32,21,-12,26,26,-68
72,84,92,32,80,-70,-46,40,-80
108,48,16,-124,35,55,-78,-66,98
96,-12,-100,-64,54,-103,84,42,-76
88,-98,96,96,-84,23,6,-72,-86
54,62,112,-99,115,-101,54,0,-18
-24,-114,-50,6,4,101,36,92,40
104,-46,-56,-86,-128,-29,76,-34,116
-128,58,-46,11,30,-65,-92,-14,-74
-32,-10,40,100,12,-22,-114,-92,96
-56,6,-58,-18,-97,-126,-12,2,-1
14,-1,0,-41,-44,-10,50,-72,-1
-20,-1,-32,-86,-20,-104,26,0,-1
-96,-1,-62,-27,3,54,58,0,-1
-20,-84,-110,120,4,-28,-60,2,120
-38,-100,22,-88,-81,-57,32,28,92
-22,-6,-64,73,-63,-3,124,72,-112
76,118,-110,-80,92,1,-126,-26,-12
-70,-74,-18,-33,-62,8,80,-78,-100
-26,104,6,13,-60,-109,96,126,2
-12,-110,94,-113,-116,-27,-66,4,104
-76,92,56,47,-5,-126,112,-20,-70
-82,-90,10,-103,-114,3,-124,-94,-42
-4,-10,-50,-66,45,115,26,-6,58
54,18,-54,-31,74,-93,114,116,-22
94,62,-120,79,123,121,88,-126,76
28,110,-54,-125,-8,100,54,-60,-34
-112,-66,-32,42,-119,104,60,-108,46
64,30,-82,65,117,7,-86,-12,48
0,114,-116,59,-16,59,42,96,122
-22,-74,-110,-33,123,-98,110,-128,-4
58,116,78,2,104,-110,-60,-52,88
-128,42,-104,-59,67,75,16,80,78
-66,50,-60,-25,64,90,-94,34,116
-16,-66,60,92,-42,90,-66,-56,68
-112,122,10,39,121,-60,-12,-44,-32
66,-52,0,49,-38,99,80,88,16
-26,78,-40,-122,95,-65,-10,124,-62
72,-58,-20,-60,102,86,124,54,-112
-68,-110,-16,-48,84,20,-90,-20,-120
48,120,46,34,-2,126,-16,52,64
24,34,-112,23,-81,-13,-76,46,22
22,-112,92,11,26,47,-78,80,-44
-114,34,38,-38,-103,70,-30,106,-54
40,-56,52,58,68,-83,-84,-56,-34
-16,86,8,19,15,-98,-52,46,-94
-14,-54,-52,18,-21,71,-112,118,94
-114,32,22,11,-20,8,88,-2,-96
-24,-126,-6,10,-95,119,-10,70,-44
72,28,12,7,-25,19,-66,64,-14
56,-84,-46,19,10,102,-126,-100,-50
38,-50,102,96,-4,-79,-80,-82,-22
-94,126,-88,-23,-128,34,70,-2,-110
100,86,38,6,-101,-118,-10,18,8
64,112,-72,11,25,27,-64,88,82
64,-110,-104,50,-111,-89,-96,4,-50
-86,92,76,49,115,-102,16,-12,22
22,-30,-114,120,35,48,-34,62,-66
58,-32,10,-104,-42,-71,-54,-34,38
-116,-42,-108,-96,13,-104,-28,84,64
30,108,108,118,-16,96,-108,-6,-72
-70,-44,10,13,3,0,6,-22,24
30,-60,26,98,99,-114,40,-72,126
-106,-2,4,103,-28,98,-86,24,-38
76,-32,92,-124,-41,-98,14,14,-2
-14,20,50,-125,-101,-12,-100,-112,88
0,-84,6,37,-87,7,18,24,2
0,50,20,28,-61,-47,-106,-50,18
92,-96,-1,-128,101,99,14,98,-100
66,46,-1,-16,-106,-107,-38,-74,24
-118,-74,-1,71,100,110,34,-80,-1
72,76,-1,-106,-9,110,-128,-82,-1
0,96,-1,-40,-4,77,20,-100,-1
0,8,-1,-94,-118,42,-6,120,-1
0,108,-104,-51,46,-48,-52,-1,26
0,-78,120,115,60,50,-62,-74,-92
-104,84,-62,125,-50,-58,-84,-76,-64
-52,90,122,-28,-94,-45,78,36,118
-46,-112,40,25,-101,66,-70,58,44
-6,44,124,-39,112,-61,-48,-22,-20
-66,-14,22,-124,-124,92,-52,-108,-92
70,30,-56,1,-43,-62,72,122,16
30,-76,-128,-93,11,125,106,-112,120
14,-50,44,31,76,104,-58,-100,48
-118,-110,112,70,-82,-10,86,-124,-76
-66,122,-34,-124,-76,8,-76,14,110
-24,-54,-36,-42,-94,47,38,32,-14
74,62,22,84,10,77,-82,26,84
92,70,60,42,-83,-101,-78,88,-94
50,54,-118,49,-112,-84,-10,36,-106
-90,-50,-112,-94,-1,86,54,-14,-60
-26,46,66,-108,-52,93,-22,-74,78
54,122,-118,-3,-15,-91,92,-48,112
32,12,16,117,-6,83,26,90,-118
98,-66,12,97,98,106,-2,42,-2
-94,0,-36,-52,-49,62,-4,64,-114
68,-100,-78,85,46,-60,-112,102,54
62,-128,-92,-68,-27,-69,-124,-84,-42
-100,76,64,103,-1,118,32,18,-74
-84,118,-86,13,-34,-122,-104,-52,94
-56,50,70,86,-89,7,-72,16,84
106,-54,46,-22,31,59,-66,40,62
-104,-74,-120,-10,-93,93,62,-114,-2
-98,-14,86,109,-78,-114,-76,-64,100
-120,92,98,63,114,121,-74,-86,-60
-34,-4,62,-55,-127,-48,34,-68,28
-30,-22,28,36,42,-1,92,72,-82
94,-112,-32,48,14,85,88,52,-6
84,-70,-42,59,-27,-122,32,-88,0
-36,94,-18,-107,53,-87,-34,116,70
-86,94,58,-128,-2,-10,-12,24,-112
106,-100,-18,-123,119,-2,108,96,46
-112,58,12,28,-65,-29,-54,124,-126
50,58,16,75,27,-60,120,26,16
-86,-122,84,75,-91,-123,110,-90,98
22,-92,6,-40,-8,49,-20,-128,124
106,120,64,63,111,-62,-66,100,104
-88,68,-60,-5,-103,65,118,-12,96
36,122,-102,116,-6,-30,42,10,22
-116,-30,32,110,107,-123,42,110,-86
-90,-48,92,64,-44,-33,-72,-50,-52
-52,74,68,102,-69,104,28,106,-56
-38,38,-82,-70,-118,-80,100,-48,-54
32,126,-70,-75,75,88,52,40,110
-40,56,-10,-77,17,-61,38,86,-58
-108,116,34,78,2,43,-86,82,98
-52,-106,70,115,88,-103,90,60,38
52,-96,-28,-121,11,18,-18,-98,32
-24,-1,-48,-27,8,-86,22,22,-4
18,-1,-38,11,71,-87,-96,-42,-50
-2,-1,-98,-75,-116,106,126,10,32
102,-1,64,101,-27,-55,56,-42,-82
80,-1,72,87,15,-125,-46,0,-1
48,-1,124,127,95,-43,-6,0,-1
80,-1,122,-16,57,105,-102,0,-1
112,-1,126,104,-56,123,76,0,-1
-60,28,-28,120,-37,-33,-128,-102,68
66,-72,-70,93,-6,-91,16,38,-118
58,-86,-98,124,30,27,96,-96,64
124,-86,6,-25,117,-44,-32,-58,-84
86,-42,-22,45,101,101,-12,-66,-122
14,-92,120,-99,-116,-78,-118,-34,-70
96,52,-74,30,-107,-74,-2,-90,-126
88,-36,-24,-118,59,6,114,88,64
108,-12,-94,-92,121,-112,16,-106,-88
32,88,-32,-101,-71,113,36,58,30
-64,-22,34,-4,-82,28,-6,-64,-78
-30,-34,36,-28,58,-90,-94,10,86
106,84,-102,61,2,2,-68,12,-72
44,-94,-126,-113,55,-3,114,-54,-72
-110,-2,36,-6,-62,-22,-78,-32,6
-116,86,-126,-22,-49,-5,-64,102,-128
46,64,-82,6,51,-82,126,-40,106
-38,-68,-70,11,-44,-43,-8,-48,102
68,8,-126,-23,119,77,-16,66,-98
-68,70,-104,47,-58,-125,-46,86,50
-84,44,-84,-58,0,-69,98,-22,-102
38,-50,-110,121,-83,5,26,92,-98
50,-60,40,-66,68,51,-104,-122,84
120,22,2,-127,-103,-79,-90,-28,38
80,6,-106,108,-79,-14,-38,14,6
-86,58,114,-11,104,49,-106,24,16
88,14,108,84,98,-128,-36,70,-64
-76,84,40,104,-62,77,-42,-14,-102
-66,80,-110,1,46,-58,86,-118,-62
-40,50,32,37,6,-59,16,82,-128
22,124,58,111,-26,-7,-84,-106,64
38,-48,102,-110,7,25,52,10,-112
-24,106,58,79,105,-87,-72,116,84
106,-40,64,85,100,-85,-40,-56,-114
22,30,-38,-99,32,36,88,-52,-104
-98,30,86,73,28,0,-54,-34,0
-22,74,-124,-8,-21,126,-102,-2,-98
6,42,-126,-15,40,51,54,30,-100
-2,2,-26,40,12,-6,94,68,108
-114,-86,-54,88,36,122,26,122,60
114,-92,124,-48,40,-94,76,74,78
8,90,122,-35,103,1,-100,-52,104
0,122,-38,114,-33,-128,48,66,-42
112,-108,-68,103,74,34,110,-122,122
-92,48,44,73,107,-61,122,-106,-42
116,-18,98,-7,32,-96,-88,-114,116
-74,-8,48,50,14,-60,-118,-48,-114
0,-18,-62,74,104,-121,-74,118,84
0,-78,92,32,117,68,-84,50,-8
0,112,-42,124,57,108,34,24,78
0,-88,-10,28,60,51,84,-124,-70
0,-68,-84,5,-8,93,30,66,-46
0,126,24,-17,-56,112,4,-10,-36
0,-114,-18,-9,25,57,-36,38,-62
0,16,-1,-15,-5,-71,-20,-1,36
0,102,-1,103,-126,-25,-64,-1,-36
0,-78,-1,98,83,93,0,-1,-1
0,0,-1,77,30,-27,0,8,-1
-118,6,-1,-40,105,75,86,-32,4
-6,98,-1,81,11,108,68,-10,56
-82,116,120,111,-92,64,102,118,-52
-24,-50,26,86,125,-74,-80,38,-66
124,-116,-2,-21,61,55,30,62,-82
106,-94,18,98,-115,-38,-66,120,-84
126,-116,-62,-16,-30,70,-34,22,-2
46,16,-70,50,73,-114,-24,124,-122
4,56,-72,117,-102,-94,-120,118,52
-84,-28,-50,-94,-86,4,-90,56,14
20,62,2,62,-83,-22,-16,92,116
-24,-66,-92,57,-102,-66,-74,44,52
-72,112,-72,-105,125,57,-98,-66,-30
-2,110,4,-51,21,17,18,76,12
2,-106,110,-53,81,70,-106,90,-68
-66,-40,122,-75,-9,101,-48,-26,-76
-6,-36,30,-83,-75,-47,112,94,-126
36,-112,-110,109,111,-37,70,-82,54
-92,-76,56,75,93,31,94,-70,52
2,82,40,-41,52,60,-74,14,-14
-60,-120,116,73,0,-83,52,-30,96
116,18,-58,-24,20,-71,8,100,-72
22,122,-108,-110,57,-34,-102,-58,-48
30,20,34,61,-46,-10,88,-6,-24
14,-12,-62,-39,-56,71,-62,48,-100
110,-36,-98,-33,-13,72,8,-104,12
-72,50,58,20,32,-49,-12,42,2
-40,-2,-28,29,86,-37,8,118,78
-6,86,94,42,-65,-7,56,66,72
112,56,50,-127,-88,27,44,0,94
54,24,24,34,-11,-120,56,48,-80
62,58,70,-62,29,-77,32,82,72
-122,-26,-120,56,-80,34,104,-74,16
-114,116,28,93,66,82,-88,-70,18
-66,120,96,50,-122,111,-64,62,-10
72,-36,32,-122,76,-91,106,-82,90
56,64,122,-69,11,-27,-88,88,-64
-66,8,94,101,99,78,36,28,36
120,-90,-4,21,37,-102,-88,-24,18
100,-34,-22,-6,83,103,102,-48,124
14,-52,92,-51,66,-32,-86,76,-68
36,38,68,2,-39,-119,24,120,96
88,50,-106,125,8,-118,-26,-30,12
-76,112,38,-112,100,44,-118,-90,8
22,76,40,30,-41,14,-56,-12,-18
-64,-82,30,56,39,-48,-112,110,-70
-28,112,-118,-6,36,1,54,94,0
-84,64,34,-31,24,-32,90,56,-104
32,82,30,8,-105,-17,-18,-82,96
14,108,74,59,-61,-92,-72,124,-54
-56,-32,-86,80,-118,58,-110,-98,-112
-46,30,-68,123,-74,-27,120,-66,30
-100,52,82,-109,26,-127,50,42,16
-22,-120,-24,122,71,-62,24,-38,66
6,-70,-74,23,3,54,-42,112,-96
-88,10,-12,12,54,122,100,42,-64
-96,-1,54,-66,-31,110,86,34,-62
78,-74,44,114,-4,-33,-16,92,40
20,-1,74,76,-29,21,-18,0,82
70,-1,-58,-51,-98,-121,92,0,-1
-128,-1,-50,-115,-50,25,16,20,-1
114,-1,-72,-35,99,-119,-20,-54,-1
38,4,-20,-3,23,-97,-58,-96,-70
-76,-88,-20,7,-14,-75,70,92,98
72,104,-96,-30,-25,114,58,46,48
10,-62,-42,-76,-68,-124,-84,118,84
-74,14,-62,90,6,-87,-74,-44,116
82,76,-36,-4,-92,-52,-46,-42,-70
-120,-34,96,88,-33,39,88,-34,126
34,-10,-56,102,9,-90,76,-6,10
-30,106,-50,-118,-19,-62,116,98,-22
118,-78,-120,90,104,-94,10,102,-54
-58,-50,-92,91,121,96,122,12,-68
46,-46,104,-69,-13,36,-62,-84,-82
-26,6,116,-102,92,48,-42,-106,116
28,-88,-48,-42,34,-11,64,-30,-116
-106,-52,110,-80,19,16,24,12,30
96,-12,-74,-99,113,48,-44,40,-70
-34,52,6,13,-11,86,84,-88,28
-62,-64,70,44,-89,-66,106,-110,-116
126,-94,42,-93,86,-5,-60,-20,-66
-110,2,48,111,111,118,-92,-74,108
32,100,-90,111,15,72,-26,-58,48
-98,44,-56,-28,-85,-64,-94,72,70
-30,68,10,-98,-98,-68,-78,-76,78
24,102,12,37,-105,-38,56,58,48
48,14,-38,65,6,19,102,-98,-16
54,-60,-18,81,-76,-118,44,-36,78
54,26,-118,-1,-127,-88,16,96,-126
-70,-50,-110,58,8,-47,110,58,-26
0,26,-74,-52,26,-46,118,84,106
-84,-102,2,36,29,4,72,36,110
40,110,-54,109,52,-80,124,92,-38
-28,32,-116,-31,-8,125,-88,58,98
110,118,-74,41,120,-18,-66,-54,82
-100,72,100,-101,12,-21,-90,88,-4
26,-70,2,16,69,-116,-108,42,56
-14,-104,-126,37,-55,108,-100,-44,114
-16,-76,-22,-73,-61,-77,-32,-70,-124
74,6,8,127,-18,-118,-76,-94,-42
-80,-44,118,47,68,108,124,20,40
-52,-126,76,84,-57,17,-112,60,-70
-24,66,8,109,23,-41,52,76,-2
122,-100,102,-20,86,108,8,42,2
10,104,-126,103,-69,45,-120,114,66
54,110,110,-96,109,35,56,72,6
94,-6,6,-128,-76,86,-78,-88,-16
34,-24,-78,71,100,60,58,-104,-26
4,18,64,-47,102,-123,94,50,-42
-102,-72,-6,88,-104,27,0,-104,0
104,96,-108,99,-97,-37,-104,118,-2
120,88,88,112,123,-11,-82,-110,-76
0,-76,52,-82,23,111,-26,92,-70
0,-104,-14,-7,60,122,36,-40,68
0,-6,-92,-51,-61,118,-102,-68,-114
0,86,-66,18,21,-68,-80,68,-20
-100,-72,-50,-114,45,115,92,-22,-88
-70,38,122,-29,-79,-6,56,-38,84
-28,-84,-1,-122,86,41,102,-104,-102
-120,76,-1,-123,94,11,106,-118,30
66,-90,-1,107,117,-113,84,104,102
88,-48,-1,-107,-33,95,-54,126,-64
0,-120,-1,-93,109,81,94,-14,-80
0,-28,-1,-103,34,2,-86,64,-28
0,74,-1,31,127,46,56,-84,-16
14,-122,-1,106,-115,52,70,12,22
72,124,-86,-34,48,108,-32,-26,-2
-38,-16,32,-2,117,56,24,-64,-96
34,-76,16,3,57,24,100,70,96
-108,108,44,-33,83,-48,-112,68,-90
-44,96,60,9,117,10,100,102,-20
66,92,-26,-92,-102,-5,-86,18,-92
2,-94,48,-43,-52,-59,-86,-4,-38
-12,-24,16,-24,16,-71,-66,-78,-78
-14,20,-100,79,-128,-24,74,-28,-78
-22,-100,102,112,122,-4,-42,-48,20
44,-126,66,52,1,-124,-78,126,44
42,112,46,67,-108,94,-32,-96,70
44,70,100,-79,-79,-94,50,-26,-84
2,52,-74,114,-89,-86,-72,-14,-58
40,-66,64,53,-53,-59,70,-22,0
-48,-72,48,-35,-76,-85,-100,-102,42
46,-96,-12,-12,-64,-13,120,92,-28
-126,-54,-112,-82,121,-101,18,22,-32
-102,106,-20,51,83,67,-42,-80,-62
-128,-126,-122,-58,-85,65,-88,108,4
-58,50,-102,-52,-102,-79,-26,120,-124
-112,-38,104,-11,-35,-53,-110,-40,52
-34,46,-78,88,-70,-84,-120,12,-30
18,46,72,-109,-119,-69,-104,68,-124
66,-90,-40,12,-103,-104,50,22,-74
52,70,-72,72,41,-61,118,112,-48
20,74,-74,-68,-56,-46,-98,106,30
58,-82,-64,73,-75,-39,24,-96,-72
-114,-56,24,41,-94,43,118,-14,58
-16,-112,-122,98,-106,114,-110,-10,20
64,-102,-10,-4,-18,-81,20,12,-100
-42,-106,-52,36,-6,-14,-102,-10,-36
22,50,-74,-96,-6,80,90,86,-122
64,64,120,-123,30,60,-34,-6,116
70,-48,-122,-8,-71,102,-4,46,-54
120,-36,-124,-49,50,26,-4,114,-54
-114,0,-72,76,39,116,44,48,-76
34,100,-84,14,-3,-1,-28,36,112
20,-24,-36,57,-87,-88,58,32,-76
-60,-4,50,-98,-40,73,42,-48,86
88,-126,-90,-34,11,-62,-66,6,-62
-118,66,-58,-73,11,-69,50,-68,-114
-64,-120,104,23,71,37,-100,14,10
82,108,116,-29,6,89,-112,-118,80
-52,-92,-24,91,91,78,26,34,-50
-86,34,40,-78,-20,15,8,22,-14
54,78,114,17,22,-75,116,118,-122
-88,-34,-76,-28,56,69,18,84,-84
54,-60,-18,-83,-37,-11,102,0,-14
-76,52,-60,32,-57,102,-36,-110,76
-36,114,-22,-106,-29,-124,40,-120,-26
54,-1,-50,-36,-97,11,50,116,38
-98,-1,74,22,-93,78,-118,-80,-104
-98,-1,-48,116,115,98,-24,36,-104
62,-1,30,-53,-29,12,22,116,-1
-66,-1,-90,-65,-104,-47,30,-32,-1
-76,-1,126,18,47,-108,-70,0,-1
124,-1,34,-11,72,-80,58,0,-1
-62,-60,50,-34,-81,99,-76,38,-108
34,-102,-98,69,-103,86,52,-86,90
-80,36,116,91,-82,-102,-108,-84,124
68,-30,-110,39,-60,-93,-58,112,32
-30,-116,-48,-2,82,12,88,-42,-10
78,-4,-20,-116,-124,-94,122,-8,64
-70,-120,14,-117,-57,70,-2,14,62
94,48,-32,-113,-123,26,-42,-86,-46
-54,60,-14,81,-120,30,-2,-36,-100
-82,72,-30,21,-78,-62,-46,26,84
102,108,-24,-39,-67,97,-54,-42,-70
122,-34,88,83,117,-78,-36,82,2
68,-84,-126,-21,6,-15,-104,-78,58
-2,18,-120,-84,-105,-52,56,-128,8
-64,-108,32,-41,97,-46,-116,-126,70
126,-30,12,77,27,-38,72,-36,124
-10,34,-92,-97,91,-89,76,2,-16
-22,-50,-48,118,88,-111,-52,-72,18
18,-10,84,-34,-101,-3,-20,-78,80
-96,56,12,-127,29,10,60,40,-56
-86,-90,94,-120,-108,-79,-10,-124,114
118,64,40,104,60,6,-14,-116,40
-102,-120,-22,55,-84,-115,44,-72,-64
76,-34,-74,-55,106,-56,-118,-16,124
-56,118,-124,16,-121,101,74,-20,84
-12,-72,126,123,-91,-29,120,86,22
72,98,86,75,-83,-18,-88,126,70
-116,-32,90,-69,6,93,46,-94,-76
-56,70,-72,55,-70,-22,-42,58,-66
-24,82,-90,-18,-29,84,-8,58,-120
-68,-6,98,81,68,62,24,66,120
70,-100,-88,45,13,-119,10,-62,72
48,-8,-14,-26,-7,-50,26,104,-96
-48,32,-56,34,-58,-29,4,42,18
-112,24,58,95,82,-51,-108,-12,-2
102,104,4,-126,59,-124,-74,48,38
-56,48,126,-45,70,-70,-34,-34,-30
98,-56,122,-128,46,20,-16,90,-104
-68,12,18,-115,-7,53,-114,-56,-98
-78,-64,94,18,-120,105,94,-84,-86
74,62,-68,-104,-35,-116,108,-8,-80
-6,40,-4,-7,67,47,84,38,-22
122,32,-86,23,80,104,104,6,-64
-36,72,-70,-53,-121,-71,-104,-114,38
-84,-28,-82,23,68,-26,-2,-118,10
-12,-50,20,-72,36,39,-50,-6,-40
94,-110,44,3,-66,109,56,88,-94
18,76,122,-128,-28,-15,-122,72,-6
-22,122,46,97,-18,61,114,32,-66
90,-46,-8,-115,71,-45,50,32,50
60,-64,72,65,-80,22,-120,118,74
30,-86,104,-111,22,118,70,-34,10
-104,-12,-118,-98,-58,-32,-106,-114,-102
124,-86,32,96,26,-2,-110,-82,-94
-86,-62,-34,93,-21,-6,-96,-18,-10
-110,-120,36,68,-72,-103,0,-66,-38
-116,36,46,-71,-27,-65,42,24,100
-70,-74,38,66,94,82,8,-1,10
46,-6,-1,89,6,-59,-8,-108,-38
-116,12,-1,-70,86,-28,94,24,108
0,34,-1,-77,-54,-40,-106,28,4
0,-50,-1,-21,-94,-54,116,120,-106
0,58,-74,-12,10,95,-92,-2,-1
0,126,-102,-71,82,68,24,-106,-10
0,116,-114,87,70,113,-14,2,122
0,72,-88,28,-14,-105,20,58,-94
20,-120,-54,100,23,-79,86,54,40
60,-8,-22,-117,-119,-37,-6,90,-46
102,-98,28,20,-80,9,10,-10,-56
38,68,-46,-126,54,-21,114,90,-104
114,86,-84,121,77,-79,50,30,-54
-116,-78,52,110,111,-50,36,-40,86
40,12,-74,-16,-32,-25,124,120,-4
18,-2,-18,106,103,-33,-82,-82,-12
-102,4,-2,-14,-12,38,60,72,-76
-118,-122,66,-35,75,77,60,-62,-66
-108,-108,48,-74,-87,53,-72,-42,-8
122,-88,-30,-107,-62,58,-56,-92,-4
-44,68,-20,71,103,92,124,-88,108
34,-54,6,-108,77,92,34,-50,-92
80,122,-108,125,63,16,36,-106,-48
58,118,-64,66,-96,20,-92,-70,-12
-12,40,104,-68,120,-100,-70,-124,-4
36,106,-80,75,-105,-89,54,-56,-28
124,-86,102,46,-19,-121,68,96,-42
32,-74,70,17,82,43,110,124,-42
54,36,-78,61,-9,-56,-120,-34,-50
6,-112,-110,19,-28,-38,44,68,98
-72,-46,-84,60,7,63,80,-90,84
62,-26,22,99,-29,86,38,50,-124
-18,-30,-16,-32,-38,-32,-56,-54,16
-96,82,26,34,37,-12,-78,-94,-24
34,-18,-58,-49,-5,116,44,30,-32
-16,98,-36,119,36,111,110,-56,-116
-92,-22,68,-101,-60,1,0,-122,-72
40,18,-116,39,-80,29,-18,-114,-44
-68,-54,84,27,-96,-101,-46,-22,84
-118,66,68,-35,77,-110,-30,70,-12
58,108,-14,-83,-44,-5,110,-84,56
124,-40,-86,-1,-58,64,-32,30,-60
56,-18,112,94,26,-108,34,-102,-56
-102,-16,54,54,92,-122,12,78,-24
-118,-94,-44,46,-15,-39,-38,-86,-24
-62,102,-102,-27,100,125,88,-74,-86
-54,-50,6,-37,-62,3,-110,120,-70
30,-106,18,-10,-54,-101,114,-128,118
-62,-114,-88,15,85,48,-70,44,-96
-80,-30,122,-62,-103,-50,-48,-102,0
-94,-4,-112,80,-72,-123,50,34,-6
-112,-72,-8,-29,-42,17,76,26,86
66,2,48,-16,-34,61,-106,-50,104
-78,44,-124,119,-30,-108,-94,-44,58
42,-24,64,-115,-3,-1,-80,56,52
24,-46,52,105,-95,89,60,-74,4
-32,112,-52,-10,-79,-88,-18,-10,22
-50,84,-100,-115,-18,-15,-4,-28,-20
-62,-1,-62,-54,39,-117,58,64,-106
32,-1,-20,-58,65,34,16,-62,-2
-86,-1,-24,-70,53,95,40,-80,74
-102,-1,-54,64,-57,37,124,-76,-120
6,-1,-14,-53,44,-122,90,-24,-1
108,-1,72,-1,-73,-53,48,-78,-1
-18,-1,82,-40,-3,-117,96,0,-1
-96,-1,-92,-22,106,88,88,-30,-1
34,108,106,120,-16,69,-78,42,22
-28,-44,-98,-61,-33,25,110,-44,-94
-92,-38,-78,-60,-112,2,92,-128,-26
-112,42,-116,-108,42,-43,116,108,102
-58,-44,-92,-96,113,-34,-100,102,12
16,-40,24,93,-28,-78,-2,4,-92
64,36,-102,34,-6,-49,-126,52,-16
0,-36,-30,87,-22,49,64,2,-72
24,-26,82,-23,-107,99,20,-86,66
-34,28,96,-119,35,-28,-6,114,62
-72,-92,-102,45,38,-113,-46,80,44
44,72,-66,65,86,80,-78,78,120
18,70,-112,123,-50,48,8,36,6
-92,50,16,74,-97,-91,-98,104,-70
72,82,-44,20,110,-24,8,-68,118
-78,98,-62,30,-11,-10,116,-66,0
50,0,124,16,109,16,68,26,92
90,-30,124,-120,104,68,-62,-34,8
26,66,-16,50,-70,40,-82,-116,-20
-110,-22,34,62,72,123,14,28,48
10,14,-24,-55,-69,-50,-120,114,34
0,18,-38,-104,18,63,40,-66,0
-100,-78,118,96,91,-78,26,84,-72
-106,-84,-2,-94,-42,30,-94,82,96
-98,46,86,39,-128,54,-42,-40,-114
-56,68,-118,100,92,105,-92,-74,10
102,64,-2,-59,-106,13,74,-120,24
-96,26,-52,81,-75,25,-90,-108,80
-8,-112,-28,-96,11,-84,102,-28,106
-66,120,-110,-105,83,-73,30,-2,-108
-42,54,-16,-64,-117,100,120,-106,-2
-102,116,52,64,15,-104,-86,-108,58
116,14,-70,60,-88,124,-80,72,94
-82,-42,120,-94,-31,126,70,-40,-94
-70,10,-122,112,-13,86,-40,-114,64
50,118,-66,46,-4,-93,-32,-100,78
-68,-118,-106,-121,28,-13,22,-64,6
-86,-70,66,72,66,36,32,-118,-78
26,-40,24,-49,97,-109,-112,56,48
-88,-36,-56,59,28,-51,-126,-64,72
40,-18,-114,89,29,-96,114,-16,-8
52,10,12,116,-84,-74,32,-44,106
62,66,78,-114,-18,-106,110,-88,-110
-72,34,-112,28,-97,30,30,-72,46
10,-8,-78,-18,121,-28,-118,-12,86
52,74,90,2,71,-36,-72,118,114
-86,-14,-116,51,68,3,102,-86,-92
-120,6,56,-69,-95,-58,-18,26,110
-118,126,26,43,83,112,-6,108,-56
16,56,6,83,-1,64,-92,44,-102
0,76,54,54,-106,5,68,94,102
0,-46,-4,77,90,-114,32,98,30
0,124,82,47,82,12,26,14,104
0,40,60,-20,-111,-68,2,14,-128
-88,-96,124,14,40,101,60,24,88
108,78,-24,3,7,99,-66,114,-92
-112,114,42,100,36,101,-110,-1,70
52,-52,-102,16,-98,1,-52,-1,116
0,-96,-1,-109,-58,38,4,-12,-14
0,-62,-1,-20,-76,32,98,82,106
-48,-22,36,1,-90,-34,-102,-26,-1
-116,90,-1,95,8,-93,-6,114,-1
-46,28,98,-75,-48,127,60,-124,-100
64,24,-36,5,-41,58,-104,54,10
54,100,64,83,68,-20,96,120,32
74,-42,-10,-24,108,74,108,94,0
-102,-84,-22,94,59,-98,56,-58,-120
-48,-102,90,-57,-79,-10,-56,54,-12
46,114,-16,-58,67,-114,-48,60,16
-62,-94,66,126,-123,75,36,-66,4
20,-42,-30,-78,-28,65,58,-74,94
-16,-96,40,-43,-4,26,108,-106,16
-100,-84,118,-109,127,-37,112,-66,40
-58,68,70,-25,69,-20,108,22,-78
-118,40,78,39,-28,-78,58,-70,-110
58,-100,-46,45,-101,-9,6,-12,-92
92,104,-48,-114,-49,2,-102,-28,-4
4,14,-38,-99,72,-15,-34,120,-8
46,124,-104,92,74,41,28,104,42
-108,50,-2,33,35,-13,22,-68,94
10,90,-114,6,42,-115,-74,96,-122
14,-16,-110,-13,-29,-90,-84,112,56
-40,68,-106,9,15,-107,-76,-106,-78
-98,106,-94,122,61,-128,104,-74,118
26,-102,-14,115,20,122,92,48,16
-82,-86,-32,50,57,-115,-46,-80,-94
106,102,-30,-58,22,78,-120,110,-48
-48,66,-74,-120,79,101,-34,56,74
-98,110,114,-44,32,47,64,14,-108
56,-108,-32,-70,26,55,-12,-126,12
122,-12,44,-84,-24,-52,-14,-40,44
-58,102,-48,-89,-8,-41,-86,-82,50
-128,-22,106,-74,-82,126,-94,-48,16
-74,78,106,40,-115,-91,-78,-18,-108
22,116,28,-96,100,-15,112,56,42
-66,62,108,-108,121,76,42,34,-42
-40,14,56,119,-86,120,-36,-12,-126
-88,110,102,31,-87,118,108,-36,54
30,-94,-26,-20,-38,-101,94,90,120
22,88,-32,99,-15,-80,-2,44,90
-6,26,12,-73,-119,-75,-70,116,74
118,106,-70,-73,59,-97,-16,-62,-76
64,-32,-14,59,-62,66,82,-66,102
-70,-24,10,55,-93,14,28,34,-94
120,36,-56,43,-33,-48,70,68,-52
-20,76,56,90,80,-112,126,-24,70
122,-64,-92,61,-71,-34,-32,-118,-8
-68,58,80,112,6,-103,-72,-98,-120
66,12,-74,93,-94,-38,98,6,-64
114,86,-62,37,43,-56,-126,-8,-74
114,50,78,15,-3,-85,-68,32,-60
-34,-92,116,125,123,97,-44,4,-124
60,62,40,68,-48,51,-68,-66,68
66,-10,-100,47,-83,82,10,-94,-100
-78,112,64,-79,-120,-19,56,88,38
-22,20,110,-29,-71,76,110,-102,8
-62,-22,42,-30,-82,6,-40,112,110
-64,22,-104,-76,-77,-78,-54,-84,-98
-118,80,-4,93,-79,-78,-128,-60,-24
-128,68,100,2,97,119,-94,86,82
-98,-1,-2,-32,70,-86,98,110,-110
42,-1,-84,98,34,-120,112,32,-1
-74,-1,-1,114,59,-75,-6,0,-1
66,-1,-1,-72,12,100,90,-58,-1
48,98,-128,-50,122,-37,86,0,-1
-30,-80,8,11,-99,-48,-78,-98,-1
-88,48,68,19,-59,4,78,-22,-98
-52,-122,58,-10,40,-16,-58,36,-116
12,98,8,-89,-78,25,74,20,118
-76,96,120,-60,-79,114,-100,-4,-118
68,76,54,-64,-102,-109,2,-44,-118
-2,-104,-72,97,23,-12,98,-34,-32
-2,-108,92,119,55,101,-110,-22,38
72,60,-112,57,-112,-39,-86,68,50
-28,-104,12,23,-95,-63,108,36,114
88,-64,-98,-13,40,-47,-4,-70,-82
-120,-100,-60,-46,-60,-5,38,34,10
16,-118,18,119,58,25,-102,82,-56
-88,-114,40,75,80,-68,-12,100,56
-60,126,30,78,-52,-4,42,34,-94
-28,124,-126,14,12,-7,30,46,14
118,-4,-88,-125,99,32,-26,-6,80
102,10,76,-18,78,1,106,114,-112
-104,12,62,82,93,78,40,54,64
-22,-94,-32,-113,-79,-101,-56,82,98
116,-96,-40,-114,-9,-25,-6,76,58
18,116,90,94,6,-52,-124,-104,24
108,-82,-104,72,-82,102,-68,90,88
120,8,-4,-60,56,68,10,-122,-18
-56,62,72,97,107,117,126,-22,58
-98,-114,2,26,-88,18,-98,88,50
-8,60,102,56,72,18,72,-6,72
44,32,76,53,-81,10,-122,-10,30
46,2,-20,12,-26,-44,86,-68,114
28,-20,-78,-105,20,122,-8,-28,102
-66,102,-70,71,-84,72,104,-56,-100
-6,14,-36,106,-77,-69,32,-66,82
122,126,62,-29,-54,-60,62,-92,-48
60,-24,-58,-100,69,93,90,112,70
-52,-42,-96,-58,-59,-20,92,82,-50
78,-118,8,126,46,-81,102,-44,-26
32,16,-68,85,123,-63,-90,-40,-24
-2,-46,-50,83,89,-47,100,126,-44
80,-60,4,72,-61,46,62,-60,6
40,18,-34,-50,14,-116,-124,118,74
26,112,124,-43,-97,-63,6,42,-38
26,-22,38,-56,-31,-82,-76,50,68
80,-98,44,7,-113,-32,-72,22,34
0,-36,118,-116,105,43,78,-86,-66
-22,12,106,-12,-32,-1,52,-114,40
40,-76,-110,-5,19,90,56,46,-70
-46,-2,86,22,90,-61,86,-76,122
100,-118,-6,-119,113,24,-2,-20,54
-102,70,-50,-1,17,-59,-92,20,82
0,-40,-70,126,22,-2,6,-22,-50
30,-122,110,9,-14,57,-56,-78,66
0,-22,-108,-64,18,90,100,-64,-86
0,-6,80,13,-31,-96,-82,26,-100
0,-78,90,-90,-37,-84,-8,-70,-90
0,44,-112,-51,-87,65,24,6,52
36,-80,-1,4,47,-80,-86,-114,-1
-124,92,-1,-66,-41,-90,16,22,-1
0,-38,-1,-127,6,55,-114,16,-1
0,-96,-1,-62,28,-36,28,-46,-1
0,-124,-1,-114,-11,63,-20,10,112
-114,62,-1,-24,-3,84,-26,-86,30
-46,-10,-12,-57,-67,-72,74,-2,-6
-84,56,122,109,43,-104,-92,100,-64
-92,60,-62,-75,27,-121,-74,48,66
-30,-124,62,-1,-103,-41,84,54,22
40,96,10,-43,-101,-19,40,102,-32
40,38,84,-78,111,23,-2,6,-114
0,122,46,-40,30,-61,-16,112,80
0,62,-2,72,96,-105,-50,118,-32
118,112,28,-92,66,-97,-114,88,-104
-54,-116,86,-27,55,-121,8,118,50
-118,86,124,102,-52,-69,62,10,-104
96,-20,82,21,-55,-98,98,-104,-18
18,-68,62,63,-120,117,32,-42,32
-30,22,-74,27,59,112,92,28,108
36,74,-58,71,-74,60,112,108,90
38,24,-34,-38,-113,-32,66,62,0
-54,-88,-32,113,77,-49,-6,-104,120
56,-128,-126,72,-66,-102,28,40,84
-92,68,8,-75,44,-115,-36,-114,38
-88,70,32,-97,-8,121,-58,120,42
22,-110,58,92,94,45,30,-126,-36
-38,-72,-12,-20,-85,60,50,-96,-112
-92,-72,10,-8,-105,-61,44,-126,-88
46,32,-92,-33,102,-12,114,-110,-66
-28,-126,126,79,34,54,16,-56,-102
-26,108,-116,117,85,122,38,-34,102
-4,2,-106,78,46,115,74,78,-42
12,-66,98,-114,-127,-122,-114,92,-34
-118,-46,-94,110,-86,60,-118,92,-32
114,-66,16,-6,-32,112,-128,24,126
68,-72,-102,-93,-93,72,30,-14,-104
-6,110,-52,-69,15,-82,-50,2,-126
28,116,52,-127,50,126,-104,-104,114
-38,6,18,35,-3,-111,-76,98,-112
106,-24,-60,65,41,-17,-26,86,110
124,-58,40,36,106,-59,-108,32,-56
46,10,2,90,114,44,74,52,116
114,120,114,-127,-9,51,68,24,34
44,-26,86,-4,-64,100,-32,98,-108
-6,10,-126,-64,83,44,-70,54,50
80,-126,-66,43,-112,63,74,-56,-48
-96,-36,126,54,14,40,-76,60,88
-128,-46,8,120,-27,-126,92,76,-22
-60,38,-112,-124,35,105,-102,2,56
102,38,-126,92,60,-19,110,92,106
42,-76,44,115,-5,-17,-72,36,-94
-22,124,-56,0,28,-116,12,-108,-94
104,2,64,-16,-6,10,-34,-50,82
-38,98,2,41,70,57,48,4,-48
-4,-102,-102,54,81,-63,124,-54,66
30,-28,-14,74,-125,9,-76,-6,54
28,50,90,-90,-62,32,30,6,100
-10,-38,-36,-111,-11,116,18,-54,44
-10,-4,118,-75,16,-108,70,-48,36
36,-1,40,-51,-59,15,44,2,-76
120,-1,-106,33,89,2,110,122,94
-62,2,8,28,-32,-38,70,-68,-86
10,-126,-20,-117,-59,89,-42,-84,-64
52,-1,-74,-99,-96,86,-52,0,-1
116,-1,-72,103,22,-56,54,0,-1
-126,-4,-14,-31,77,-48,-122,84,20
104,-64,22,-101,-99,-58,-62,-16,-64
10,108,58,-74,-10,-1,24,-36,-38
114,126,48,-21,8,91,30,42,32
-16,56,-58,-54,28,31,6,84,30
-104,46,46,84,-9,-95,-86,32,2
66,122,112,-30,0,-84,50,-44,-6
124,114,48,-113,52,44,-116,-96,-108
-68,66,-44,-112,73,72,-14,-20,0
62,-14,-12,60,-46,-128,118,88,52
-110,-54,92,-40,-42,-100,56,42,-120
14,-46,112,123,96,-72,16,106,-18
-60,70,-54,123,-18,-53,-118,124,74
-96,80,56,-12,88,-92,88,52,116
-50,8,56,-83,23,36,76,-66,88
-78,-64,26,22,106,3,-120,-114,-56
14,6,60,8,-72,83,122,90,36
-60,82,80,-28,122,82,-18,-94,100
104,54,66,43,-122,-69,10,18,-76
62,-48,-106,-49,-13,-5,26,4,86
84,-96,-70,-104,126,127,-116,-58,106
64,-120,-64,40,-85,-9,-56,86,-22
-46,-126,-96,-53,-30,-92,114,-52,76
102,-82,-86,-52,57,-43,-28,56,-128
-92,34,84,80,90,-123,-10,-42,-18
4,-12,-54,113,32,-51,72,-40,70
34,112,24,22,-86,65,18,-44,110
114,-114,42,40,-107,121,96,-118,68
-128,-96,80,117,88,-96,-60,6,42
-22,42,64,7,2,-62,14,4,2
120,54,12,1,-36,-61,-80,-28,-90
-62,-2,6,-33,-53,20,22,-124,-66
-12,-104,58,59,77,-126,-114,86,30
-64,4,-64,-78,119,79,-12,4,22
30,-62,-74,-34,-86,-101,68,110,-96
-128,52,14,57,32,15,-10,12,-80
0,-68,-48,-74,-77,103,74,122,-20
-124,-122,8,104,103,71,112,78,76
-98,-92,12,119,113,-48,70,30,22
-20,-78,-114,-121,120,-110,-64,-94,-86
-82,80,80,-66,39,36,20,-64,-64
-84,-104,16,-85,-6,-95,96,-94,-108
110,32,-58,52,-65,-114,18,2,-26
-50,-32,-82,115,-123,-7,-26,30,-4
-48,36,6,-122,-112,-21,0,88,62
112,-60,-94,-108,6,94,-12,-36,110
-52,126,-82,57,-21,-99,40,-128,38
-104,110,18,-62,45,-94,-8,-84,58
0,-68,-38,-115,-30,-99,88,-96,-102
0,-28,-14,84,69,-34,122,-24,-50
0,-126,26,91,-41,-30,116,0,64
0,80,-72,75,-31,-40,108,110,-44
112,-68,-44,105,-22,96,92,-58,-90
-100,108,-64,-118,94,-77,26,8,-8
0,-48,26,-40,47,63,-74,-1,-52
0,58,118,58,63,-9,-52,-1,36
38,76,-1,-128,-120,-62,-54,80,-98
42,-34,-1,33,100,-66,-92,-60,98
-66,52,-1,126,-76,-19,44,-1,-1
124,8,-1,-15,-32,90,-8,-1,-1
0,-92,-10,-14,32,-115,0,-116,-1
0,-110,84,-109,-115,-126,-116,-4,-1
0,-128,-34,79,1,37,-50,-10,-48
0,76,84,-95,84,-114,-20,108,8
-94,48,-38,-91,-89,97,-8,110,50
78,-58,-30,1,46,71,-38,14,-80
0,32,122,55,18,47,2,-40,-38
0,62,40,-102,-111,85,46,6,-50
86,10,-116,-57,21,-85,126,52,-104
-104,80,14,57,-49,96,44,-22,-14
8,98,26,30,-90,-16,-126,-24,-22
-76,-68,-18,-21,-83,10,100,26,-26
26,-32,-82,11,-17,-84,-106,124,64
-126,-114,52,-80,-106,-124,122,68,110
78,-74,-76,126,-61,120,102,-50,42
-34,36,116,-2,32,-91,106,-100,-34
-122,80,88,84,78,-55,-22,-16,-102
-126,-54,86,124,122,-104,100,-14,-98
16,-102,50,30,69,98,124,12,88
104,56,-110,-121,29,94,-48,64,-2
100,100,-42,58,113,-123,116,-98,116
-2,-110,28,79,-36,80,-82,-32,118
18,38,-122,73,-74,119,26,-14,0
90,-100,-104,-80,44,48,-92,-118,0
-124,-128,84,15,-6,-2,-98,116,84
-94,-40,-4,-102,59,6,-74,-70,-72
78,-36,-104,30,36,-50,-88,-110,102
42,18,22,28,-18,49,-114,46,76
-88,-108,58,40,-89,-23,50,12,-26
0,-56,-76,103,38,13,76,84,-4
-36,82,-34,-89,-75,-60,38,-68,40
-26,16,-50,-50,-43,-9,114,36,48
-54,102,-46,-84,-18,-9,118,-56,-48
-120,10,56,-37,49,30,-118,78,14
-90,-106,8,-13,103,-83,-68,114,-2
16,108,118,88,-71,-70,72,110,-88
-120,-110,-30,88,-34,6,-60,30,-36
-98,86,-4,-101,27,14,84,124,40
-118,100,-18,-122,-43,-10,-34,-82,100
18,6,-26,-111,5,-49,-96,10,-126
-128,6,-106,38,-3,-120,36,-102,-60
-88,-18,-6,8,-116,75,-86,80,42
52,106,32,-70,-8,72,124,6,-40
42,100,2,-112,-51,-10,10,96,-12
96,34,28,118,108,25,-22,50,54
84,-68,-48,-24,-113,75,-110,-102,-126
80,-6,78,9,-108,123,-114,-126,86
-60,-110,56,94,-20,-103,-100,-6,90
-98,-82,-120,-112,48,83,48,68,20
84,-122,106,25,-55,45,76,110,80
-82,-2,92,94,-25,120,38,-64,-112
60,-22,-12,-47,-73,94,118,12,14
-58,-60,-124,-6,115,-106,20,-14,-22
26,10,112,-97,100,-2,100,96,70
-42,70,78,57,-81,-2,-4,-88,88
-124,-40,4,101,-44,91,-4,-106,-2
98,-1,30,76,-72,79,-42,-8,-8
-98,-1,100,-36,-3,-23,-38,12,-10
80,-1,42,-31,34,90,-118,-104,-96
32,-1,98,-47,-35,-86,6,-116,-110
-50,-1,2,59,64,-66,-8,-112,46
66,-1,-10,-47,-48,-55,8,46,96
-42,-1,40,120,41,98,-28,0,-1
30,-110,-1,-63,54,96,-36,74,-1
-108,-108,-126,31,-120,16,-68,-120,-92
-116,44,-28,6,-126,86,0,-28,-60
-32,-96,-62,-116,0,47,-86,0,-92
120,-122,-94,98,51,5,72,-114,-8
32,102,-4,69,-42,46,58,112,-128
4,14,74,105,-32,117,-30,8,58
-122,90,122,-12,117,59,-100,20,26
-20,-122,28,-126,91,93,-40,-36,50
62,-4,-116,102,11,95,-122,100,8
-120,-88,-106,-71,-70,-97,-58,-56,-60
-52,74,-94,-104,61,88,56,74,-108
44,14,48,23,8,-84,118,-90,58
120,-36,10,12,-65,5,20,-114,32
-56,-20,68,-4,41,-65,-116,-112,42
58,-74,-52,-54,-91,31,40,52,-66
2,-26,90,-2,-75,-107,-62,-14,-2
-40,118,-124,-125,-125,-113,-62,-82,-114
-24,104,-54,25,55,-108,-90,-46,-100
70,-14,44,21,-76,90,-110,40,-20
-58,-54,2,-94,-69,-8,70,84,48
34,66,60,47,85,120,-24,70,48
-84,38,-76,56,76,115,72,-74,-104
14,30,72,18,-33,-114,-46,4,98
30,122,26,67,10,-7,70,84,18
12,38,-32,-120,119,-11,124,46,-48
58,108,74,-78,118,75,-66,-88,-70
78,-124,-10,-11,95,51,58,98,56
38,96,-46,7,-49,82,58,-22,-54
-60,-88,-98,-118,99,10,120,-124,14
-114,34,70,-37,-10,19,82,-40,-128
12,-34,-22,102,2,-23,50,66,46
44,80,68,-15,-53,11,90,-54,-4
-84,2,112,-95,80,-16,-122,-102,-34
-2,-116,0,-123,49,-19,124,92,-4
12,6,-58,-52,49,24,-128,-78,-74
14,-124,-20,104,-10,122,46,-54,-70
-34,60,34,59,-38,85,58,-116,2
66,-128,82,-56,13,-114,30,120,-40
96,20,72,29,11,111,-76,110,-38
-108,68,16,-76,-89,-27,-122,-62,-26
76,-100,-18,53,74,68,-84,-50,74
20,-12,118,-69,-54,112,82,116,-30
110,124,70,67,102,-48,-44,-124,100
62,-60,30,67,-52,-119,110,60,-42
14,-86,-48,-34,60,82,108,78,66
-110,14,86,-67,-88,-17,94,-10,-22
-104,82,26,-113,-97,-35,40,82,52
98,112,-72,-68,116,51,92,-10,-102
0,-84,24,56,-89,53,-48,72,-54
0,-64,-62,12,34,15,-80,-104,20
0,-114,88,15,-2,-41,118,78,-64
0,-48,62,-65,-51,117,52,6,84
-36,-118,-104,-59,75,66,22,-1,104
-18,-46,98,27,26,-66,116,-1,26
78,-118,-1,-97,-19,-16,-58,-1,-22
0,84,-1,-125,-93,123,2,-1,112
0,-2,-1,-125,-69,13,0,-1,-4
0,108,-1,66,81,58,60,-1,-1
76,76,-118,59,-12,69,100,-1,-28
120,-58,-10,39,-16,21,-122,-1,54
0,-22,16,-6,45,76,-22,-1,52
118,-2,0,20,71,26,-106,-1,28
-42,-128,-112,119,32,-36,86,-16,-62
44,102,4,40,-31,53,-100,-112,-26
-124,118,86,-105,-36,15,48,-92,-96
118,88,-94,86,-64,-78,-40,-34,34
-30,-24,48,-64,86,104,-38,74,90
-32,8,44,-4,99,7,-34,-30,4
92,-94,-128,-117,67,9,-50,82,74
-98,-38,54,-83,28,-35,-18,-34,120
68,88,-114,41,38,-67,-60,102,42
-32,-54,-100,-48,-2,18,12,68,-20
104,34,-104,125,28,-65,52,102,90
122,-110,76,-122,-117,-44,-12,84,-94
-108,-8,-50,59,-95,6,96,-82,94
-10,-44,-34,36,-7,8,-118,44,4
-62,24,-30,-17,-98,100,-64,-48,-80
-128,-48,-108,48,32,77,36,-58,-54
54,-30,-42,5,56,-13,100,-106,34
102,-88,-100,-91,8,-57,-66,10,76
24,24,-128,14,-4,-34,-108,-80,124
-44,118,-28,109,-52,-54,30,68,12
122,52,-128,-28,-36,83,-30,64,-2
88,44,-74,-5,103,-85,-124,28,-20
76,92,94,13,99,113,-104,-46,-126
34,-20,-112,37,-35,-85,64,-56,-78
8,36,-70,-81,41,-10,-24,68,-58
-50,-110,-32,82,-105,10,54,-40,38
100,-80,106,-5,-19,-81,-108,92,-38
100,68,-126,8,79,-45,-126,112,-80
-88,-72,0,-119,79,-31,-54,-104,102
74,84,-58,36,-88,1,70,38,-74
-22,2,-100,-51,-128,44,-104,76,-62
-20,-8,-108,35,38,33,68,-128,-92
56,76,-18,-45,52,81,-78,-68,-16
46,-12,-12,31,-79,88,124,4,-114
-82,-120,90,-89,44,0,8,-54,-16
90,16,-34,-59,50,-24,30,-2,-60
-24,114,94,-58,5,-40,-114,6,-88
60,62,-24,-118,-3,-119,-92,-110,100
40,12,-84,-88,-40,60,-6,-20,-100
-44,-80,-76,-97,99,57,118,-64,-12
8,-58,48,37,-126,-112,-32,-104,-24
100,-72,-126,-44,-48,-70,-100,70,-124
-30,40,54,32,49,-124,112,10,-82
-120,102,96,42,68,63,-100,14,116
-6,62,-124,-15,-99,-4,24,8,106
-28,-90,102,73,62,103,26,54,30
-46,-54,16,-5,-40,-1,-54,66,-56
-36,-38,36,-77,-66,88,-114,2,28
4,-32,64,-92,65,70,18,42,-22
80,-122,88,-84,-3,35,94,-90,2
68,8,-110,52,3,-86,-60,-4,4
-60,126,24,-58,-12,-128,-18,-114,14
46,30,-16,-55,-121,106,2,-10,-80
-114,-36,-56,-108,4,-104,100,52,-94
40,-1,30,123,-55,-14,26,10,28
-54,-1,-82,73,-40,124,118,-112,-38
16,-1,48,-78,-119,127,66,-26,-32
-40,-1,110,27,-5,-87,6,68,-76
120,-1,-1,2,-84,16,-102,-28,-1
102,-1,-1,69,25,-55,56,48,-1
-92,16,-124,105,93,-5,64,-92,12
-86,6,-42,-3,40,-76,-60,-20,120
106,-22,76,1,103,-14,12,52,-48
114,-74,-72,125,-3,0,-78,30,-38
-18,124,54,6,-109,-63,-72,24,38
66,124,92,110,-18,115,110,-54,-8
102,-14,-72,114,116,22,-108,-44,20
-110,4,10,-38,-18,-122,-62,44,112
48,108,42,105,-29,109,-2,-114,-110
54,106,-46,41,124,68,88,-42,-32
-48,18,-124,94,2,-92,-2,-120,90
74,-12,0,24,-55,-40,-38,-34,-16
-60,-42,64,-112,-68,30,100,46,92
74,-64,112,60,-12,-22,-52,50,100
-74,-108,-22,-110,17,-78,98,-66,-82
116,-66,22,19,119,-113,92,0,-92
106,-90,-16,-78,-107,58,-58,-10,-42
88,-104,60,98,60,84,98,-54,74
6,10,-122,119,-45,-125,-38,30,28
-118,126,-76,49,97,-83,10,40,100
-56,-20,44,119,21,-27,-54,-88,-78
0,102,-50,31,-18,36,-48,-44,-62
90,-22,-96,-25,-121,-24,-60,32,-70
24,-80,8,-128,111,-3,112,-2,70
38,-96,18,59,74,-56,56,-70,86
-126,58,24,-90,4,-35,-42,80,94
-66,86,-84,-12,79,-79,6,12,-14
-46,-40,-108,48,-27,-35,52,-128,-22
80,-44,108,-51,104,81,-94,18,76
58,-86,-58,9,4,115,94,-102,-122
18,118,-32,71,-69,61,52,22,50
-66,54,84,-29,65,28,126,114,-34
-50,-18,0,-112,74,98,-108,-30,12
114,56,-8,78,116,16,-4,56,96
-44,28,96,-29,72,-94,78,-104,-90
82,120,76,-112,-21,-64,-88,-100,64
40,-54,-76,45,88,51,-104,56,64
6,-2,110,90,113,-99,-58,-66,-20
30,-30,52,1,-65,-123,-36,98,78
-70,-10,-46,60,17,80,-32,-4,-58
-114,-46,-66,97,43,-2,12,-50,-58
20,6,-20,35,-72,70,-92,-110,-76
64,116,16,-35,-74,-38,92,-28,-32
78,-106,28,-128,69,72,-52,120,50
78,96,-66,97,16,93,112,-104,58
10,-74,20,11,47,64,84,52,-48
58,56,-82,-103,11,-52,90,112,-92
56,-50,-90,-72,6,-57,32,18,-122
0,108,-70,-66,-78,101,-28,60,124
0,40,-46,-127,17,-96,86,88,34
-6,-56,-88,-17,22,-28,58,82,116
-16,120,-12,-54,45,56,-102,102,-8
0,42,-18,-46,113,-88,-50,46,-90
0,124,10,86,-37,-48,126,86,66
0,-80,84,-63,89,-57,98,-1,96
0,0,24,111,78,-125,104,-1,-104
30,-48,-1,18,-64,42,-16,-1,-54
30,76,-1,58,-51,78,42,-1,112
0,48,-1,-91,98,52,78,-1,-1
0,-40,-1,35,-60,68,-116,-1,-1
8,42,-1,-81,-6,-77,-96,-112,-1
106,-108,-1,120,-108,-96,68,16,86
12,118,-44,84,8,62,-90,-10,-102
-32,72,70,-122,126,101,-74,40,60
18,-108,8,15,28,20,-120,66,-40
104,76,42,-30,-28,-19,124,68,56
36,-30,-112,25,98,-95,-10,-88,-74
-106,-24,126,-18,-111,99,-96,38,104
2,60,-40,-94,52,-16,-78,-66,18
-106,-64,118,-76,-92,18,16,32,-118
82,-18,50,-42,28,1,62,-56,-94
-58,6,-40,-19,11,-18,112,116,-26
-48,52,72,-10,-125,-39,-24,96,114
-36,-22,8,28,80,-9,-28,-44,78
84,6,-106,63,-9,-87,-18,-98,96
30,-8,16,52,34,-7,-12,86,-106
2,94,-108,23,42,-85,-74,86,64
50,54,14,-127,22,124,26,24,-88
-18,60,94,17,40,7,-98,64,-12
116,72,98,124,112,-28,50,-56,56
-60,20,102,-78,107,-41,102,10,14
28,-86,-6,-116,-39,-15,72,70,-96
100,-44,-32,-47,0,21,-8,112,-48
-108,16,2,-7,-96,-20,-8,-58,104
98,80,-30,-82,-72,8,-68,-100,114
24,76,-70,6,-7,7,64,-68,72
-100,18,76,-76,-119,-67,8,-90,-66
74,2,-74,98,86,-22,0,110,-42
-68,82,40,52,-6,85,120,-118,-128
118,24,58,-44,22,-126,114,8,-30
-112,-62,116,-43,-112,15,40,68,0
18,14,-106,78,-58,126,58,-50,-104
76,-80,-80,1,43,41,118,-70,76
-2,-100,-4,-27,-51,80,34,-76,-12
-52,-102,42,87,-81,56,94,38,-110
-118,-50,54,45,60,28,-80,-62,96
42,-62,12,-84,41,-79,118,82,-96
-16,-66,-24,-12,-101,121,112,-2,88
22,26,-66,-23,-16,77,108,46,-22
-62,16,-68,-2,-89,35,-18,96,-62
32,-46,38,-16,42,-31,-52,42,-110
-94,-122,-20,-47,-55,-96,100,64,-76
-16,84,16,-17,-116,-42,-116,-108,110
22,96,22,86,-111,-112,-124,64,-76
-14,30,-60,-65,65,-119,-80,-80,-70
126,68,38,-30,36,103,2,-76,-114
4,-92,-12,-72,91,42,20,100,52
40,124,-2,-52,69,-15,-44,36,26
-44,-82,74,116,-21,-27,0,-28,8
-122,120,-96,107,93,99,112,-124,72
-36,118,-128,-95,-64,95,-24,66,98
-38,-80,104,119,68,112,70,100,-22
102,112,56,-32,-68,18,-96,-26,-66
-2,-10,122,-87,33,102,-64,-102,30
-120,-56,-68,119,-49,-101,88,-78,-10
-116,106,-18,25,-68,118,40,94,44
-90,-1,8,13,22,27,-98,-96,-36
-46,-1,84,-20,-19,31,80,-40,-118
92,-1,-128,63,-94,54,-78,46,108
-30,-1,114,-81,53,75,122,52,-6
-16,-1,110,21,88,-119,-118,0,-1
88,-1,58,76,-104,-78,-6,0,-1
36,-1,-24,-11,-100,-94,-46,120,-112
-104,-1,46,79,63,4,14,38,2
-62,-1,126,28,121,8,126,48,-122
-30,-1,72,-45,42,31,82,-20,8
86,124,-50,114,81,-75,120,-20,82
-92,28,-110,115,106,-48,84,58,70
6,42,-32,76,14,-43,52,70,-92
30,90,106,123,-69,49,-8,-100,40
-116,80,-46,84,28,41,42,62,56
-16,16,50,11,70,-64,-128,-128,36
80,-96,-108,-97,-8,38,42,-92,-96
-16,-112,-128,-118,111,-41,-38,42,76
-34,-66,-10,15,-127,-98,-44,0,-96
-6,90,-110,-49,71,-97,-120,94,108
82,102,-86,-68,-31,40,124,-4,22
92,-90,32,-100,-8,-107,-92,10,-12
-82,62,84,-49,97,-11,-92,122,-34
-52,44,44,125,62,-121,-48,-128,-32
-68,78,-88,58,115,90,102,42,30
2,88,122,4,98,-13,52,40,-82
-44,106,124,-12,126,-96,98,74,-106
-38,-66,-6,127,-30,10,122,6,86
-98,66,-40,100,33,-28,62,14,-110
-84,-8,104,-18,2,-105,0,-30,6
100,-112,-46,-5,78,-78,-68,102,84
-86,-74,30,-125,64,-2,86,98,66
84,2,-12,11,-33,-82,-128,42,30
36,-88,102,106,-13,28,14,-16,60
86,64,46,-120,38,-109,-68,36,120
-32,74,106,80,-107,-47,46,72,-22
-4,-112,-78,-16,-80,110,58,122,-60
-66,-120,-2,3,-121,61,-8,66,34
56,-104,-10,42,108,80,50,52,-100
74,56,28,14,23,-41,118,-44,20
-118,108,34,-69,-102,124,126,26,64
104,-128,16,-117,112,-16,-110,112,108
-48,-116,50,-81,-74,-84,-58,30,30
10,20,-46,-72,-110,23,54,14,-56
76,76,-56,88,-92,103,-26,56,-18
-82,-92,-126,42,-48,24,98,68,126
-70,-102,56,15,93,-99,52,30,-10
100,-60,26,106,112,75,116,100,-58
68,72,52,-9,-72,91,100,94,-106
88,-100,-50,0,81,19,-54,78,62
84,110,10,72,83,101,124,114,-88
-2,14,-102,45,-34,-128,6,-48,-68
56,-68,-100,-100,104,-2,-12,66,50
0,-16,0,92,-40,38,30,60,-32
0,-46,74,-109,119,-37,4,-112,68
0,-8,116,74,-9,111,-114,-22,-72
0,40,6,47,-56,-73,118,20,-58
0,88,-8,-25,125,-22,114,26,126
-56,0,-94,2,107,41,2,-92,-72
-60,106,-1,110,77,28,-58,-1,-124
-120,-106,-1,-85,-56,52,-46,-1,8
0,-20,-1,91,-54,37,40,-1,-100
-14,-12,-18,-27,125,-65,-124,-1,0
-86,-34,98,-101,98,-85,38,-1,12
62,106,52,-16,53,-35,-58,30,-1
106,104,-96,-55,-121,75,-108,-128,-1
20,-34,-64,62,39,-92,-94,-56,126
-110,-114,-6,-100,-125,90,38,-56,-36
0,-110,64,-101,24,-56,120,44,38
0,-98,12,47,116,41,-46,92,-114
120,-50,-20,-53,82,-89,64,32,-68
26,-38,40,-12,-42,-49,10,-94,72
-28,-112,112,-18,-91,-81,34,-60,116
-30,48,124,59,-31,-23,30,112,86
14,36,66,15,-8,-46,72,30,64
34,126,6,-124,119,-28,62,-104,120
120,122,-12,-46,-51,-40,-68,48,-52
-70,-92,-108,-63,-24,0,-94,60,38
30,-100,24,-48,16,100,42,58,96
82,54,-12,108,-13,121,126,-54,-36
44,124,-2,-86,-116,-61,6,-94,110
-76,66,-122,-89,-122,-80,2,122,56
-50,32,78,86,-20,-2,94,4,-100
-62,-124,-34,118,85,47,-128,-118,118
-70,-16,-126,57,-124,100,116,80,72
54,58,-124,-65,-32,23,32,58,36
26,-22,6,-114,107,108,-82,-124,-38
-32,20,-56,97,-80,-102,110,-64,-36
-98,-126,-96,-108,-124,60,116,82,-32
38,126,-18,98,123,94,106,-92,-32
-64,-66,108,84,-2,32,-10,50,-120
-116,-110,118,7,22,76,92,116,-108
-90,-104,-102,-59,62,-39,-66,102,-32
106,-128,88,25,44,-87,24,-114,72
12,76,-52,-46,63,97,16,-114,-72
-114,-74,-114,114,-35,104,-14,118,14
-18,-12,-74,-39,105,-100,-88,114,90
112,96,104,107,-121,-9,-96,36,30
54,-6,-52,65,-34,-121,-60,2,-4
42,64,-10,-91,-99,-42,-12,-58,-30
-22,-100,70,-10,85,125,-102,36,102
-66,120,68,-37,-107,83,-16,-118,16
90,-20,-60,52,-5,-59,-38,38,-66
-42,-56,-128,-59,-54,-124,-20,-10,-50
-114,80,-18,-25,62,-7,10,52,66
12,-16,46,91,-65,-126,18,124,-58
-16,102,10,-106,-35,126,-8,72,-72
-94,46,-34,52,61,98,-54,10,-76
-8,100,40,-91,89,4,-56,-124,26
76,-82,-90,-37,106,28,30,34,-86
-48,-10,-36,-23,100,-76,-24,124,-8
50,-50,-56,-113,121,-75,36,-56,42
90,58,66,-29,63,41,-66,62,50
4,72,-46,-2,-39,-28,-40,36,36
102,98,-108,100,10,12,38,72,68
50,-122,118,-44,125,76,58,28,52
-16,126,66,20,77,-126,102,54,120
-28,-32,-36,64,57,-28,118,-44,-74
-66,-34,-58,-116,33,56,-118,70,34
-106,-70,-84,20,66,-96,-88,-48,62
-64,52,90,16,-68,-72,54,-76,-48
-16,-12,84,-19,-58,-41,54,82,-50
-20,34,-72,-7,-65,-28,-8,98,44
-38,-1,22,-72,24,124,108,36,-44
0,-1,-1,-103,57,50,-28,0,-1
0,-1,-1,53,124,80,-12,116,-1
-108,-98,-66,-104,-103,28,-26,116,86
-128,74,-100,-24,27,-25,104,-128,64
-104,-1,-60,-19,32,-42,84,98,-64
-128,46,-102,-118,-37,21,-74,-80,44
78,50,-58,-92,44,-11,26,-126,-62
-62,48,2,-45,-46,-48,-54,-30,-70
-112,86,96,74,-72,-10,-122,-22,-60
-102,120,-2,-37,-56,22,-42,-66,-10
104,42,-78,-93,7,19,80,-126,-38
-116,-100,86,-81,-48,-71,-106,16,-128
122,-36,66,60,108,-53,82,-20,84
-56,58,36,-6,58,93,54,-16,-44
104,-106,120,-46,39,9,32,28,-8
102,58,38,41,17,20,40,-52,-10
-38,84,-62,-56,-83,-72,-112,122,50
22,116,42,108,-57,-33,48,-122,-18
26,-118,12,76,-108,49,-72,-24,-94
8,14,16,-56,-94,-32,-82,-106,2
106,118,-26,-116,121,-68,40,68,124
104,92,-44,-109,-88,-36,-34,-12,110
-102,-66,22,6,-51,18,-86,-116,-112
-22,106,-108,46,-67,86,-56,-94,52
-72,14,112,-43,126,-109,16,68,-74
-72,-56,18,-69,-42,-104,56,6,-98
-118,-14,8,-97,54,-115,28,2,44
22,-50,80,80,-115,5,62,-20,-76
-24,8,-96,-7,52,-11,18,98,18
84,102,94,14,-3,-121,-118,104,56
78,-92,-46,-4,-76,79,-114,-120,112
22,114,-100,59,-18,105,96,-72,80
98,42,-62,55,67,-73,-64,106,-22
100,-102,50,53,-44,-50,96,66,-48
54,-44,18,125,-86,-63,104,-94,74
-36,-126,122,-45,-97,-122,-14,-14,2
22,18,-32,-43,15,91,-90,-18,84
106,-102,78,-36,-105,-23,42,102,68
-32,-44,104,48,106,44,-40,-68,-124
104,-66,-112,1,33,-39,-112,-10,92
62,52,-54,8,60,-18,96,60,-98
54,-70,124,-14,42,-64,-104,94,-72
112,60,-126,-82,64,-126,34,-6,0
-4,24,20,125,6,48,-108,58,-38
-106,-54,-40,30,127,1,108,-128,28
46,-54,114,-110,-74,-2,-74,58,-62
-106,0,-110,66,-1,-62,22,16,8
-100,-50,4,79,-63,-105,-32,-24,-96
70,-2,102,-13,36,78,86,-2,-86
0,78,-36,114,125,-85,114,84,68
0,52,-58,-15,-92,55,16,-110,-118
0,-10,-6,89,3,93,44,-38,-80
0,22,-8,42,-33,101,28,104,-34
0,108,-90,14,-118,90,-114,120,122
0,62,40,73,-37,93,82,-1,-126
0,-64,-32,30,-85,76,-86,-1,-68
0,-40,-1,112,-99,-92,-52,-1,122
0,10,-1,-91,0,37,86,-1,-72
0,106,-1,-46,-33,44,62,-1,-92
-90,98,-1,-21,50,-94,-52,-1,82
-48,110,-1,1,112,13,-58,-1,-1
0,-70,-1,-37,70,86,102,-1,-1
0,-118,46,1,-97,-112,56,14,-1
0,-70,-82,-49,10,-14,-84,-18,64
-112,114,14,54,5,117,72,90,106
72,48,6,79,-16,-37,10,-126,78
100,-58,-102,84,120,73,-62,-116,94
16,42,46,104,8,-84,-44,-12,-34
4,-12,-4,42,75,36,116,-12,-4
-16,72,68,72,-28,-53,62,10,98
56,-94,-88,-43,52,120,54,-86,-60
-6,-12,-42,-17,48,70,-110,44,38
6,110,44,88,77,-24,48,-34,-72
-74,36,-80,-110,84,37,8,-44,-8
94,-108,-64,20,-111,97,28,-34,100
42,-46,62,-35,-67,-109,-104,72,-50
-24,52,46,29,71,-26,-120,28,-82
40,-56,58,108,-51,19,64,124,58
-76,-110,-28,123,-92,17,28,86,-82
38,94,-10,-66,119,10,-122,56,8
-96,-52,92,-56,-117,11,4,-108,-88
-114,-122,86,50,19,57,-30,-48,-36
38,112,24,37,-94,-86,0,74,-70
70,48,98,-35,88,-102,-90,72,-110
38,126,104,-105,56,-8,50,-50,-46
-96,-36,-84,31,65,-11,-74,-72,20
-126,-20,86,-48,79,102,84,26,122
28,100,-96,-46,90,94,54,-6,-54
10,-22,-42,-117,-115,-34,-28,126,-102
24,-32,122,-48,116,-34,-28,0,68
-98,-60,12,-116,-21,41,116,-100,-26
-30,24,80,-98,94,21,126,-44,-36
20,66,-8,34,-81,-3,-44,-112,-66
70,-112,-6,-21,-53,121,122,76,-88
72,-56,-30,-45,-88,-76,118,-94,-68
44,-102,116,-54,27,-65,2,-94,78
52,-12,116,-22,-127,35,68,-118,24
56,16,-124,-37,-13,25,8,32,116
70,-110,70,-60,-29,-3,94,28,-100
34,-112,-104,-105,32,-114,110,-2,-112
68,-84,-96,14,-88,-26,60,40,58
-108,26,48,-47,58,119,54,56,36
-126,-90,-16,78,33,-69,-116,122,-60
-78,108,-80,85,77,84,-64,-96,-44
-112,76,-30,73,-98,-64,114,-104,112
-48,-60,4,-16,-15,-110,100,70,-18
-16,-4,-96,-53,15,-20,-104,126,112
-6,14,110,37,82,5,-112,10,-42
-50,-104,54,-9,-13,127,-8,70,-40
70,120,118,-75,-27,-12,48,14,10
-78,-118,50,-81,-40,-127,32,124,114
26,-104,84,41,122,108,40,104,-66
-94,-76,-68,-95,-108,55,-32,102,-108
58,40,-62,-88,76,27,-116,-100,74
2,-76,126,7,59,47,-92,22,72
50,120,-2,-127,94,27,46,50,-84
2,-14,-32,84,96,45,74,100,-58
-28,-32,-26,-34,117,-113,-64,0,6
8,-1,-36,-123,89,90,64,-90,0
74,-1,-26,82,108,2,98,-38,-120
-66,-1,124,13,55,62,-50,0,-1
-92,-1,-18,84,119,-24,-48,0,-1
-46,-48,86,80,109,-98,82,72,-1
112,16,-22,-104,0,46,28,-38,-1
26,74,-100,-58,-88,28,22,-60,4
114,72,20,-101,-41,-5,84,80,-54
