-16732,-4932,3004,-73,1319,876,3672,17048,2080
-16732,-4932,3004,-73,1319,876,3672,17048,2080
-16488,-5276,3320,-199,720,1627,2684,16828,2884
-16488,-5276,3320,-199,720,1627,2684,16828,2884
-16432,-4608,4120,-473,82,2363,2484,16776,1880
-16432,-4016,3992,-628,-242,2451,2608,16388,1304
-16324,-3668,4064,-816,-669,2484,1076,15604,1560
-16324,-3668,4064,-816,-669,2484,1076,15604,1560
-16316,-2488,4728,-1161,-1777,2265,2532,15136,896
-16316,-2488,4728,-1161,-1777,2265,2532,15136,896
-16480,-1424,5768,-1375,-3446,1903,3292,15484,828
-16812,-968,5960,-1452,-4181,1750,2728,15224,280
-16812,-968,5960,-1452,-4181,1750,2728,15224,280
-15840,2348,5408,-1523,-5050,1794,2564,15980,2012
-15220,4572,4772,-1551,-5038,2024,1184,15132,1312
-15220,4572,4772,-1551,-5038,2024,1184,15132,1312
-15104,6556,4388,-1278,-4303,2226,1280,15012,784
-15104,6556,4388,-1278,-4303,2226,1280,15012,784
-15552,5764,5120,-620,-3499,2632,512,14728,-1516
-15552,5764,5120,-620,-3499,2632,512,14728,-1516
-14756,4376,5316,31,-2680,3618,656,15036,-1948
-14756,4376,5316,31,-2680,3618,656,15036,-1948
-13788,3120,4572,991,-2051,4909,-872,13008,-2212
-13788,3120,4572,991,-2051,4909,-872,13008,-2212
-13328,1636,3552,1702,-1821,6105,184,13616,-1116
-13328,1636,3552,1702,-1821,6105,184,13616,-1116
-13616,16,2836,1628,-2531,6996,1444,13760,-1300
-14008,-512,2816,1522,-2560,7331,4536,13176,660
-14008,-512,2816,1522,-2560,7331,4536,13176,660
-14816,-1528,2464,748,-3254,7492,488,14384,512
-14816,-1528,2464,748,-3254,7492,488,14384,512
-15692,-2548,2320,-32,-3694,6599,3248,13580,2416
-15904,-3076,2252,-411,-3840,6009,3716,13996,3068
-15904,-3076,2252,-411,-3840,6009,3716,13996,3068
-15444,-4264,2420,-964,-3580,3869,1564,11836,2592
-14980,-4392,2636,-1052,-3236,2867,2004,12236,2168
-14980,-4392,2636,-1052,-3236,2867,2004,12236,2168
-13916,-4376,2500,-1066,-2077,844,-680,14288,152
-13916,-4376,2500,-1066,-2077,844,-680,14288,152
-13336,-3868,3296,-1093,-1358,-600,1368,15556,-2072
-13300,-4196,3464,-1094,-810,-905,56,15512,-2676
-13300,-4196,3464,-1094,-810,-905,56,15512,-2676
-12720,-4300,4480,-995,160,-700,-1284,16232,-4152
-12720,-4300,4480,-995,160,-700,-1284,16232,-4152
-12800,-4228,5696,-614,1042,-343,208,19112,-3476
-13052,-3100,5140,-375,1264,-149,-260,14088,-3112
-13052,-3100,5140,-375,1264,-149,-260,14088,-3112
-12640,-1304,6224,-130,1252,295,628,15260,-3464
-12640,-1304,6224,-130,1252,295,628,15260,-3464
-13412,216,6472,-145,1165,665,672,16260,-3716
-14088,12,7268,-202,1060,630,796,17024,-2968
-14088,12,7268,-202,1060,630,796,17024,-2968
-14596,-1352,8512,-198,816,823,1256,19140,-2532
-14668,-2304,8056,-218,493,1081,1312,17588,-2156
-14668,-2304,8056,-218,493,1081,1312,17588,-2156
-14192,-2972,7804,-410,-480,1826,664,16888,-1652
-14372,-3556,7516,-600,-895,2164,676,16468,-1332
-13780,-2796,7364,-796,-1031,2469,1368,15544,-808
-13780,-2796,7364,-796,-1031,2469,1368,15544,-808
-12704,-3592,7276,-1279,-1279,2987,2600,16000,-564
-12288,-3696,7408,-1465,-1440,3203,2884,16340,-292
-12288,-3696,7408,-1465,-1440,3203,2884,16340,-292
-12348,-4260,8344,-1546,-1507,3645,3476,16672,-768
-12636,-4480,8760,-1610,-1486,3912,3608,17484,-712
-12636,-4480,8760,-1610,-1486,3912,3608,17484,-712
-13096,-4220,9316,-1815,-1335,4274,4208,17196,-664
-13096,-4220,9316,-1815,-1335,4274,4208,17196,-664
-13500,-2768,9452,-2100,-1470,4205,4376,17268,-316
-13804,-2224,9496,-2259,-1597,4103,4644,16876,-692
-14324,-1800,9916,-2449,-1763,3856,4968,17356,-488
-14324,-1800,9916,-2449,-1763,3856,4968,17356,-488
-15540,-1868,10604,-2702,-1995,3342,5592,17640,476
-15540,-1868,10604,-2702,-1995,3342,5592,17640,476
-16356,-968,10600,-2809,-1796,2846,6952,16948,48
-16356,-968,10600,-2809,-1796,2846,6952,16948,48
-16520,384,9976,-3001,-1559,2653,8224,16716,-692
-16760,1336,9424,-3126,-1566,2500,7752,16176,-1408
-16760,1336,9424,-3126,-1566,2500,7752,16176,-1408
-16740,1800,8232,-3207,-1998,2082,7480,16740,-2476
-16356,1652,9660,-3143,-2137,1931,6908,16616,-3344
-16356,1652,9660,-3143,-2137,1931,6908,16616,-3344
-17064,680,7212,-2700,-2231,1669,4852,17436,-4772
-17064,680,7212,-2700,-2231,1669,4852,17436,-4772
-17084,1136,7740,-2129,-1528,1816,3712,18200,-4424
-17084,1136,7740,-2129,-1528,1816,3712,18200,-4424
-17336,684,7436,-1925,-1841,2717,4688,17384,-2892
-16960,112,6792,-1947,-2294,3511,4820,16236,-2076
-16960,112,6792,-1947,-2294,3511,4820,16236,-2076
-16588,928,5912,-2161,-3844,4430,7464,13464,452
-16588,928,5912,-2161,-3844,4430,7464,13464,452
-16584,1236,4748,-2412,-4996,5395,8448,14168,1576
-16584,1236,4748,-2412,-4996,5395,8448,14168,1576
-17452,52,4876,-2822,-5377,6026,8760,11592,1440
-17848,-816,4596,-3116,-5603,6102,9916,9404,2540
-17848,-816,4596,-3116,-5603,6102,9916,9404,2540
-18472,-992,3572,-3607,-5882,5610,9324,12584,548
-18508,-1280,3300,-3828,-6308,5228,9328,13288,-140
-18508,-1280,3300,-3828,-6308,5228,9328,13288,-140
-18272,-1220,2988,-4303,-5701,4516,8016,12488,-3532
-18272,-1220,2988,-4303,-5701,4516,8016,12488,-3532
-17656,-1624,2968,-4477,-3319,3719,8368,14620,-3796
-17248,-1816,3124,-4703,-2880,3108,9736,14840,-3672
-17248,-1816,3124,-4703,-2880,3108,9736,14840,-3672
-16712,-2196,3208,-4985,-768,2100,8756,11528,-6424
-16712,-2196,3208,-4985,-768,2100,8756,11528,-6424
-16384,-3176,3540,-4348,2599,1674,9992,8876,-8380
-16384,-3176,3540,-4348,2599,1674,9992,8876,-8380
-16276,-4152,3464,-2842,4658,1234,11836,9488,-7968
-16276,-4152,3464,-2842,4658,1234,11836,9488,-7968
-16776,-4524,3180,-2137,4985,968,12324,9712,-7044
-17204,-4588,3032,-2042,3849,956,12592,9708,-6568
-17204,-4588,3032,-2042,3849,956,12592,9708,-6568
-17652,-4308,2536,-2047,1567,1434,12864,9860,-5848
-17652,-4308,2536,-2047,1567,1434,12864,9860,-5848
-17732,-4720,2344,-2263,67,861,12492,10156,-6248
-17732,-4720,2344,-2263,67,861,12492,10156,-6248
-17604,-5108,2128,-2058,-245,-34,13400,9720,-6740
-17604,-5108,2128,-2058,-245,-34,13400,9720,-6740
-16856,-5416,2060,-1693,1043,-956,14668,11740,-5928
-16856,-5416,2060,-1693,1043,-956,14668,11740,-5928
-16388,-5572,2044,-1402,2305,-1642,14896,14276,-4148
-16164,-5700,1936,-1458,2863,-1753,14684,16424,-4072
-16164,-5700,1936,-1458,2863,-1753,14684,16424,-4072
-16360,-5752,1904,-1570,3107,-1698,13936,15924,-5368
-16360,-5752,1904,-1570,3107,-1698,13936,15924,-5368
-16720,-4908,1040,-2267,2656,-2186,11344,18416,-4812
-17032,-4880,1088,-2675,2288,-2427,10160,16920,-3052
-17032,-4880,1088,-2675,2288,-2427,10160,16920,-3052
-17580,-3740,2136,-3854,2046,-2627,6076,6392,460
-17580,-3740,2136,-3854,2046,-2627,6076,6392,460
-18728,-4456,1360,-4723,2040,-2605,8508,1460,3432
-18728,-4456,1360,-4723,2040,-2605,8508,1460,3432
-17976,-4808,1652,-5092,1866,-1637,11192,4556,1432
-17976,-4808,1652,-5092,1866,-1637,11192,4556,1432
-16820,-5096,292,-4929,1768,-42,11972,7032,580
-16820,-5096,292,-4929,1768,-42,11972,7032,580
-15832,-5044,-924,-4519,1717,1901,10936,5240,0
-15832,-5044,-924,-4519,1717,1901,10936,5240,0
-14808,-4056,-1852,-4008,2242,3421,7992,10532,-2960
-14344,-4276,-3700,-3903,2026,4447,9136,11808,-2772
-14344,-4276,-3700,-3903,2026,4447,9136,11808,-2772
-13812,-4040,-3340,-3629,1998,6122,10936,9844,-1784
-13812,-4040,-3340,-3629,1998,6122,10936,9844,-1784
-13240,-3624,-3768,-3346,2161,6884,9740,9364,-2272
-13048,-3276,-3784,-2878,3280,6368,7776,10108,-3076
-13048,-3276,-3784,-2878,3280,6368,7776,10108,-3076
-12996,-2976,-3116,-2629,3789,4941,7468,11984,-5780
-12996,-2976,-3116,-2629,3789,4941,7468,11984,-5780
-13048,-2832,-3372,-2510,4229,2574,7052,12200,-6320
-13048,-2832,-3372,-2510,4229,2574,7052,12200,-6320
-13288,-3120,-3296,-2705,4527,252,8884,11900,-6796
-13392,-3364,-3084,-2669,4138,-805,8732,11248,-7308
-13392,-3364,-3084,-2669,4138,-805,8732,11248,-7308
-13728,-3832,-2080,-2351,3443,-2014,8124,10304,-4940
-13728,-3832,-2080,-2351,3443,-2014,8124,10304,-4940
-13840,-4708,-928,-1786,2932,-2371,6288,9024,-4612
-13728,-4752,-624,-1528,2980,-2261,6016,11336,-3704
-13728,-4752,-624,-1528,2980,-2261,6016,11336,-3704
-13680,-4684,-716,-749,3502,-1446,1556,11512,-4816
-13680,-4684,-716,-749,3502,-1446,1556,11512,-4816
-13116,-4112,-604,21,4111,-338,1496,9904,-5016
-13136,-4124,-188,246,4143,48,5232,13708,-2592
-13136,-4124,-188,246,4143,48,5232,13708,-2592
-13488,-4724,80,575,3912,707,4300,13480,-4944
-13488,-4724,80,575,3912,707,4300,13480,-4944
-13068,-5052,16,707,3413,1243,3484,15992,-6772
-13068,-5052,16,707,3413,1243,3484,15992,-6772
-13392,-5856,184,790,2455,1586,4376,15504,-7044
-13392,-5856,184,790,2455,1586,4376,15504,-7044
-13876,-5644,144,733,1339,2082,4940,16864,-6816
-14196,-5764,224,841,336,2636,3676,17624,-7272
-14196,-5764,224,841,336,2636,3676,17624,-7272
-15024,-6104,-216,381,-261,2754,6004,18724,-3372
-15024,-6104,-216,381,-261,2754,6004,18724,-3372
-16392,-5976,-248,749,-924,3106,5636,21200,-4328
-17260,-5868,-348,777,-1500,3753,5488,20728,-3424
-17260,-5868,-348,777,-1500,3753,5488,20728,-3424
-18324,-5844,-320,1084,-1279,4485,5980,24456,-2380
-18324,-5844,-320,1084,-1279,4485,5980,24456,-2380
-19432,-5132,156,1168,-1630,5017,3196,25688,-6576
-18880,-5532,-84,1238,-1469,5105,4768,20548,-3060
-18880,-5532,-84,1238,-1469,5105,4768,20548,-3060
-19100,-5260,1228,1542,-661,5463,5468,12920,924
-19100,-5260,1228,1542,-661,5463,5468,12920,924
-17696,-3636,2432,1590,149,5305,5916,11108,1900
-17696,-3636,2432,1590,149,5305,5916,11108,1900
-18624,-5084,8992,1639,1077,4416,2020,3716,4088
-18976,-764,8392,1664,1430,3922,356,9700,1412
-18976,-764,8392,1664,1430,3922,356,9700,1412
-18688,5792,6644,1723,2220,3054,1228,12248,-1204
-18688,5792,6644,1723,2220,3054,1228,12248,-1204
-16208,9152,8744,1954,2681,2389,3160,11608,-36
-16208,9152,8744,1954,2681,2389,3160,11608,-36
-13836,7720,4792,1665,2787,1747,5984,15532,1768
-13836,7720,4792,1665,2787,1747,5984,15532,1768
-14304,4688,3632,1745,2986,871,164,13992,-464
-13788,3528,3376,1696,2586,571,1628,15120,80
-13788,3528,3376,1696,2586,571,1628,15120,80
-12676,1744,3140,1736,2350,317,2384,15776,-288
-12676,1744,3140,1736,2350,317,2384,15776,-288
-13024,936,2604,1626,1719,206,5812,16492,-928
-13024,936,2604,1626,1719,206,5812,16492,-928
-14128,-1524,1976,1288,1592,583,3932,16492,-1120
-14128,-1524,1976,1288,1592,583,3932,16492,-1120
-13880,-2000,1896,1076,1406,1434,5308,15804,96
-13944,-3148,1860,1093,1264,2039,4712,14548,976
-13944,-3148,1860,1093,1264,2039,4712,14548,976
-14884,-3904,2120,1119,1126,2764,3088,14092,896
-14884,-3904,2120,1119,1126,2764,3088,14092,896
-15060,-4628,1648,1101,1085,3271,2616,14412,1712
-15060,-4628,1648,1101,1085,3271,2616,14412,1712
-15744,-5336,1496,850,1159,3311,2796,14808,2188
-15888,-5360,1448,779,1150,3132,2500,15016,1312
-15888,-5360,1448,779,1150,3132,2500,15016,1312
-15952,-5016,1472,597,744,2828,3616,15304,1436
-15876,-6036,1092,525,551,2710,3452,15896,1088
-15988,-5924,1340,332,199,2636,3300,15924,1164
-15988,-5924,1340,332,199,2636,3300,15924,1164
-15576,-6692,1536,-35,-270,2642,3628,16164,996
-15108,-6496,1548,-171,-467,2716,3916,16312,888
-15108,-6496,1548,-171,-467,2716,3916,16312,888
-15316,-6980,1384,-379,-319,2585,4140,16244,680
-14876,-6460,1296,-428,-680,3069,4272,15876,524
-14876,-6460,1296,-428,-680,3069,4272,15876,524
-14656,-6028,1648,-581,-566,3109,3460,15108,64
-14992,-6412,2184,-590,-469,3029,3160,15000,40
-14992,-6412,2184,-590,-469,3029,3160,15000,40
-14664,-5980,2572,-580,-261,2496,2596,15000,12
-14664,-5980,2572,-580,-261,2496,2596,15000,12
-14464,-5996,3004,-544,-79,1994,3128,15288,432
-14752,-5828,3804,-557,-24,1679,3268,15596,324
-15604,-5864,4092,-578,14,1414,3240,15780,808
-15492,-5852,3964,-610,83,1043,3180,15892,640
-15328,-5700,3952,-688,33,766,3064,16172,640
-15264,-6008,4256,-770,-31,518,2956,16280,424
-15264,-6008,4256,-770,-31,518,2956,16280,424
-15168,-6072,4532,-869,-284,391,3072,15740,260
-15168,-6072,4532,-869,-284,391,3072,15740,260
-14516,-6440,3808,-964,-561,295,3268,15476,-196
-14676,-6376,3584,-997,-637,308,3688,15564,-444
-14676,-6376,3584,-997,-637,308,3688,15564,-444
-14756,-6360,3408,-1024,-670,463,3156,15540,-700
-14596,-6300,3508,-1021,-697,582,3300,15708,-464
-14596,-6300,3508,-1021,-697,582,3300,15708,-464
-13956,-6264,3428,-1014,-675,869,2660,15292,-200
-13956,-6264,3428,-1014,-675,869,2660,15292,-200
-14044,-6464,3508,-1024,-621,1145,2260,15372,-248
-14044,-6464,3508,-1024,-621,1145,2260,15372,-248
-14304,-6356,3424,-1089,-444,1171,2404,14772,-1216
-14304,-6356,3424,-1089,-444,1171,2404,14772,-1216
-14480,-6584,3700,-1120,-254,987,2904,14980,-388
-14392,-6492,3476,-1207,-343,998,1992,15376,-1064
-14392,-6492,3476,-1207,-343,998,1992,15376,-1064
-14496,-6504,3528,-1066,-106,748,2276,15384,-1236
-14496,-6504,3528,-1066,-106,748,2276,15384,-1236
-14892,-6332,3508,-1017,125,519,2496,15372,-1000
-14892,-6332,3508,-1017,125,519,2496,15372,-1000
-14828,-6128,3164,-942,375,490,3392,15444,-1332
-14828,-6128,3164,-942,375,490,3392,15444,-1332
-14696,-6140,2964,-776,614,380,4188,15376,-1084
-14696,-6140,2964,-776,614,380,4188,15376,-1084
-14868,-6048,2512,-535,936,38,5220,15536,-800
-14976,-5864,2520,-405,997,-97,4672,15668,-752
-14976,-5864,2520,-405,997,-97,4672,15668,-752
-14996,-5636,2724,-150,1245,-584,4540,15156,808
-14996,-5636,2724,-150,1245,-584,4540,15156,808
-14820,-5180,2552,-232,1597,-1216,4800,13764,2096
-14348,-5212,2588,-93,1193,-1065,4608,12704,1980
-14348,-5212,2588,-93,1193,-1065,4608,12704,1980
-13128,-5080,2804,-281,461,-1799,5284,11980,4800
-13128,-5080,2804,-281,461,-1799,5284,11980,4800
-11808,-4556,2848,-513,-263,-2773,3296,11632,-472
-11808,-4556,2848,-513,-263,-2773,3296,11632,-472
-10660,-4380,2652,-1263,-1946,-3534,5308,13380,-1764
-10488,-4152,2252,-1644,-2877,-3840,7424,15972,-2880
-10488,-4152,2252,-1644,-2877,-3840,7424,15972,-2880
-11176,-4292,1440,-2282,-5344,-4123,10876,19980,-972
-11176,-4292,1440,-2282,-5344,-4123,10876,19980,-972
-12904,-4196,1604,-1924,-6197,-2929,6548,24088,-1976
-12904,-4196,1604,-1924,-6197,-2929,6548,24088,-1976
-14816,-4480,2036,-1240,-4581,-1442,4168,17844,-3068
-14816,-4480,2036,-1240,-4581,-1442,4168,17844,-3068
-15704,-4620,2608,-942,-2691,-1058,-248,16180,-6344
-15704,-4620,2608,-942,-2691,-1058,-248,16180,-6344
-15420,-4772,2136,-655,-2183,-675,-4300,16524,-7968
-15420,-4772,2136,-655,-2183,-675,-4300,16524,-7968
-14440,-4684,1284,-684,-2852,803,3444,16940,-6924
-14088,-4440,840,-666,-3055,1533,5436,14896,-5844
-14088,-4440,840,-666,-3055,1533,5436,14896,-5844
-13692,-4564,300,-601,-2784,2425,7004,12888,-6968
-13692,-4564,300,-601,-2784,2425,7004,12888,-6968
-13292,-4536,152,-470,-1761,1391,4888,11992,-6796
-13292,-4536,152,-470,-1761,1391,4888,11992,-6796
-13344,-4772,252,-424,-1855,-433,5872,7880,-3916
-13344,-4772,252,-424,-1855,-433,5872,7880,-3916
-13584,-5100,360,-578,-1657,-1712,5780,6900,-3332
-13584,-5100,360,-578,-1657,-1712,5780,6900,-3332
-13892,-5504,532,-686,42,-3211,5512,7908,-3172
-13888,-5592,376,-641,546,-3509,5912,8736,-3700
-13888,-5592,376,-641,546,-3509,5912,8736,-3700
-13536,-6408,716,-316,1404,-3147,6748,9076,-3616
-13536,-6408,716,-316,1404,-3147,6748,9076,-3616
-13064,-6844,976,-73,1176,-1540,7040,9988,-4176
-12752,-6680,1028,67,1161,-593,6404,8204,-3136
-12752,-6680,1028,67,1161,-593,6404,8204,-3136
-12668,-6840,1060,-53,1021,420,7180,9916,-4988
-12756,-6656,1032,-140,1189,270,8252,9752,-5208
-12756,-6656,1032,-140,1189,270,8252,9752,-5208
-13208,-6076,868,-373,1852,-209,8124,9500,-5940
-13596,-5796,844,-329,2191,-923,9532,9284,-5620
-13596,-5796,844,-329,2191,-923,9532,9284,-5620
-14084,-5524,864,-484,1835,-1798,8268,8180,-6424
-14084,-5524,864,-484,1835,-1798,8268,8180,-6424
-14544,-5604,764,-802,1284,-2181,9384,8496,-4952
-15060,-5548,720,-989,686,-2310,9552,7868,-4256
-15060,-5548,720,-989,686,-2310,9552,7868,-4256
-15324,-5700,636,-1218,109,-2445,9288,5956,-3272
-15324,-5700,636,-1218,109,-2445,9288,5956,-3272
-15368,-5924,492,-1376,-387,-2132,11332,7868,-3252
-15368,-5924,492,-1376,-387,-2132,11332,7868,-3252
-15408,-6216,124,-1513,-771,-1547,11360,8136,-3176
-15408,-6216,124,-1513,-771,-1547,11360,8136,-3176
-15516,-6324,-396,-1744,-1230,-971,11420,7416,-4980
-15516,-6324,-396,-1744,-1230,-971,11420,7416,-4980
-16844,-6820,-608,-2079,-1681,-554,10692,7168,-5828
-16844,-6820,-608,-2079,-1681,-554,10692,7168,-5828
-18764,-7584,-4,-2164,-1597,-63,11432,8436,-6732
-19736,-7788,-20,-2199,-1521,171,12488,9132,-6532
-19736,-7788,-20,-2199,-1521,171,12488,9132,-6532
-21572,-7880,-228,-2255,-1352,608,14264,12916,-6332
-21572,-7880,-228,-2255,-1352,608,14264,12916,-6332
-23248,-7480,-172,-2346,-1212,1244,14748,16308,-7512
-23248,-7480,-172,-2346,-1212,1244,14748,16308,-7512
-22820,-7296,-216,-2096,-938,1275,18824,18504,-8908
-22820,-7296,-216,-2096,-938,1275,18824,18504,-8908
-21548,-6708,-360,-2617,-904,277,17884,18844,-12676
-21548,-6708,-360,-2617,-904,277,17884,18844,-12676
-20856,-6000,-660,-2857,-600,-1172,14616,15484,-15676
-20856,-6000,-660,-2857,-600,-1172,14616,15484,-15676
-20344,-5532,-356,-2601,433,-2496,10360,8392,-14384
-20344,-5532,-356,-2601,433,-2496,10360,8392,-14384
-21548,-5224,12,-2056,1526,-3243,9612,236,-10836
-21548,-5224,12,-2056,1526,-3243,9612,236,-10836
-21356,-5664,1104,-1152,2733,-2317,10144,6572,-11780
-21356,-5664,1104,-1152,2733,-2317,10144,6572,-11780
-21496,-6356,2456,-241,3722,279,9552,12992,-14236
-20848,-6648,3044,74,3771,1362,9480,13956,-13944
-20848,-6648,3044,74,3771,1362,9480,13956,-13944
-20020,-5936,4432,865,3131,3782,12100,15128,-10040
-20020,-5936,4432,865,3131,3782,12100,15128,-10040
-19152,-4188,4772,1649,2523,5646,11816,15752,-5612
-19152,-4188,4772,1649,2523,5646,11816,15752,-5612
-17312,-2168,4168,2025,1754,6239,9004,16820,-3984
-16488,-1156,3884,1972,1380,5973,9064,17164,-2892
-16488,-1156,3884,1972,1380,5973,9064,17164,-2892
-15684,332,4276,1601,1162,4847,8796,14704,236
-15684,332,4276,1601,1162,4847,8796,14704,236
-15428,1172,4940,1447,546,4343,8320,9788,1236
-15428,1172,4940,1447,546,4343,8320,9788,1236
-15296,1244,5332,1728,-103,4686,8608,15796,-808
-14952,1252,5416,1788,-211,4741,5748,14928,-148
-14952,1252,5416,1788,-211,4741,5748,14928,-148
-14184,696,5124,2134,-392,5444,5160,14756,-284
-14184,696,5124,2134,-392,5444,5160,14756,-284
-13876,144,4652,2016,-178,5959,3068,17540,-1604
-13876,144,4652,2016,-178,5959,3068,17540,-1604
-13144,-404,4420,1693,-341,6832,3472,14908,1956
-12940,-732,4304,1516,-317,7044,3028,14928,1420
-12940,-732,4304,1516,-317,7044,3028,14928,1420
-12784,-1216,4060,831,-696,7055,1692,12832,2224
-12784,-1216,4060,831,-696,7055,1692,12832,2224
-12784,-1724,4280,-128,-1156,6461,1244,12896,1764
-12784,-1724,4280,-128,-1156,6461,1244,12896,1764
-13476,-2492,4280,-1168,-1536,4917,1488,14272,1720
-14024,-2496,4436,-1492,-1738,4169,1284,14724,1404
-14024,-2496,4436,-1492,-1738,4169,1284,14724,1404
-14516,-2636,4680,-1751,-2024,3270,544,16076,104
-14772,-2572,4592,-1781,-1884,2883,284,16380,-644
-14772,-2572,4592,-1781,-1884,2883,284,16380,-644
-14704,-2612,4824,-1954,-913,1960,-300,16072,-3160
-14704,-2612,4824,-1954,-913,1960,-300,16072,-3160
-14304,-2832,4920,-2181,-115,1148,-356,16180,-4208
-14304,-2832,4920,-2181,-115,1148,-356,16180,-4208
-13900,-3020,5080,-2296,235,1291,-88,16988,-4980
-13900,-3020,5080,-2296,235,1291,-88,16988,-4980
-13544,-2992,4816,-1912,866,2021,1220,15512,-4504
-13544,-2992,4816,-1912,866,2021,1220,15512,-4504
-13216,-2972,4888,-1914,244,3214,1124,14636,-3404
-13216,-2972,4888,-1914,244,3214,1124,14636,-3404
-12824,-3044,4692,-1527,458,4417,2456,14756,-3224
-12756,-3116,4712,-1424,535,4819,2828,16272,-3884
-12672,-3144,4836,-1328,658,5278,1156,13316,-2636
-12672,-3144,4836,-1328,658,5278,1156,13316,-2636
-12416,-3276,5012,-1385,825,5743,692,15404,-4048
-12268,-3260,5028,-1315,988,5830,1232,15556,-3676
-12268,-3260,5028,-1315,988,5830,1232,15556,-3676
-12040,-3480,5248,-1341,1136,5675,2520,13852,-2448
-12040,-3480,5248,-1341,1136,5675,2520,13852,-2448
-12192,-3668,5052,-1047,973,5147,3032,13404,-1444
-12240,-3720,5008,-909,835,4939,3364,12868,-1580
-12240,-3720,5008,-909,835,4939,3364,12868,-1580
-12676,-3924,4944,-615,976,4499,2972,14136,-1652
-12676,-3924,4944,-615,976,4499,2972,14136,-1652
-13436,-3776,4560,-452,1104,4220,3540,14520,-1608
-13436,-3776,4560,-452,1104,4220,3540,14520,-1608
-13936,-3648,4116,-311,1097,4091,3936,15620,-1672
-13936,-3648,4116,-311,1097,4091,3936,15620,-1672
-14388,-3396,3676,-98,1484,4145,4236,14504,-844
-14892,-3428,3376,-66,1667,4164,4596,14896,-964
-14892,-3428,3376,-66,1667,4164,4596,14896,-964
-15924,-3764,3976,23,2003,4057,4128,14076,-980
-15924,-3764,3976,23,2003,4057,4128,14076,-980
-16120,-3908,3972,346,2697,3476,3940,13684,-1988
-16248,-3920,3860,485,3038,3260,2972,14436,-2488
-16248,-3920,3860,485,3038,3260,2972,14436,-2488
-16428,-4108,3880,646,3398,2597,1404,14896,-3156
-16620,-4096,3972,755,3629,2129,920,14376,-2808
-16620,-4096,3972,755,3629,2129,920,14376,-2808
-16788,-4000,3968,1078,2989,1910,-1548,15964,-2120
-16788,-4000,3968,1078,2989,1910,-1548,15964,-2120
-16428,-3388,3712,1145,2876,1316,-1588,15252,-1044
-16428,-3388,3712,1145,2876,1316,-1588,15252,-1044
-16304,-2820,3464,625,2193,1458,700,16660,1504
-16304,-2820,3464,625,2193,1458,700,16660,1504
-15940,-2200,3064,362,2083,2049,1740,16468,2080
-15940,-2200,3064,362,2083,2049,1740,16468,2080
-15532,-1828,2808,209,1163,2931,864,16676,1628
-15532,-1828,2808,209,1163,2931,864,16676,1628
-15236,-1668,2740,-205,127,4000,8,17208,2696
-15104,-1760,2564,-338,40,4428,-1536,16680,3184
-15104,-1760,2564,-338,40,4428,-1536,16680,3184
-14996,-2064,2416,-687,-102,4924,300,16696,3392
-14996,-2064,2416,-687,-102,4924,300,16696,3392
-15080,-2176,1920,-862,-450,5063,3564,15484,4696
-15136,-2340,1800,-997,-630,5081,3796,16288,4580
-15136,-2340,1800,-997,-630,5081,3796,16288,4580
-15724,-2820,1504,-1323,-857,4940,4272,16484,3608
-15724,-2820,1504,-1323,-857,4940,4272,16484,3608
-15948,-3060,1472,-1696,-899,4597,1580,16680,2200
-16280,-2956,1340,-1861,-1092,4279,568,16580,1780
-16280,-2956,1340,-1861,-1092,4279,568,16580,1780
-16576,-2696,1320,-2084,-1541,3720,1820,15560,2644
-16576,-2696,1320,-2084,-1541,3720,1820,15560,2644
-16576,-2448,1836,-2249,-2210,3345,1676,14392,3616
-16388,-2144,2412,-2327,-2678,3174,1032,14120,3460
-16388,-2144,2412,-2327,-2678,3174,1032,14120,3460
-15244,-1580,3092,-2658,-3630,2944,2008,14444,3084
-15244,-1580,3092,-2658,-3630,2944,2008,14444,3084
-14180,-828,3428,-2927,-4536,2704,1860,12020,3592
-14180,-828,3428,-2927,-4536,2704,1860,12020,3592
-13576,-348,3960,-3042,-5083,2562,1512,12148,1524
-13576,-348,3960,-3042,-5083,2562,1512,12148,1524
-12912,544,4764,-2909,-5112,2744,2036,10844,-608
-12404,840,4884,-2835,-5421,3127,3720,10568,-316
-12404,840,4884,-2835,-5421,3127,3720,10568,-316
-11540,1448,4584,-2944,-6022,3817,288,11228,-2664
-11532,1524,4516,-2891,-6425,4110,-480,12380,-2484
-11448,1564,4528,-2846,-6831,4450,-504,12860,-2504
-11448,1564,4528,-2846,-6831,4450,-504,12860,-2504
-11900,916,4048,-2601,-7369,5492,-3584,14352,-2444
-11900,916,4048,-2601,-7369,5492,-3584,14352,-2444
-13260,140,3620,-2177,-7565,6899,-836,16052,-4560
-14024,-432,3400,-2185,-7643,7446,620,16212,-1524
-14024,-432,3400,-2185,-7643,7446,620,16212,-1524
-15744,-996,3296,-2404,-7580,7947,2736,14692,-1060
-15744,-996,3296,-2404,-7580,7947,2736,14692,-1060
-17120,-1736,3048,-2432,-6722,7686,2848,13752,-1176
-17536,-1836,3168,-2458,-5334,7109,1968,14952,-632
-17536,-1836,3168,-2458,-5334,7109,1968,14952,-632
-17904,-2616,3596,-2413,-3416,5987,1932,15336,-988
-17960,-3056,3788,-2570,-2839,5618,2796,15152,-1580
-17960,-3056,3788,-2570,-2839,5618,2796,15152,-1580
-17176,-3752,4464,-2641,-2158,4537,3392,14716,-1364
-17176,-3752,4464,-2641,-2158,4537,3392,14716,-1364
-15916,-4028,4712,-2711,-2257,2939,3612,16068,-3364
-15916,-4028,4712,-2711,-2257,2939,3612,16068,-3364
-14984,-3840,4796,-2646,-2197,1742,4304,17632,-2152
-14708,-3896,4728,-2526,-2178,1322,5912,17260,-3180
-14708,-3896,4728,-2526,-2178,1322,5912,17260,-3180
-14896,-3736,5176,-2246,-1660,1078,5056,20832,-4428
-14896,-3736,5176,-2246,-1660,1078,5056,20832,-4428
-15404,-3812,5764,-2393,-1213,1167,4380,18400,-4320
-15404,-3812,5764,-2393,-1213,1167,4380,18400,-4320
-15880,-3508,5880,-2726,-898,891,2536,17248,-4028
-15880,-3508,5880,-2726,-898,891,2536,17248,-4028
-15908,-3468,5984,-2885,-1142,813,3488,16456,-2020
-15908,-3468,5984,-2885,-1142,813,3488,16456,-2020
-15212,-3316,6216,-2854,-1378,913,3212,14848,-1856
-15104,-3488,6004,-2908,-1410,933,3764,14512,-1596
-15104,-3488,6004,-2908,-1410,933,3764,14512,-1596
-14840,-3748,6060,-2971,-1620,1007,3728,17536,-3180
-14840,-3748,6060,-2971,-1620,1007,3728,17536,-3180
-14872,-4036,6116,-2783,-1600,1168,5016,17304,-3680
-14872,-4036,6116,-2783,-1600,1168,5016,17304,-3680
-14952,-4172,6172,-2828,-1715,1490,5552,17848,-3724
-14952,-4172,6172,-2828,-1715,1490,5552,17848,-3724
-14612,-4204,6600,-2707,-931,1720,4188,17004,-3704
-14612,-4204,6600,-2707,-931,1720,4188,17004,-3704
-14212,-4308,7292,-2386,-164,1766,4200,17272,-3136
-13948,-4152,7604,-2287,113,1656,3796,15896,-1564
-13948,-4152,7604,-2287,113,1656,3796,15896,-1564
-13684,-4088,7964,-2296,198,1549,4516,15820,-1268
-13696,-3968,8044,-2401,203,1455,4948,16092,-1068
-13696,-3968,8044,-2401,203,1455,4948,16092,-1068
-14388,-3616,8440,-2596,-95,1347,5920,15960,176
-14388,-3616,8440,-2596,-95,1347,5920,15960,176
-15120,-2820,8216,-2560,295,976,7196,16560,-372
-15120,-2820,8216,-2560,295,976,7196,16560,-372
-15740,-2140,7848,-2628,70,552,7740,15824,-1352
-15740,-2140,7848,-2628,70,552,7740,15824,-1352
-16172,-1816,7668,-2454,252,-155,7804,16536,-2800
-16172,-1816,7668,-2454,252,-155,7804,16536,-2800
-16368,-1656,7264,-2155,136,-730,6464,15864,-4052
-16368,-1656,7264,-2155,136,-730,6464,15864,-4052
-16744,-1728,6692,-1969,-116,-1099,6296,15996,-3480
-16744,-1728,6692,-1969,-116,-1099,6296,15996,-3480
-16780,-2328,5888,-2005,-266,-646,7112,16552,-3096
-16780,-2328,5888,-2005,-266,-646,7112,16552,-3096
-17180,-2388,5076,-1963,-478,226,8512,15492,-2084
-17352,-2552,4756,-1949,-487,527,8428,15692,-1416
-17352,-2552,4756,-1949,-487,527,8428,15692,-1416
-18024,-2808,4484,-1937,-156,1421,8040,14724,-1532
-18024,-2808,4484,-1937,-156,1421,8040,14724,-1532
-18836,-3068,4356,-2149,451,2006,9316,15360,-1548
-18836,-3068,4356,-2149,451,2006,9316,15360,-1548
-19272,-3468,3932,-2670,926,1696,10040,14520,-2100
-19400,-3544,3812,-3048,1060,1646,9840,14728,-2740
-19400,-3544,3812,-3048,1060,1646,9840,14728,-2740
-19416,-3740,3584,-3342,2028,699,8236,13500,-3940
-19328,-3872,3596,-3334,2605,442,7964,12956,-4716
-19328,-3872,3596,-3334,2605,442,7964,12956,-4716
-18912,-4220,3380,-2873,3756,-350,8272,11596,-5928
-18912,-4220,3380,-2873,3756,-350,8272,11596,-5928
-18344,-4480,3224,-2513,4147,-678,9720,10100,-7340
-18344,-4480,3224,-2513,4147,-678,9720,10100,-7340
-17512,-4748,3132,-2043,5131,-1083,11224,9764,-8776
-17512,-4748,3132,-2043,5131,-1083,11224,9764,-8776
-16696,-4676,3356,-1597,6449,-1050,12552,10616,-8836
-16524,-4688,3352,-1331,6807,-850,13592,11236,-8552
-16524,-4688,3352,-1331,6807,-850,13592,11236,-8552
-16984,-4768,2928,-879,7405,-624,14996,11052,-7140
-16984,-4768,2928,-879,7405,-624,14996,11052,-7140
-17296,-4192,3008,-305,6923,-661,15636,10860,-4972
-17296,-4192,3008,-305,6923,-661,15636,10860,-4972
-16784,-3292,2792,90,5361,-1118,15568,9992,-3292
-16756,-3116,2728,98,4231,-1240,14516,10684,-2608
-16756,-3116,2728,98,4231,-1240,14516,10684,-2608
-16092,-2844,2216,-279,1384,-1125,13336,11904,-3000
-16092,-2844,2216,-279,1384,-1125,13336,11904,-3000
-16052,-2732,1884,-892,1552,-848,12716,11876,-4016
-16336,-2588,1492,-1089,1967,-834,12996,11644,-4420
-16336,-2588,1492,-1089,1967,-834,12996,11644,-4420
-16724,-2876,1188,-1153,2189,-427,12864,11212,-4944
-16724,-2876,1188,-1153,2189,-427,12864,11212,-4944
-17132,-3408,1056,-940,2981,47,13676,6592,-4220
-17160,-3620,1080,-775,3341,221,12412,5776,-3824
-17160,-3620,1080,-775,3341,221,12412,5776,-3824
-16948,-4312,400,-695,3954,-50,8844,6172,-3320
-17104,-4636,256,-609,4060,-159,9716,6284,-2416
-17104,-4636,256,-609,4060,-159,9716,6284,-2416
-16940,-5504,68,-488,3612,-229,10280,5628,-376
-16940,-5504,68,-488,3612,-229,10280,5628,-376
-16604,-5864,-24,-349,3340,-327,8564,8028,-1216
-16604,-5864,-24,-349,3340,-327,8564,8028,-1216
-15800,-6300,-252,-222,3880,-527,7424,9872,-1644
-15800,-6300,-252,-222,3880,-527,7424,9872,-1644
-15108,-6316,-176,-140,4286,-591,9792,11220,-2604
-14784,-6208,-240,-110,4434,-585,11412,11584,-3780
-14784,-6208,-240,-110,4434,-585,11412,11584,-3780
-14184,-6340,-40,-170,4114,-317,8040,11440,-3780
-14184,-6340,-40,-170,4114,-317,8040,11440,-3780
-13444,-5952,-8,-279,3675,56,7376,12404,-3012
-13308,-5572,-260,-335,3528,239,7064,12976,-4180
-13308,-5572,-260,-335,3528,239,7064,12976,-4180
-12716,-5156,-176,-339,3345,412,2928,9300,-628
-12716,-5156,-176,-339,3345,412,2928,9300,-628
-12084,-4472,-128,-236,3348,434,624,13440,-6324
-11800,-4192,-196,-161,3416,436,-1732,12948,-5100
-11800,-4192,-196,-161,3416,436,-1732,12948,-5100
-10840,-3856,-128,-159,3320,380,-2568,13392,-5088
-10840,-3856,-128,-159,3320,380,-2568,13392,-5088
-10224,-3388,-128,1,3453,592,2744,15152,-3316
-10060,-3332,-400,36,3444,602,2680,13840,-3856
-10060,-3332,-400,36,3444,602,2680,13840,-3856
-9928,-3380,-164,15,3004,816,268,13524,-3096
-9928,-3380,-164,15,3004,816,268,13524,-3096
-10240,-3224,-16,10,2372,753,-1008,11848,-992
-10240,-3224,-16,10,2372,753,-1008,11848,-992
-10420,-3288,64,-213,1446,1257,-268,11296,-912
-10788,-3508,460,-252,1272,1386,1228,9788,-52
-10788,-3508,460,-252,1272,1386,1228,9788,-52
-11384,-3956,796,-357,1138,1699,10116,7652,4776
-11384,-3956,796,-357,1138,1699,10116,7652,4776
-12680,-4476,804,-644,938,2024,1368,13488,-820
-13440,-4604,920,-836,508,2555,-440,19612,-1876
-13440,-4604,920,-836,508,2555,-440,19612,-1876
-15372,-4584,692,-1419,844,2951,3552,21692,-3376
-15372,-4584,692,-1419,844,2951,3552,21692,-3376
-16564,-4616,984,-1327,848,3920,6792,17728,560
-16932,-4964,1128,-1279,914,4125,3204,17224,836
-16932,-4964,1128,-1279,914,4125,3204,17224,836
-17908,-5584,1404,-1777,343,5013,2816,17856,1024
-17908,-5584,1404,-1777,343,5013,2816,17856,1024
-19260,-5980,1584,-2308,-342,5350,6084,21404,1436
-19260,-5980,1584,-2308,-342,5350,6084,21404,1436
-20420,-5916,1508,-2516,-994,5192,5548,24920,336
-20420,-5916,1508,-2516,-994,5192,5548,24920,336
-19972,-5272,1780,-2191,-768,5034,4152,19516,784
-19028,-5152,1904,-2252,-465,4849,-1488,14268,1688
-19028,-5152,1904,-2252,-465,4849,-1488,14268,1688
-16824,-4100,2360,-2394,478,3449,3424,13408,-1268
-16824,-4100,2360,-2394,478,3449,3424,13408,-1268
-15104,-3308,3548,-2085,994,2072,5812,11664,-2256
-14508,-2752,3884,-1717,888,1593,4000,11652,-2636
-14508,-2752,3884,-1717,888,1593,4000,11652,-2636
-13472,-1724,4820,-931,444,1138,1244,14072,-3436
-12908,-1232,5112,-272,1342,457,468,15496,-3952
-12908,-1232,5112,-272,1342,457,468,15496,-3952
-12592,-20,5220,374,2333,-509,1760,16076,-2336
-12592,-20,5220,374,2333,-509,1760,16076,-2336
-13024,588,5636,999,3031,-1373,3168,15324,-212
-13024,588,5636,999,3031,-1373,3168,15324,-212
-13080,504,4460,1235,1703,-1521,2772,15432,1816
-13224,324,4432,1224,562,-1543,1680,15876,2384
-13224,324,4432,1224,562,-1543,1680,15876,2384
-13408,-312,4296,1087,-583,-1901,1096,15460,3984
-13408,-312,4296,1087,-583,-1901,1096,15460,3984
-14008,-1200,3984,777,-1353,-2764,1492,14284,4248
-14008,-1200,3984,777,-1353,-2764,1492,14284,4248
-14652,-2032,3736,361,-2586,-3457,2600,13648,3100
-14652,-2032,3736,361,-2586,-3457,2600,13648,3100
-14908,-3040,3404,-73,-3391,-3629,3752,12968,1196
-15044,-3684,2832,-238,-3273,-3708,3776,13884,176
-15044,-3684,2832,-238,-3273,-3708,3776,13884,176
-15472,-4348,2524,-669,-3378,-3643,5448,17832,-5088
-15792,-4944,2492,-813,-3286,-3458,6072,18028,-4780
-15792,-4944,2492,-813,-3286,-3458,6072,18028,-4780
-16768,-5596,2324,-1101,-2837,-2599,4732,18036,-4736
-17248,-5760,2348,-1008,-2189,-2190,404,19684,-5548
-17836,-5984,2380,-1058,-1718,-1598,-736,19840,-6272
-18416,-6260,2200,-1023,-1030,-1270,1436,19424,-5008
-18732,-6168,2356,-834,-428,-791,1620,19512,-5464
-18844,-6052,2288,-732,-257,-107,2076,18856,-3768
-18540,-6076,2088,-712,-352,446,2740,20032,-4720
-18200,-5768,2028,-490,-353,983,2224,17860,-5248
-17372,-5452,1892,-377,-396,1444,2508,17032,-5040
-16132,-5188,1496,-333,-549,1571,1748,17344,-4624
-14984,-4860,1516,-258,-623,1709,1484,16192,-3576
-13812,-4648,1352,-372,-801,1578,2696,15032,-3904
-12520,-4312,1360,-476,-1006,1367,2956,13892,-4248
-11384,-4060,1236,-618,-1302,947,3840,12428,-3220
-10568,-3908,1300,-823,-1583,514,3916,10880,-2680
-10568,-3908,1300,-823,-1583,514,3916,10880,-2680
-9168,-3532,1496,-878,-2186,-348,3468,9768,-3144
-9168,-3532,1496,-878,-2186,-348,3468,9768,-3144
-8692,-3300,1500,-1072,-2164,-1113,2888,7724,-2492
-8800,-3404,1668,-1111,-1941,-1567,2160,7852,-3852
-8800,-3404,1668,-1111,-1941,-1567,2160,7852,-3852
-9800,-3028,1768,-1418,-1442,-2150,3640,6548,-2880
-9800,-3028,1768,-1418,-1442,-2150,3640,6548,-2880
-11464,-3108,1980,-1336,-1373,-2143,4952,7192,-3368
-12096,-3188,1876,-1328,-1560,-1767,6328,7112,-3524
-12096,-3188,1876,-1328,-1560,-1767,6328,7112,-3524
-13408,-3436,1912,-762,-494,-721,6788,8696,-4156
