-94,-92,70,14,68,-3,50,14,-86
-54,-46,44,-22,21,16,-8,40,-82
-76,-12,-74,17,90,70,-2,72,26
76,76,-20,-21,66,120,8,54,24
50,-68,-40,-16,-78,74,-40,14,-82
-70,-6,70,-110,-78,113,-48,-22,70
-32,-46,88,-66,57,-5,-6,-122,16
-78,-74,-10,76,42,26,-24,32,-76
-6,-98,74,-20,1,36,20,20,84
-122,-94,96,-103,-17,80,86,38,48
70,-124,-100,33,-28,63,84,-100,-114
118,-46,-126,-43,-35,97,42,-68,54
116,4,-34,-58,99,24,-96,-56,-56
-90,72,-106,-84,80,39,84,126,-48
12,-6,6,-11,82,-105,100,6,-2
34,-78,66,-12,76,-61,76,46,54
100,82,62,6,-72,26,76,-20,-24
6,26,-26,10,-110,43,98,-22,-2
82,110,112,-38,-38,-79,52,76,22
-60,4,6,-9,-63,-88,70,-122,92
-112,62,-84,90,58,-35,-128,-52,-84
104,58,-82,-51,-127,-87,-124,80,-90
-94,-6,118,-30,42,41,120,60,126
-18,102,116,41,50,11,-126,108,-108
98,-20,34,65,34,-120,84,50,36
74,12,-74,-59,52,103,98,56,90
0,48,46,101,-58,-8,-28,-114,120
36,-12,94,-117,-24,-46,-32,66,-92
92,-22,30,-31,-127,-39,98,-124,56
-124,12,54,26,-81,-53,-66,70,106
-80,90,-112,6,-118,124,-52,48,12
-48,-120,114,29,-30,119,42,-28,-12
12,10,-52,-8,-39,22,-92,-122,-74
-128,50,-124,-3,62,22,58,-6,-78
56,-112,114,47,-68,-98,78,-12,-94
-14,74,86,-10,32,-107,126,-46,-90
32,-94,74,37,94,57,34,100,124
-44,-76,94,-93,-118,43,92,-28,-28
30,44,6,110,-100,-29,-114,102,-78
82,96,-78,55,-64,-11,-96,-120,102
104,18,-104,-124,-119,-125,-10,-122,-34
26,46,20,116,7,-57,-100,4,-6
96,-64,104,39,-22,65,46,10,102
104,120,44,25,-69,29,38,-20,-118
6,-42,88,-73,66,-57,26,56,114
-56,86,14,-32,25,-51,-96,-102,-30
-120,-22,50,93,-107,71,46,-64,-110
40,44,30,82,127,47,6,-18,-116
-12,-82,58,70,102,-5,-86,-94,-82
-56,-42,20,-80,-56,-2,98,-116,-30
-86,92,8,-18,-124,9,-52,108,16
68,82,-100,37,9,7,-52,-128,28
22,-38,112,49,-50,-77,-26,112,124
12,14,12,21,-94,-93,-60,-108,58
22,40,-68,-115,108,84,-14,108,-88
-16,94,76,-112,-115,22,-52,-118,-14
48,-88,-104,-72,-21,23,-6,104,100
-112,46,-58,-32,14,-34,-30,36,106
28,6,-118,99,78,52,6,106,-120
-46,34,-122,-128,58,50,-38,-20,-96
-112,-106,-126,-124,-2,124,0,-64,48
-106,114,80,-90,13,-113,-14,-86,-112
32,-120,-6,-5,102,-123,66,-14,22
14,68,-72,15,102,-117,68,4,10
32,-38,-10,-3,-44,-77,-90,66,-12
-16,-72,-12,-13,-65,-70,-78,60,-60
72,2,-62,-87,-79,89,-28,88,16
-128,-124,-24,-100,-79,102,50,110,16
-14,-34,18,104,-115,-17,12,-72,22
-82,96,54,92,-120,4,30,-112,54
-22,34,-12,-69,-60,40,112,88,32
102,-96,46,-100,-55,80,-56,-52,-6
112,12,-42,-80,70,-7,30,-94,90
124,-44,-50,-91,66,43,44,-106,-82
-122,2,24,56,-4,97,110,0,62
-32,-44,106,80,-7,123,-90,-6,-22
108,98,-110,91,105,-102,92,74,-128
-94,-128,88,101,-121,-99,56,64,108
44,40,8,101,-112,126,110,-116,116
-96,16,-78,-102,-98,107,-124,-118,-106
-26,92,-70,39,40,-124,-22,102,-20
-66,74,-126,60,103,107,26,100,-88
-66,-48,58,17,-39,-53,18,32,-122
122,12,6,43,-8,-63,58,46,76
-74,78,60,-47,63,85,-14,-92,-34
18,-68,-108,-17,78,79,-62,-124,-54
84,126,98,-6,-100,-101,-30,-74,68
-52,-16,-82,39,-82,-128,42,-104,-26
-56,-36,-66,-125,-49,-92,-122,106,-94
96,-34,118,-98,-64,-119,60,112,-42
14,90,48,-25,97,99,102,-46,-32
58,58,-4,1,92,68,66,-112,-96
0,-2,70,-17,1,-8,-32,74,80
-18,-74,-98,14,-8,-45,-14,34,94
-56,6,-22,96,-117,-93,108,-100,54
104,0,-2,125,-123,-113,-78,42,36
-128,4,54,-53,11,38,34,-116,-66
76,-32,-116,-23,-4,13,-72,-78,-76
-94,-106,-104,-110,60,71,-126,-50,88
86,28,96,-66,19,23,110,-68,-4
98,-40,88,124,79,41,120,116,28
80,-34,54,-106,-120,-3,108,-112,124
90,18,62,-59,-74,122,90,108,32
-126,-32,28,-33,26,84,-24,114,-68
-2,38,76,113,-113,-105,-10,-76,-126
-50,100,26,50,-92,21,-126,-32,6
124,-26,20,-35,-49,88,-4,62,64
24,-100,-40,-94,116,-116,12,122,68
120,-14,40,69,103,-113,-4,76,-122
32,76,96,-55,-20,-74,-32,-56,-18
112,-86,18,-18,28,-10,-112,96,-94
-12,-110,-32,107,33,5,-16,-28,28
48,120,-120,-4,43,113,-34,6,40
-34,-90,30,-71,-123,119,-38,-90,0
-76,50,-126,-123,78,74,-22,22,-102
22,-84,48,6,25,80,20,68,-46
68,98,-64,-37,-61,105,38,36,-124
8,-112,6,-10,-87,120,56,-2,-108
-44,-20,18,71,56,28,-90,-74,90
32,20,80,117,122,79,-26,-70,-34
-84,-94,-16,73,26,117,88,-20,58
-14,-20,54,58,73,124,-62,-76,-4
-98,116,60,78,-25,-66,-8,-80,-78
14,-78,56,47,29,-55,-30,-52,-80
10,-40,70,87,-58,-93,-82,74,-62
16,-28,10,72,-11,-85,-82,124,-78
-120,-78,70,-104,104,-87,-4,-10,92
-120,-24,-100,-119,110,-109,10,24,54
102,-68,-86,30,-65,84,-16,-20,24
104,-20,-100,46,-70,69,-46,34,86
96,-108,-16,55,37,20,-110,20,-50
32,28,-84,29,-16,19,-54,20,40
84,102,28,-110,17,-48,-2,-64,-120
-66,60,2,-88,24,-52,-22,-52,-104
-58,92,8,24,-58,60,82,-48,80
60,48,52,54,-47,27,10,18,62
110,-104,-102,104,-16,109,102,72,104
38,-14,112,127,-9,82,72,16,-122
54,-62,-50,-31,-92,113,2,84,-82
-26,46,14,28,-48,90,-10,-16,-108
32,-54,122,-7,121,-39,-118,-92,-6
64,8,-46,42,-126,-51,100,-4,-108
-28,66,-66,35,16,2,28,-42,-10
-68,28,-40,89,-7,5,0,-100,-30
-4,-120,-42,-62,108,103,32,80,34
-12,118,-24,-36,99,97,38,-110,-100
-128,-16,54,66,-75,-47,-2,92,-10
106,8,66,91,-33,-52,-40,-48,-112
-110,-60,10,120,37,49,28,36,-74
-106,-90,-106,-107,38,31,12,48,-56
54,88,-1,1,-71,123,-78,38,-1
-46,78,-1,-126,-81,-127,48,114,-1
-98,68,88,-32,-61,95,-68,-38,-18
56,104,76,104,-106,122,76,92,112
-66,86,10,-85,-75,-4,14,-86,96
-32,58,76,-50,123,-66,80,-56,24
-96,60,6,25,108,-85,102,-112,118
64,-104,118,70,-108,126,-12,-38,-84
18,-62,68,71,112,35,-128,-84,22
-102,-12,-68,-127,-93,0,-58,-124,-14
-92,-90,-44,16,-90,-4,2,-108,24
-42,56,90,47,-98,-34,10,-106,124
-22,46,-42,-97,-74,63,18,52,4
50,-86,68,-5,-97,56,72,38,92
-54,-58,110,78,-42,95,112,-44,-42
110,14,112,-63,-70,88,68,82,-96
-30,-6,96,120,-32,-47,98,72,54
-22,126,-50,-96,-47,-67,-62,100,-8
76,-114,-110,99,-42,-52,-62,-120,-128
-28,36,-2,85,-31,-82,36,24,78
-22,-122,-66,71,-117,15,-118,66,-56
78,-108,-58,55,-97,5,116,-34,96
-124,60,-4,-119,-6,-23,-70,80,110
-54,-118,-128,-100,12,-21,-90,-34,102
-98,-76,-90,43,13,58,-44,-84,124
62,-126,-28,43,14,60,-72,88,52
-56,-54,114,30,-113,-93,110,-104,-128
-80,-36,60,13,122,-89,-128,112,-122
-114,-54,58,-32,-112,-114,42,-70,-80
-40,-102,-56,-30,125,-111,62,10,-124
-104,-84,-120,-44,8,119,72,36,-108
-62,-48,102,-44,12,118,96,20,28
26,-58,106,5,61,110,-118,-44,66
66,-40,16,-22,81,111,-118,-54,120
78,-30,-84,-121,-37,-125,38,62,74
-120,-22,-54,-118,-11,-128,42,92,-84
-110,-22,-2,61,-82,74,2,-116,-2
72,-58,-64,57,-79,76,-108,-74,92
2,-66,-68,-14,-82,-122,-40,64,-16
-52,-86,-112,-12,-86,-115,72,-112,-104
26,20,62,124,-71,-27,90,-68,122
16,56,-86,101,-72,-17,12,-62,116
6,-22,-20,116,45,-100,4,-58,72
-92,-26,14,83,56,-73,-68,-76,52
44,88,-34,44,77,-55,14,-68,106
-40,28,106,13,64,-35,-66,-54,-68
104,100,-34,105,61,72,100,-4,-4
-38,62,50,96,28,94,56,-100,-128
14,22,112,94,52,121,-32,-10,0
86,-26,54,83,-8,-123,96,-42,96
14,-122,-92,43,8,-86,10,2,-86
-108,120,108,-23,-3,-89,-22,-22,-60
-80,26,90,-43,-88,123,80,-104,46
-76,106,10,-110,-78,119,84,-46,-88
-28,-74,70,55,34,47,-42,44,28
102,-126,-10,7,46,38,-18,72,-48
-100,-48,-80,59,93,-21,82,-8,118
32,8,-92,25,97,-35,74,26,50
-54,120,86,13,10,-18,20,-40,-80
64,2,-122,-16,-4,-15,-42,-22,-106
14,50,76,100,32,26,50,80,-120
-120,-104,122,79,9,25,-120,-32,80
-78,-22,-48,11,-81,-53,28,34,-100
-98,106,-22,23,-97,-71,40,16,-116
-10,-8,-86,-103,97,15,6,-36,-76
-92,-2,102,-88,92,14,-10,-60,8
-80,112,78,110,68,44,-28,60,0
-72,88,-98,93,19,59,-4,-50,-94
64,88,-62,127,39,53,-12,52,-104
78,-14,-104,-101,0,52,42,-102,-62
62,34,-76,-25,29,-92,0,24,-82
-32,82,-12,14,32,-100,-32,-60,-30
50,126,-106,-10,78,62,-122,-28,-100
-64,102,-46,-34,101,46,54,38,44
-96,6,-36,32,117,-54,-72,-116,-46
112,-86,-12,-39,-127,-60,108,-96,58
-78,-122,-114,69,103,-9,-52,70,-14
-94,98,-2,0,112,7,-16,-86,76
-26,-26,-46,-86,-51,86,-4,36,96
72,-86,16,62,-58,127,-52,120,124
-102,42,92,83,30,59,70,-72,-84
-68,18,-128,7,96,-112,68,24,-94
6,-20,-96,-112,-27,41,-112,120,18
96,30,-50,-107,-43,31,96,82,20
34,92,-8,37,-4,-45,62,-58,104
118,-54,60,84,23,-26,72,94,-80
-48,14,-68,45,-95,51,-8,-108,-10
-80,104,-102,-98,-92,46,-76,34,70
-38,-92,-2,-45,102,123,22,-82,66
74,10,52,-13,104,99,90,-120,122
62,-6,-38,87,-78,-128,60,-70,-40
-54,106,-34,112,-71,102,52,44,120
-42,-20,-86,84,76,0,54,-88,66
118,-92,42,-126,80,-46,72,72,-6
46,108,-86,47,124,-99,-20,18,-120
-24,-12,78,122,-51,116,-50,68,-8
-48,114,-104,26,-108,-97,8,-110,18
46,106,-94,24,-89,81,92,92,64
104,-4,-76,-124,11,54,-66,112,60
100,-50,-52,121,-24,16,-44,-50,34
-76,-112,52,1,37,68,20,94,-46
32,-66,-16,-24,-4,90,46,-74,-120
-12,-8,-34,83,-64,-42,-120,-60,-48
124,6,84,0,-71,-11,-76,12,-80
88,4,-4,60,-57,-26,-84,112,44
34,20,48,-35,-50,17,-74,-56,6
-20,-8,106,-99,-116,-65,-100,86,-60
20,22,92,20,-111,-25,-120,-104,-86
54,-88,-74,43,-114,15,-52,18,-76
-100,-114,-22,-34,-124,32,-40,60,-64
28,42,-10,5,34,-92,-118,-24,30
42,-120,-104,-70,64,-91,-82,-22,-54
-104,54,30,-107,21,-51,38,-16,-84
86,108,-18,94,11,-45,72,-4,126
-10,66,-10,-19,35,56,88,38,30
58,114,34,-53,46,73,96,60,18
-10,-46,-52,100,109,2,-94,-62,112
44,48,14,87,124,21,-114,-58,102
-16,42,-16,5,-6,-9,24,-22,-84
8,64,4,-4,7,6,48,-52,114
58,-114,64,72,-77,-59,-96,16,-126
6,126,-56,40,-79,-38,-122,30,74
-96,-74,-46,-50,103,-61,106,8,-2
-8,116,-96,-74,104,-41,44,34,-58
2,126,-46,6,67,-50,124,-114,-70
-58,20,-122,-44,64,-32,66,-76,-110
42,-22,-46,-126,56,-83,-66,34,-26
-62,-76,-90,75,38,-60,86,24,10
-60,72,-6,21,-52,-92,-56,56,-76
-72,72,-84,-45,-52,-57,-78,40,108
-52,-36,114,99,34,77,-42,2,-122
-64,-36,94,11,8,113,-28,-30,-118
62,-18,126,-15,-27,118,-124,-52,-10
46,-16,28,-105,-38,-104,118,-102,-16
44,-10,-84,54,16,78,-114,-110,-36
70,90,80,-11,-5,106,-98,-88,-104
32,12,-26,-41,-40,74,-2,-104,-48
2,90,-122,-119,-11,76,18,-74,-38
-18,6,68,112,-8,61,0,10,108
-126,14,28,37,-5,62,24,12,72
-42,52,-92,2,103,-20,-56,10,112
52,-126,90,-70,115,-27,-40,38,74
-50,52,42,34,-99,-80,-10,-96,82
-104,-80,-96,34,122,-100,-6,-82,40
114,64,-80,3,90,85,120,-52,82
26,-88,48,7,49,69,-32,-76,-38
-44,38,44,4,-34,4,-112,-82,-42
56,24,2,36,-46,19,-70,46,-114
8,80,66,-121,-44,-32,-96,-84,-98
102,-88,-118,97,112,-85,-82,68,-116
66,102,106,-108,26,-18,-92,14,76
22,126,-98,-104,15,18,114,4,116
18,-104,100,65,121,-54,-44,70,110
54,126,-126,-57,-120,-122,-126,-102,-78
-76,96,44,-65,-115,-13,36,-100,4
-122,-100,116,-50,-125,-1,56,-126,-80
18,76,-58,21,-80,-31,-4,22,-44
42,-8,-126,-116,98,-33,-4,-12,-24
-66,78,-106,-67,59,29,38,78,-50
-72,104,92,-119,101,60,38,-66,116
-38,30,-98,7,117,52,-52,46,24
2,-24,106,-48,-7,73,-110,-78,76
122,-64,-96,40,-83,107,-66,-48,34
124,-18,16,73,-123,-97,-96,-40,94
-112,92,-6,-6,-81,-45,-70,56,118
102,26,-4,35,-46,-31,-64,112,-128
-24,-12,72,-63,-108,57,-2,82,12
-28,-96,-68,-61,118,78,110,112,96
-12,-128,114,-60,-62,-30,-24,-64,104
-32,-114,-106,-78,-43,-7,4,-70,-116
14,64,108,21,-12,33,54,-18,70
22,-8,-60,13,-36,65,58,120,60
56,-52,82,-115,93,12,94,48,-40
124,60,24,58,51,52,110,26,2
-116,16,-16,67,59,-106,-70,-106,16
110,42,32,65,73,-93,-96,-78,-116
-70,98,-20,51,100,33,60,102,-8
24,116,-70,53,-61,-19,68,-122,-12
-46,-80,-2,86,54,35,56,58,46
118,78,-4,116,-128,0,24,76,56
-94,116,120,115,8,-9,-64,18,-96
92,74,78,-113,28,-51,-98,14,-128
116,-16,80,91,121,-55,4,4,38
118,-50,8,-118,-92,-100,6,4,76
96,-18,112,50,111,21,-42,16,54
24,-26,-102,-126,-91,-18,0,-82,78
56,-120,-52,-104,48,-22,24,-6,24
114,-60,-38,-70,68,-30,20,6,26
-24,80,40,100,-123,57,-114,42,-86
60,-84,-30,92,-117,76,-90,2,-112
-12,4,-114,48,53,-112,108,20,-82
96,46,-108,46,61,-87,120,26,-92
-128,-88,64,-6,106,-93,118,-20,42
82,46,14,-18,48,-87,-110,64,-32
-104,-10,70,14,-38,91,-104,62,-52
76,-84,92,13,-103,88,108,84,-44
10,48,38,-117,100,-53,-98,-34,-78
-32,-10,-22,123,75,-62,120,-50,-94
28,40,64,29,-100,98,-128,-120,-96
-36,10,110,32,-109,73,116,118,64
46,-18,98,-76,-116,-63,-106,-100,-88
82,-62,114,-38,-79,-83,-106,-62,110
-2,116,-12,92,-49,-82,54,124,114
90,86,-36,-124,-10,-61,78,72,74
-110,-12,-88,-62,108,100,-108,-110,-46
-84,64,24,12,-73,117,78,66,-114
90,-52,-82,-79,41,-114,36,-14,14
50,-14,112,-114,97,-115,-18,-68,28
28,116,62,-115,-20,91,-38,122,54
-26,70,124,-109,67,118,110,18,-26
116,-60,-26,-116,-47,75,76,-32,-38
-78,-100,16,74,10,-19,52,76,6
-6,34,68,4,-48,69,-102,108,-52
-122,-124,6,-75,44,-21,-16,22,-90
-118,-76,110,58,55,2,-78,-80,110
-2,-42,-36,-110,-97,-47,-68,112,124
-70,92,54,-31,68,-19,-78,44,-84
-52,32,78,-58,21,-22,-10,-36,-40
-62,14,-86,55,-10,90,66,62,106
-2,2,-18,92,-40,101,92,36,124
-30,-6,-2,-31,-117,92,2,-116,-36
-78,-42,-28,-2,-116,-118,92,-96,32
112,78,10,-36,-26,-116,54,-24,88
-72,-46,2,3,35,-91,-128,34,-108
114,-102,-2,-85,-64,108,116,-36,12
84,-122,4,-96,-31,122,122,-44,-104
-24,-44,22,-61,-89,-14,-84,-64,68
-32,-82,54,-90,-29,6,-78,-50,40
-58,-110,-36,-43,-70,-112,8,-26,-18
6,-32,-40,-56,-32,-103,-102,102,2
6,102,26,-7,-6,-18,-96,60,6
-28,-102,-116,-30,51,-16,-40,108,118
-86,-22,88,-92,-100,46,22,-78,-64
-64,-52,56,-106,-125,47,54,76,46
56,-110,78,43,-21,5,92,-10,-118
34,44,30,102,-37,-12,-106,54,-78
106,-14,-56,34,106,24,-68,-60,-86
120,-68,-104,83,103,3,104,0,-8
-98,124,18,-95,109,-83,20,-52,64
-60,102,112,-39,-122,-116,94,-60,-106
-38,-74,-106,13,120,40,-98,-74,-10
-44,90,110,28,-113,28,-102,-80,100
-126,56,116,-123,-28,54,0,4,-90
98,-128,-98,125,-35,36,36,32,8
-96,-28,-118,-64,-56,-32,10,8,122
-122,-48,122,-78,-88,-53,14,74,-78
-54,8,62,-19,33,51,30,-10,-104
16,0,-70,32,18,51,46,-14,126
110,48,120,33,104,-92,-96,-92,-128
48,102,-124,80,-127,-111,104,-14,-20
-34,-78,-74,-25,-23,-21,52,-92,-76
8,-72,90,-32,3,-45,-10,-6,-94
44,92,106,-114,54,71,-120,-76,126
-90,66,50,-57,72,82,82,-66,-60
120,4,74,123,-48,51,78,-100,60
88,-24,-24,-98,-79,45,-90,-114,66
-2,80,-110,-7,-42,84,-26,-56,116
106,-120,-104,-6,-111,-126,-22,-16,-124
-100,-70,122,1,48,-42,8,-6,80
82,-56,-44,33,-54,-37,-104,106,64
-80,108,46,-42,-16,-50,-90,76,102
-52,66,68,27,-33,-77,-128,-68,-48
28,70,-40,30,18,-41,-50,-72,118
68,-70,-86,-4,94,-122,-128,-40,88
80,92,14,-19,81,-84,-14,-40,46
-104,108,-68,-56,29,-102,-48,68,70
-34,-10,118,66,-45,-97,56,-68,-68
40,26,-30,5,-58,-101,94,104,68
-8,-16,112,85,-59,-63,-78,-6,104
-26,-48,22,126,-21,-39,-30,110,2
0,-54,-10,76,-33,121,-80,90,74
-110,-56,64,126,-39,-118,-12,-102,54
-112,2,-102,-69,-93,119,50,24,112
14,-62,-4,-34,-70,98,-22,-16,-96
-28,120,70,-120,74,117,-42,-56,114
-46,8,12,-71,92,103,-94,-46,-30
-6,102,-62,30,-24,-42,-98,-60,-62
48,110,-42,85,-16,-37,116,86,-114
-62,124,78,-124,39,23,-56,-12,-58
-72,-96,-54,-59,73,37,-50,-124,40
-104,-64,32,-118,-94,91,-72,-42,-36
-30,-78,-106,-66,-63,117,-66,-54,-44
76,-50,24,-108,-41,124,-90,16,-12
98,-76,24,-85,-44,-122,-120,102,-60
16,86,-72,120,-72,86,78,38,-94
110,6,-24,-113,-111,74,122,-106,32
-44,-12,38,-125,116,46,-74,122,-22
22,-36,-124,103,-72,34,4,80,-36
-20,58,114,-80,40,-35,-16,50,-12
102,70,-48,-109,29,-51,56,70,112
-54,-28,126,77,34,-84,-38,54,-104
-76,-108,-24,94,79,-70,-28,30,46
10,-126,-34,-19,86,-48,124,56,116
-70,-48,92,-2,109,-12,-62,78,-124
94,44,50,-6,-59,44,-60,80,20
64,98,22,30,121,43,64,-42,4
110,-112,-4,21,-4,-2,44,-58,-108
-20,-40,54,89,-60,-15,56,-122,-100
106,-28,124,-95,84,23,-38,-78,92
-56,50,114,5,93,11,66,-68,-26
46,-14,-44,12,-10,-48,-16,60,74
52,16,126,9,-37,-59,-66,-80,80
38,-76,0,-6,40,-26,58,52,-58
8,44,-118,10,88,-46,-22,12,76
-18,-102,56,-1,-5,-100,-48,34,-62
46,-38,-4,40,-22,-98,-24,122,-108
-102,-34,96,-20,-83,-50,-100,4,110
-74,14,100,8,-85,-54,98,116,-102
-22,16,-34,-86,-90,63,-128,18,18
-2,52,122,-81,-69,40,42,-26,-80
0,94,-28,81,-9,-123,0,-1,-1
-122,0,-106,-76,118,-66,0,-1,-1
124,-116,-62,-128,71,-3,72,126,80
8,-122,-98,120,45,18,126,126,38
42,-66,36,-111,-50,-46,106,-40,48
42,74,18,25,-16,-78,-64,116,116
66,88,6,-126,-26,90,38,64,44
-32,-90,-12,-37,78,77,-42,40,-24
56,-42,-76,86,99,-25,-62,32,62
-66,-90,52,67,-116,-52,72,-74,-94
-108,48,30,-47,19,-128,44,54,-86
-68,-52,-6,-113,10,101,-2,78,84
112,54,90,-100,-85,-5,-100,-126,90
24,-90,120,-89,-113,13,-38,110,110
-86,12,92,-60,-126,38,20,0,74
78,-34,-72,-50,123,64,-20,102,-62
-86,12,92,-60,-126,38,20,0,74
78,-34,-72,-50,123,64,-20,102,-62
-48,-58,102,-105,59,-81,36,42,-120
54,-52,50,-110,63,-56,50,-52,70
-48,-58,102,-105,59,-81,36,42,-120
54,-52,50,-110,63,-56,50,-52,70
26,90,8,46,48,-31,-72,30,-30
-72,34,-30,33,36,-35,-122,6,-14
26,90,8,46,48,-31,-72,30,-30
-72,34,-30,33,36,-35,-122,6,-14
-62,82,-32,-51,43,-87,106,94,70
20,-78,-64,-54,40,-79,2,84,-24
-26,-70,-110,41,-68,-61,52,-38,66
38,4,-78,22,-42,-73,-38,124,-8
98,56,40,-115,65,127,-112,-14,84
-62,-84,40,-116,70,126,70,-128,122
108,-86,108,-110,90,120,-70,56,-104
30,-94,-100,-83,40,-128,104,92,18
48,-126,-68,43,125,-19,-10,82,-64
-16,60,2,1,94,-28,-36,78,-58
56,48,104,-52,-51,-68,-104,120,2
122,14,-110,-108,-74,-64,118,-124,-104
-104,-8,-28,-1,67,-4,38,-112,-98
-60,-98,118,-46,52,2,18,-46,82
-122,32,46,53,93,-17,-14,-98,38
-114,30,-88,16,109,6,-2,-118,104
-112,-34,-58,-18,-57,41,56,64,14
4,-4,10,22,-46,69,60,104,-48
80,58,24,-106,-43,14,46,-44,32
34,-4,-110,109,-44,31,-32,44,94
96,46,-28,-14,-11,98,92,104,-46
70,-34,-62,-42,0,92,76,108,-96
84,-128,-36,88,120,26,-4,-116,52
122,-102,66,80,-126,26,36,64,-8
116,-30,66,47,70,-55,62,92,-34
98,42,114,44,80,-55,82,-16,-78
-20,100,-2,59,19,-27,10,122,32
56,-32,-50,43,-38,-28,44,-82,-10
-24,114,-84,81,-65,-38,68,-50,-104
40,10,110,90,-122,-40,12,110,80
-116,-84,-2,32,44,97,-70,44,106
66,102,-60,18,16,88,104,4,28
-8,-26,-86,-69,-50,-16,112,-126,90
8,8,-78,-78,-43,-23,78,102,-106
-84,-98,-112,14,48,-26,86,22,46
-118,62,122,-7,31,-25,70,120,-126
-52,96,-30,52,123,125,-38,94,-16
-104,98,-86,43,95,-122,-62,80,0
-40,60,122,117,-44,-104,86,-118,-54
38,-18,66,74,-44,-74,-6,106,74
88,-104,-58,102,-54,57,-126,92,28
70,-46,-20,80,-16,53,-54,18,82
-94,-120,-26,115,73,74,94,88,-76
16,74,-124,97,104,65,22,-56,116
72,-22,14,-39,-78,-35,-26,58,-100
-32,-4,50,-36,-54,-49,-74,126,114
-38,118,-18,36,88,-97,-94,-46,80
-104,-58,-20,33,92,-89,104,68,98
-30,-26,-102,70,73,1,96,52,118
-98,-112,-114,92,57,20,74,70,-78
118,96,88,-77,124,-87,-28,92,-96
118,-44,126,-51,112,-73,-32,98,20
50,-68,2,79,-19,-127,10,-82,90
-76,-50,48,105,4,98,-2,-18,120
30,-108,72,24,-85,1,66,38,10
16,-40,10,8,-74,-25,-52,-46,-116
52,-84,40,77,-100,-29,50,114,2
-128,-94,-48,59,-100,-57,-84,-6,-62
-40,94,58,11,94,21,-68,26,-12
62,-90,-94,-30,115,34,-94,10,-48
-48,-108,72,63,-76,-68,102,-96,-90
6,16,-36,19,-97,-31,-116,92,8
-108,26,-126,42,-59,-18,-104,22,-12
88,122,120,82,-61,4,-56,-128,-92
62,120,112,-126,-62,-110,-72,108,116
2,-54,-38,68,-55,-126,-80,-72,6
112,-94,-10,14,5,-30,-20,30,122
-44,-32,-26,-20,16,-22,36,54,126
74,-76,-74,126,54,117,-92,-112,82
30,0,22,98,12,-128,-110,-50,102
60,86,82,-12,47,21,-4,-60,-26
102,-8,-122,-52,20,23,24,-42,-54
-36,108,-70,-37,-80,-66,-26,-62,-94
110,36,112,-83,-59,-58,32,-14,76
-42,-8,-44,-43,-102,107,4,36,-26
-50,-52,-66,-90,-101,123,2,64,-66
72,122,-92,-107,62,4,36,-96,74
42,108,-54,107,56,20,48,124,-8
-76,26,70,-21,-98,-80,-42,58,-66
104,8,26,-51,-83,-56,30,72,-58
-100,-6,98,-63,24,102,48,-6,-38
-124,80,-100,-69,82,112,26,-60,36
108,44,-100,2,64,-22,-50,-14,2
-10,-122,78,59,76,-10,-22,-56,-30
38,90,4,84,-30,40,6,-58,-92
22,-86,-122,-92,39,45,-116,-96,84
122,78,16,49,-42,106,72,-32,-102
-114,-96,80,74,-35,102,-80,-106,100
48,84,62,-36,-84,2,94,-100,-72
-16,106,30,-46,115,13,54,-84,88
-122,84,16,-7,-37,-28,106,58,-40
66,-50,-72,-52,86,-14,44,72,-50
-38,86,90,-66,92,-40,-88,-86,-24
96,42,122,61,103,-36,-50,-124,34
-104,32,-86,26,-113,98,72,-90,2
48,124,106,-121,-105,121,62,50,-52
40,-88,-126,127,106,-109,-60,-36,112
-78,10,46,22,-91,-113,84,-50,-50
0,110,118,-29,-119,-113,20,-30,98
-108,-128,-78,-68,84,-113,40,-96,-86
-120,54,-94,110,-44,-44,54,-128,62
-30,-98,-88,98,-73,-36,114,58,56
8,28,-120,-35,-125,-118,66,68,-108
4,-86,114,-6,-111,-104,116,78,108
-98,114,118,74,68,-30,-66,8,102
-48,116,116,92,68,-28,-80,116,-8
-28,48,-104,38,13,-51,18,-112,118
60,-124,82,17,-11,-47,16,-112,-78
4,76,-112,19,115,78,88,28,52
-10,18,-126,-11,69,106,-74,46,68
-46,122,56,70,25,-109,4,6,-82
-74,82,-70,49,-9,-77,48,-96,90
44,-12,-116,-105,-91,-73,16,30,-22
-76,-2,-82,97,-125,-57,112,-26,-40
-24,68,76,7,-50,-94,-64,122,-6
98,110,-94,-72,-18,-71,-32,102,-24
-4,-32,-122,20,-56,-63,64,28,34
54,-18,102,-52,-69,-40,88,32,-128
82,76,104,-38,-67,99,-94,6,-92
92,16,70,-30,-37,87,-92,66,-38
-50,-110,-40,-19,-103,-127,20,56,-96
116,56,-68,16,-98,98,40,-8,34
104,-24,-114,12,-66,-115,8,-70,62
-118,70,90,39,-35,107,18,-26,62
-112,-30,-18,-83,92,20,42,20,-118
-18,124,6,33,91,23,68,54,34
14,4,16,88,34,-60,88,58,40
-56,-96,44,101,113,-76,64,60,34
94,-34,-106,-59,-98,-70,-42,-58,100
-38,104,-100,-50,-101,-78,-20,-102,60
102,12,54,-70,-112,-84,-44,-44,56
-118,-36,32,-103,118,-118,-30,-68,-126
-54,-12,-28,113,-124,58,16,-36,-18
116,-54,-72,62,-111,61,2,-30,-72
114,-106,-66,-47,-62,-47,-50,118,36
64,110,126,-86,-92,-54,-12,104,-50
-128,84,118,-90,-91,-87,-112,66,-94
112,62,-38,76,-113,-77,-122,112,-6
-74,-90,76,-15,-62,8,74,-82,48
98,-66,70,-89,-59,19,-124,-66,66
-68,-114,-18,-76,98,-37,-8,-82,-44
68,-38,6,-124,95,-10,-26,-110,-10
-54,-60,56,-16,-56,-42,92,-24,-78
-60,-48,-66,-36,-73,-36,94,-72,-128
0,0,80,-65,-126,-92,-4,-104,66
14,-102,-62,-88,-103,-82,54,-82,84
58,-66,124,47,-70,-77,-100,124,-100
88,-42,66,27,-119,-50,56,116,44
82,8,120,92,49,14,48,-22,26
100,-46,58,-10,-28,18,20,100,10
-114,-116,-106,111,81,125,52,-36,26
48,-42,104,28,-127,56,86,-30,-28
-76,122,-30,-57,-43,84,-88,126,112
26,-12,42,22,55,88,-72,48,-100
12,-50,-6,-45,127,-6,124,-100,-18
-42,-106,126,-70,-96,-24,100,4,-106
52,-48,-30,-93,45,78,100,122,0
72,-14,110,-21,26,95,-120,78,10
-24,14,-76,-20,41,29,46,-6,-34
-114,-82,-70,64,47,35,-118,54,88
88,-96,102,106,-8,124,28,98,42
112,34,82,-109,19,126,76,122,94
126,-60,50,-67,84,19,82,-98,24
86,112,60,-73,123,25,-80,6,-88
-14,-26,-40,55,-105,15,10,-26,-36
2,-26,-44,34,-63,28,96,-42,-128
40,-118,120,21,12,-58,-118,110,114
48,114,82,9,28,-38,84,-96,-64
124,-10,44,-21,76,4,-92,4,50
22,4,-18,11,64,35,-80,44,116
102,26,-28,53,92,17,58,62,48
-114,44,54,110,-125,25,70,-114,54
-126,120,76,-118,64,25,84,-6,-40
28,-14,48,-73,110,9,92,64,-58
78,-50,92,88,124,-43,62,-124,106
98,-50,8,126,-105,-81,24,106,96
-50,60,98,81,73,88,70,44,-86
-68,28,-4,102,78,58,52,76,-86
94,42,64,-111,67,29,34,38,-90
44,-16,92,-113,39,12,26,40,120
34,94,-60,88,51,-90,-72,78,8
70,52,4,74,10,-106,-26,40,-54
-106,-8,44,-99,22,17,-12,28,-100
76,-68,72,123,8,4,-40,14,-88
98,-118,110,-36,-15,-61,56,28,6
108,58,2,-73,-27,-55,126,10,16
38,18,108,49,9,-51,-102,-128,38
86,46,114,39,1,-50,-38,-126,30
-22,-98,-110,4,-45,43,2,-94,-36
-116,-128,2,5,-39,50,-2,-102,-48
110,-100,-44,-108,-14,118,108,-46,108
-34,10,-66,-91,30,112,72,32,-116
106,-114,-114,73,83,69,22,-118,20
-60,-68,-116,123,-117,64,-32,-28,42
72,-28,-34,20,118,60,44,34,20
114,-18,-78,80,-76,61,-98,-100,76
-8,-60,-106,88,-88,-72,-30,-8,-124
-98,120,-80,87,-92,105,-72,84,-62
16,-98,82,85,-96,25,-70,-24,-8
48,112,58,-11,-91,33,22,92,-90
-30,16,24,-85,66,-28,-102,42,-32
32,-92,70,-32,-4,-37,-86,70,-8
-64,62,-86,4,-99,-90,-28,112,-36
88,-114,-80,-27,-111,-98,-10,-6,-96
36,-48,-118,9,122,-117,126,-110,-80
-122,28,94,-11,-67,107,26,106,-118
88,56,-124,-88,69,-63,-90,-92,-64
114,48,-52,-112,43,-55,-36,-48,-70
80,-84,60,82,-16,-45,4,-110,-16
86,24,-58,70,-48,-11,118,66,-38
86,-48,-128,76,106,-74,-80,-82,104
-30,-68,44,85,62,-32,54,120,-34
-36,-38,-30,50,-77,-113,78,122,-120
-48,-66,72,70,-63,-75,44,-54,-66
-68,-72,56,30,11,86,-102,-74,38
22,-78,-100,58,-1,91,-50,-124,-12
96,48,4,120,9,118,-116,-32,52
-102,-110,-30,-99,26,106,-62,-80,126
102,32,124,-38,99,81,118,-84,28
90,50,-56,-31,-88,-9,90,-100,-24
-122,126,-72,21,-40,-50,-88,60,96
32,-58,112,39,-42,-61,-94,-48,52
100,20,-20,-79,-11,-72,78,-24,122
-110,90,-104,-69,29,-101,-24,-60,22
8,88,76,73,-2,-122,66,64,-122
-20,-74,-72,97,19,104,56,-102,-70
-10,-114,-98,-125,8,-12,-100,-128,92
44,-72,126,-88,14,-17,-84,-110,112
80,-112,120,82,113,-75,-36,24,-16
-30,118,-126,116,108,-69,84,116,100
-32,-76,-116,108,-107,-104,68,-2,-62
106,32,76,-112,-101,-118,-70,12,120
70,-10,-80,29,55,38,34,38,18
-58,16,22,99,79,9,-40,48,70
70,56,110,66,-10,74,70,-68,-6
108,98,46,-104,8,57,48,42,70
-54,110,42,71,-83,-46,32,84,-64
30,116,48,-122,-78,-53,108,18,80
-66,-8,62,-113,-114,16,10,-6,80
-78,20,-8,-36,-95,-14,-8,-78,38
18,112,-126,-35,-2,126,66,-120,-18
100,96,-94,92,18,96,-74,22,12
120,-6,60,-54,-99,127,-12,-36,30
-76,-60,20,1,-41,76,30,-78,-68
-82,-68,78,15,63,-122,-12,116,72
8,-68,-14,47,-75,99,-122,56,112
-70,30,38,67,28,86,54,68,-48
62,28,18,55,94,82,92,-124,12
108,-90,-74,-106,-90,-28,-114,-48,110
34,-6,32,52,106,-3,-26,24,-50
54,22,88,-90,61,75,-120,116,114
-54,-120,32,16,-33,-126,-64,94,88
-110,110,-116,-59,-103,-122,20,46,-120
-22,-54,-124,-90,68,-83,46,28,118
-108,34,44,-57,-63,25,62,58,42
66,-80,92,-79,-10,40,-76,-20,56
46,44,-62,-85,124,-52,-18,-32,-8
-20,-94,-68,-33,-10,-28,54,-74,52
68,10,84,-87,-123,-48,4,30,-82
6,12,30,107,-20,-113,-74,64,-42
-28,96,88,-16,122,-99,-58,66,84
46,-106,-8,-102,-27,-103,-106,96,20
18,-20,-46,-119,37,21,-54,16,-18
-66,-50,20,-91,-29,-5,74,88,-8
-18,-20,-64,-100,-110,-97,22,44,108
56,-120,16,-46,109,-110,-76,70,-70
100,-78,-54,-97,3,-121,-104,104,16
-58,64,-32,-60,118,98,-62,0,88
-66,-124,-14,-63,-39,108,14,-10,-26
104,-10,98,-92,122,93,40,-8,-12
-68,62,62,49,6,-58,110,8,12
124,14,-14,18,-94,-95,4,-16,-66
-34,-72,-58,-56,-72,48,0,-1,-1
-18,-28,82,-117,121,69,0,-1,-1
80,16,-88,-50,-34,-67,46,-6,-54
98,-86,34,-27,0,-49,-80,-26,10
98,68,38,20,-107,45,28,122,-120
42,110,38,34,-82,24,14,-128,-12
-98,-22,52,-90,72,-95,-38,62,124
38,-110,-76,-40,116,-89,-68,116,22
-38,98,-72,98,22,101,-100,-48,98
-8,-16,50,79,73,113,98,-66,-128
86,-78,112,87,7,-46,-54,30,-70
-84,-60,-86,118,26,-38,-98,-120,10
40,-70,86,112,104,-121,-82,-24,14
98,44,-64,-71,82,121,-126,56,92
-108,-30,46,2,106,-76,32,92,76
-62,-12,-70,81,86,-54,48,-40,98
-62,34,118,80,-84,103,76,90,52
68,-62,80,91,-99,107,36,52,82
110,-46,-106,-56,100,12,-98,-10,-10
74,-92,108,-83,98,4,-42,-90,106
-40,100,-112,-125,-108,43,104,-118,-40
108,102,-24,-92,-93,57,70,-104,94
-72,-32,68,-128,51,119,-16,-106,-88
-82,72,-54,-86,56,116,12,26,26
78,-46,-44,108,-14,84,0,-124,126
22,-20,-36,-115,11,76,-48,72,-128
124,-88,86,67,23,-10,36,42,-20
-38,-126,-56,53,38,-49,106,-98,-2
-62,82,-124,-65,3,47,70,-58,90
-104,74,-50,-66,16,31,-36,-112,86
106,6,-12,-79,80,-17,-116,26,116
-124,42,-42,-18,90,1,-108,-54,-34
-62,58,124,-34,-60,-94,18,82,28
-38,36,-126,-15,-107,-93,26,-26,110
18,78,-128,78,9,-28,-82,98,52
124,6,116,60,-34,-35,-108,80,78
50,122,-128,-47,19,-61,-4,54,-52
-84,-126,-72,-51,16,-82,104,108,58
-88,120,22,52,0,77,22,-128,30
80,-72,-100,67,19,63,-14,-82,-38
102,34,-8,40,35,-94,66,40,-126
-36,-82,-112,59,35,-103,-6,-30,-96
-60,76,16,92,-67,66,-72,42,16
-14,102,-32,105,-117,75,-48,-106,-66
48,24,-6,122,-62,34,-50,82,-20
0,0,-80,82,-112,21,-4,92,28
108,106,112,-70,26,-50,-46,76,-104
56,118,112,-113,-26,-61,102,-46,62
126,114,14,-42,-39,-3,-16,64,-64
-12,10,38,-34,120,11,66,-70,114
-18,-118,80,-13,53,114,102,-68,-108
36,0,-96,-49,9,-122,64,54,110
118,-104,92,88,49,-67,-84,-86,10
-28,72,-106,39,40,-65,94,58,-128
-66,-102,-118,33,119,-54,-60,-2,80
34,-90,-116,-19,120,-49,-58,118,-72
4,8,46,-28,-46,79,-58,68,-120
62,-14,-20,-69,-75,105,112,-120,-70
100,-82,90,-60,-12,-127,-20,96,-98
-92,-76,-72,-122,-54,-108,-76,20,-28
-34,-96,114,107,77,-91,36,-28,-30
10,-112,-92,49,98,-55,4,76,-48
-28,-92,4,112,29,86,-20,-18,-4
18,126,-94,21,18,127,92,-118,-104
-6,4,46,-79,-95,-8,44,-80,108
-14,-128,74,116,-68,29,122,-40,-44
-30,-8,6,127,-77,-50,110,-12,56
-54,-12,116,111,-74,-6,12,-82,84
0,98,-4,39,-63,-42,24,-98,-84
0,98,-54,0,-35,-6,-44,-80,-104
0,102,68,103,37,69,40,116,-26
-124,44,-60,110,71,55,-20,-14,-66
-48,100,40,-100,-35,47,-48,-16,-42
18,-18,-14,-66,13,-18,-20,58,96
10,-34,86,-92,45,-67,68,-44,90
-16,-54,-66,-94,-8,106,-90,-90,120
58,90,8,31,77,22,-10,-12,-122
-8,126,86,-2,36,-49,-18,-12,22
-12,-56,-122,-126,117,82,-126,116,-32
-50,36,-100,102,87,102,54,-60,-20
-76,126,-82,4,-38,11,-44,-124,-60
108,-52,-106,-19,-30,41,-46,6,10
124,-4,-78,-33,-49,78,-82,-16,86
-94,122,76,-54,-15,113,-100,22,-72
50,84,-34,51,48,-86,86,-38,-54
-86,-20,114,-8,107,-56,-42,76,30
14,-6,-118,98,-115,-4,88,110,-64
-50,-10,-70,45,-26,17,126,-116,26
94,-2,34,-43,78,69,10,-112,84
-108,-122,-94,-60,112,97,8,16,12
-40,44,-82,25,-5,75,18,-114,6
112,-124,96,-4,15,87,58,-10,-68
-14,6,94,-33,1,-4,78,-16,-50
-18,-88,4,-77,3,-10,52,-24,-22
-6,-98,82,-25,36,70,-26,-112,-118
40,14,76,-66,76,93,-62,76,-126
26,-40,18,106,-120,76,0,6,-104
-12,-32,-96,89,-123,66,16,-44,112
68,-90,-86,-20,-24,32,-106,108,108
64,-78,10,-34,-35,31,-98,72,22
4,-96,70,-104,-33,118,-66,70,86
-44,112,92,-73,13,-128,2,52,104
36,-10,-116,-56,118,41,-52,42,-108
-96,68,100,-57,119,58,-22,-12,-114
94,56,12,30,-86,-16,16,-2,54
-96,-126,38,-18,-80,3,20,-72,78
-16,-40,124,119,-24,-79,-40,10,-14
-46,-10,90,84,-14,-67,-24,-66,-32
20,104,76,49,63,-29,-6,-76,16
80,114,38,28,64,-37,8,94,-68
-84,-82,-4,-80,46,81,-68,100,68
124,-94,-14,-70,41,65,-58,98,-94
-44,-106,-92,7,44,-112,68,-124,-98
16,-110,-104,28,18,116,-112,-118,116
-56,32,106,-97,79,84,34,42,-54
-98,120,-84,-41,58,66,48,-22,-96
36,-106,56,13,-115,118,-98,84,58
24,-112,-124,75,-99,109,120,114,-24
24,-52,72,30,119,71,0,-68,-18
-32,-42,126,49,-101,71,32,-24,38
-8,-50,-128,-95,-60,-73,-118,10,-100
108,-120,112,-98,-54,-58,-104,26,-42
-34,-32,-46,25,11,41,24,8,-122
-14,-46,88,-7,-27,41,92,88,10
8,122,-88,-89,18,98,-104,-38,86
114,98,-56,82,-2,100,-70,-26,-120
40,26,-64,83,-48,97,116,-42,-98
-28,-2,-26,43,-9,92,-108,-68,120
-86,-82,-112,-31,-29,108,96,34,-44
-38,-52,-28,-56,-57,122,-4,4,94
120,18,-88,-17,-106,-97,-78,-128,104
102,-70,-8,-62,114,-65,-80,-114,0
4,-110,-2,25,114,68,-70,-2,12
2,80,-50,6,87,109,30,-72,98
86,120,-74,-119,121,-69,90,-118,92
76,16,-34,92,81,-48,18,-122,106
124,-14,-14,127,-94,-58,-34,-116,-96
32,-44,-12,110,-118,-46,-54,14,-24
20,-114,54,0,89,-61,-126,50,120
52,-2,-22,18,101,-38,-102,92,32
110,42,46,-1,-97,-48,114,10,126
82,-86,2,10,-57,-27,-126,56,-64
-16,-70,-40,44,-84,114,-66,6,2
106,122,54,13,-68,-126,-32,18,-24
-118,-30,-90,21,-58,-61,-94,6,102
82,26,-34,-33,-81,-43,-52,-10,88
106,68,92,-49,-42,66,-108,-68,-126
38,4,122,-96,-46,72,28,-18,-92
-118,46,-40,-75,-37,-10,-14,-62,-66
116,30,-106,124,-62,-1,40,-64,-92
-88,34,-90,100,-111,-20,6,14,-60
100,4,-86,57,125,5,68,-90,98
22,122,88,-49,-25,15,-82,-12,-86
84,4,-90,-72,-24,31,122,-30,-76
-24,-46,-112,-62,105,-118,38,-22,28
-74,36,-54,-41,114,-120,38,-30,6
44,-108,28,21,116,-10,-112,-2,78
-42,30,74,48,-78,-34,-94,4,102
18,86,-66,-69,94,13,122,40,122
66,-128,-12,16,-71,15,48,70,-128
66,10,84,-33,-56,-39,92,92,112
-86,52,-80,25,-18,-51,110,-52,24
-94,70,-8,32,-105,60,88,88,60
28,96,16,65,-78,40,116,98,14
58,-6,8,84,31,48,12,-26,90
-106,28,-54,82,56,6,36,6,-114
-68,-28,76,-128,-29,-77,86,36,-52
118,-106,48,115,-51,-68,122,16,-12
-120,-104,74,-66,-20,-113,44,66,-112
-2,-106,32,-98,-93,-89,56,-58,66
30,66,-82,86,68,-98,-70,-68,90
-38,124,-128,16,26,-59,-112,-58,-28
-80,-90,60,-21,92,-40,-82,38,-10
-90,-116,26,-79,-108,0,-70,86,6
116,72,-86,-54,122,-75,126,-32,122
8,-38,110,-93,-91,-68,-110,-24,118
-124,76,80,127,33,109,110,112,80
-14,-8,42,25,48,-125,92,-92,38
-128,10,-92,-86,-74,9,94,100,-88
96,28,38,-76,114,21,-18,20,54
88,-38,50,-15,58,-90,-46,48,-100
62,18,0,68,109,-101,-66,-14,14
-68,16,96,38,-55,108,62,-94,-42
64,22,-40,-89,66,62,104,-80,-14
54,46,20,-23,37,-57,120,-34,28
26,82,58,-6,31,-94,-110,-114,118
-104,-122,62,37,57,-88,-10,104,-42
114,70,90,68,26,-94,-14,-10,-26
38,16,48,-16,-101,90,-42,-98,-104
-86,90,40,15,-104,86,-90,-80,12
-24,-62,8,-32,-44,76,-104,80,66
34,-90,0,-38,-54,68,-110,-114,90
-26,-98,-36,-34,-88,1,24,-100,40
82,-128,50,-27,-85,-9,102,-70,72
36,16,40,-13,70,-110,-40,102,-108
32,12,86,-4,87,-125,-12,96,-116
-36,-100,-122,-72,84,115,-114,-22,66
-14,-32,-34,-61,109,110,-122,-96,92
118,30,-10,75,108,-112,14,114,-114
-80,-56,-84,72,125,-109,-28,80,-128
-48,-70,-18,-120,-16,-60,-22,-86,30
-122,-122,40,114,-20,-52,44,64,56
-38,102,92,16,21,-107,-104,-50,102
-92,-128,44,10,36,-110,54,36,72
22,-96,-88,-73,-12,120,-56,110,-78
-90,-54,-122,-73,-6,119,-6,-74,-78
-10,36,82,5,-124,53,126,4,56
116,-20,50,18,-92,41,102,78,72
10,-76,-80,-100,-128,3,44,-38,18
-90,104,-124,-64,-118,-6,72,112,-32
2,-10,-30,62,35,-71,-126,40,94
-48,38,122,97,13,-75,110,-30,-30
-60,72,50,-40,-58,54,62,-16,116
80,72,24,-14,-55,40,52,-64,40
14,-20,36,122,-45,-112,-94,72,-16
42,-26,50,119,-65,126,-94,54,-6
94,62,40,97,94,109,-72,-70,-120
36,-56,-54,85,66,114,-74,-124,-52
20,96,-86,118,126,-102,74,-98,42
-96,-96,74,-125,94,-97,92,-6,64
24,-10,-122,-33,-42,-72,-24,-10,86
46,110,54,-20,-22,-88,-4,-84,82
10,88,-98,-74,-78,64,-4,78,98
96,-78,-26,-70,-109,46,30,122,86
-118,-42,120,-106,46,61,-108,12,46
-52,110,-34,-88,36,34,-88,60,58
-122,0,-102,-72,-123,-40,66,-34,-90
126,-106,-60,-60,-117,-70,98,-34,-88
-38,-24,44,-23,114,62,24,108,58
-16,68,38,9,125,40,36,-108,-30
-34,-12,8,94,107,-76,0,-2,-16
-44,12,-32,119,-108,-76,2,-62,-84
36,36,-30,-20,6,14,-100,-100,-48
66,32,-78,24,-76,27,-2,-80,-56
-4,6,-32,-62,-24,-25,-94,-74,72
-26,48,110,-66,94,-25,-16,-92,90
74,-86,72,-117,-10,32,-32,68,126
52,-40,-128,37,-49,-25,-70,-22,-120
-80,-30,-98,-113,64,123,82,68,-112
6,-52,58,47,38,-97,-106,118,110
80,-124,-126,-123,108,-41,120,-26,70
104,-60,-88,-67,58,13,-94,-102,-22
60,116,54,-10,12,12,72,46,-68
-78,102,-100,75,48,21,86,-96,120
20,18,92,65,48,82,-98,-94,-22
-92,6,-48,20,46,73,-54,-84,118
16,-106,-68,-5,114,86,74,38,-74
26,-76,-108,-11,82,80,82,-70,126
114,4,-100,95,16,95,122,40,-122
-74,-90,-94,-118,74,92,-102,-58,-88
-80,74,0,-70,-73,49,10,-106,48
-100,12,102,-55,-21,46,-110,-90,22
-76,112,-8,-77,4,-75,28,-82,-68
-106,116,-32,-68,33,-89,34,-38,-104
90,80,86,126,26,-110,76,-52,-58
-4,-94,82,-105,42,-127,-102,-52,14
-2,-20,-68,18,80,-27,50,-16,-14
70,-126,-20,34,15,-79,80,-102,-100
-86,-68,-32,126,-7,90,0,-86,-106
76,-44,34,-93,-18,84,0,32,88
-26,-22,-6,76,-32,-6,-50,106,10
-52,-14,-60,119,-38,-18,20,-46,-26
112,-16,-30,-41,-118,-50,-14,30,-98
-98,-38,-112,-4,126,-49,-40,8,-50
54,-64,28,48,-23,-60,-102,-72,62
-64,-94,82,48,2,-54,-114,-110,54
-22,-84,-18,34,125,113,98,-104,-12
108,34,108,12,-120,90,-100,-72,-18
48,-128,104,-79,-118,42,-100,100,-102
-120,-52,32,-55,-89,31,-84,-116,-76
-124,4,48,85,76,125,76,-44,-114
94,-34,-6,-119,117,98,-122,88,-18
-126,98,-118,106,-105,93,16,-122,110
48,-110,18,-40,-50,81,36,-110,-44
20,14,-124,48,-93,12,66,-66,4
-2,36,-96,101,-9,-24,100,-108,-90
-96,74,-2,78,-5,-34,-34,120,-118
114,70,-126,116,-16,-51,88,-104,-58
56,90,104,-10,52,73,78,30,-120
60,-118,-68,16,78,55,34,-30,-84
78,-68,96,56,-59,-56,116,108,-110
102,-6,-78,25,-66,-59,-112,118,-112
40,-124,-78,-15,44,-115,82,-12,50
58,-96,118,-41,-11,-86,96,-94,68
-2,78,10,38,-14,33,0,-1,-1
-24,6,30,113,-121,66,0,-1,-1
-46,44,8,-61,-77,-125,-72,-52,-60
-100,34,-56,-17,-77,-127,54,-76,-110
-54,-122,34,-76,118,-64,-22,52,88
70,118,-2,119,-118,-122,82,-18,80
100,4,68,-127,-112,92,-124,44,8
4,-88,32,-14,-23,92,-106,-106,-92
118,60,72,-58,30,-47,-72,-6,-10
-108,-88,32,-27,103,-62,52,-34,60
-20,-50,-84,121,-3,-95,-122,-114,-68
-28,110,0,-92,-36,127,-122,-66,68
6,-122,126,-126,-81,-72,74,-92,-44
22,-42,76,-67,-111,-72,-8,-20,-122
-22,-118,-12,-22,-70,78,38,-76,60
-54,-126,-108,50,127,89,-4,-94,12
-22,104,82,0,-34,-74,94,-110,44
100,18,-124,10,-35,-47,42,-66,-96
120,56,-42,-86,30,-47,-98,60,-100
-52,70,-24,-112,46,-15,8,-28,-90
-86,-124,58,71,82,97,-2,-74,-18
-56,56,-92,64,84,113,-6,68,-12
84,-128,-46,-26,-104,47,-118,-2,-120
-56,60,-46,-11,109,57,86,40,-116
72,-66,-50,-111,-38,-112,-36,-58,24
-10,-72,88,-96,-83,-117,-104,-104,46
86,-48,4,-55,108,41,-86,62,-70
-76,-84,-124,-72,46,22,38,-62,-16
-74,66,-20,13,11,-71,96,10,-98
-88,-8,126,-24,112,-122,66,120,-128
-106,16,4,-8,67,25,126,-6,14
-68,-2,-66,-24,45,-8,104,102,-76
-38,18,-54,36,-51,15,90,102,102
118,48,84,39,-32,22,118,106,106
-22,-36,0,36,-1,-108,40,40,62
-96,28,-66,34,-2,-91,22,98,-30
106,-118,-94,-96,-123,-74,44,118,106
68,108,28,101,120,-62,54,-126,-76
78,-20,-34,-125,-74,122,62,110,-42
-66,-30,-64,68,-28,-112,-18,-26,-18
76,118,48,-32,-64,124,108,104,-8
-44,14,-6,-85,-31,-116,-116,-120,22
10,-48,-126,79,54,-77,106,112,68
114,-88,72,48,66,-50,40,116,48
-6,6,4,92,1,-59,-26,-36,-66
14,54,-58,39,-18,-43,-126,-4,62
-94,20,30,-55,124,56,-72,84,114
84,-72,-6,-100,36,80,-116,50,-96
114,102,-6,54,44,49,-70,4,-106
88,28,-56,28,-7,49,-94,-124,-112
-70,-30,-128,39,36,28,-56,0,94
100,-94,-24,21,79,12,-60,-40,-50
-98,2,-54,88,33,-47,90,4,60
-96,-78,88,76,5,-46,78,-80,104
-32,74,-86,-127,-117,24,30,-62,58
22,-118,82,-93,120,14,-100,-8,-22
88,100,-106,48,-36,-2,-34,-46,-16
92,-120,38,125,0,-1,-128,102,72
-14,-14,26,124,-21,-101,124,-86,-20
-66,-10,-126,-89,21,-114,10,-18,64
72,70,-100,-108,34,124,-74,124,-110
-42,58,4,-114,69,96,108,-96,-54
-32,100,-8,61,-22,-91,50,-102,-124
-68,-114,74,23,-55,-89,38,-90,-4
-20,-120,76,-3,-54,-104,-38,-20,-64
4,-30,126,-31,-64,-103,-98,-8,-38
102,-106,30,53,-22,-50,24,126,74
34,-56,-44,53,16,-59,112,-50,-40
-58,68,-106,-80,-29,-4,2,-116,-80
-8,-108,-32,-106,26,-7,44,60,-104
-34,-70,118,-23,-95,114,72,88,-36
-122,50,38,-30,-76,89,52,-12,74
110,-26,-92,43,32,-44,64,46,-120
20,26,104,69,26,-56,78,-128,-98
20,-68,10,17,116,76,-20,114,118
-54,-88,-30,22,89,53,26,70,58
2,124,2,49,59,-77,100,-18,-72
0,-36,-38,47,29,-91,-38,112,-74
-90,32,114,11,99,26,58,124,92
44,-60,106,-19,93,31,78,-66,54
-102,22,-12,-50,-64,47,52,-38,94
-100,-48,74,-72,-39,42,92,16,64
-4,-32,30,90,31,-59,-56,118,40
-58,-80,42,65,51,-48,-44,-122,16
-38,-126,-52,-10,-6,-113,-14,8,66
108,-62,-34,-38,-6,-95,-64,-12,24
-8,74,48,-83,32,-40,-86,22,66
42,106,42,-121,12,-45,-122,-114,64
-30,-98,64,-27,-91,-111,120,74,-114
-2,74,0,-33,-106,-121,-112,38,80
52,-116,-70,-60,-18,32,-122,38,98
-98,4,-30,-92,-34,32,52,34,80
120,126,-60,-43,102,43,118,52,-28
118,116,-96,-19,95,56,-96,8,-52
-22,90,-62,-78,-3,-24,108,4,-14
28,-64,-54,-37,4,-17,106,-66,-82
88,-116,110,-78,48,47,-34,-106,-70
118,78,92,-126,22,88,-24,72,-60
34,-42,4,-40,109,-67,-60,-78,44
-22,20,-54,-120,46,-50,-4,50,-62
-94,-110,-30,-70,-96,-53,28,8,2
88,118,36,-97,121,-46,-6,-128,102
-84,-84,-20,1,96,-6,-60,-94,-120
-116,62,-112,39,118,-52,-34,-38,-48
-44,118,42,15,114,18,-2,86,70
68,-98,6,20,-97,-30,6,2,-122
-82,-68,56,-76,-109,7,-70,34,34
122,-110,92,-64,-68,7,-72,-84,102
16,60,36,-125,42,-120,-4,74,-22
34,38,66,-126,56,-95,-80,-126,24
-44,96,124,-62,110,57,-22,-66,96
-38,-98,-22,-95,124,91,-16,-64,60
-128,-90,-42,-82,-111,33,-70,-54,62
108,70,24,-124,-95,65,-72,50,-22
86,30,-8,36,-4,-95,80,-110,-112
-66,78,60,-35,19,-66,96,-106,-56
56,36,-6,94,54,-120,124,38,-114
80,38,-80,39,88,-106,-102,42,-108
-76,-78,122,-70,-59,70,-6,-4,116
30,-78,84,-126,-42,84,-120,76,42
2,120,-40,-93,-117,95,10,-114,-54
-14,94,62,124,-100,116,16,-104,-18
-98,-96,-46,-18,116,-121,8,-68,-24
96,-42,-66,-47,99,-96,24,-2,-46
-36,-28,-78,-16,75,-56,-34,88,32
16,-90,124,-32,45,-30,-68,-120,8
-40,12,-6,36,-58,-104,96,-2,14
-104,-12,-66,29,-67,-101,110,-66,-2
-40,32,122,-101,-60,13,88,28,-120
-100,-6,94,-110,-61,23,72,14,114
18,22,-30,15,-63,121,-92,6,-34
-34,-108,-82,1,-66,-127,-90,-74,0
-60,98,-24,47,-109,-19,-94,-52,-118
106,84,-28,40,-110,0,-106,-38,-16
-40,94,-58,-77,-23,-83,6,68,-122
-30,54,-40,-83,-30,-65,14,84,-112
40,-58,-116,47,70,-98,2,-88,10
-76,126,-38,29,58,-79,16,-64,22
-26,112,-128,-18,102,109,-36,78,10
-6,-122,60,-46,114,-123,6,94,-10
6,-64,58,125,-108,-6,-4,116,-102
34,-14,112,91,-103,-8,8,112,102
98,-96,74,-15,44,35,22,-116,42
86,-124,94,-45,32,38,0,-108,-56
-124,-2,-44,89,-70,8,86,-40,-100
-16,18,-70,58,-102,1,98,-76,-58
4,34,90,8,76,-64,-28,10,-68
90,36,82,-7,63,-72,-48,60,-28
-84,-66,94,-9,-39,71,72,-108,-38
-46,-94,-106,-33,-26,65,42,102,18
-4,-78,-58,-43,107,-22,44,-112,-124
14,-106,0,-59,98,-22,40,-120,92
-58,-14,76,94,-64,-77,6,54,-64
124,-70,74,97,-43,-73,34,88,-62
72,114,-80,-85,-8,56,-108,-12,-116
114,102,108,-67,-1,39,-128,-36,-104
98,-82,-46,30,1,70,46,-88,-44
-10,-80,-34,76,24,51,10,-118,-104
102,-4,22,-1,101,21,64,-68,-122
-104,0,-102,72,-99,3,28,-54,82
-54,-58,-102,-40,-76,-3,-128,56,-24
-56,-86,-92,-18,-117,-33,44,92,-28
-32,-20,42,-5,83,67,-34,4,-72
-118,-30,-24,77,83,15,-46,-6,-72
118,-64,80,-8,-7,-6,16,-100,-2
-76,16,-28,58,18,-27,-124,96,-26
124,60,84,44,-89,-53,12,-64,6
94,18,-122,49,-119,-52,2,-64,6
6,96,-104,-48,-27,-38,-86,-88,28
-86,-128,-126,-42,-88,-36,-108,-116,64
38,102,-58,26,13,80,18,-112,-36
76,-106,-76,-15,-38,90,-34,-118,-26
-18,-50,50,-112,86,-5,122,-32,42
-72,-34,62,86,96,14,68,-14,-26
-58,-42,-104,74,114,-65,32,6,72
0,0,26,15,110,-46,24,22,60
-102,94,-58,-86,106,-14,-24,-40,-108
80,116,-26,127,100,8,20,-2,-22
-108,-22,-28,-81,114,81,-104,-34,56
-56,-22,-76,-122,92,-127,-22,-6,-20
108,106,-40,87,-73,88,-48,-32,38
-48,80,-40,83,-40,105,-38,-80,112
0,42,-54,-81,-23,-81,-80,120,120
-50,32,-50,-72,-16,-68,-74,110,104
-96,-128,122,-57,-83,-4,-36,-62,-98
-38,-80,-98,-56,-90,2,-60,126,-122
24,-120,16,-35,104,-111,16,-60,8
-76,-122,54,-34,75,-105,-44,-80,36
114,118,16,-7,8,112,114,-56,-120
102,82,38,-20,-23,127,66,-96,102
-46,118,-120,25,94,-17,94,98,12
-88,-116,-112,2,74,-6,42,106,44
20,-104,-4,-12,-29,34,92,-36,-12
28,-118,106,-66,-12,39,72,-54,-16
-56,-26,66,-49,-42,-30,70,-108,-24
32,16,-4,117,-50,-22,62,-80,-36
48,-46,4,-19,35,-4,-74,64,64
-98,-42,40,-70,53,4,-108,46,-86
72,-22,20,36,-63,46,106,104,84
-42,-12,18,12,-30,50,86,54,70
-120,-110,-12,-114,-103,112,-56,104,-64
-26,-48,8,-110,-85,105,-30,16,-72
26,-116,-86,45,-4,112,-58,-84,-58
18,98,106,54,2,112,-22,-106,-76
-54,-8,-116,18,27,38,122,-108,-56
-48,30,110,35,13,39,74,-102,20
-50,84,108,120,96,-49,-98,52,-10
-56,-74,-24,-89,84,-64,108,106,8
66,-50,-68,-3,-38,91,34,34,100
98,-4,-112,20,-70,87,6,32,34
-114,-128,34,-39,-51,-24,-124,120,-114
-110,94,-26,-37,-69,-35,-38,120,60
70,-94,104,19,-5,116,-62,40,-60
-66,-76,-60,7,42,105,-82,86,-76
30,6,48,-115,11,68,-72,124,122
-28,-48,-112,-127,38,73,-12,-86,-38
-80,-70,62,8,24,117,118,-58,82
88,-28,56,-22,60,-127,-100,-92,70
108,20,-128,82,-118,-25,112,-118,-2
70,106,-56,57,-80,-5,-2,108,24
100,-28,88,17,46,-76,106,-94,-124
68,18,70,22,79,-55,38,92,112
-86,-70,116,93,-110,7,-84,116,-50
4,-94,-14,5,-108,20,102,116,-74
42,48,-122,-28,-82,-15,-54,60,-48
72,76,102,-70,21,4,56,114,-126
-6,-24,-76,113,-78,-98,-2,-42,-74
-126,-92,-50,-51,-52,-124,-38,-6,-52
-124,-54,-36,-79,-88,34,18,72,46
-38,-36,-84,-12,-9,-2,-100,74,8
-38,-122,-116,50,91,12,54,-124,114
46,92,88,68,122,3,42,106,44
-22,-62,82,19,-50,-72,-8,28,54
-80,-56,76,51,-65,-77,38,-98,58
-72,126,60,-6,102,11,104,16,126
-26,-60,-108,39,89,36,64,10,118
-2,54,8,-94,-54,-79,68,-72,86
-58,-6,74,-83,-48,-53,72,-90,124
-98,-42,40,18,-26,12,-86,-126,-6
104,-102,90,30,-15,13,-36,-26,48
-68,118,122,-78,-54,19,-120,-24,48
-100,36,-124,-50,-38,18,84,-8,38
36,88,38,-56,29,-5,68,58,-32
-92,16,78,-43,54,-2,56,110,-28
-10,-116,-22,8,34,-20,110,26,-98
122,-96,84,4,68,-23,-102,36,-94
-116,78,52,-12,42,-5,0,56,-60
100,84,-80,-5,53,0,-70,72,-14
-14,122,78,38,20,43,-94,-72,82
-2,50,34,38,11,51,-124,-90,82
-18,-28,-84,81,126,62,118,-116,46
-18,-18,104,99,109,59,78,-30,-120
-38,-6,-128,-7,46,65,106,68,120
104,0,-78,10,53,66,122,80,70
58,24,-32,36,-121,44,44,24,-34
126,86,-94,62,124,41,70,82,-70
-98,98,-86,-118,-114,12,-4,-116,-100
58,68,-8,-73,-100,7,-22,46,-40
-98,50,86,118,-34,-82,68,-22,-34
-76,54,54,-104,-24,-85,120,-12,74
104,0,86,45,-43,-68,80,114,108
-26,-104,40,83,-11,-89,62,-2,-84
62,106,66,74,-14,-115,-16,124,54
-62,-46,-12,-128,-10,122,0,110,66
68,-118,-72,47,-9,-17,48,86,-58
16,-122,-56,77,1,-61,68,56,118
106,28,26,15,81,115,-66,14,-124
74,60,110,53,72,95,-64,14,-4
48,34,-80,-11,61,-120,-82,82,-2
40,-48,18,25,48,124,-46,26,-108
14,-108,92,53,23,-30,18,-90,38
-2,0,-38,95,94,-44,74,118,60
-62,-108,16,-49,25,-20,116,-80,122
58,-90,88,-9,-5,-39,-94,-34,56
86,76,-24,71,-50,-6,78,-82,76
-102,54,60,124,-82,-22,60,-108,-12
92,-110,-58,-74,-119,-117,20,62,-54
84,-118,-16,-51,-103,-96,58,88,-120
-74,94,12,-16,-125,15,-30,-78,-86
60,52,102,-7,118,22,-92,102,-62
-110,108,82,-54,-23,-87,-24,-12,58
4,-76,-68,-59,-63,-69,12,108,12
-62,-74,126,74,-51,-28,32,12,-120
-44,38,-118,6,-107,-32,20,-104,-92
44,76,-34,92,92,81,24,-2,76
82,6,102,121,109,63,76,66,92
58,22,70,-94,-23,66,48,-20,-124
-6,112,96,-67,2,40,96,-18,-100
38,116,-52,61,-94,88,62,92,70
-124,-24,14,67,-61,67,28,-72,72
-28,-48,80,70,-77,-60,34,-46,-128
38,-110,28,57,-66,-76,74,-94,58
44,-88,-42,-128,33,-50,-108,-12,12
-84,-86,68,92,-9,-51,-12,30,106
-50,-46,20,48,-116,60,32,120,32
-76,98,36,98,-127,83,36,104,-122
-50,-56,84,-61,-106,-58,-80,-84,18
-68,-118,98,-16,-80,-76,-68,60,118
-60,-12,8,-81,104,-87,36,44,112
-40,-42,26,-71,-88,-85,92,-58,106
24,-62,4,60,95,-121,94,-102,80
0,-48,-78,50,120,-107,-106,72,-42
-114,-20,-90,50,-79,116,58,-4,16
10,108,104,64,-66,119,-46,-68,-106
-8,-72,-128,-127,-35,-19,42,-104,94
124,-4,-40,-110,-35,19,24,-104,-118
-82,2,-96,83,112,-121,-8,14,80
116,-8,42,52,-128,-125,-24,100,40
-70,98,-16,40,-35,31,-64,-118,0
-76,-94,-50,54,-72,47,-78,92,-66
36,14,-86,8,-126,-30,46,-86,-96
-54,-46,-54,44,112,-48,80,100,-12
24,-52,-76,-103,12,44,-34,-22,-6
40,60,-118,-105,41,-12,72,8,18
54,18,-14,109,-55,-44,-12,-74,90
110,124,24,-84,40,-61,60,106,-6
86,112,88,19,76,-84,-82,-102,-118
10,-108,50,23,115,-64,-96,104,68
-56,42,36,-81,-105,-84,-46,-36,120
-68,56,-128,-103,94,-65,122,16,-48
98,78,2,92,-119,16,-4,-100,-96
118,96,124,12,73,28,-18,-108,-48
-128,-12,10,127,24,-38,56,2,74
72,4,-54,97,38,-61,-10,-50,68
0,-1,-1,-116,-33,-15,-118,100,-1
0,-1,-1,-52,-91,-16,0,68,-1
-90,-82,-64,125,-28,-49,68,62,14
-86,-26,-32,-125,-81,-37,124,62,26
-40,98,20,80,-16,20,54,28,-14
102,56,-52,-5,-66,14,6,52,-124
112,114,-62,1,113,-1,106,34,-120
10,6,-10,54,-116,-24,-116,22,122
-80,92,16,-69,114,-38,-118,124,96
-14,-116,66,4,-96,-41,78,88,-12
-112,-124,14,-123,-92,89,108,-62,86
112,106,-126,-116,-71,71,-82,-78,54
74,-66,90,33,97,94,-40,-114,10
32,112,78,57,96,85,-70,-58,-36
-88,28,90,-13,-128,35,52,6,-16
-62,60,-50,60,-121,39,116,-54,-94
-24,-94,12,99,-17,-35,106,-52,-74
-44,82,-46,60,-16,-10,66,14,-78
74,46,86,-60,35,-76,124,56,-6
-96,104,-102,120,38,-64,-16,102,-88
-60,-26,-36,-127,8,38,-70,-120,-34
-66,92,-86,72,-4,52,-54,64,124
-6,66,-104,55,46,-73,-86,126,98
62,102,48,62,44,-58,80,28,24
124,60,-86,-20,-78,79,-20,-74,52
2,-16,112,1,-112,71,-52,-106,58
80,-98,-92,-5,-33,-82,-114,2,122
-92,-106,-64,-13,-80,-103,-90,42,108
4,54,-56,-108,56,-126,104,-74,-122
36,10,52,-110,18,108,120,-56,44
-36,92,28,-108,-17,-107,106,58,42
54,-122,-120,-107,-35,124,-96,58,70
86,-16,112,-122,-122,13,16,14,-74
78,-54,-90,-125,-112,10,-72,116,-38
24,-54,-106,102,-86,68,60,-40,80
72,-78,34,109,-79,71,82,2,66
76,-120,-28,4,-109,114,-108,126,14
94,94,10,-40,-95,119,-48,-16,68
-52,76,70,-126,-60,-78,4,-10,88
106,0,46,68,-70,-80,-90,84,-34
120,24,54,-118,-50,0,2,16,-90
120,68,-50,78,-52,26,-4,-114,102
-64,-124,-44,21,-41,-73,30,74,-58
-22,-108,118,17,-104,-40,58,8,-126
98,-58,-126,-15,127,98,-2,-90,-124
122,-58,66,-81,-89,118,-40,-78,46
-38,-72,-42,75,-125,-22,-14,56,112
-60,-70,-26,75,-101,1,-82,-58,-106
100,-60,-18,-122,-43,-96,20,116,-124
-18,112,38,102,-64,-97,-34,44,98
-110,-114,-126,118,-30,-82,18,26,96
-72,-98,-50,80,-44,-69,-70,24,-2
-32,22,94,2,-105,-29,48,-108,20
-68,-20,-118,-52,125,-21,-66,-34,-50
-110,34,-2,29,-80,97,-68,-78,-74
-56,80,-22,34,-96,-121,104,-70,-50
-14,-10,32,46,67,73,84,46,70
-2,-112,116,70,47,111,-106,-122,-104
-90,-14,-118,-67,108,100,-92,24,104
18,72,-6,-61,116,125,110,56,46
-60,-8,-30,22,-112,-82,122,-76,-120
-58,20,74,-30,117,-91,56,84,-66
92,24,-42,-84,-70,-117,-32,-62,18
56,58,-52,-128,-103,-113,-116,-56,-8
-4,82,-80,20,5,-126,-38,-116,-52
24,-14,-66,-1,-3,-87,-46,16,36
46,-108,102,88,116,-108,-102,34,-70
52,96,-112,98,-120,-82,-116,88,120
-76,-50,-112,38,96,5,-126,-78,126
-56,-104,-50,42,86,4,38,-60,-42
72,102,-98,-105,112,12,-56,-10,-104
42,-44,-128,118,104,-17,-38,-26,-120
108,12,-58,1,93,-97,24,28,26
76,-102,120,-35,87,-124,38,34,20
-6,-46,74,-25,-42,104,-28,94,-110
-62,-8,24,-76,-76,91,-12,104,-90
-40,-8,124,-108,16,5,36,-36,-62
-122,-106,24,118,5,15,42,-8,110
-10,-92,-104,16,101,80,80,-68,10
96,38,100,19,-105,87,84,110,116
32,2,-78,31,61,-73,80,-84,48
-18,58,-94,31,73,-52,112,-82,40
-94,-112,-104,33,-68,32,76,76,-58
-80,-24,-38,31,-62,45,32,-58,-46
-106,-20,-110,98,29,113,-28,-18,-78
116,0,-40,115,38,108,-32,-68,118
46,-30,-76,-82,-45,-85,-128,62,-64
-98,26,-78,-83,-44,-76,54,-120,120
-40,-122,68,-33,64,-84,-72,-52,-66
-46,-28,84,-56,21,-62,-32,32,76
110,-76,116,58,-86,-72,-90,-66,-64
-38,-2,104,33,-104,-38,-114,114,98
22,-116,-82,-62,-63,12,8,-96,-20
-32,-22,-120,-111,-87,35,2,92,-56
-70,-102,86,-109,68,78,90,-34,78
-44,-42,76,94,59,107,52,-56,-12
74,36,-38,85,-18,91,98,62,-4
114,-112,-58,53,-22,104,44,58,-98
-42,84,-48,53,-124,-43,-28,-36,2
-106,36,-36,14,124,-42,2,-66,16
86,94,-76,-123,-65,47,-98,-20,48
-52,-80,-80,105,-47,65,-52,36,-42
-28,-108,126,-7,38,-76,8,90,-94
66,-98,-80,-81,92,-70,-54,76,-8
-6,-8,38,14,7,75,-92,68,26
2,90,-80,-11,45,89,-118,14,-70
62,22,12,35,14,-62,18,-82,108
-8,126,-120,-4,51,-48,-70,58,-104
-86,-12,-4,-7,37,-72,44,-62,-56
-8,-128,64,51,31,-96,4,28,34
-108,-28,-2,-103,112,-15,90,-36,-78
-20,-90,90,-48,-90,-93,60,-36,-118
106,-32,-126,63,111,-4,112,76,-118
-110,-56,34,-125,119,-90,110,86,-128
-114,102,-64,74,-121,-14,18,-48,26
30,-116,-8,79,-115,-54,20,124,124
10,86,-90,-87,62,-99,-52,-96,-16
-82,46,56,-27,56,-114,-38,-94,-100
-62,80,120,50,121,-14,14,-28,0
-14,92,110,90,111,1,-2,-80,8
-16,14,-80,58,49,-71,110,38,-58
72,30,-94,65,41,-48,74,-6,40
-14,-94,38,-101,-122,123,108,-62,-76
-32,-46,30,-121,-103,-118,46,18,-76
-128,-58,-58,96,-92,95,-124,-2,-78
-44,-70,-60,72,-56,117,122,40,68
42,48,120,44,10,109,-102,-90,-40
-2,20,4,32,49,-114,98,-56,-2
-72,100,72,-8,113,116,118,112,106
2,106,94,-14,-121,122,94,-84,38
62,30,76,-35,21,-63,32,34,70
74,-28,114,-115,54,-66,12,42,38
72,-56,-94,19,-14,-27,-48,-102,30
-62,-100,-84,20,-23,-14,-116,-48,-120
-122,-4,-68,95,87,29,-24,92,-94
-120,-122,88,110,66,29,-32,92,2
-12,66,-126,84,11,-87,54,-6,52
-4,10,88,93,5,-85,98,38,32
114,-10,-126,87,-76,99,26,92,-110
-116,126,36,104,-84,107,74,84,14
116,-112,38,15,-117,-31,-40,-68,108
-106,120,-48,43,-113,-21,-48,96,48
4,-18,6,103,4,32,14,-38,-28
-108,-74,48,88,8,38,-8,-40,110
-34,-118,-40,-79,-20,76,-66,-86,46
-42,100,-76,-111,-17,77,-94,-84,52
22,120,48,-44,-126,-123,-104,-100,50
-82,-8,-108,-75,111,-111,122,-116,68
-58,-32,56,-50,-22,-111,-16,32,-14
-6,-106,54,-67,-36,-115,16,10,34
0,2,52,102,-123,19,58,28,-42
-70,-66,126,111,-123,5,58,62,22
38,-34,-24,25,-93,-114,104,4,36
60,-80,-42,40,-78,-128,-68,-74,80
-36,-32,44,-41,-40,-85,118,-14,82
-98,-96,-6,-28,-54,-112,26,-124,-46
64,-74,100,-63,102,-100,-82,74,4
-18,-52,-122,-45,76,127,28,-86,-46
-94,68,34,-21,-54,-58,-78,108,-122
0,60,50,29,48,-61,-116,88,-112
42,66,66,124,-76,-39,38,-100,24
8,-38,28,-98,-41,-21,76,106,-32
126,16,-128,36,112,83,-50,100,100
-126,28,-102,88,-124,77,50,-118,84
76,-114,28,-107,-77,-66,-20,-22,-82
-40,-86,14,48,64,-37,-26,106,-120
-98,82,120,45,-113,-85,-102,94,-26
-26,66,-24,44,-74,-109,68,66,-40
110,78,56,-77,-80,125,44,-98,122
34,46,-6,-110,-33,91,-122,-78,84
-124,-80,24,102,45,-127,-98,-74,-94
50,-34,100,54,54,111,38,-80,116
86,-26,76,79,69,-87,14,-46,92
-72,52,76,65,76,-38,34,-32,58
38,74,6,102,-66,33,-50,-30,94
90,110,-24,68,-63,74,-102,-106,-38
28,-98,74,-12,62,87,-116,36,74
-40,-26,-100,-28,45,114,-98,30,28
122,76,14,-14,15,19,16,34,40
76,86,-32,-19,0,35,14,22,-116
-14,-24,-58,-66,-1,-89,56,-124,64
-18,-28,-58,126,-75,-84,120,70,72
4,-52,-112,-40,42,46,74,-8,-86
-88,-80,-88,-45,9,54,44,-48,-42
-84,-54,82,-45,-71,56,-126,-78,100
-70,-72,-28,-53,-118,98,-110,-30,-128
-42,-46,0,111,-42,-117,60,-38,112
-120,24,-68,101,-27,-97,88,-64,-102
118,-20,-58,-54,0,45,-60,-116,-62
36,-70,-104,-62,25,58,-28,-102,-94
-86,-54,-98,42,-43,-116,-112,0,-44
-102,-54,-46,30,-62,-125,124,-4,-4
-60,-58,68,-90,103,-94,76,26,-90
78,-80,94,-125,-118,-104,26,104,-100
32,-32,114,63,7,46,42,118,126
100,12,76,66,53,29,70,80,96
124,-110,4,111,5,-73,-34,4,24
-46,124,70,-120,57,-117,-72,-14,68
122,-28,74,35,-23,48,58,-112,-122
-126,48,-38,40,-6,22,36,-22,-120
-26,92,2,-3,46,34,-4,-102,-46
8,-102,12,2,41,23,-6,-88,-14
-96,-52,-128,-58,-8,-126,108,58,118
2,-24,-38,-79,-25,119,78,-102,90
-14,-86,-30,-45,-82,-19,-46,46,80
40,-86,-12,-63,-117,6,-28,8,92
-20,64,-70,101,99,-44,-70,68,30
-4,-46,-128,64,77,-28,38,-128,-20
-116,-44,52,-25,115,-50,-48,-40,-74
-116,-58,-22,-20,-111,-30,-50,-36,-102
86,68,-90,-109,-71,-114,-114,-6,-62
-128,82,-42,121,-31,-114,14,84,0
-18,-40,98,93,103,39,-106,-36,-2
12,-8,-102,24,8,50,68,40,-22
-54,118,-26,-5,123,-98,102,104,96
-24,10,42,117,74,-94,-120,-128,94
-90,94,-20,69,78,67,-124,-72,80
-50,12,-46,-16,58,-5,-64,-62,12
116,14,48,108,-32,127,-4,-48,-62
-52,-40,64,-64,67,91,-22,-76,-88
126,64,118,98,77,19,-120,-34,54
-38,104,-38,-87,88,-2,106,-40,78
108,-30,92,21,-26,40,-44,58,-106
-52,56,28,98,-109,41,-110,28,-88
126,-96,-96,77,55,18,126,-6,-124
-68,-98,-120,-104,-29,20,96,66,34
22,-30,-90,-73,10,20,112,34,-114
12,2,-26,-5,-5,21,86,86,-40
20,94,56,118,103,57,100,82,-90
-96,-10,-48,127,-109,52,102,78,-98
-68,70,14,75,-14,14,-82,36,-86
-92,112,104,79,43,2,-8,-80,-102
-90,48,-54,10,-27,105,102,-122,88
64,96,98,13,26,103,-106,126,76
-122,-120,-16,29,49,-57,4,38,-82
88,102,-120,20,86,-55,82,116,-92
-74,-32,-118,78,-117,-55,78,14,8
34,-6,58,95,-85,-54,40,50,62
76,-22,42,-61,-15,-82,40,-28,6
4,0,20,-63,31,-90,58,-12,40
-50,-50,-6,-127,-4,49,-128,-88,32
20,-126,114,-109,7,30,-26,0,-102
-22,42,-56,89,-89,67,-40,92,104
14,120,18,-124,-57,41,46,-126,102
66,38,96,-55,126,20,30,58,120
114,20,-78,81,-71,-17,-14,-48,-26
-10,-16,12,-95,27,-24,-12,-54,34
-94,16,90,-124,-27,-18,38,-62,-66
-22,68,18,-24,-10,59,-12,-36,94
120,-66,-72,4,-30,42,40,8,-124
104,-108,-52,-114,-114,16,-28,-84,-22
-74,-54,-106,118,-123,0,20,28,-98
76,-40,-2,-121,50,43,8,-32,126
-110,98,6,-102,33,32,104,-50,-122
-90,-78,-108,109,-69,126,-4,28,50
12,-80,54,-126,-44,113,-10,0,124
10,10,-128,100,-78,-64,-30,-60,68
-110,98,36,120,-52,-82,124,-18,30
-94,16,34,108,-78,-59,18,80,50
-22,48,90,119,-33,-85,104,-42,100
-22,-72,-50,69,-50,-125,-68,84,50
-112,-30,-116,95,-57,103,-34,90,98
-16,-114,-56,68,111,-40,126,104,20
-16,-48,62,113,96,-46,-30,100,72
74,-112,-62,34,-121,-39,-28,-68,68
44,-118,-54,62,110,-36,-82,-84,2
-16,114,100,-100,15,-63,-72,-80,66
24,14,-16,-29,-31,-58,68,-74,8
-128,-20,-38,113,-2,-111,-68,110,-50
-28,-114,116,-100,11,-109,-40,80,-72
22,-74,-128,29,-53,-54,78,54,38
44,0,88,95,-62,-35,122,-8,-126
88,10,-98,-124,99,103,32,-36,26
-20,22,-22,-113,100,120,-80,-56,24
-102,92,-70,12,79,72,58,-70,-114
-6,-42,-34,-41,116,71,76,-30,-98
-70,-74,10,-127,105,-78,82,96,-102
10,50,24,126,79,-77,-64,-70,96
52,-90,74,-77,-73,77,74,-110,6
-98,-64,-36,-117,120,44,-34,32,-96
-20,62,-78,-87,30,0,50,110,-56
106,100,-22,-95,115,-52,126,20,-6
96,-44,-12,-76,-18,108,100,-96,-108
68,-62,-120,16,-63,107,78,126,8
122,-26,-72,88,19,-54,6,66,48
114,-12,-40,-117,-2,-67,54,30,102
-2,-14,-94,52,-127,34,96,92,-48
124,52,-10,60,122,41,40,106,-12
-78,-126,76,87,-46,-70,56,58,-114
126,-90,68,112,6,-96,124,42,-2
46,-50,-96,-8,109,-118,20,-36,-28
-70,22,-116,-18,112,118,14,-72,64
-66,-50,24,103,-22,38,70,-34,-92
4,48,-30,77,5,71,62,-26,-88
-20,-118,-34,3,-128,-13,0,-1,-1
-64,-36,126,72,57,51,0,-1,102
-92,-76,14,91,25,117,-118,-84,-60
28,42,-86,-15,-13,-106,78,22,-126
70,58,-52,68,72,-89,78,116,-98
124,92,52,41,90,-91,6,122,46
40,42,-106,43,-96,97,-16,62,104
-92,120,-6,98,35,76,-40,84,106
90,14,-122,-50,33,-120,32,-68,122
-84,-104,14,26,110,111,-40,2,-108
72,120,-34,106,19,60,24,48,34
-122,-108,82,67,36,31,122,0,22
86,26,126,65,51,-81,102,94,12
122,-66,42,99,27,-114,-120,102,62
-112,-40,-24,45,-92,-11,-2,30,-20
64,-46,-26,-122,127,-29,-72,124,112
54,-70,124,55,-70,38,108,106,-112
-80,96,-98,82,-59,38,-114,26,-4
-104,100,54,-105,119,82,22,-52,10
116,88,-86,92,-118,91,-50,-30,126
106,56,-18,-30,94,-122,54,-80,30
28,10,30,-52,-113,-112,-48,96,2
-48,-24,-14,-53,-29,39,-110,-32,-124
124,-60,-50,25,-46,58,64,50,98
-52,-2,86,-23,35,-33,-128,52,-38
-124,84,-120,24,-22,-32,60,80,-62
-104,-72,-120,-58,7,-79,-10,26,116
-92,-108,2,-71,-37,-81,-86,-18,20
46,90,-94,78,-126,119,72,-120,34
-68,-110,102,58,-128,127,46,-22,-124
-108,-60,108,85,-38,55,26,-102,-100
-16,60,82,26,-58,42,0,12,82
2,114,-92,-82,-110,29,-86,-78,4
-36,54,84,-46,-113,35,-48,-64,-126
-122,-72,-42,-85,115,62,28,-126,72
88,44,8,-73,126,63,80,-98,44
28,-106,82,55,108,75,-56,-4,46
84,6,-42,51,103,69,-94,56,78
-42,114,-32,99,-52,-35,-38,122,34
-102,28,2,93,-111,-47,-80,-64,-48
-98,-12,84,80,91,-110,120,-120,54
112,36,118,59,49,125,56,-4,80
-100,-32,-98,5,-99,-79,72,20,-26
-30,32,-90,-19,-97,-91,4,62,40
-2,-76,-40,-87,-89,-21,76,28,-46
14,124,22,-124,-99,-24,94,-118,-26
-70,116,110,-7,-58,45,-90,26,-128
78,36,70,-17,-66,60,22,52,42
-24,-46,-98,118,92,18,64,40,-56
-4,98,96,105,83,2,-38,126,14
60,-72,6,36,-4,-91,106,8,-110
-44,-76,48,51,-29,-65,-4,2,24
-98,42,0,-42,-9,21,-38,-28,-2
126,-126,122,-58,-43,57,-64,-22,20
42,-68,92,33,-122,-10,-36,38,-100
-80,40,68,17,-128,-12,-60,70,-106
18,-28,10,40,41,-50,-74,-24,-36
14,90,-74,0,53,-60,-126,-108,-86
-128,96,92,123,102,48,82,-74,-66
86,54,32,74,118,49,52,-40,70
12,-38,70,-89,100,6,-60,-20,68
70,-86,20,94,78,16,-40,-68,-10
12,86,64,93,-112,-76,-36,18,-124
46,10,14,22,119,-54,-28,12,48
64,22,-102,55,-14,-47,48,-124,-22
-96,110,90,-16,-17,-37,94,-44,16
-42,26,-42,-51,80,18,-44,-64,-8
66,50,-106,-128,88,24,8,-4,50
-126,82,40,-30,120,-39,-106,60,-6
-42,76,34,-60,108,-38,-92,-82,12
-28,120,-12,20,15,-25,6,26,74
-110,54,-30,-61,2,-10,32,-48,68
-102,28,-66,96,90,-122,60,-26,-66
-58,42,16,19,89,-108,112,126,-128
-74,76,82,78,-103,-123,26,122,-114
74,-94,86,-1,-113,-97,14,98,-122
82,-58,94,-30,-116,120,76,-54,-30
94,84,-52,-94,-115,-116,64,-50,-64
-78,-20,126,-87,4,84,28,0,24
40,-42,-8,-83,23,112,-62,-66,64
22,102,-78,-37,-28,110,112,94,-62
-36,-4,64,-80,-20,-116,46,88,122
-78,44,26,-116,-53,-88,28,32,-128
110,8,-34,82,-30,-66,-70,-6,78
-34,88,-34,67,-32,-30,-22,-126,-34
28,22,-104,16,-14,-2,-58,82,-68
98,28,-64,33,122,-48,24,-120,6
-38,80,-68,0,-123,-27,124,28,-36
-94,30,-22,-36,-53,-115,74,82,126
86,4,120,-76,-53,-110,108,104,-108
-66,4,100,-37,-34,28,-114,-120,80
6,36,-8,-109,-34,48,-78,96,46
22,-120,48,-24,36,6,26,-46,-74
44,-64,12,-83,44,35,102,112,76
-68,-4,-36,-42,-4,66,74,8,0
-78,84,-26,-89,6,98,102,-60,34
-74,76,-86,-71,30,-124,-90,120,64
36,78,-124,-74,56,-113,-46,98,-62
-10,-76,70,68,-102,-58,-100,-48,-48
-82,56,122,101,-63,-16,-92,-82,-56
-4,44,-12,36,110,-22,78,-90,60
-14,78,4,77,-102,-36,-104,4,28
64,-18,-80,-96,-106,28,82,106,24
-70,-8,-128,-51,46,-17,-26,34,-22
-84,-2,64,-17,6,-24,-84,0,0
114,-42,62,-9,-118,-55,-124,14,-50
-46,36,-22,105,-119,95,-44,34,-52
78,74,16,99,114,71,44,14,-32
-80,-22,14,-95,-24,-75,126,14,-82
98,-28,34,-104,5,-83,-104,-8,-58
12,84,94,71,-21,-108,-90,-56,-44
-10,60,78,13,-21,-94,94,-128,-30
-44,-112,76,-22,-110,-31,88,-96,-66
-90,-122,52,-70,86,20,86,100,122
-74,-114,26,22,73,-25,-122,-54,88
-8,-56,48,-32,10,11,56,-86,62
-52,52,86,2,-118,108,68,-66,-24
-28,-110,20,-86,108,-106,22,-104,-2
6,-40,-40,-61,29,-101,82,108,-68
16,-84,-24,-67,1,-82,68,-48,-50
-56,68,120,28,-13,-21,24,-72,82
60,70,80,55,-7,-29,-8,30,78
-38,-96,-50,-111,-88,83,-86,56,-6
88,-36,-34,-85,-67,77,-46,52,42
108,28,-90,-94,-8,-96,84,124,114
-118,44,-82,-93,30,-84,-4,-122,14
50,70,-74,115,-63,17,-54,34,102
-54,94,80,93,-55,30,-26,-48,62
12,82,100,122,-13,54,-124,36,-50
-80,18,86,-119,-21,59,-84,-26,66
-116,-86,10,-85,-64,28,46,20,94
-102,-124,-18,-52,-68,11,56,-104,68
-122,-110,-98,-113,111,22,-46,34,46
126,94,-48,-97,110,-4,2,-104,42
6,116,50,-124,-82,-56,-32,-74,-88
-58,54,92,-105,-69,-83,-68,114,-28
-48,126,12,23,25,-93,98,-60,44
8,-102,-26,74,22,-114,78,-108,-30
68,62,28,-4,76,114,70,-76,106
26,70,92,59,82,88,-126,-108,-4
-76,124,-2,-9,89,124,108,60,98
-98,-118,40,40,85,107,-106,46,108
98,80,-84,-48,82,79,72,38,-116
-120,66,-90,-9,103,71,-128,66,-82
-128,78,-2,88,-112,-40,10,62,-30
62,80,86,-119,-88,-33,-50,92,-12
84,16,-52,-54,23,113,6,36,2
-104,46,-70,-26,50,123,-30,82,96
92,28,-104,56,22,-40,92,-38,114
28,12,18,48,-33,-53,108,-84,-86
60,106,62,75,15,28,-96,-118,36
-110,88,0,42,1,25,-88,-88,-14
38,52,-78,73,-70,-15,-28,38,10
-20,0,-68,4,-53,-30,-8,36,46
-126,86,-54,70,-49,15,-46,-126,42
74,32,32,-12,12,0,-92,-112,10
-88,-118,-18,-3,-66,79,-2,-10,110
-72,-40,-8,-80,-7,84,-40,-84,88
-34,-36,-128,-56,-30,-54,126,100,-60
98,6,86,-68,-97,1,70,82,-22
14,32,-118,-90,58,68,-24,-106,-64
60,26,22,38,54,111,18,-78,-90
-82,-74,-112,-76,-9,114,16,-64,106
48,-88,-118,-122,-55,-120,-64,-96,-88
114,-128,-60,99,73,107,80,-94,-42
60,54,-40,-41,124,80,36,-82,-100
-10,94,-30,45,-101,-69,70,-24,122
106,92,102,112,-20,-100,110,-34,72
36,76,122,120,99,-103,0,50,-108
-8,108,-64,120,88,83,66,-36,62
-104,-38,46,89,-74,22,116,54,72
-20,-56,124,126,-81,-25,-60,-110,42
18,102,-2,-49,-113,-49,2,40,-128
72,88,-56,2,100,-43,6,8,-106
48,22,118,-94,17,51,-52,-20,114
-98,-72,-96,-39,-10,64,-40,-20,86
98,78,-10,111,-84,79,10,92,112
-50,-108,10,-105,-78,81,40,56,-94
98,36,80,88,-5,31,-66,0,-48
74,-104,-86,87,20,31,30,94,90
100,-114,-60,-49,36,62,-70,-30,34
-108,108,-126,-41,60,60,-60,-48,44
82,4,-54,76,-103,122,0,18,-26
56,90,-92,81,-97,-127,12,6,-8
30,-38,-114,-60,36,-8,-86,-32,-56
-24,-112,96,-77,40,4,90,98,-44
32,-80,102,32,-10,68,-92,72,10
18,-74,100,17,3,66,-96,104,14
16,116,-102,-109,-126,125,14,88,-100
-64,102,-112,-118,123,-127,-18,-60,64
98,-30,74,-74,-5,42,108,0,-106
120,-26,66,-60,6,30,-124,46,-82
94,108,-46,-32,-117,-105,64,-126,-22
-46,76,-40,-14,-104,-108,66,14,92
80,124,112,72,117,103,16,92,-116
76,90,30,58,112,109,26,84,116
80,-72,-36,19,-8,-59,-100,-56,32
96,122,8,23,-28,-46,-112,40,10
82,94,116,-67,39,64,-42,-84,-108
-124,-40,20,-48,27,59,-42,-104,-122
-28,26,88,-93,-93,-8,-72,60,26
-20,64,-120,-79,-112,-8,-54,86,-62
-94,-86,-124,-7,36,104,-100,-10,-64
-62,-42,56,29,25,98,-60,18,124
-18,-52,-108,115,-54,83,-14,10,-32
-8,-4,-94,-122,-59,41,-32,2,-12
-10,106,-62,-128,-96,-23,-26,24,-96
94,-18,26,-116,-101,-52,42,-16,62
-32,-126,-74,-29,71,-23,0,46,62
28,60,-64,-17,94,-34,-20,54,16
-42,-8,-18,-117,-55,-91,-46,122,-34
14,16,8,-92,-15,-84,-84,-90,-50
122,70,28,-44,34,-14,-54,-52,90
22,42,6,-26,70,-22,-116,14,-122
-4,100,-126,-70,19,-35,-28,-54,-72
114,-120,-128,-37,-14,-38,-92,-100,-110
-82,-122,-50,85,112,92,110,-128,-94
-82,84,-10,-123,91,72,76,-24,-118
50,62,-42,-31,16,13,-16,-4,126
24,16,-54,75,16,-22,6,16,-54
-50,-102,104,-10,117,0,-70,24,22
26,82,-74,40,-126,-15,-98,0,52
8,124,-110,-78,7,86,16,-4,104
-108,-96,-104,-14,49,31,66,-4,110
20,68,-70,22,37,16,28,26,-90
118,-86,94,1,-37,13,-80,34,94
-68,-32,-58,-46,-89,68,-90,-80,-8
120,104,-116,-42,8,82,124,102,-16
-64,-110,94,120,-22,-50,-66,-82,-66
70,92,-98,101,-39,-54,72,60,-64
-18,-68,66,90,15,-46,-6,-66,114
26,-128,-118,109,46,-89,60,-74,114
-72,100,104,-118,-10,-29,32,-126,-16
-98,46,36,-122,26,-29,54,-128,-88
28,98,-114,-88,61,-41,114,44,124
78,72,-4,-124,66,-37,20,44,14
50,-82,42,-80,-126,73,12,32,-74
-100,-98,36,-94,89,-115,30,70,-104
80,-22,0,-111,-50,-49,-38,-118,-92
22,118,8,-77,-64,-8,-36,-48,98
-68,114,-80,-119,-46,-41,60,20,20
-18,46,2,103,-80,-6,106,86,-74
64,-74,-104,91,98,-64,70,14,64
48,-122,88,95,119,-77,-40,-36,-126
44,88,-104,-91,70,-101,26,32,10
72,88,-124,-86,93,-113,74,-54,38
38,30,62,-85,-24,-54,22,-90,-16
-126,110,-118,-122,-19,-64,-22,102,116
126,-76,34,-40,-77,-15,-56,118,-96
112,92,-4,-42,-59,-29,-50,-2,-70
40,122,-12,-52,108,68,46,10,-60
90,-72,-114,-26,121,61,78,18,-90
-48,-118,110,-14,69,-80,-16,-46,-128
-124,2,2,-15,125,-104,-62,66,16
26,32,-122,17,105,36,-106,100,110
-2,106,-14,44,-107,17,-104,-102,-38
124,-36,-2,-30,-20,100,100,-98,112
48,30,-104,10,20,75,-88,56,-60
62,76,-112,87,28,101,84,110,-2
2,-66,-70,121,71,66,-128,54,-36
-124,96,48,-36,-67,90,-12,50,80
-24,-70,-68,-11,16,60,-110,-90,42
-112,8,104,-18,88,-110,-18,38,84
-68,34,126,0,101,-126,90,50,-16
52,62,-14,-67,-7,81,38,126,96
116,60,66,-7,-31,74,50,118,-72
8,40,106,-125,19,-34,78,124,12
-54,-40,84,-85,-8,-64,-54,-42,-38
-16,90,-70,-15,-61,83,18,72,-40
10,56,80,-10,-21,62,10,-124,-64
22,-126,122,58,-116,55,-72,48,16
56,46,22,81,-88,55,-14,-64,-72
96,-80,118,-111,47,124,-110,-10,-116
60,-8,-90,-75,63,127,-94,-110,116
20,94,-54,-18,-1,-66,-42,86,-26
8,116,-106,27,92,-64,-4,-28,-42
40,-60,-18,-26,-92,48,110,-96,-76
-126,-60,-122,8,-113,44,-108,94,28
102,-118,-118,83,-95,-65,-112,116,-70
20,28,30,66,22,-67,-12,72,8
-82,116,66,28,112,97,-94,22,-122
-70,-118,4,86,25,82,38,-126,122
-72,48,88,118,35,-13,20,-32,22
-96,-98,110,-113,-13,-23,58,-86,120
124,64,68,80,-82,32,-8,-24,10
-118,92,24,-125,58,23,-88,94,-122
120,34,-62,-73,50,-68,42,-66,-94
-68,-68,-96,70,-119,-69,-32,4,-50
70,64,-84,-107,-6,-68,-86,-64,-42
106,-118,-48,113,-61,-50,-60,-86,-32
44,-74,94,-113,-3,-120,46,6,-10
12,92,-42,-105,11,115,-18,44,-8
-62,6,-6,-119,-103,-65,-28,66,0
36,-1,-1,-105,83,-94,100,0,26
-88,-92,92,-49,124,-89,-54,18,0
118,-50,124,54,71,-53,90,34,0
-50,88,-88,53,7,6,-36,-124,-114
32,32,-128,-112,57,-19,-12,92,-6
6,-64,98,66,-67,-111,-82,-10,-112
30,6,114,107,-65,125,72,92,-32
-72,98,-88,-78,89,112,-104,0,-60
-2,-114,-36,-18,-106,81,126,34,-72
-122,40,-36,-34,123,67,98,40,-50
-26,-90,-52,-19,-61,33,74,-106,58
-70,-78,78,125,-56,-48,50,60,-116
6,-106,-4,127,-58,-65,0,12,114
16,-80,-12,99,-16,46,118,-94,-122
-76,-90,-74,-117,-50,66,110,68,-100
6,-70,0,-127,-99,-93,-52,-88,-104
-26,-70,-38,117,-98,-64,120,-4,18
8,-124,42,102,124,22,38,-66,-66
-64,-92,12,90,-88,38,-14,-116,-60
12,60,6,-1,30,3,-114,-26,-42
18,-108,58,3,27,15,-92,114,-42
82,94,-40,88,-30,-48,32,24,-26
-116,0,8,105,-39,-37,102,-66,-74
98,-82,-86,125,-90,38,-78,8,-68
70,-28,78,113,-128,39,-30,-66,-4
94,102,-44,53,-7,20,-12,-40,118
-4,-30,64,33,-52,22,-30,10,118
-98,12,-28,-82,1,106,100,-96,-128
-118,26,34,-74,-3,120,46,-50,112
-42,74,-14,-126,85,-116,118,96,-106
-34,98,48,97,80,-112,-76,-90,16
-66,26,-44,52,-87,121,52,4,28
-126,2,-84,7,-94,100,28,50,32
-100,48,40,49,45,53,82,22,44
84,30,126,-40,-122,57,-98,42,-116
-34,-66,8,107,62,127,-124,62,40
-90,-124,-34,59,-10,-120,96,-12,48
86,66,124,-18,76,124,-58,20,108
-62,106,36,-82,74,103,118,12,6
-28,122,-78,70,-35,-88,86,-110,-16
112,-4,54,29,-72,-89,38,-6,-74
10,0,30,-66,13,-47,-40,114,-90
74,-6,98,125,0,-39,48,-64,-120
54,112,48,-127,108,-34,-120,-28,10
44,-56,74,86,68,-28,-20,-44,-102
110,-50,42,-42,44,-32,-128,82,126
-20,40,-80,-101,44,-32,-88,84,84
-6,16,-126,-117,-91,-127,-90,52,98
-124,-42,94,110,113,-116,14,64,-124
-8,84,28,6,62,-114,-100,-126,-42
-116,0,72,-2,28,-81,-124,-102,68
100,52,-32,-123,-11,35,50,-110,-58
70,92,72,-126,12,56,-112,-32,-40
-68,108,-102,-120,-119,-13,114,126,104
-74,30,-104,88,-97,-17,-42,20,38
-108,52,-24,-87,103,20,26,100,-98
74,-42,-32,101,125,22,50,48,-50
-48,-74,62,-90,-43,-68,6,-70,94
-78,30,-30,-108,-51,-57,92,124,-108
70,38,-36,-1,-3,-109,18,-116,18
20,104,14,-36,15,-95,-42,6,98
0,106,48,59,-3,13,24,114,-68
0,120,18,26,25,19,-100,-32,30
36,30,112,66,-69,-48,-18,44,-52
106,-6,46,70,6,-61,-24,50,-32
-96,34,-116,94,64,-54,104,36,-126
-116,-64,-32,126,59,-87,-90,88,-80
-22,86,-86,42,-7,-26,86,72,-108
-68,32,40,69,-6,-54,108,-46,90
14,34,14,-59,6,39,98,-6,122
-72,42,-118,-70,10,41,100,-64,70
-104,-102,-124,37,-2,4,24,-90,-4
-120,-70,-116,-6,10,24,-8,80,88
-20,-112,-122,28,-50,119,-16,-70,-102
-124,-32,-102,-8,-74,-100,54,-128,52
74,-120,-92,95,9,4,40,-18,-102
-38,122,24,71,18,38,18,-72,-94
36,110,-12,-24,-34,56,-80,64,-80
74,18,4,-70,-7,78,-50,24,110
-6,80,-42,-71,-16,59,-42,-44,68
-12,44,56,-102,48,79,20,-12,58
-76,102,10,19,-100,10,-42,-116,-84
-100,110,-12,34,-105,24,-16,-68,118
80,-112,-30,87,60,127,110,-94,84
8,122,28,56,34,-109,96,104,4
-112,26,-82,29,-76,63,-12,-70,-72
-90,120,-82,17,-20,58,-26,-118,-116
-84,42,-46,41,114,98,-122,-98,-124
86,72,88,13,-106,77,114,-74,88
2,52,6,-7,82,-19,-86,-96,-58
-54,64,30,2,85,-28,120,110,-40
-116,2,-74,-114,-71,-4,-52,-26,32
22,-8,-28,-124,-116,10,-90,-64,112
48,-22,0,-98,-17,-110,38,122,32
-122,-126,-128,-62,-15,-125,28,68,12
0,-10,-96,98,-86,31,-104,52,-48
-100,-42,-56,120,-89,26,124,20,122
-104,46,-40,-62,-32,-71,60,-42,98
-76,-50,26,-50,-64,-93,-8,-54,-62
-70,-124,64,33,85,19,114,20,-42
-58,92,-82,79,82,22,72,22,-40
-60,58,-36,-34,118,116,-22,-114,32
-48,-8,-20,7,94,123,-40,-128,-96
-110,50,20,-94,111,-127,50,-108,102
-116,126,-26,-94,103,127,82,84,52
-4,64,-112,125,90,-95,-116,62,10
-110,50,62,103,68,-124,-102,60,-22
68,-76,114,127,-114,102,126,-22,-120
-114,26,-126,104,-98,82,-90,-16,122
-16,-42,-84,-51,-93,51,102,-38,-56
-26,118,-8,-58,-69,54,54,102,52
-26,-128,34,-50,6,-93,24,-100,64
-86,-86,62,-73,-12,-77,0,10,74
-56,-66,108,-75,-117,-22,-122,-54,124
20,-106,90,104,16,4,116,118,22
-80,80,-128,94,39,37,-128,84,96
46,52,106,16,-71,62,102,102,42
-38,-56,-50,34,113,-86,54,-124,76
-118,-122,-114,-40,115,-76,86,-6,-16
-116,-46,-46,96,-13,44,-8,12,4
48,-52,-22,42,31,73,42,116,50
-116,-78,-10,86,68,30,-58,62,94
-12,88,-102,52,-107,61,-14,-100,122
54,72,-84,-93,-61,9,88,-34,-28
-82,94,102,124,-40,42,96,-42,-46
12,-30,-20,69,-61,122,-80,10,32
52,48,-108,-6,-73,-106,40,42,4
-122,-98,-8,-26,-58,-85,-88,-64,-10
-92,-32,-4,-85,-100,-70,-68,96,-48
56,28,-28,-111,-61,-117,126,38,52
42,126,-40,81,-83,-102,-104,58,42
-10,-124,64,-53,-96,-6,-38,56,-72
-52,118,-10,-112,-114,-3,-22,100,10
52,24,-54,90,-127,50,78,-72,-30
-110,-66,-66,49,116,69,80,-100,0
-60,-14,-10,-95,-123,-128,-54,-66,12
-96,-82,82,-119,125,-125,-106,-80,-126
-68,56,2,-27,53,-32,-120,114,22
-20,82,106,-19,79,-24,-118,-110,70
-88,74,-102,-113,2,-109,74,-2,-40
-116,-80,102,-52,25,-120,-16,42,-18
42,-116,-104,58,-18,-109,-120,60,-106
116,50,-90,111,-34,122,-124,-110,-84
-126,28,12,-35,-104,-107,14,88,80
96,6,62,-26,-78,-122,34,106,-26
-88,-28,30,10,127,-6,102,-38,-104
44,-94,22,31,-121,-23,78,-78,-46
92,-104,-124,-70,114,-114,112,114,42
-116,-58,46,-68,109,-128,-70,66,26
122,120,124,99,63,-84,-118,114,100
62,112,-118,102,43,-85,124,104,-120
78,102,-110,69,119,-21,-120,50,-82
70,-118,84,58,110,-18,108,20,-50
20,36,68,-65,-41,29,112,40,24
20,60,88,-125,-20,32,78,-122,14
116,-112,78,37,35,-72,10,-10,30
-34,-54,30,-29,120,-56,4,-10,10
-36,28,28,68,55,75,12,-78,48
-56,54,-84,-13,-13,89,-94,-72,-2
86,-122,30,14,-65,35,-14,-40,106
46,6,-98,22,84,25,-56,6,120
-72,0,66,52,-80,12,6,0,-128
36,10,104,-118,-16,-30,-2,52,116
-116,-62,32,82,89,69,-70,10,10
58,-66,90,-116,-83,34,-30,98,-4
68,30,-74,-58,-120,-127,100,-106,0
24,-20,-118,-35,76,66,68,-90,-44
-40,126,36,51,-123,67,-90,-26,-4
38,90,-64,78,94,32,36,122,-38
-114,48,-30,-51,-2,-113,-32,48,114
-74,66,114,-31,-25,-123,28,-14,96
12,58,-24,115,127,99,-68,-24,98
-42,24,-8,-121,-116,92,-116,20,72
2,56,-70,15,37,69,96,-12,6
56,12,-90,36,57,71,-126,2,80
-24,-86,20,65,126,-94,-50,-128,-120
-22,98,76,90,-86,-79,28,-84,-88
-74,-66,-120,-73,43,64,72,20,108
-50,8,42,-74,65,77,76,16,-118
28,52,-58,-10,-124,-52,-108,-54,-114
4,-2,8,-9,-114,-42,-114,-36,-90
76,-100,96,123,104,-51,84,-12,20
8,120,22,81,99,-45,86,-14,30
-62,30,-78,-102,-91,64,-50,66,74
-24,84,10,-100,-126,60,-68,86,26
-70,44,-80,68,28,-42,-70,8,-76
-84,-18,2,72,20,-49,-54,-48,-28
-28,-122,-62,109,-91,-54,-26,-106,36
82,102,-44,125,-100,-60,-28,-42,16
-60,-32,12,-73,87,2,-4,-32,-82
-88,-90,46,-61,93,3,-70,-16,32
-18,4,60,106,-112,51,-8,62,-116
70,38,80,119,-88,54,16,56,-126
54,86,-34,-124,-6,65,116,-116,-94
62,-44,-16,-106,6,69,112,-102,-18
120,-30,-108,-67,-35,-14,120,44,14
64,-70,-112,-88,-47,-18,92,28,104
-94,-12,40,49,-89,-125,100,-94,60
-42,0,-94,40,-86,122,74,-90,98
-82,-124,98,27,83,-4,54,-58,-18
18,104,-58,26,71,-14,88,-10,0
34,-14,4,10,-49,111,-2,-76,-62
16,-76,36,-9,-60,103,16,-124,122
104,84,34,-23,-54,-18,-72,72,70
-128,76,88,-34,-61,-21,-36,76,-118
50,118,-92,-74,-107,-22,-64,-48,-92
-32,108,-128,-86,-123,-20,-38,-54,116
-76,-106,24,-122,-21,113,-104,12,126
-30,124,-110,117,-22,119,-68,-12,68
18,58,-24,23,-49,62,-24,22,100
-32,38,78,41,-12,89,-50,122,100
30,80,86,5,-36,104,56,-98,-16
-110,78,126,6,-32,123,68,-74,-102
58,74,-110,60,127,87,120,-4,48
104,-98,-104,76,27,95,92,126,-34
80,120,44,-20,92,-100,-106,42,-104
-126,-100,-2,7,90,-97,-74,58,106
52,110,-110,-74,-85,-33,-94,0,-16
106,-76,-80,-57,48,-46,106,64,-28
88,30,34,-25,-104,-91,-24,10,-6
-84,-26,-102,-44,-73,-100,-74,-24,-8
86,-62,24,-124,78,74,-46,26,118
80,118,120,-21,5,39,76,-82,66
-10,-96,78,48,-119,40,-62,98,-6
112,74,-120,71,112,50,-46,98,-12
30,80,88,35,107,115,-8,58,-20
-32,-112,92,70,-92,77,-28,-78,-74
104,12,-24,68,120,118,20,-42,-50
-116,-24,84,40,90,98,36,16,-10
-16,32,-4,-82,26,95,-34,-88,-36
-22,-100,-58,-69,-12,87,-54,30,-34
-116,-54,-118,-46,106,-27,30,14,10
60,60,46,22,-127,1,-120,108,-102
18,52,90,80,-69,-80,-112,20,-22
38,98,-52,127,-73,-69,-82,50,114
116,42,74,-38,70,127,34,14,-32
-106,-30,112,-26,72,122,122,100,-100
-20,-24,-62,106,33,88,56,108,-94
8,94,-108,-110,33,89,52,114,36
74,-10,110,-63,-111,-115,18,58,32
66,-112,68,-13,-84,-103,-64,50,-88
-6,102,-36,36,33,-122,18,122,48
-34,-66,46,90,70,123,62,-116,-60
-46,-96,70,59,99,-3,-56,-102,-106
-102,-4,36,64,103,-16,14,74,90
-98,98,80,126,65,78,74,-10,-82
-124,96,-114,-125,93,71,82,110,68
-100,-114,-70,90,-33,33,48,-74,126
-80,-20,36,91,15,40,54,-50,-110
-66,36,24,-92,95,118,52,-88,80
-20,-94,-118,-84,114,124,-52,-28,-88
52,-28,-2,20,-6,-105,48,44,-88
60,-118,-60,38,12,-111,76,-62,112
88,4,-40,63,12,17,-52,-50,32
-70,-32,-42,101,53,3,8,126,-22
64,-24,32,-8,-63,74,-30,26,78
66,18,12,32,-23,47,-8,-114,102
112,22,58,-53,62,27,-30,-116,-36
-76,-128,114,-23,104,11,88,72,-30
-44,-84,-86,-123,-17,112,18,46,-126
80,-30,-28,-77,-16,97,88,46,68
-12,-104,-100,0,27,-33,-108,58,116
-14,-116,14,6,-11,-48,26,-44,116
84,-50,-124,-100,42,89,-54,74,36
88,40,-112,-50,25,80,-114,-14,-122
26,-68,-58,-63,-103,34,-72,-84,60
-104,-108,-108,-67,-128,23,-26,108,-106
-4,-116,124,-63,-111,124,84,-70,-68
78,-116,-92,6,124,-126,104,-18,-18
-76,30,56,-4,2,-53,10,-126,102
126,-56,-126,-4,-24,-74,-124,-70,-26
-84,4,-48,-79,86,57,-116,62,98
-54,-100,-8,-18,62,76,-114,-102,124
-50,76,-44,65,92,-50,-64,-86,-68
-10,124,70,114,-93,-18,-90,-98,38
-84,46,108,-96,-53,61,82,-106,-8
-34,16,46,-87,-99,46,16,76,-100
-118,-84,82,119,-24,101,-42,60,-126
66,-28,120,-122,71,100,-98,40,60
30,-90,-44,106,-73,-73,12,-10,36
-42,94,118,125,-119,-95,-2,-56,102
-6,22,-122,113,-84,8,34,-68,-20
-116,-118,52,96,50,-23,-120,-106,-70
122,-46,-68,60,77,-80,94,-50,-44
-42,58,-76,96,96,-50,72,-34,42
-18,38,-44,-2,-100,22,-128,-44,-58
120,20,-36,77,-48,49,124,54,108
-118,-1,-1,-35,-82,73,-78,4,-1
0,-1,-1,-41,-99,73,0,-50,-1
12,-104,92,-2,-90,54,86,-36,0
40,86,72,44,85,53,88,-96,96
116,-92,-44,-90,124,-109,-88,-102,-36
-108,44,-66,-32,47,120,-46,92,96
-120,100,88,116,-98,20,-40,4,-76
28,96,-124,19,-18,13,92,-110,-96
-90,-110,-42,-127,123,-8,-118,-18,-128
-86,78,118,-38,-81,-14,-96,-80,42
-108,-14,54,-116,-86,111,8,-42,42
-128,-122,-112,106,-50,74,86,74,-112
-70,-96,-84,-29,-61,-25,46,14,102
80,-68,42,-3,65,-30,-128,-24,104
-24,-80,-86,117,41,-81,-4,0,50
-58,-94,30,-100,-19,-66,-52,80,-128
-84,96,-90,106,-16,115,56,-74,10
-120,-124,58,-125,-31,-98,-60,38,52
-48,-86,90,-85,50,47,-104,-98,68
64,16,-88,-107,42,64,-22,-68,-18
106,-56,-44,-93,-10,33,64,68,114
116,62,42,120,12,28,30,14,100
26,-120,36,84,105,39,-108,-92,114
104,114,80,91,106,39,-20,-96,-128
46,104,112,-38,-118,74,-98,68,-72
6,58,-112,-61,105,98,96,12,-112
-78,-108,-54,46,-123,-6,92,-64,-96
44,-14,-114,26,-108,4,44,-128,-94
60,6,28,11,-17,18,68,82,28
-76,-10,-80,-25,-2,17,56,102,-40
-76,82,-20,-41,78,112,42,-64,-20
-24,8,-120,-54,64,109,84,-2,-118
96,-12,32,-58,-65,-77,40,-28,-94
-58,-118,-100,-72,-79,-94,32,110,-112
30,66,-118,-84,27,98,70,-82,-80
-36,86,-128,-111,11,110,18,-54,-88
-12,-110,-10,-52,98,-104,-108,96,-80
86,-34,-36,-62,87,-91,62,120,-20
62,14,54,6,77,-7,-22,-28,-60
76,110,-34,-3,63,13,-14,30,24
42,20,-86,-53,59,-75,90,-16,80
120,32,88,-69,62,-59,-98,80,114
-72,-30,52,23,86,-2,28,-50,6
126,-106,-86,-38,40,0,-106,-36,-106
26,-64,116,-10,-71,30,-66,14,110
-10,112,94,-47,-112,27,-26,-54,-114
14,70,58,15,-12,33,-24,-70,-72
70,72,60,-9,-38,35,60,-98,30
60,-24,22,-82,-126,124,46,-122,114
-64,74,26,-63,91,-111,64,-60,78
-50,-126,-68,-22,58,-46,58,-72,-26
-124,114,-6,64,68,-43,78,-86,40
6,-122,98,-128,-34,-8,40,28,0
-106,108,94,-13,-49,11,-2,78,110
-34,8,74,86,-76,78,-122,-82,-86
-46,-18,48,99,-99,65,-86,50,-104
110,-82,-78,-40,64,38,-90,-30,-82
116,68,-34,-89,6,47,90,126,118
-22,6,24,-82,101,67,-124,36,-66
-38,12,40,-128,36,92,-78,-68,96
124,-70,20,-105,-34,60,-14,-60,-6
70,-16,-48,113,-54,90,-14,66,-16
-40,98,20,66,-94,90,48,84,38
50,-70,100,-46,-72,119,-34,-96,-40
12,40,-48,38,24,116,66,-40,-64
66,-104,-82,-94,34,-110,52,-110,-54
54,-82,16,-22,124,-39,-50,-2,-100
90,116,-114,95,-115,-11,48,-26,-116
-62,-122,6,106,54,-81,18,94,-6
62,-2,-70,15,117,-33,30,-32,-64
-48,-96,60,125,117,-96,-40,-26,-98
-24,100,-42,38,97,-46,-122,28,-50
88,-58,-44,-58,-76,-108,-20,-16,90
114,-68,-128,-117,89,-103,108,-64,-8
20,-82,6,36,-90,90,-84,-122,-4
28,76,-86,-121,-49,53,-72,32,-52
56,74,36,-52,78,-39,-48,36,-28
52,-60,116,32,-119,98,-52,44,42
-68,8,-42,84,-51,-39,-106,66,-122
58,106,-2,112,-9,-90,84,76,94
-16,-36,80,-51,108,-28,-64,-52,-112
80,-50,-82,-90,109,-59,4,-52,-12
-18,-50,-44,39,-100,77,124,-92,0
-60,-68,40,2,83,95,-56,10,-88
72,78,-20,43,-41,-34,70,24,58
24,-2,-94,-3,-52,8,-128,-42,94
-42,104,22,-86,8,-48,72,-122,-102
18,-10,98,125,44,-10,-90,78,-126
38,-104,-24,20,82,77,-92,-102,-108
-20,-18,-104,-28,123,97,-52,-74,-58
116,74,124,-26,115,76,-90,-16,94
80,10,-118,-54,126,113,-126,-28,78
22,-26,118,-83,-44,112,-86,22,-112
-8,120,-64,-99,0,-127,-30,-64,-38
48,-12,32,-1,-18,22,88,-28,80
102,-42,116,-37,38,19,-126,-80,-42
106,96,28,78,81,-45,-82,-128,-84
-94,-32,38,77,127,-50,-30,6,6
-124,-88,20,-46,23,-53,122,-60,122
70,-50,-82,-25,14,-48,-90,54,-68
36,42,110,-108,67,74,-96,-78,-96
-112,-4,-70,-85,46,93,80,112,-22
-22,14,-4,73,123,-8,120,-38,32
-76,-6,0,79,118,-2,104,-64,116
118,22,-110,-28,118,-114,-126,-20,70
-120,-12,-22,-16,-123,-108,-126,-86,-116
-10,-92,-34,-22,-99,23,110,-92,-62
-24,-16,-18,-23,-82,36,122,64,-72
44,114,120,-35,-39,100,0,-102,-18
-60,74,-94,-31,-39,97,-18,-58,-86
-6,-112,-66,-3,-4,112,-14,16,48
-18,-80,68,6,15,-128,36,-36,16
-64,38,106,-42,43,-123,98,28,4
-118,32,-54,-12,117,-117,76,-4,-20
84,110,74,5,-84,88,-12,-16,108
-30,-118,98,83,-11,100,80,56,-32
78,-100,-18,-45,-51,-42,104,-46,-72
78,-52,-40,-51,41,-60,22,-106,-84
40,-14,-116,106,74,-18,-86,-26,90
-30,-2,-74,14,-110,-23,60,-102,-30
-66,82,-76,-31,20,-14,-34,64,-70
40,92,-14,-57,43,-45,-56,114,-20
44,42,92,-12,45,57,-20,94,80
66,-104,36,-36,-117,31,-18,122,-98
2,-118,-82,84,-106,78,90,52,-118
88,-122,-26,61,-31,59,96,-54,-40
-56,74,122,-38,40,30,-96,-38,50
-80,-102,-78,-76,-2,32,-122,-34,-38
-8,-54,-18,-128,-89,19,-68,38,-26
-72,8,82,111,-75,37,-90,24,68
-8,98,-96,-99,114,55,48,94,122
34,-68,-72,125,84,62,56,98,-14
24,100,80,125,-30,-97,28,54,-68
110,46,102,72,-114,-79,6,118,-88
50,58,32,-107,-30,39,22,-54,-12
88,18,68,-112,-30,66,42,32,-26
20,-42,102,86,-4,86,38,-2,118
48,-44,20,95,20,98,76,40,-40
18,-104,34,-103,48,85,46,-62,-2
-112,126,-38,122,39,104,114,-44,46
-54,126,-102,88,3,15,-38,-60,-2
46,-112,102,63,9,39,-62,-112,-6
34,-44,-76,-2,-14,1,-88,78,4
-14,-66,16,-29,-19,18,-78,16,96
26,58,48,-110,45,2,68,-94,-110
-24,-24,54,84,17,17,94,-124,82
4,82,34,-38,-26,-74,-34,20,46
0,-116,36,-86,-48,-56,-94,60,62
-22,120,-30,-111,93,97,24,44,-44
-14,-96,-64,-116,113,112,70,10,-28
-58,-16,126,115,57,-99,14,110,96
44,30,34,104,68,-89,8,-112,22
-102,-126,76,72,107,122,8,90,-24
-62,82,88,69,104,117,-8,124,-64
92,38,-98,57,118,-15,24,-112,4
-44,24,70,79,126,-19,-2,-70,-74
-40,-86,20,-117,92,-95,-6,4,-6
24,-44,108,-111,-103,-111,64,-32,2
-108,74,84,-25,-2,-21,40,52,-78
106,10,-62,-20,35,-6,34,38,120
-120,-48,-50,85,28,-40,46,16,-94
-112,-54,-72,76,24,-10,72,-62,22
66,-14,82,39,-35,88,72,-66,126
-48,6,122,21,-80,123,24,-104,100
-50,-38,-70,-73,56,-84,-56,-32,108
-42,-40,-6,-111,25,-58,-60,18,88
28,-128,12,66,38,-92,-24,114,114
-88,-122,82,51,80,-95,-86,-90,20
10,28,22,34,70,95,-4,-112,64
36,56,52,-99,96,89,-26,-52,-8
10,48,-58,124,-17,-84,-116,-52,-2
-98,-10,-60,24,100,-33,114,-48,106
-74,-32,112,-114,123,84,-56,126,-124
-70,6,94,-28,64,93,-54,126,-76
94,22,96,-47,-44,26,48,-66,24
-28,62,110,-126,8,-28,116,-16,-72
-126,-122,-62,3,-80,99,52,16,-30
-76,126,-14,77,-48,22,108,-40,-36
8,80,-88,87,-5,126,-68,30,-114
28,10,-80,113,22,110,-120,88,58
122,86,-10,47,104,80,-24,102,38
88,-114,-34,87,47,65,20,30,96
100,114,26,-23,-38,-92,-68,38,-24
48,56,56,9,-71,-89,-46,66,-26
-42,4,16,-13,-24,-98,126,-92,-106
-104,-6,-62,29,5,-87,60,-60,74
-122,-28,98,-49,42,-7,122,56,96
-4,16,106,-49,87,-35,-128,110,80
8,50,-126,99,-121,-64,-88,96,106
108,-128,14,89,-108,-82,34,68,102
-42,-110,62,-22,98,109,70,112,44
-28,-10,108,-2,-118,118,32,90,48
38,92,44,71,-111,28,-116,88,-92
-44,-8,122,75,-89,43,-110,82,-74
-54,42,-98,74,18,-28,-118,-76,58
-84,-28,18,91,28,-16,120,-34,42
-48,-32,-70,-1,56,21,110,-70,58
108,56,-22,-8,52,19,16,20,120
-14,60,-4,-18,51,-81,-32,68,-98
-66,124,120,-3,64,-98,-4,-108,-32
6,-60,16,27,111,50,-64,-88,-10
-16,-28,90,36,116,27,-104,-66,-128
-98,-114,78,-35,-54,-78,-22,-48,-70
86,30,40,-7,-84,-95,102,116,-16
-92,56,-50,110,91,79,12,-58,70
46,76,88,125,80,79,-42,78,110
-40,76,-64,112,15,34,-106,8,-46
-112,-90,-46,-95,26,28,-52,-14,60
38,-44,-118,-49,110,67,-4,48,-92
6,-8,18,2,92,39,38,-68,-110
-24,-122,-96,110,72,48,56,28,100
28,88,-34,-55,43,27,48,70,12
-64,98,4,84,-71,71,-114,46,-78
70,76,-56,-62,-64,40,-64,124,-124
62,108,-94,-89,-44,-98,-80,-92,32
-84,30,80,-14,31,115,-80,24,104
-68,26,-94,-123,26,45,-56,-74,-16
-124,-78,78,-110,116,12,-38,-32,88
66,82,12,101,15,46,2,126,-2
100,-48,106,101,-58,34,-118,-36,4
-22,126,80,0,80,-47,14,-46,4
-74,-88,96,46,-9,-82,-60,26,104
-74,54,-110,25,78,113,-72,-54,-38
-82,40,56,44,84,91,-92,-44,-12
98,-70,10,44,-120,-93,-22,-120,34
34,-128,-34,4,-65,-112,126,-44,-92
-18,104,2,96,85,6,-38,-98,112
20,-116,-6,-123,65,4,64,-82,60
-106,50,-114,58,-116,114,-72,50,126
-44,8,58,83,-127,-110,-28,-84,-38
-78,64,126,-3,-97,-52,-20,-24,-8
16,-70,-8,-10,-106,-24,28,70,-4
-78,0,-44,-1,-32,-5,114,66,102
-2,46,-72,-9,-23,11,-94,54,58
108,-62,-106,122,22,-115,80,-26,100
18,-6,48,120,55,-113,0,-28,-38
110,20,-8,2,60,-64,72,16,32
-62,36,34,-10,86,-59,78,-20,36
-22,126,-66,105,-120,50,-126,106,-36
-16,-116,112,93,-72,48,-126,98,20
24,86,-128,-118,-45,84,-84,-38,-18
-34,-60,90,-113,-33,90,-26,-12,-2
-82,-88,26,-35,87,96,-10,-34,122
102,-104,-84,-35,96,99,4,122,-56
-84,-64,-48,58,36,-77,-94,-38,-58
26,-28,-52,44,-1,-54,-104,-98,38
-2,6,-42,-39,47,-19,-18,40,100
-44,18,98,-57,56,-33,56,-104,-74
-16,-54,6,-39,-104,124,6,-6,-128
-48,-114,76,13,69,-116,76,126,50
22,112,-56,70,23,-102,-68,2,-112
-120,-42,-56,-116,-74,-121,-88,36,96
-90,42,28,42,56,-30,-4,56,60
-60,-100,-82,119,115,-44,66,72,-62
-24,-120,-2,-3,109,-5,-10,126,-80
36,-128,36,54,-61,-33,-108,-74,20
-58,-18,-36,34,111,55,-30,70,-128
-70,86,-28,-117,111,23,-52,-116,44
40,4,86,24,-107,11,-62,-32,94
44,-120,100,36,-114,19,-70,72,30
98,36,60,55,91,58,-106,-116,-108
-66,-42,-128,24,64,70,-118,58,-84
56,-66,-96,-12,-60,86,-4,10,120
-54,82,70,-23,-59,70,-22,90,76
36,76,20,-47,-81,103,-88,24,66
94,-110,-62,33,117,90,-118,-94,84
-64,-82,-104,90,-100,-30,-4,24,-26
56,-84,-82,-80,-101,-38,-32,82,2
-74,92,34,-36,60,73,88,110,-104
88,114,0,13,-16,105,-58,-2,0
126,-68,-1,-92,127,65,-114,52,0
4,-76,-102,19,48,93,50,0,0
92,90,126,-114,-73,-100,4,-50,24
16,60,-114,-40,-122,97,102,-68,-74
118,-2,-20,-7,26,-15,-70,-22,-18
-28,-10,62,85,58,-71,8,92,10
-52,-66,-60,14,59,-120,120,-92,60
-114,38,96,64,-110,115,112,-124,-122
106,90,-118,9,-15,61,10,114,-16
104,-120,22,17,72,50,-16,0,-106
-112,-8,-52,-117,59,-73,10,78,-68
76,74,16,-109,2,-76,-4,-114,-16
38,-86,56,-40,53,-51,56,84,-50
-22,-60,120,2,9,-36,126,54,-70
60,-76,-68,95,33,-20,-42,-124,80
44,-106,50,71,10,14,124,-124,-100
122,108,76,24,1,42,-78,64,96
46,106,120,-35,22,60,-76,-12,106
-100,94,76,54,-89,-64,-116,-70,-92
-50,52,70,-3,-74,-54,-66,-114,-26
84,82,56,45,78,18,-60,-24,-76
76,74,106,98,64,37,4,-10,-74
-96,80,48,121,25,7,12,36,102
74,-12,-110,110,-22,-12,44,-2,-80
100,-32,-110,-53,35,61,-124,-20,60
100,70,12,-43,6,61,16,-20,-94
46,-58,-106,26,-40,-94,66,-88,10
-40,-22,124,27,-31,-84,88,-8,16
-62,94,92,-126,64,-62,-42,112,50
54,108,16,87,71,-63,-36,48,114
-86,86,104,0,-13,-7,64,-76,54
-62,-54,-42,10,-6,20,38,36,90
-118,54,70,-36,-118,19,64,110,-44
52,-52,-16,-89,-82,6,88,12,-36
-52,-60,32,20,-96,53,-84,-126,10
-106,-88,58,-21,-114,63,-94,108,-54
-66,76,-70,113,-111,1,-26,10,-112
-124,-4,-14,93,123,16,-32,14,124
14,-6,58,57,48,8,-82,-34,126
10,70,-46,94,54,44,126,84,0
-88,-72,92,12,-6,-84,122,-38,0
60,122,60,17,-45,-28,96,-24,-98
-36,62,-26,-82,-14,20,52,36,126
78,120,-84,-99,6,17,-62,108,126
-46,-2,-92,-76,66,25,-72,-64,36
-28,122,-80,-97,88,21,-70,-8,-20
46,-44,66,-110,48,71,90,102,38
-46,0,96,122,86,57,-58,120,8
26,104,22,-18,-112,-28,98,-62,-20
-30,-62,30,-38,96,-31,80,30,-124
84,28,-94,-17,127,-127,-124,-46,50
106,46,112,-23,105,-114,106,-24,26
-128,-26,-92,81,-3,-118,-118,38,122
30,32,42,38,-42,-106,60,-56,-10
-70,20,122,39,23,63,14,-58,94
58,118,50,26,15,73,-54,-34,-12
-52,-72,-4,60,-66,14,114,74,-84
30,32,104,-28,-14,-2,26,-84,26
-108,-100,-126,-55,68,-20,-128,8,78
122,-106,-128,58,53,-19,4,-106,-52
8,-26,-122,-122,36,41,46,54,32
96,16,-2,-31,16,97,76,-90,-114
74,110,36,-99,-56,-15,76,86,-34
-126,-128,124,-48,-114,93,104,0,-62
28,-54,24,12,-12,77,34,40,76
80,-104,20,101,-44,116,-38,84,-90
34,-44,-70,-19,-53,-58,94,112,-80
82,-54,-42,-114,-24,-38,50,36,72
-42,18,-38,125,51,-94,46,104,6
-42,26,-106,51,88,-85,-84,104,-44
-60,86,60,-15,81,-65,86,-16,-26
-24,-48,-8,43,33,-125,20,-78,78
102,-38,94,-48,108,24,38,78,124
30,8,34,88,-98,-49,-10,40,4
-2,-56,-34,-25,-39,86,84,112,-116
-98,-110,-8,65,43,61,120,80,40
-76,92,40,68,52,47,-120,-118,116
38,78,-50,54,-109,36,70,14,-112
-80,-112,-56,87,-94,-24,-16,16,-118
74,-90,80,94,106,-24,-32,-6,-98
-76,-126,66,-89,36,83,-90,126,-42
-48,106,86,104,30,-124,-30,30,-24
54,20,88,-23,100,91,-122,56,40
-74,50,-24,108,-96,-117,118,28,-54
30,-112,-18,65,-53,30,-48,-4,-78
116,-122,-22,-23,57,45,38,-92,118
48,-116,24,49,-14,-95,-56,30,-94
-66,-116,-16,-1,10,-50,-2,-14,-56
-52,76,78,78,-113,39,-78,-54,88
-100,108,-114,61,-100,117,-16,80,72
-54,-60,54,103,-31,-66,68,-32,46
-12,-60,46,77,-76,-13,68,-16,-8
88,36,-4,-1,-91,78,26,20,58
-48,-16,88,-25,-58,79,44,-4,60
108,18,48,-54,3,-36,34,-116,-36
54,-86,2,-37,3,-29,-22,-106,-30
-48,60,76,-55,110,-55,-44,-22,94
-102,82,20,-40,102,-9,-42,78,116
-74,54,-112,90,88,-116,-54,-106,-10
-126,88,-114,78,89,-112,-50,-78,-72
-94,-24,24,109,103,-78,-44,34,8
-108,66,58,86,85,-75,20,86,114
106,18,-82,108,-83,92,-96,-44,56
122,-26,-80,-119,-93,110,-26,-8,74
-2,-84,48,117,48,-104,86,-122,66
108,-68,84,106,21,-109,100,108,32
-66,4,-30,-36,-38,-25,50,-84,122
-22,56,-114,-75,-65,-48,-104,-82,-104
-126,78,118,-80,66,89,-22,62,-112
-24,84,18,-71,88,86,16,84,72
18,-92,-60,107,-118,109,-120,70,2
-66,26,-74,-113,47,114,-28,66,-86
24,32,-96,116,47,78,-68,-2,-12
-104,-102,-52,-32,26,99,24,-56,-76
-86,-120,92,-17,-17,94,118,-52,-76
-28,46,60,82,38,71,42,52,48
120,84,124,-28,-111,-101,70,20,54
-100,-6,-92,81,-29,-49,74,12,62
12,54,4,-120,66,44,108,78,-80
-18,-48,12,0,-100,50,48,120,-54
-68,-34,70,47,115,70,-116,-98,-16
88,22,-74,115,-17,54,-34,110,2
-102,84,110,112,-110,-7,44,0,126
30,36,-94,112,-112,5,-50,-42,118
-58,-110,100,37,-99,-71,-8,74,34
20,78,-110,74,-18,-61,16,70,90
58,-114,54,-67,-18,63,-118,72,-16
70,-92,14,-55,-8,48,-60,18,66
52,44,-88,112,-81,68,-88,-82,-126
-46,-12,-68,120,123,57,-36,-84,60
-118,98,-100,7,81,121,-4,-16,64
-62,-110,-46,3,54,-117,-36,92,-66
-80,96,14,68,68,-24,-100,94,-26
-16,76,-38,79,63,-9,-32,110,-20
34,14,10,42,-1,67,114,-92,-44
126,8,26,-38,-21,48,-90,-64,-66
4,100,-56,100,15,118,-52,20,-96
54,-80,-38,-124,-19,85,24,46,-114
24,-108,-88,93,-124,56,-108,46,-76
-100,50,-26,-128,126,70,-84,4,-108
2,-34,-24,-18,-51,37,-50,0,-4
18,-104,-48,4,-96,34,16,120,14
36,-72,-40,42,-26,-109,-118,78,112
-16,96,-100,-4,-40,-121,-110,56,-96
-26,-110,-34,-106,63,-120,-6,106,6
40,-58,-2,-125,55,-114,92,-94,-108
-100,92,58,91,107,107,-50,114,-66
24,-110,98,76,109,124,44,-128,-94
4,68,60,85,43,126,42,42,90
-84,-4,-16,75,62,-112,-10,88,64
-126,58,-108,20,-60,49,-118,-92,38
66,54,-106,-36,-67,68,102,126,38
-90,-50,38,-87,122,-46,-48,56,-100
48,-98,40,73,89,-26,40,-44,36
18,60,-124,-55,-60,-15,58,-128,-42
66,42,-36,125,-49,9,-28,-94,-90
-104,84,-46,89,-33,41,-72,0,96
118,120,-92,11,59,64,-100,-20,52
-126,126,78,87,86,29,-78,-30,-98
-108,-48,-64,17,72,68,116,-38,90
-84,-40,-28,-32,-62,-109,74,-50,-36
-14,126,-34,-48,-112,-100,2,-18,4
8,-66,-54,-111,-121,2,-74,14,32
-28,-36,22,28,-44,-9,-98,52,2
84,-6,-40,36,111,-3,56,-52,74
-112,46,24,-28,-66,-46,-40,-2,60
18,-122,-100,-1,-31,12,126,22,34
-8,12,28,63,6,-90,-68,112,100
-114,-40,-16,-91,70,89,92,-98,-64
62,14,-44,0,65,24,76,116,108
-74,-12,28,20,-101,69,-16,102,82
88,44,-14,-104,-52,51,2,-46,-100
46,-10,62,29,-12,-120,72,-2,104
38,28,4,-120,2,-119,-44,-2,-112
72,-4,4,5,52,-119,-128,-6,80
-52,-4,50,48,89,-121,-74,-34,-18
-2,-100,-50,32,-110,-127,108,-62,12
-48,120,-20,45,-88,-119,12,78,-58
-74,82,-88,-3,59,74,70,-64,-4
-58,-34,-106,-11,67,74,98,12,42
62,60,-46,-20,75,-79,44,52,-100
-36,36,-44,-58,73,-100,60,98,-120
26,116,-126,25,-52,-94,92,-16,108
116,124,28,-31,20,-116,98,-84,-120
4,90,68,78,-48,49,10,-64,4
14,-36,84,52,-32,55,-66,82,8
12,46,-108,12,-58,-17,-104,-92,-30
-44,2,-88,19,-52,-12,58,26,-84
-34,18,56,-120,121,113,74,80,-22
18,-28,-70,-60,121,92,52,-128,-84
-124,0,78,-10,-17,10,110,-28,76
-80,-124,-52,97,-42,-9,16,-128,108
0,-118,-128,2,126,-28,-128,66,-68
-22,62,22,101,102,-62,82,-128,126
-92,116,118,-91,-39,104,16,74,-102
66,-116,106,-46,-43,68,-124,34,-28
100,-110,26,-100,113,-66,40,-98,126
-122,-44,-128,-109,115,-94,60,-70,108
-2,-56,18,-58,120,78,12,102,-80
28,-114,120,-82,104,65,-126,96,-82
-100,68,24,33,39,-126,-52,32,96
-34,-8,110,20,41,-99,-94,82,62
4,-86,86,125,37,-120,-86,46,94
-78,-94,62,122,106,-102,-92,116,50
-16,-38,116,95,15,91,90,-18,-56
-24,-42,90,104,14,88,-92,-108,-82
30,124,126,61,-90,-90,-118,-74,116
-84,38,94,92,-67,122,62,-38,-72
72,10,-16,-102,26,-111,-104,68,-96
30,-102,-52,-25,25,100,-112,6,60
86,48,-94,84,-20,21,104,42,90
-74,-2,-92,-73,8,-2,6,94,-84
94,-70,42,-4,76,-51,104,-102,-46
-52,-118,-64,92,101,-43,126,120,-8
-66,42,122,-93,35,-62,80,86,28
106,44,-2,-62,24,-66,114,-58,-14
10,88,-10,69,-49,121,-88,-98,102
72,-70,-118,106,-59,110,-58,-8,60
102,-120,-102,112,20,79,58,120,122
8,-62,34,-101,17,78,-62,-114,68
-126,-82,-66,33,-84,96,-38,-84,18
-76,112,72,77,-65,91,-62,126,54
58,66,-32,88,0,-20,110,114,70
-94,-124,50,-108,34,-41,-54,-122,-34
-100,14,-66,88,-58,-88,38,-88,-36
-122,86,104,122,-13,126,106,-60,66
-116,-8,-24,3,-26,97,60,-64,18
-20,30,-46,30,14,64,-80,12,94
46,104,-126,-19,-124,85,20,100,68
82,-76,-64,39,-99,60,56,26,-26
-58,-34,-54,30,-112,85,-28,-122,96
64,74,98,75,-100,65,4,90,24
-48,126,-120,-3,-3,3,66,58,-8
94,-80,68,29,-9,1,-68,14,-32
6,30,68,-69,-39,97,102,22,-18
-68,92,-110,-60,-47,-127,-60,-46,14
-114,-120,-98,75,-11,-29,54,-124,-10
38,-48,74,2,-53,-50,-70,-42,-42
-66,-8,10,98,-74,-19,-74,-90,-78
-50,20,-36,-76,-113,-57,-44,126,112
122,36,-120,39,65,-98,78,-82,88
52,52,68,81,120,-75,12,126,-40
-28,60,-42,-22,96,5,-114,-118,-120
8,-36,-8,-110,-117,-50,-120,-2,-100
-110,106,80,-28,-114,104,-124,90,122
-54,-110,114,-19,114,54,96,20,-18
46,-120,50,-25,-9,-114,-30,-66,-6
98,-118,-106,-109,-57,-111,120,62,-76
74,-114,-18,110,-85,-14,-50,10,34
118,-74,48,-81,-114,-11,86,98,32
96,-118,-126,120,117,8,20,-2,32
106,-48,122,-61,21,34,118,8,-102
6,-70,86,75,-93,13,-12,22,32
-104,40,-8,-29,30,9,-52,-30,88
64,-102,-1,-126,94,-73,-32,-1,112
-124,-114,-1,68,-124,-25,-22,-1,-104
64,-10,-34,96,28,-123,44,-64,22
-104,20,0,19,-58,85,24,-40,56
-70,-30,122,-32,-67,-88,-110,116,102
26,126,60,38,-54,-83,-8,94,-108
18,118,-118,71,-86,87,28,52,-56
-124,-72,-12,107,79,34,-86,92,-32
34,-64,92,-70,47,41,-74,32,-70
-86,118,-90,98,-34,-51,30,40,44
-32,-90,86,47,12,-5,-48,-18,32
-74,76,-28,108,4,-52,-2,68,-74
-84,106,-68,83,-21,-114,-124,-124,28
100,26,18,77,-105,-110,-96,-128,82
4,102,56,-102,106,-1,-102,-72,62
-12,-104,-74,-90,26,30,-114,126,12
66,-116,18,-24,-92,77,-94,-72,26
124,-20,68,2,89,90,92,40,-56
-64,-50,-12,74,-128,37,-56,106,32
-54,28,28,100,-122,60,-10,-122,-56
-10,12,-42,7,-55,-69,54,-116,94
-44,88,-32,-61,125,-60,2,2,62
2,-86,8,61,-2,-34,42,-60,-20
18,106,-112,-43,52,-18,0,-124,4
-110,-20,86,50,-52,-121,-6,52,-60
-60,-12,-54,23,-91,110,-36,90,36
-54,126,-126,-73,25,17,18,50,102
44,122,60,122,16,0,-30,72,36
68,-126,42,28,25,-7,94,126,50
-86,34,-116,-60,107,-25,36,66,72
62,70,-60,-69,93,-16,90,-84,-4
-96,-112,70,-45,74,7,58,-8,-74
-64,-120,-58,-3,10,-70,64,-118,88
-104,-14,-24,-16,-45,-58,104,-122,36
-42,-40,100,-83,-58,52,54,-96,-24
-30,-18,4,-91,-113,51,26,-76,-46
112,-122,-26,-67,-43,25,60,-116,-74
-64,-104,108,122,-17,15,88,-78,88
2,2,102,50,36,9,-6,64,-12
-72,-94,-100,-41,50,6,6,58,-54
94,72,-112,-102,113,-96,34,124,78
-36,-26,10,61,84,-53,12,104,66
54,-70,-74,-56,-81,121,32,56,-112
120,30,-50,-91,-83,-103,-100,48,-18
10,6,-2,-51,117,-26,16,14,-60
48,104,68,-90,85,-21,-114,114,-66
-114,-24,-62,25,25,8,4,-76,-86
-106,-120,-10,-77,-17,18,-100,38,-60
-60,-128,-36,-80,4,90,42,-78,-38
-42,64,64,111,-11,-116,-88,88,28
14,-52,90,-103,-12,-68,-118,-62,74
-8,84,-28,-127,-60,-14,86,28,6
-12,-24,-70,-70,-112,78,-8,36,114
-32,68,-52,-84,-113,102,92,36,22
78,-2,-94,52,68,-50,42,116,40
30,-100,-6,-9,55,-62,-2,52,96
-54,48,56,-127,109,-27,10,48,-84
92,76,-68,96,107,-49,-42,-116,-60
-98,-78,-114,-78,-18,94,112,92,124
-106,-28,34,-96,-16,88,68,-2,28
34,-80,-30,51,-128,-110,10,64,-48
80,-110,-34,13,102,-122,-52,-74,98
66,-78,-104,-59,27,87,86,-16,-100
-94,-22,-48,-84,0,107,48,-24,-126
-110,86,50,88,-60,116,-20,66,-126
98,86,28,59,-65,-120,-46,-6,90
104,-42,114,-105,-15,9,58,52,-56
-104,-118,-102,86,24,63,96,114,-76
90,8,-66,86,69,114,-58,-104,74
-22,46,-104,31,97,-111,-32,108,-64
-38,14,-108,-26,-34,-46,-76,56,116
-32,-108,-82,-76,-4,-29,100,-106,-104
6,70,94,54,-1,5,-8,-58,60
-66,74,-112,-13,22,25,4,56,10
-80,96,110,-7,-28,-58,82,-20,118
-96,-84,46,-63,-23,-54,68,-90,98
-48,-128,-6,-19,72,-31,38,40,94
20,60,-18,-64,21,-37,-124,92,-92
10,-114,50,-104,-11,-2,-110,28,102
24,48,124,111,-26,3,60,6,18
-14,-14,-54,-105,-125,-52,-40,120,86
88,82,-14,113,97,-38,-46,-2,88
12,38,-48,89,104,45,-106,-12,-74
18,62,-88,44,122,66,100,-118,-8
-66,-116,-46,-90,62,72,40,10,52
-36,106,-18,-115,58,77,88,90,118
-48,98,70,64,91,6,120,44,120
12,-114,-116,66,105,27,-80,16,38
32,-58,104,124,-17,-101,-80,-26,-106
-122,-128,102,-125,9,-98,-84,112,-100
50,-24,-34,-112,-121,-64,52,88,-18
-46,52,-90,-120,-36,-65,58,106,96
-60,-12,-32,71,-45,23,-28,-90,-34
-22,-14,82,69,-19,31,-128,-42,-32
-34,-100,66,64,2,104,50,26,68
94,-12,96,-13,126,-119,18,96,8
78,-122,120,0,-20,-64,78,-46,-92
34,16,-100,5,-63,-37,108,18,80
-48,-60,-30,52,86,-13,56,86,48
24,76,116,-85,-71,11,76,74,12
-42,32,-118,115,-128,-61,-104,-122,124
-76,40,36,84,121,-51,120,88,104
-72,-16,-106,17,-51,120,0,-66,-128
84,-106,112,-48,-83,111,-88,-114,112
-120,100,46,-6,-6,16,60,114,34
32,-40,44,6,-42,43,2,-126,78
-116,78,-82,55,4,-93,30,-20,-30
-36,80,-26,105,10,-65,-6,76,-56
98,84,-24,-113,-35,46,30,-34,-12
-86,-120,-48,-81,-63,29,42,-42,-8
38,42,34,77,19,-77,56,54,-64
-38,42,94,81,10,-95,-116,28,-6
4,0,-66,-8,-29,118,-22,-104,-104
44,-110,80,-32,15,125,-114,-20,54
-82,-18,-58,84,110,31,70,54,-116
-82,16,40,30,126,55,70,22,-112
-38,12,-42,-17,25,102,80,-62,-46
-120,-10,60,-19,47,125,104,-56,-6
124,-106,-8,5,-87,-4,48,122,90
78,-108,114,26,-77,-6,60,-42,-128
-94,-72,-86,-9,0,124,-52,68,94
-32,120,32,-13,40,73,-50,42,8
44,-96,-66,20,56,-73,-12,10,-62
-70,126,-76,85,92,-109,86,-16,-80
-116,16,-100,-36,-4,100,-60,-12,38
-98,-24,54,-16,45,92,-16,-98,-36
-98,-30,26,-22,-12,24,-54,-104,102
116,-36,-2,-41,47,16,-44,-108,122
122,110,-86,-53,-36,-66,4,-100,22
76,124,-6,-77,-78,-67,8,-88,-60
-20,116,96,-47,-110,37,-40,-66,96
54,98,-8,114,-114,66,-64,-36,-36
10,-18,40,101,94,-48,-24,2,102
124,-38,22,-16,27,-7,-88,0,22
-58,-64,-88,70,24,90,24,-94,82
-4,-66,-122,75,-23,-103,-54,-128,-100
114,-94,-124,69,61,123,20,74,42
92,-74,114,4,-119,-116,8,84,-28
-28,-6,-92,-24,124,113,-8,50,74
-66,26,114,61,117,109,102,-122,-14
46,110,-28,-37,68,49,-96,-30,-8
-124,4,-88,-68,-102,90,-124,32,-26
8,-46,56,127,103,89,-82,-112,26
92,-112,96,-113,0,78,-54,-24,34
26,124,-112,-64,-40,54,84,-22,-54
-54,-98,-76,-55,78,-26,78,94,-34
-94,-68,38,18,119,24,32,86,-92
-2,-14,-88,78,71,0,34,80,94
-72,-74,108,59,28,-14,-10,-62,10
-108,-14,-126,113,-3,-86,20,-92,-40
-28,-120,-6,-121,66,42,2,122,116
-36,-84,42,-92,3,16,46,106,-62
92,-16,-6,-74,44,-88,-20,0,22
-34,-102,0,0,19,-88,-124,40,-20
-20,-2,16,110,26,-116,-84,98,20
102,-98,126,126,46,-118,-114,-70,42
-12,-86,80,126,-92,65,28,-84,58
-46,-70,50,115,-56,76,64,-82,30
-114,-104,82,-106,-17,82,10,-64,-30
-54,104,-102,-97,-13,89,0,-88,-72
-2,38,-20,-90,90,70,-100,34,16
20,38,44,-71,102,94,-90,98,4
-12,-112,-8,-117,92,-17,74,-20,-30
-80,-28,-54,-115,123,-20,42,2,-72
-126,-58,32,-43,-103,-86,-14,28,-114
-60,32,14,-61,-111,-99,-90,72,-62
-86,78,34,77,-12,72,-120,22,-116
8,-80,4,80,-21,65,40,8,-84
-20,-26,90,-104,25,-6,-48,48,-126
32,-114,110,-77,30,-8,-26,-102,36
-106,30,40,-128,33,-42,-84,92,-4
116,4,88,-76,49,-49,-126,-114,28
-50,-36,-6,-88,39,74,46,-74,98
-118,-46,46,-55,28,59,114,52,-60
-100,-20,52,5,97,-113,-18,42,26
-64,-124,-88,30,48,-128,-56,66,60
94,96,20,-78,39,62,-12,-18,-66
86,44,94,-5,32,67,10,-14,44
100,76,-18,122,84,-50,-84,-126,60
14,84,84,-51,-121,-84,86,-94,-48
-14,-116,-38,-76,68,-23,-18,94,-112
-26,-72,-38,19,92,-54,-8,-106,-82
-112,-112,-10,57,-29,125,-120,-34,44
108,106,-114,127,-4,59,-94,-86,-70
-58,0,-72,112,-106,-40,112,96,34
12,52,28,-108,-55,-71,24,-50,-36
-32,-126,82,17,27,82,-36,126,30
-80,126,10,50,31,89,16,40,-94
-94,14,76,-21,60,21,108,46,-40
30,-104,-24,15,68,16,-112,-80,-116
80,120,-72,-89,1,-16,68,-52,36
-72,-106,-16,-38,-20,-64,-26,-12,84
-32,-44,104,16,60,119,-14,-124,68
20,4,-88,49,99,78,100,-100,122
58,90,34,-2,62,60,70,116,-40
-72,-98,-128,27,101,53,-60,102,98
48,-54,30,-37,55,60,-56,-106,52
-4,26,-68,-20,94,48,-24,22,-92
22,76,-24,-43,100,108,20,106,-102
106,-86,124,1,103,113,-32,-8,56
64,66,102,-54,-89,-63,8,-28,-56
-40,-22,-104,-6,-73,-50,46,-84,14
-98,-38,52,-36,-95,64,-110,-78,126
-68,56,106,-31,-79,65,-82,-24,-122
-88,58,-72,-29,-120,-118,28,20,-44
-98,-16,-70,-34,-105,-123,-106,90,-12
90,108,-44,-97,21,-55,74,66,20
22,-120,-48,-92,37,-45,66,-26,6
114,24,6,-26,109,-119,-74,-4,44
96,40,-24,-21,70,-114,116,-58,96
12,-44,-116,113,-41,33,120,58,80
112,-62,-92,65,-56,41,-84,4,28
-68,68,-12,-40,-110,-76,-74,-76,126
-46,-6,-128,-103,-105,-86,-80,24,30
2,-106,110,-51,117,-70,-86,-104,-126
2,-4,-126,104,-102,-76,14,92,92
2,-2,-104,-103,50,123,82,-50,6
-76,56,118,30,-102,71,100,-70,-22
-6,-66,98,120,-126,96,-92,-126,32
46,122,-80,-50,7,94,-50,-90,-18
118,-12,12,-20,-25,-128,100,88,84
94,36,-46,73,80,113,54,78,102
-92,-108,58,41,-78,59,-120,-42,90
84,-96,50,126,-116,6,34,-36,-44
-38,-4,-30,18,-89,38,-90,-42,80
116,94,56,73,-54,21,-94,-20,110
60,-60,-84,112,85,53,-36,114,-110
108,-98,-120,-94,50,84,-128,-54,50
-10,68,84,110,74,78,78,52,-78
-70,-8,-98,83,82,123,46,50,78
-72,0,-1,-110,-80,-59,0,-1,-1
-84,-22,-1,-25,114,-61,0,-1,-34
26,-70,-42,62,-36,-5,-118,68,-128
38,0,66,-18,-64,-34,8,114,-84
-86,-78,76,-111,-72,20,62,24,112
-48,-120,112,90,127,-38,66,-66,-78
