-16560,-1616,5532,-3628,-1637,4058,2536,18368,-356
-16560,-1616,5532,-3628,-1637,4058,2536,18368,-356
-17032,-1512,5436,-3895,-1582,4119,2656,16836,-648
-17032,-1512,5436,-3895,-1582,4119,2656,16836,-648
-17216,-1624,5444,-4474,-1711,3121,3052,17084,-740
-17260,-1664,5476,-4818,-1971,2348,2340,17728,-1064
-17260,-1664,5476,-4818,-1971,2348,2340,17728,-1064
-17404,-1720,5752,-5290,-2048,1377,1196,17588,-1116
-17404,-1720,5752,-5290,-2048,1377,1196,17588,-1116
-17856,-1816,6180,-5568,-1471,515,400,16908,-892
-17856,-1816,6180,-5568,-1471,515,400,16908,-892
-18064,-2008,6804,-5676,-614,-59,288,16048,-464
-18064,-2008,6804,-5676,-614,-59,288,16048,-464
-18164,-2272,7624,-5822,-417,-177,1652,14988,-820
-18216,-2344,8132,-5860,-520,-191,2048,14620,-908
-18264,-2460,8668,-5862,-799,-166,2692,14264,-680
-18264,-2460,8668,-5862,-799,-166,2692,14264,-680
-18364,-2384,9852,-5625,-1117,-325,3636,12964,-88
-18364,-2384,9852,-5625,-1117,-325,3636,12964,-88
-18104,-1900,9104,-5323,-1346,-539,5120,12504,576
-17848,-1820,8920,-5272,-1369,-669,5432,13088,992
-17848,-1820,8920,-5272,-1369,-669,5432,13088,992
-16968,-1540,7700,-5504,-1439,-1517,5624,14956,1424
-16968,-1540,7700,-5504,-1439,-1517,5624,14956,1424
-16700,-692,6948,-5705,-1933,-2861,5368,13908,1492
-16556,-664,6724,-5767,-2274,-3550,4600,13056,972
-16556,-664,6724,-5767,-2274,-3550,4600,13056,972
-15944,-892,6520,-5867,-2885,-4632,4672,11124,704
-15944,-892,6520,-5867,-2885,-4632,4672,11124,704
-15140,-1136,6488,-5876,-3309,-5192,4324,9740,-532
-14888,-1624,5956,-5920,-3766,-5407,6008,11040,-52
-14888,-1624,5956,-5920,-3766,-5407,6008,11040,-52
-15976,-2364,4072,-5978,-5218,-5789,10040,12220,-4760
-17352,-2940,3420,-5937,-5963,-6008,11620,16436,-6496
-17352,-2940,3420,-5937,-5963,-6008,11620,16436,-6496
-19976,-3472,2668,-5146,-6767,-6335,11680,23044,-12096
-21008,-4048,2572,-4647,-6055,-6246,11824,26244,-16616
-21008,-4048,2572,-4647,-6055,-6246,11824,26244,-16616
-22112,-5072,3516,-4114,-4354,-6242,3676,27996,-26800
-22112,-5072,3516,-4114,-4354,-6242,3676,27996,-26800
-20884,-6108,1792,-3335,-3110,-5747,1268,23676,-26104
-19892,-7000,1088,-2978,-2198,-5162,2040,18264,-21900
-19892,-7000,1088,-2978,-2198,-5162,2040,18264,-21900
-18928,-7868,480,-1818,720,-4046,2732,12428,-15468
-18928,-7868,480,-1818,720,-4046,2732,12428,-15468
-17676,-8360,-160,-1411,2167,-3376,1948,10316,-10124
-16916,-10820,-2412,-1078,2583,-2921,2132,9012,-8980
-16916,-10820,-2412,-1078,2583,-2921,2132,9012,-8980
-13852,-10264,-3860,-865,2985,-2720,3488,8360,-6920
-13852,-10264,-3860,-865,2985,-2720,3488,8360,-6920
-13080,-10984,-3388,-810,2756,-2704,4620,8568,-5176
-12632,-11172,-3656,-839,2591,-2762,5456,8168,-4544
-12632,-11172,-3656,-839,2591,-2762,5456,8168,-4544
-12028,-11256,-3308,-879,3742,-2953,6976,8232,-3276
-12028,-11256,-3308,-879,3742,-2953,6976,8232,-3276
-11108,-11248,-3224,-1317,4516,-2795,6076,8552,-2384
-11108,-11248,-3224,-1317,4516,-2795,6076,8552,-2384
-10208,-10924,-3020,-1705,4922,-2393,3140,9040,-1740
-10208,-10924,-3020,-1705,4922,-2393,3140,9040,-1740
-9780,-10468,-2752,-2218,3946,-713,1832,9328,-936
-9780,-10468,-2752,-2218,3946,-713,1832,9328,-936
-9848,-10472,-2072,-2407,1989,970,1480,10116,-1268
-9808,-10336,-1888,-2335,1180,1586,2164,10680,-1140
-9808,-10336,-1888,-2335,1180,1586,2164,10680,-1140
-10644,-9980,-1300,-1885,-442,2729,3984,12580,-2000
-10928,-9800,-988,-1613,-802,2927,5564,12992,-2308
-11284,-9516,-924,-1200,-825,2875,8072,12504,-2136
-11284,-9516,-924,-1200,-825,2875,8072,12504,-2136
-12216,-8728,-708,-464,-218,2483,9712,12664,-1988
-12216,-8728,-708,-464,-218,2483,9712,12664,-1988
-12996,-8032,-772,139,367,1598,6524,13196,-2440
-13352,-7488,-612,391,601,1140,5956,13652,-2612
-13352,-7488,-612,391,601,1140,5956,13652,-2612
-14508,-6788,-672,764,943,199,5960,13652,-2132
-14988,-6380,-808,849,761,-38,5844,13884,-2000
-14988,-6380,-808,849,761,-38,5844,13884,-2000
-15904,-6028,-292,1083,864,-785,7496,15248,-388
-16368,-6080,-140,1016,1131,-1415,6788,14864,340
-16368,-6080,-140,1016,1131,-1415,6788,14864,340
-17280,-6180,628,897,1696,-2995,8396,15268,552
-17280,-6180,628,897,1696,-2995,8396,15268,552
-17788,-6480,1536,682,2443,-3928,8068,14068,1736
-17788,-6480,1536,682,2443,-3928,8068,14068,1736
-18104,-6984,2340,181,3119,-5151,8536,16488,2748
-18272,-7256,2444,-104,3194,-5546,8520,16184,3304
-18272,-7256,2444,-104,3194,-5546,8520,16184,3304
-18564,-7364,3308,-858,3382,-6002,6568,15164,1852
-18564,-7364,3308,-858,3382,-6002,6568,15164,1852
-19216,-7648,3784,-1623,3142,-6554,6148,16212,2668
-18876,-8256,6096,-1747,3102,-6670,6596,15416,2528
-18876,-8256,6096,-1747,3102,-6670,6596,15416,2528
-19708,-7744,4496,-1833,2953,-7048,6036,16564,2464
-19708,-7744,4496,-1833,2953,-7048,6036,16564,2464
-20012,-7336,4352,-1972,2813,-8090,5952,16308,2620
-20172,-7040,4248,-1876,2617,-8818,6692,15688,2456
-20172,-7040,4248,-1876,2617,-8818,6692,15688,2456
-20484,-6360,3960,-1518,2443,-11096,10484,16824,2220
-20424,-5672,3964,-1476,2557,-12287,7968,15444,1620
-20424,-5672,3964,-1476,2557,-12287,7968,15444,1620
-20060,-4744,3748,-1319,1690,-12983,8100,15728,1876
-19936,-4304,3380,-1147,1637,-13536,7232,14760,1212
-19936,-4304,3380,-1147,1637,-13536,7232,14760,1212
-19204,-3464,3616,-895,909,-15471,3236,14652,224
-19120,-3468,3544,-564,1060,-16408,2960,14676,20
-19120,-3468,3544,-564,1060,-16408,2960,14676,20
-18556,-2820,3744,-307,1345,-17897,3640,15688,-516
-18072,-2364,3692,-160,1447,-18132,4880,16376,-908
-18072,-2364,3692,-160,1447,-18132,4880,16376,-908
-17084,-1276,3328,-31,1074,-18464,5180,18736,-3304
-17084,-1276,3328,-31,1074,-18464,5180,18736,-3304
-16372,-1352,3028,370,1409,-17959,4112,18772,-4232
-16372,-1352,3028,370,1409,-17959,4112,18772,-4232
-15552,-408,1324,655,1597,-16188,5808,18676,-4724
-15552,-408,1324,655,1597,-16188,5808,18676,-4724
-15364,-560,1896,1054,1261,-14643,5616,17340,-3468
-15252,-576,2048,1239,940,-14097,5044,16512,-2592
-15252,-576,2048,1239,940,-14097,5044,16512,-2592
-14664,-1848,2336,1272,236,-13473,284,13408,-2532
-14664,-1848,2336,1272,236,-13473,284,13408,-2532
-14568,-3276,3932,1218,-47,-12587,188,13084,-1516
-14548,-4620,4628,1248,-130,-12200,1344,12612,-2540
-14548,-4620,4628,1248,-130,-12200,1344,12612,-2540
-13980,-4856,3488,1180,-471,-11161,1364,12444,-2072
-13980,-4856,3488,1180,-471,-11161,1364,12444,-2072
-13228,-5536,2780,1398,-607,-11358,3040,11340,-3312
-13228,-5536,2780,1398,-607,-11358,3040,11340,-3312
-12608,-5052,1924,843,-1139,-10777,5684,12908,-1896
-12336,-4956,1864,690,-1109,-10121,2096,14740,-2468
-12336,-4956,1864,690,-1109,-10121,2096,14740,-2468
-11956,-4824,1124,309,-1433,-9115,232,13916,-1152
-11904,-4936,948,198,-1646,-8739,-2088,13140,-1640
-11904,-4936,948,198,-1646,-8739,-2088,13140,-1640
-11916,-4980,172,-262,-1893,-7592,-2568,10668,2664
-11916,-4980,172,-262,-1893,-7592,-2568,10668,2664
-12124,-4720,-1368,-684,-2351,-6823,-564,11724,3736
-12332,-4568,-1540,-1115,-2396,-6680,1020,12312,3400
-12332,-4568,-1540,-1115,-2396,-6680,1020,12312,3400
-13360,-5000,-2200,-1731,-2588,-6265,1240,15432,2584
-13360,-5000,-2200,-1731,-2588,-6265,1240,15432,2584
-15136,-5608,-2228,-2207,-3174,-5710,4632,20972,1836
-15892,-5772,-2128,-2317,-3306,-5340,4100,24200,1348
-15892,-5772,-2128,-2317,-3306,-5340,4100,24200,1348
-19224,-6868,-2624,-2385,-3120,-4282,2248,26284,1116
-21268,-6232,-2024,-2410,-3162,-4004,2068,26204,1344
-21268,-6232,-2024,-2410,-3162,-4004,2068,26204,1344
-24776,-6988,-1636,-2170,-2734,-3786,-3472,20824,-544
-24776,-6988,-1636,-2170,-2734,-3786,-3472,20824,-544
-25676,-6840,-1464,-2295,-1171,-3380,-1004,16776,-1112
-25676,-6840,-1464,-2295,-1171,-3380,-1004,16776,-1112
-23680,-6832,-1948,-2070,1027,-3386,-908,15680,-1332
-21776,-6720,-1956,-1962,1505,-3496,-1064,15508,-1896
-21776,-6720,-1956,-1962,1505,-3496,-1064,15508,-1896
-16680,-5920,-2944,-1676,1516,-3255,-336,15524,-1272
-16680,-5920,-2944,-1676,1516,-3255,-336,15524,-1272
-13092,-5984,-2576,-1046,1403,-2975,1288,15432,-936
-12020,-6560,-1896,-1058,1157,-2462,2260,16188,-208
-12020,-6560,-1896,-1058,1157,-2462,2260,16188,-208
-8168,-8312,844,-970,1088,-1545,3412,14980,1120
-7520,-9824,748,-1136,1027,-1222,2948,14672,312
-7520,-9824,748,-1136,1027,-1222,2948,14672,312
-7868,-9664,3560,-1504,666,92,2296,14788,-436
-7868,-9664,3560,-1504,666,92,2296,14788,-436
-11984,-11980,9348,-1951,-572,1315,2744,15140,-1752
-11984,-11980,9348,-1951,-572,1315,2744,15140,-1752
-16336,-10216,10924,-1945,-1556,2253,2800,14700,-3016
-16336,-10216,10924,-1945,-1556,2253,2800,14700,-3016
-18176,-8272,8584,-2188,-3355,3690,3180,15128,-3828
-18176,-8272,8584,-2188,-3355,3690,3180,15128,-3828
-17944,-3564,6984,-1806,-4992,4442,2900,15632,-4360
-18004,-1896,5788,-1560,-5593,4553,2760,15932,-4244
-18004,-1896,5788,-1560,-5593,4553,2760,15932,-4244
-19080,1768,7004,-750,-5355,3994,2464,16336,-4240
-19080,1768,7004,-750,-5355,3994,2464,16336,-4240
-20292,3188,9812,-542,-3662,2918,756,16204,-4488
-20292,3188,9812,-542,-3662,2918,756,16204,-4488
-19708,976,13248,-315,-1908,2356,1248,15796,-2844
-21636,4876,13236,-225,-1410,2481,936,15624,-3152
-21692,2336,13568,76,-1035,2713,932,15560,-3004
-21692,2336,13568,76,-1035,2713,932,15560,-3004
-22068,624,14072,194,-1012,4522,1372,15148,-2560
-22056,-368,11948,378,-1123,5926,1312,15428,-2328
-22056,-368,11948,378,-1123,5926,1312,15428,-2328
-21712,-2460,12276,173,-1776,8265,1096,15280,-2200
-21712,-2460,12276,173,-1776,8265,1096,15280,-2200
-22068,-4676,13188,268,-1842,9797,1788,15472,-2068
-22068,-4676,13188,268,-1842,9797,1788,15472,-2068
-22168,-5608,11808,343,-1664,10662,1828,15432,-2088
-22168,-5608,11808,343,-1664,10662,1828,15432,-2088
-22676,-4988,10668,251,-1081,11385,1068,15372,-3312
-22676,-4988,10668,251,-1081,11385,1068,15372,-3312
-22328,-4856,9052,101,297,11494,536,15644,-3628
-21988,-4448,8604,77,1052,11473,812,15908,-3664
-21988,-4448,8604,77,1052,11473,812,15908,-3664
-21676,-3380,7072,-4,2670,11574,2468,17700,-4332
-21676,-3380,7072,-4,2670,11574,2468,17700,-4332
-21568,-2216,5380,-526,3868,12212,3588,20888,-4572
-21368,-2548,4300,-828,4046,12409,4372,22308,-3900
-21368,-2548,4300,-828,4046,12409,4372,22308,-3900
-19852,-1884,2236,-1449,4055,13108,4872,21848,-2460
-19852,-1884,2236,-1449,4055,13108,4872,21848,-2460
-21172,-3232,3564,-1843,3523,13825,2616,20160,-1368
-19792,-2012,2356,-2040,3288,14011,2192,18912,288
-19792,-2012,2356,-2040,3288,14011,2192,18912,288
-18516,-4224,2156,-2535,3012,13619,6504,15636,2388
-18516,-4224,2156,-2535,3012,13619,6504,15636,2388
-16348,-5632,1544,-2938,2859,12256,9696,16932,-292
-16048,-5924,2072,-2892,3014,11415,8804,16396,-1000
-16048,-5924,2072,-2892,3014,11415,8804,16396,-1000
-14772,-6132,288,-2823,2203,11133,8428,15384,672
-14696,-6168,-404,-2549,2088,11091,7296,13932,928
-14696,-6168,-404,-2549,2088,11091,7296,13932,928
-14640,-5740,-1724,-2187,1435,11333,4928,18100,-3260
-14640,-5740,-1724,-2187,1435,11333,4928,18100,-3260
-14884,-4232,-2704,-1743,338,11991,4444,18836,-3892
-14884,-4232,-2704,-1743,338,11991,4444,18836,-3892
-15468,-4408,-2656,-1567,-1546,12987,4084,18792,-4872
-15468,-4408,-2656,-1567,-1546,12987,4084,18792,-4872
-15384,-4312,-3204,-1114,-2236,12981,496,18320,-5016
-15384,-4312,-3204,-1114,-2236,12981,496,18320,-5016
-14408,-4908,-3608,-824,-1575,12558,-768,17216,-5656
-13916,-4676,-3732,-714,-1195,12571,1240,15888,-4100
-13916,-4676,-3732,-714,-1195,12571,1240,15888,-4100
-12836,-4236,-3784,-364,-666,12941,3640,13452,-3236
-12836,-4236,-3784,-364,-666,12941,3640,13452,-3236
-12384,-4648,-3444,-27,-337,13779,4440,12680,-3112
-12384,-4648,-3444,-27,-337,13779,4440,12680,-3112
-11792,-4608,-3584,176,-178,14368,1812,12108,-3196
-11792,-4608,-3584,176,-178,14368,1812,12108,-3196
-11408,-4504,-3840,142,-114,14346,668,10220,-2812
-11268,-4868,-4104,89,1,14175,1528,9408,-1980
-11268,-4868,-4104,89,1,14175,1528,9408,-1980
-11804,-5560,-3452,-37,-120,13677,1656,8364,-804
-12196,-5760,-3116,-33,-224,13322,1800,7932,-436
-12196,-5760,-3116,-33,-224,13322,1800,7932,-436
-13336,-6784,-2736,-108,-647,12629,2212,7876,-376
-13336,-6784,-2736,-108,-647,12629,2212,7876,-376
-14036,-7248,-2320,-44,-1327,12238,3168,8404,-592
-14036,-7248,-2320,-44,-1327,12238,3168,8404,-592
-15460,-7552,-2176,47,-2273,12352,3588,9272,-684
-15460,-7552,-2176,47,-2273,12352,3588,9272,-684
-15868,-7468,-2952,130,-3569,12427,3560,9924,-700
-15868,-7468,-2952,130,-3569,12427,3560,9924,-700
-17280,-7104,-3504,332,-4632,12851,4472,11084,-1192
-17996,-7092,-3752,502,-5075,13191,4668,11804,-1272
-17996,-7092,-3752,502,-5075,13191,4668,11804,-1272
-19268,-7376,-3388,788,-5436,13786,4096,13304,-2616
-19268,-7376,-3388,788,-5436,13786,4096,13304,-2616
-19908,-7792,-3316,743,-5392,13907,5056,14924,-4212
-19908,-7792,-3316,743,-5392,13907,5056,14924,-4212
-21044,-8720,-3232,849,-4924,13752,5740,17344,-6200
-21044,-8720,-3232,849,-4924,13752,5740,17344,-6200
-21720,-9928,-2724,496,-5565,14815,6268,18576,-8728
-21720,-9928,-2724,496,-5565,14815,6268,18576,-8728
-21800,-10740,-3268,890,-4769,15182,6340,18276,-8304
-21892,-11208,-3264,997,-4448,15212,7012,17484,-7924
-21892,-11208,-3264,997,-4448,15212,7012,17484,-7924
-21492,-11664,-3668,1167,-3463,14985,7792,15312,-6464
-21432,-11852,-3024,1248,-2765,14762,9428,14844,-5812
-21432,-11852,-3024,1248,-2765,14762,9428,14844,-5812
-22040,-12108,-2064,1587,-1520,13519,8052,14340,-6164
-21664,-11932,-1168,1703,-917,12636,6088,14384,-6272
-21664,-11932,-1168,1703,-917,12636,6088,14384,-6272
-20632,-12232,-504,1401,20,10305,4272,13120,-6940
-20632,-12232,-504,1401,20,10305,4272,13120,-6940
-19568,-12696,144,1243,227,8263,3040,11504,-7144
-19568,-12696,144,1243,227,8263,3040,11504,-7144
-19608,-12340,1092,1132,-22,6601,2632,11396,-7332
-20112,-12188,1204,1187,-22,6229,3104,12064,-7352
-20112,-12188,1204,1187,-22,6229,3104,12064,-7352
-20380,-12688,2664,1419,370,5919,5780,14400,-7052
-20256,-12700,2868,1536,656,6119,6676,15540,-7220
-20256,-12700,2868,1536,656,6119,6676,15540,-7220
-19512,-13068,3612,1794,1725,7122,7352,16596,-6564
-19512,-13068,3612,1794,1725,7122,7352,16596,-6564
-18072,-13476,4100,1872,2915,8250,8396,20020,-5620
-18052,-13620,4184,1839,3018,8609,8088,23172,-6592
-18052,-13620,4184,1839,3018,8609,8088,23172,-6592
-18000,-13544,4332,2144,3257,9544,6008,23656,-6776
-18000,-13544,4332,2144,3257,9544,6008,23656,-6776
-16748,-12692,4404,2429,3770,10233,4668,18528,-4932
-16748,-12692,4404,2429,3770,10233,4668,18528,-4932
-14316,-11964,4440,2542,4983,9960,5144,14936,-3500
-14316,-11964,4440,2542,4983,9960,5144,14936,-3500
-12632,-11744,4880,2095,4304,9082,4388,12320,152
-12468,-11748,5032,1938,3694,8845,1680,12840,-508
-12468,-11748,5032,1938,3694,8845,1680,12840,-508
-12128,-11256,6172,1990,1781,8576,680,14064,-772
-11860,-10968,6536,1867,1358,8686,1580,14892,-164
-11860,-10968,6536,1867,1358,8686,1580,14892,-164
-11420,-10692,7892,1858,1579,8370,2804,14832,1804
-11320,-10544,8288,1780,1402,8361,2128,14832,2560
-11320,-10544,8288,1780,1402,8361,2128,14832,2560
-12284,-10376,9200,1867,357,8776,-1184,15148,2660
-13160,-9856,9400,1950,-188,9018,-1260,15116,2584
-13160,-9856,9400,1950,-188,9018,-1260,15116,2584
-13936,-7776,9244,1824,-1106,9314,100,14304,5412
-13936,-7776,9244,1824,-1106,9314,100,14304,5412
-14164,-6160,9136,1759,-1237,9052,4136,12952,4832
-14240,-5576,9388,1727,-1161,8851,3372,15152,3752
-14240,-5576,9388,1727,-1161,8851,3372,15152,3752
-14808,-4824,10488,1327,-1599,8354,472,16184,1348
-14808,-4824,10488,1327,-1599,8354,472,16184,1348
-16408,-4032,12300,835,-2215,7432,1896,18036,-1644
-16772,-3060,12444,605,-2421,6932,3432,18756,-2536
-16772,-3060,12444,605,-2421,6932,3432,18756,-2536
-16900,-1540,12704,416,-1730,5569,2808,18540,-3324
-16900,-1540,12704,416,-1730,5569,2808,18540,-3324
-17048,-1416,12388,258,-129,4372,2308,17852,-2912
-16924,-1448,12484,137,426,4053,1284,17576,-2508
-16924,-1448,12484,137,426,4053,1284,17576,-2508
-16552,-308,12016,-122,1026,3758,-284,16572,-1040
-16548,-428,11864,-83,1250,3577,448,16656,-848
-16548,-428,11864,-83,1250,3577,448,16656,-848
-16772,-508,11264,236,1300,2635,660,15824,580
-16764,-792,10964,356,1278,2125,504,16024,388
-16764,-792,10964,356,1278,2125,504,16024,388
-16180,-1140,9980,482,1249,925,1580,16664,252
-16180,-1140,9980,482,1249,925,1580,16664,252
-15328,-1468,8604,510,837,131,2048,16852,-292
-15328,-1468,8604,510,837,131,2048,16852,-292
-15936,-2116,8496,516,378,-227,1424,16292,-576
-16152,-2388,8268,522,224,-158,1432,15852,-688
-16152,-2388,8268,522,224,-158,1432,15852,-688
-15572,-2668,7408,422,-57,233,1316,15324,-632
-15572,-2668,7408,422,-57,233,1316,15324,-632
-14448,-2724,6252,224,-113,692,1592,14920,-532
-14448,-2724,6252,224,-113,692,1592,14920,-532
-13212,-2864,5168,-211,-185,976,1488,14164,-352
-12704,-2968,4616,-457,-339,890,1444,14112,-320
-12704,-2968,4616,-457,-339,890,1444,14112,-320
-11480,-3472,3856,-965,-652,464,1380,13508,-640
-11480,-3472,3856,-965,-652,464,1380,13508,-640
-11948,-4504,4132,-1426,-930,-7,1268,14032,-964
-11948,-4504,4132,-1426,-930,-7,1268,14032,-964
-13336,-5332,4708,-1778,-1192,-567,1444,14736,-1772
-13336,-5332,4708,-1778,-1192,-567,1444,14736,-1772
-14016,-5712,4140,-1924,-1332,-1185,860,15108,-1928
-14016,-5712,4140,-1924,-1332,-1185,860,15108,-1928
-14224,-5632,3584,-2074,-1229,-1658,572,15116,-2100
-14224,-5632,3584,-2074,-1229,-1658,572,15116,-2100
-14084,-5504,3080,-2429,-826,-2021,520,14840,-1444
-14084,-5504,3080,-2429,-826,-2021,520,14840,-1444
-14332,-5324,2428,-2880,-314,-2432,464,15836,-1060
-14332,-5324,2428,-2880,-314,-2432,464,15836,-1060
-15092,-5576,2056,-3125,-27,-2712,1040,17816,-344
-15092,-5576,2056,-3125,-27,-2712,1040,17816,-344
-17504,-5600,1616,-3323,-276,-2685,4100,25956,-744
-17504,-5600,1616,-3323,-276,-2685,4100,25956,-744
-20576,-5596,1016,-3513,-1071,-2595,2996,29808,-60
-21860,-5496,808,-3548,-1278,-2801,2168,25152,-112
-21860,-5496,808,-3548,-1278,-2801,2168,25152,-112
-23868,-5580,1116,-3961,-2220,-2951,3868,18584,636
-23868,-5580,1116,-3961,-2220,-2951,3868,18584,636
-23392,-6780,1744,-4099,-1939,-3937,5108,16876,408
-23392,-6780,1744,-4099,-1939,-3937,5108,16876,408
-24072,-7252,1812,-3822,-2266,-5507,2104,16312,-1180
-23440,-7564,2000,-3582,-2308,-6091,2628,15788,-1228
-23440,-7564,2000,-3582,-2308,-6091,2628,15788,-1228
-20996,-8256,2328,-3315,-1919,-7571,4796,13508,-2224
-20996,-8256,2328,-3315,-1919,-7571,4796,13508,-2224
-17936,-8280,2132,-3535,-1772,-8829,7200,13728,-4024
-17936,-8280,2132,-3535,-1772,-8829,7200,13728,-4024
-16204,-7580,1920,-4721,-3221,-9406,2884,16656,-3792
-16028,-6944,2008,-5082,-3699,-8974,1704,17424,-5412
-16028,-6944,2008,-5082,-3699,-8974,1704,17424,-5412
-14552,-6432,2072,-5722,-4615,-8447,4768,13308,-4732
-13876,-6076,2088,-5924,-4379,-8322,4960,12220,-5084
-13876,-6076,2088,-5924,-4379,-8322,4960,12220,-5084
-12824,-5268,1692,-6585,-4125,-8289,5236,11076,-5236
-12824,-5268,1692,-6585,-4125,-8289,5236,11076,-5236
-12328,-5268,1540,-7245,-4316,-7963,6524,11992,-5796
-12328,-5268,1540,-7245,-4316,-7963,6524,11992,-5796
-12324,-5008,1184,-7380,-3972,-7331,10100,12828,-6312
-12324,-5008,1184,-7380,-3972,-7331,10100,12828,-6312
-12672,-4268,392,-6601,-2449,-7158,9392,14352,-8048
-12720,-3812,116,-6176,-1491,-7275,8020,15744,-8704
-12720,-3812,116,-6176,-1491,-7275,8020,15744,-8704
-13340,-2856,92,-5242,754,-8053,4180,17680,-9292
-13340,-2856,92,-5242,754,-8053,4180,17680,-9292
-13632,-2192,40,-4666,2491,-9648,2188,16800,-9980
-13632,-2192,40,-4666,2491,-9648,2188,16800,-9980
-13708,-2396,292,-4550,3685,-11761,3236,15484,-9980
-13708,-2396,292,-4550,3685,-11761,3236,15484,-9980
-13532,-2880,764,-4766,3825,-13208,2796,13452,-9696
-13368,-3312,1028,-4707,3575,-13428,4152,12060,-8952
-13368,-3312,1028,-4707,3575,-13428,4152,12060,-8952
-13088,-4144,1524,-4625,3164,-12643,5152,10104,-7388
-13088,-4144,1524,-4625,3164,-12643,5152,10104,-7388
-12616,-5624,1676,-4493,3324,-11346,4868,10144,-6360
-12208,-5832,2036,-4535,3188,-10572,4060,10060,-6108
-12208,-5832,2036,-4535,3188,-10572,4060,10060,-6108
-11996,-6920,2324,-4327,3589,-9243,3372,10824,-5420
-11996,-6920,2324,-4327,3589,-9243,3372,10824,-5420
-11764,-7604,2340,-4034,4439,-8543,3788,11472,-4776
-11764,-7604,2340,-4034,4439,-8543,3788,11472,-4776
-12204,-7668,2568,-3654,5519,-8788,3548,12852,-4248
-12204,-7668,2568,-3654,5519,-8788,3548,12852,-4248
-12600,-7716,2832,-3256,6180,-9185,3840,13024,-3432
-12900,-7780,2948,-3082,6433,-9285,3804,12636,-2868
-12900,-7780,2948,-3082,6433,-9285,3804,12636,-2868
-13140,-7900,3184,-2816,6687,-9393,2756,12820,-2808
-13140,-7900,3184,-2816,6687,-9393,2756,12820,-2808
-13360,-7672,2988,-2855,6445,-9039,3648,12804,-2808
-13580,-7472,3376,-2883,6212,-8624,4220,12872,-2340
-13580,-7472,3376,-2883,6212,-8624,4220,12872,-2340
-13968,-7116,3356,-2769,5696,-7830,5256,14364,-2824
-13968,-7116,3356,-2769,5696,-7830,5256,14364,-2824
-14432,-7088,3600,-2552,4931,-6945,6264,14940,-2592
-14432,-7088,3600,-2552,4931,-6945,6264,14940,-2592
-15260,-6856,3700,-2360,4152,-6535,7304,13984,-440
-15260,-6856,3700,-2360,4152,-6535,7304,13984,-440
-15712,-6644,3672,-2268,3790,-6771,7652,15068,-1816
-15712,-6644,3672,-2268,3790,-6771,7652,15068,-1816
-15896,-6648,3764,-2299,3578,-7442,7100,13580,-2168
-15720,-6432,3424,-2405,3409,-7764,4596,13752,-772
-15720,-6432,3424,-2405,3409,-7764,4596,13752,-772
-15504,-6092,3080,-2518,2755,-8115,5712,13324,-120
-15504,-6092,3080,-2518,2755,-8115,5712,13324,-120
-15400,-6768,2736,-2480,2045,-7973,10640,14768,1180
-15280,-6280,2600,-2480,1638,-7714,9848,12516,1888
-15280,-6280,2600,-2480,1638,-7714,9848,12516,1888
-15276,-6412,2396,-2339,1050,-7245,5396,13992,1932
-15276,-6412,2396,-2339,1050,-7245,5396,13992,1932
-15212,-6800,2504,-2100,266,-6954,7768,14560,1332
-15000,-6992,2184,-1973,19,-6932,7832,12700,-708
-15000,-6992,2184,-1973,19,-6932,7832,12700,-708
-14416,-6848,2028,-1805,-303,-7065,12332,13944,-1604
-14416,-6848,2028,-1805,-303,-7065,12332,13944,-1604
-13732,-6576,1584,-1970,-1055,-6892,4792,13460,1240
-13732,-6576,1584,-1970,-1055,-6892,4792,13460,1240
-13160,-6332,1396,-1612,-1361,-7633,7612,11296,1224
-13160,-6332,1396,-1612,-1361,-7633,7612,11296,1224
-12368,-5896,1208,-1463,-1747,-8334,5460,11012,964
-11888,-5964,1180,-1425,-1861,-8544,5104,10584,676
-11888,-5964,1180,-1425,-1861,-8544,5104,10584,676
-11244,-6000,900,-1211,-2003,-9225,6620,9232,2220
-11244,-6000,900,-1211,-2003,-9225,6620,9232,2220
-10944,-5736,640,-1101,-1722,-9828,6676,9424,2460
-10944,-5736,640,-1101,-1722,-9828,6676,9424,2460
-11432,-5348,792,-840,-1295,-10506,7044,8636,2844
-11628,-5388,920,-796,-1104,-10752,7592,9416,3396
-11628,-5388,920,-796,-1104,-10752,7592,9416,3396
-11924,-5240,880,-370,-867,-10993,8004,10820,2384
-11924,-5240,880,-370,-867,-10993,8004,10820,2384
-11616,-5236,996,-175,-994,-10928,9384,17632,-1296
-11616,-5236,996,-175,-994,-10928,9384,17632,-1296
-12436,-5340,616,-319,-1814,-10632,3136,23680,-4084
-12436,-5340,616,-319,-1814,-10632,3136,23680,-4084
-14548,-5340,768,-156,-2675,-9460,4032,25196,-6028
-15388,-5340,784,124,-2947,-8803,4592,24656,-6584
-16328,-5220,668,436,-2954,-8315,3964,22472,-5516
-17392,-5348,920,631,-2845,-8005,4240,20204,-4292
-18240,-5180,940,725,-2655,-7932,3744,19396,-3928
-18864,-4988,1352,462,-2687,-7865,2256,20236,-4552
-19312,-4616,1252,418,-2392,-8147,2300,18816,-4556
-19316,-4420,1312,291,-2128,-8347,2280,18480,-2676
-19432,-4336,1292,100,-2226,-8391,1008,15140,-3824
-19344,-3972,1604,-62,-1775,-8385,-2960,14728,-6296
-19020,-3872,1272,-123,-1446,-8006,552,15916,-5240
-19184,-3856,1372,-359,-1468,-7313,3096,19932,-6320
-19280,-3728,1412,-370,-1663,-6112,4492,24156,-6736
-19780,-3744,1408,-557,-1713,-4642,4916,26968,-4332
-20576,-3684,1576,-742,-1599,-2758,2596,24772,-1636
-20576,-3684,1576,-742,-1599,-2758,2596,24772,-1636
-22316,-3876,2280,-950,-1315,-19,-5060,15552,2880
-22316,-3876,2280,-950,-1315,-19,-5060,15552,2880
-23548,-4412,4024,-890,-163,1220,-2792,14928,1388
-23328,-4488,4668,-756,531,1296,608,15088,744
-23328,-4488,4668,-756,531,1296,608,15088,744
-20748,-4600,5892,-930,1161,1990,2840,15440,-1500
-20748,-4600,5892,-930,1161,1990,2840,15440,-1500
-17076,-4196,6364,-969,232,3188,952,15308,-1620
-15864,-3840,6500,-827,-400,3964,360,14888,-1804
-15864,-3840,6500,-827,-400,3964,360,14888,-1804
-13696,-2888,6780,-547,-1180,5263,1540,14868,-1448
-13696,-2888,6780,-547,-1180,5263,1540,14868,-1448
-12708,-2424,6884,-184,-1006,6354,716,14904,-2008
-12708,-2424,6884,-184,-1006,6354,716,14904,-2008
-12384,-1332,5468,-496,-1711,8014,1040,15864,-1948
-12972,-544,5948,-611,-2414,8948,888,15880,-1828
-12972,-544,5948,-611,-2414,8948,888,15880,-1828
-13784,432,6148,-631,-2690,9895,2552,15936,-2292
-13784,432,6148,-631,-2690,9895,2552,15936,-2292
-15388,884,7888,-600,-2538,9989,4268,16072,-1960
-15388,884,7888,-600,-2538,9989,4268,16072,-1960
-16048,264,8192,-632,-2473,10084,3752,15764,-2004
-16048,264,8192,-632,-2473,10084,3752,15764,-2004
-16652,2092,7420,-685,-2667,10887,1700,15700,-2788
-16644,2152,7632,-653,-2708,11339,1060,15952,-2972
-16644,2152,7632,-653,-2708,11339,1060,15952,-2972
-17108,1524,4208,-732,-2069,11757,1236,17312,-3228
-17108,1524,4208,-732,-2069,11757,1236,17312,-3228
-16912,824,3360,-947,-1466,12563,1840,18804,-3044
-16912,824,3360,-947,-1466,12563,1840,18804,-3044
-17620,-412,2784,-871,-1274,13896,2248,19504,-2120
-17620,-412,2784,-871,-1274,13896,2248,19504,-2120
-19160,-1516,2852,-602,-992,15070,1940,19388,-1584
-19160,-1516,2852,-602,-992,15070,1940,19388,-1584
-19964,-2876,3500,-368,-784,15948,2972,19608,-1480
-19780,-3684,3744,-294,-678,16074,3192,19544,-1556
-19780,-3684,3744,-294,-678,16074,3192,19544,-1556
-19028,-5144,4420,-206,-467,16085,2960,19492,-1560
-19028,-5144,4420,-206,-467,16085,2960,19492,-1560
-18140,-6544,5184,-156,-188,16197,3504,19552,-888
-17664,-8196,5168,-174,-79,16229,3472,19628,-608
-17664,-8196,5168,-174,-79,16229,3472,19628,-608
-17688,-9488,5920,-1,686,16435,3908,18340,-588
-17688,-9488,5920,-1,686,16435,3908,18340,-588
-16380,-9752,5252,-191,1384,16930,4816,16344,-472
-16380,-9752,5252,-191,1384,16930,4816,16344,-472
-14832,-9240,5348,-89,2704,16955,6436,13248,696
-14832,-9240,5348,-89,2704,16955,6436,13248,696
-13996,-8396,5544,-124,3227,16619,6256,10860,1636
-13044,-8340,5420,46,3902,16466,5780,9708,2208
-13044,-8340,5420,46,3902,16466,5780,9708,2208
-11932,-7996,5172,292,3491,15289,5956,10244,2952
-11932,-7996,5172,292,3491,15289,5956,10244,2952
-11724,-6648,4596,556,2240,12948,6028,13376,1692
-11724,-6648,4596,556,2240,12948,6028,13376,1692
-11180,-5528,1708,820,564,10509,7576,17936,912
-11180,-5528,1708,820,564,10509,7576,17936,912
-11276,-4652,1084,1060,-950,9608,10840,18404,960
-11276,-4652,1084,1060,-950,9608,10840,18404,960
-12172,-3788,-676,1393,-1967,9447,9528,16740,412
-12584,-3892,-436,1493,-2156,9531,7872,16032,-832
-12584,-3892,-436,1493,-2156,9531,7872,16032,-832
-13728,-3704,-360,1970,-2066,9851,6056,16488,-1740
-13728,-3704,-360,1970,-2066,9851,6056,16488,-1740
-15068,-3180,576,2232,-2322,11315,2944,15204,-2308
-15068,-3180,576,2232,-2322,11315,2944,15204,-2308
-15232,-3620,276,2619,-2328,12715,3016,15116,-2524
-15232,-3620,276,2619,-2328,12715,3016,15116,-2524
-15528,-3892,20,2898,-1850,12968,4636,15336,-2552
-15480,-4508,-328,2955,-1583,12869,4932,15484,-2652
-15480,-4508,-328,2955,-1583,12869,4932,15484,-2652
-14948,-4364,-136,2963,-1123,12392,4624,15108,-2080
-14948,-4364,-136,2963,-1123,12392,4624,15108,-2080
-14320,-5604,-1020,2982,-1151,12157,3948,13668,-1916
-14320,-5604,-1020,2982,-1151,12157,3948,13668,-1916
-13772,-6008,-1764,2828,-994,11803,3596,14840,-2112
-13704,-6088,-2020,2742,-889,11701,3168,13764,-2304
-13704,-6088,-2020,2742,-889,11701,3168,13764,-2304
-13396,-6624,-2324,2492,-765,11604,3448,13676,-1872
-13396,-6624,-2324,2492,-765,11604,3448,13676,-1872
-13296,-6912,-2256,2234,-705,11916,4144,12304,-1744
-13288,-7204,-2248,2197,-608,12077,3352,11808,-1820
-13288,-7204,-2248,2197,-608,12077,3352,11808,-1820
-13260,-7664,-1764,2151,-225,12361,1700,10684,-1624
-13204,-7604,-1532,2183,-53,12263,1232,10844,-1892
-13204,-7604,-1532,2183,-53,12263,1232,10844,-1892
-12984,-7628,-1080,2067,62,12080,2040,10504,-1160
-13016,-7628,-1124,2011,-52,11898,2332,11548,-2456
-13016,-7628,-1124,2011,-52,11898,2332,11548,-2456
-13328,-7068,-1192,1842,-321,11841,3136,11600,-2516
-13328,-7068,-1192,1842,-321,11841,3136,11600,-2516
-13340,-6564,-992,1386,-556,11776,4212,11708,-2736
-13340,-6564,-992,1386,-556,11776,4212,11708,-2736
-13532,-6016,-1084,870,-730,11631,4004,11644,-3452
-13532,-6016,-1084,870,-730,11631,4004,11644,-3452
-13880,-5744,-548,372,-845,11983,3564,11700,-4384
-13880,-5744,-548,372,-845,11983,3564,11700,-4384
-13632,-5472,-828,2,-650,12215,3792,12656,-5460
-13632,-5472,-828,2,-650,12215,3792,12656,-5460
-13892,-5608,-668,-269,-495,12018,4176,13448,-5500
-13680,-5156,-492,-293,-461,11799,4288,13916,-5928
-13680,-5156,-492,-293,-461,11799,4288,13916,-5928
-13800,-5364,-552,-255,-281,11148,6112,14052,-5756
-13800,-5364,-552,-255,-281,11148,6112,14052,-5756
-13716,-5704,-404,-244,273,10094,6988,14684,-5824
-13996,-5968,-356,-254,500,9601,7344,14020,-4908
-13996,-5968,-356,-254,500,9601,7344,14020,-4908
-14464,-6524,-264,-7,1419,8271,7352,14648,-5952
-14816,-6644,-140,118,1604,7822,7244,14548,-5948
-14816,-6644,-140,118,1604,7822,7244,14548,-5948
-14688,-7028,-200,317,2109,6881,6684,14360,-6608
-14688,-7028,-200,317,2109,6881,6684,14360,-6608
-14720,-6872,-24,556,2963,6262,6600,13724,-7136
-14564,-7100,48,577,3271,6075,6552,13356,-7192
-14564,-7100,48,577,3271,6075,6552,13356,-7192
-14224,-7340,216,730,3478,5928,7116,12940,-7584
-14224,-7340,216,730,3478,5928,7116,12940,-7584
-13768,-7692,672,967,3386,5934,6684,11024,-7108
-13768,-7692,672,967,3386,5934,6684,11024,-7108
-13744,-7984,1300,936,2180,6341,6860,12204,-6648
-13744,-7984,1300,936,2180,6341,6860,12204,-6648
-13964,-7872,1352,1132,1058,6745,6460,15308,-6276
-14156,-8108,1600,1308,800,7011,6340,16436,-6432
-14156,-8108,1600,1308,800,7011,6340,16436,-6432
-14892,-8140,1844,2098,536,7980,8956,16652,-5488
-14892,-8140,1844,2098,536,7980,8956,16652,-5488
-14712,-8512,2208,2386,411,8720,8388,20240,-5396
-14712,-8512,2208,2386,411,8720,8388,20240,-5396
-15624,-8236,1808,3127,1265,8670,8208,26396,-8740
-16280,-8492,2052,3614,1633,8529,6980,25848,-8900
-16280,-8492,2052,3614,1633,8529,6980,25848,-8900
-16364,-7232,1772,4634,2621,8858,5460,18376,-3836
-15304,-7720,2384,4718,2990,8800,6080,13500,-452
-15304,-7720,2384,4718,2990,8800,6080,13500,-452
-12500,-7472,1940,4575,3101,7487,4424,2044,-616
-11788,-7296,1780,4525,3170,6519,3152,2404,-2136
-11788,-7296,1780,4525,3170,6519,3152,2404,-2136
-11488,-7128,1924,4381,1220,4474,1072,4648,-4420
-11488,-7128,1924,4381,1220,4474,1072,4648,-4420
-11980,-7612,2632,4765,961,3904,248,8748,-3552
-12316,-7856,3044,4705,617,3829,-712,11844,-3512
-12316,-7856,3044,4705,617,3829,-712,11844,-3512
-13752,-8224,3456,4667,513,4438,2268,17088,-1656
-13752,-8224,3456,4667,513,4438,2268,17088,-1656
-15692,-8324,4072,4488,-141,6701,5932,18264,1860
-15692,-8324,4072,4488,-141,6701,5932,18264,1860
-16588,-7960,3972,4374,788,8901,4404,19368,2112
-16588,-7960,3972,4374,788,8901,4404,19368,2112
-16736,-7044,3412,3663,1132,10276,332,16516,424
-16532,-6272,2896,3257,996,10476,-564,15892,-688
-16532,-6272,2896,3257,996,10476,-564,15892,-688
-16112,-4744,3084,2331,498,10474,468,15160,-3036
-16192,-4324,2896,1904,520,10030,2104,14948,-3804
