-12760,-7076,3092,-724,-608,2797,8656,12680,-2740
-12760,-7076,3092,-724,-608,2797,8656,12680,-2740
-12936,-6980,3528,-727,-544,2792,8576,12604,-2208
-12936,-6980,3528,-727,-544,2792,8576,12604,-2208
-13188,-6876,3632,-725,-493,2825,9108,12300,-2140
-13200,-7052,3608,-722,-487,2835,9328,12184,-2336
-13200,-7052,3608,-722,-487,2835,9328,12184,-2336
-13376,-7156,3936,-760,-508,2990,9592,12120,-2504
-13376,-7156,3936,-760,-508,2990,9592,12120,-2504
-13268,-7628,3916,-779,-585,3188,9136,12120,-2356
-13268,-7628,3916,-779,-585,3188,9136,12120,-2356
-12928,-8176,4284,-804,-635,3253,9340,12040,-2848
-12928,-8176,4284,-804,-635,3253,9340,12040,-2848
-12948,-8408,4284,-809,-570,3221,9332,12304,-3092
-12948,-8408,4284,-809,-570,3221,9332,12304,-3092
-12820,-8840,4340,-865,-321,2946,9248,12572,-2916
-12820,-8840,4340,-865,-321,2946,9248,12572,-2916
-12768,-9360,4016,-929,-7,2585,9480,12700,-2764
-12768,-9360,4016,-929,-7,2585,9480,12700,-2764
-12740,-10180,4920,-974,363,2280,9564,12220,-2216
-12740,-10180,4920,-974,363,2280,9564,12220,-2216
-13432,-8292,5044,-932,600,2033,9504,12440,-2388
-12884,-9428,4668,-913,658,1973,9380,12440,-2444
-12884,-9428,4668,-913,658,1973,9380,12440,-2444
-12572,-9716,4536,-886,657,1897,9292,12288,-2284
-12572,-9716,4536,-886,657,1897,9292,12288,-2284
-13576,-7560,4072,-851,613,1840,9388,12396,-2740
-12980,-9220,4664,-828,545,1834,9196,12356,-2768
-12980,-9220,4664,-828,545,1834,9196,12356,-2768
-12740,-9508,3664,-795,375,1868,9032,12312,-2312
-13796,-8524,4452,-796,348,1896,8940,12084,-2376
-13796,-8524,4452,-796,348,1896,8940,12084,-2376
-12960,-9964,4632,-791,273,1988,9240,12412,-2364
-12608,-10384,4052,-818,230,2015,9372,12276,-2376
-12608,-10384,4052,-818,230,2015,9372,12276,-2376
-13152,-9436,3936,-830,194,2076,9520,12340,-2148
-13152,-9436,3936,-830,194,2076,9520,12340,-2148
-12576,-9964,3952,-891,148,2112,9516,12216,-2232
-12576,-9964,3952,-891,148,2112,9516,12216,-2232
-12860,-9720,3800,-941,99,2083,9620,12268,-2332
-12860,-9720,3800,-941,99,2083,9620,12268,-2332
-12844,-9872,3960,-973,74,2023,9272,12704,-2516
-12844,-9872,3960,-973,74,2023,9272,12704,-2516
-12996,-10016,4008,-957,3,2009,8800,12500,-2196
-12896,-10104,3868,-911,-24,2013,8792,12244,-2368
-12896,-10104,3868,-911,-24,2013,8792,12244,-2368
-12984,-9900,3844,-914,-122,2165,9160,12108,-2292
-12984,-9900,3844,-914,-122,2165,9160,12108,-2292
-12764,-10152,3776,-928,-342,2353,9188,12380,-2420
-12664,-9932,3840,-979,-452,2426,9324,12440,-2428
-12664,-9932,3840,-979,-452,2426,9324,12440,-2428
-12400,-10612,4200,-1016,-509,2508,8852,12412,-2524
-12400,-10612,4200,-1016,-509,2508,8852,12412,-2524
-12420,-10392,4500,-1086,-496,2453,9100,12808,-2956
-12512,-10132,4312,-1124,-516,2421,8620,12784,-3048
-12512,-10132,4312,-1124,-516,2421,8620,12784,-3048
-12780,-9772,3860,-1142,-514,2307,8136,12588,-2688
-12872,-9488,3828,-1142,-493,2293,8336,12580,-2700
-12872,-9488,3828,-1142,-493,2293,8336,12580,-2700
-12860,-9056,3664,-1159,-440,2244,8760,12548,-2588
-12860,-9056,3664,-1159,-440,2244,8760,12548,-2588
-12992,-8600,3652,-1172,-411,2254,9012,12524,-2812
-12992,-8600,3652,-1172,-411,2254,9012,12524,-2812
-12912,-8132,3764,-1156,-428,2346,9272,12452,-2784
-12912,-8132,3764,-1156,-428,2346,9272,12452,-2784
-12956,-7868,3796,-1113,-503,2456,9372,12252,-2808
-13132,-7592,3636,-1080,-530,2524,8652,12760,-2980
-13132,-7592,3636,-1080,-530,2524,8652,12760,-2980
-13296,-7600,3716,-1079,-594,2582,8112,12748,-2840
-13296,-7600,3716,-1079,-594,2582,8112,12748,-2840
-13496,-7716,3772,-1058,-541,2631,8376,12484,-2776
-13496,-7716,3772,-1058,-541,2631,8376,12484,-2776
-13544,-7872,3452,-1047,-372,2594,8956,12320,-2876
-13528,-7856,3524,-1045,-316,2572,9168,12364,-2768
-13528,-7856,3524,-1045,-316,2572,9168,12364,-2768
-13356,-8032,3600,-1054,-183,2577,9232,12336,-2768
-13356,-8032,3600,-1054,-183,2577,9232,12336,-2768
-13216,-8084,3364,-1084,-142,2596,9120,12580,-2624
-13216,-8084,3364,-1084,-142,2596,9120,12580,-2624
-13104,-8312,3388,-1114,-171,2585,8676,12332,-2368
-13104,-8312,3388,-1114,-171,2585,8676,12332,-2368
-13056,-8576,3416,-1136,-236,2542,8860,12276,-2556
-13056,-8576,3416,-1136,-236,2542,8860,12276,-2556
-13156,-8632,3684,-1089,-280,2513,9144,12464,-2692
-13208,-8560,3796,-1089,-263,2522,9072,12388,-2660
-13208,-8560,3796,-1089,-263,2522,9072,12388,-2660
-13240,-8512,3796,-1089,-241,2554,9196,12380,-2760
-13240,-8512,3796,-1089,-241,2554,9196,12380,-2760
-13160,-8584,3776,-1083,-178,2563,9036,12412,-2476
-13160,-8584,3776,-1083,-178,2563,9036,12412,-2476
-12916,-8680,3712,-1078,-167,2631,8824,12372,-2528
-12916,-8680,3712,-1078,-167,2631,8824,12372,-2528
-12764,-8808,3660,-1112,-212,2644,9000,12304,-2404
-12908,-8964,3628,-1134,-237,2601,8796,12340,-2560
-12908,-8964,3628,-1134,-237,2601,8796,12340,-2560
-12980,-8948,3792,-1133,-276,2493,8832,12652,-2772
-12980,-8948,3792,-1133,-276,2493,8832,12652,-2772
-13296,-9096,4060,-1169,-235,2358,9196,12664,-2792
-13296,-9096,4060,-1169,-235,2358,9196,12664,-2792
-13076,-9116,4144,-1137,-197,2202,8960,12604,-2852
-13088,-9020,4432,-1134,-176,2133,9032,12408,-2652
-13088,-9020,4432,-1134,-176,2133,9032,12408,-2652
-12784,-9096,4420,-1149,-216,2007,8684,12504,-2844
-12784,-9096,4420,-1149,-216,2007,8684,12504,-2844
-13028,-8936,5056,-1167,-229,1944,8364,12676,-2800
-13028,-8936,5056,-1167,-229,1944,8364,12676,-2800
-13160,-9172,5040,-1155,-296,1938,8184,12728,-3196
-13452,-9156,5156,-1145,-364,1950,8180,12912,-3236
-13452,-9156,5156,-1145,-364,1950,8180,12912,-3236
-13628,-9892,5076,-1080,-408,1963,7972,12696,-3248
-13464,-10796,5052,-1070,-375,2007,8268,12804,-3176
-13464,-10796,5052,-1070,-375,2007,8268,12804,-3176
-13548,-10856,5860,-1062,-290,2056,8640,12904,-2940
-13548,-10856,5860,-1062,-290,2056,8640,12904,-2940
-12792,-10848,7308,-1103,-314,2043,9016,12752,-2372
-12640,-10980,7556,-1140,-409,1992,9368,12548,-1900
-12640,-10980,7556,-1140,-409,1992,9368,12548,-1900
-13048,-10228,8556,-1135,-789,2007,9000,12328,-428
-13076,-10832,8380,-1148,-943,2068,9160,12196,-208
-13440,-10588,8248,-1200,-1197,2128,8992,12652,560
-13440,-10588,8248,-1200,-1197,2128,8992,12652,560
-14080,-10952,8116,-1360,-1711,2341,9072,12804,736
-14184,-11344,8124,-1426,-1921,2472,8944,12620,544
-14184,-11344,8124,-1426,-1921,2472,8944,12620,544
-13468,-11932,8244,-1740,-2327,2633,9080,12304,680
-13468,-11932,8244,-1740,-2327,2633,9080,12304,680
-13216,-11200,9080,-2214,-2638,2553,10336,12548,1548
-13216,-11200,9080,-2214,-2638,2553,10336,12548,1548
-12732,-10396,9032,-2791,-3058,2179,9052,12292,1964
-12732,-10396,9032,-2791,-3058,2179,9052,12292,1964
-12236,-10940,8632,-3231,-3615,1870,9224,12308,2512
-12236,-10940,8632,-3231,-3615,1870,9224,12308,2512
-11688,-11192,7552,-3748,-4188,1586,10620,12184,2468
-11184,-11528,7508,-3911,-4422,1417,11800,12088,2228
-11184,-11528,7508,-3911,-4422,1417,11800,12088,2228
-10464,-10960,7152,-4260,-4712,1051,11484,12024,2416
-10008,-10412,7068,-4436,-4771,868,10852,12380,1988
-10008,-10412,7068,-4436,-4771,868,10852,12380,1988
-8804,-9436,6608,-4950,-5039,262,9480,12972,1284
-8804,-9436,6608,-4950,-5039,262,9480,12972,1284
-7576,-8188,5916,-5558,-5445,-667,10516,12480,2600
-7100,-8008,5756,-5789,-5512,-1115,9832,11860,2360
-7100,-8008,5756,-5789,-5512,-1115,9832,11860,2360
-5828,-8100,6116,-6405,-5729,-2435,11812,11116,3808
-5828,-8100,6116,-6405,-5729,-2435,11812,11116,3808
-4532,-8720,5856,-7146,-6220,-3812,8600,10524,6700
-4024,-8344,5700,-7219,-6005,-4664,9092,11732,6728
-4024,-8344,5700,-7219,-6005,-4664,9092,11732,6728
-3204,-7368,5484,-7948,-5882,-6937,7416,5552,5888
-2716,-7852,5212,-8344,-5649,-8069,7772,3092,6364
-2716,-7852,5212,-8344,-5649,-8069,7772,3092,6364
-2080,-7728,3884,-9200,-4734,-11304,4468,9844,312
-2080,-7728,3884,-9200,-4734,-11304,4468,9844,312
-2560,-7920,4072,-9697,-3559,-14474,-5312,10580,-3372
-2560,-7920,4072,-9697,-3559,-14474,-5312,10580,-3372
-2096,-9824,4044,-9556,-2627,-16952,-9500,17640,-6044
-1620,-10856,4476,-9544,-2338,-17562,-9008,20532,-7132
-1620,-10856,4476,-9544,-2338,-17562,-9008,20532,-7132
-736,-11332,4972,-9888,-1277,-19124,5652,18232,-7188
-536,-11384,5196,-10142,-1129,-19782,11748,16932,-7300
-536,-11384,5196,-10142,-1129,-19782,11748,16932,-7300
-956,-11624,5320,-10888,-1199,-20543,6956,13996,-2756
-956,-11624,5320,-10888,-1199,-20543,6956,13996,-2756
-1244,-12560,6076,-11111,-896,-20370,1176,8888,1880
-1244,-12560,6076,-11111,-896,-20370,1176,8888,1880
-2000,-13888,7296,-11392,-341,-20316,-4064,7724,2044
-2000,-13888,7296,-11392,-341,-20316,-4064,7724,2044
-2736,-15644,7496,-11992,-579,-19391,-5968,14524,-2192
-2736,-15644,7496,-11992,-579,-19391,-5968,14524,-2192
-3940,-16980,7264,-12879,-1698,-17965,-3192,13616,-4576
-4312,-17800,7144,-13272,-1992,-17502,-1300,12588,-5868
-4312,-17800,7144,-13272,-1992,-17502,-1300,12588,-5868
-5000,-18988,7560,-13628,-992,-16784,-4192,12368,-6288
-5000,-18988,7560,-13628,-992,-16784,-4192,12368,-6288
-5404,-20144,7688,-14299,206,-14724,-4020,13452,-7812
-5404,-20144,7688,-14299,206,-14724,-4020,13452,-7812
-6532,-20224,9008,-14757,20,-12235,-3584,16136,-9592
-6532,-20224,9008,-14757,20,-12235,-3584,16136,-9592
-7272,-20640,10996,-15085,187,-9891,-2024,17948,-9720
-7272,-20640,10996,-15085,187,-9891,-2024,17948,-9720
-8332,-21332,11284,-15534,1174,-8099,-1112,19516,-9952
-8332,-21332,11284,-15534,1174,-8099,-1112,19516,-9952
-8664,-21836,10332,-16070,1167,-7647,-824,19892,-10768
-8664,-21836,10332,-16070,1167,-7647,-824,19892,-10768
-9040,-22680,8880,-16971,2195,-7567,-2360,20896,-12284
-9040,-22680,8880,-16971,2195,-7567,-2360,20896,-12284
-9544,-23056,9288,-17629,3337,-8219,-1212,21368,-11404
-9544,-23056,9288,-17629,3337,-8219,-1212,21368,-11404
-9452,-22968,9640,-17919,4171,-9582,2624,19888,-8320
-9452,-22968,9640,-17919,4171,-9582,2624,19888,-8320
-10440,-21796,8316,-18129,5403,-10542,8924,17960,-6540
-10440,-21796,8316,-18129,5403,-10542,8924,17960,-6540
-10728,-19796,6128,-18174,6558,-11448,6604,18188,-7276
-10728,-19796,6128,-18174,6558,-11448,6604,18188,-7276
-10772,-17524,4316,-18046,7670,-12944,-4036,17120,-5072
-10772,-17524,4316,-18046,7670,-12944,-4036,17120,-5072
-10684,-15288,3212,-17945,8616,-14019,-5676,18844,-2192
-10684,-15288,3212,-17945,8616,-14019,-5676,18844,-2192
-11596,-15432,4048,-17627,9424,-14677,-7656,17516,-116
-12064,-15244,3916,-17487,9606,-14556,-5032,14368,-572
-12064,-15244,3916,-17487,9606,-14556,-5032,14368,-572
-12884,-14120,3524,-17444,9310,-13954,5540,18920,-3944
-12884,-14120,3524,-17444,9310,-13954,5540,18920,-3944
-13520,-13000,3904,-17471,8472,-13807,3860,22252,-1664
-13520,-13000,3904,-17471,8472,-13807,3860,22252,-1664
-13968,-12304,4276,-17589,8374,-14864,5800,19820,3168
-14188,-12044,4664,-17414,8704,-15483,6196,18608,4524
-14188,-12044,4664,-17414,8704,-15483,6196,18608,4524
-14172,-11528,5324,-16978,9195,-17778,5340,22428,4236
-14172,-11528,5324,-16978,9195,-17778,5340,22428,4236
-14312,-11260,5116,-17067,8811,-20020,-828,24108,1868
-14324,-11080,4748,-17067,9251,-20685,-3820,24032,468
-14324,-11080,4748,-17067,9251,-20685,-3820,24032,468
-13144,-12712,4832,-17101,10505,-21936,-8572,21444,332
-12996,-12312,4148,-17071,10745,-22751,-5688,19248,-104
-12996,-12312,4148,-17071,10745,-22751,-5688,19248,-104
-12364,-12876,3712,-16992,10482,-23792,-2736,19768,1552
-12364,-12876,3712,-16992,10482,-23792,-2736,19768,1552
-11680,-13596,4068,-17356,10214,-24366,-2940,19564,4440
-11680,-13596,4068,-17356,10214,-24366,-2940,19564,4440
-11008,-14400,4520,-18109,9452,-24377,-5568,16124,4756
-11008,-14400,4520,-18109,9452,-24377,-5568,16124,4756
-10700,-15260,4696,-19109,9059,-23216,-9900,17480,4344
-10700,-15260,4696,-19109,9059,-23216,-9900,17480,4344
-10708,-15364,4660,-20007,8787,-21573,-9888,11472,1112
-10708,-15364,4660,-20007,8787,-21573,-9888,11472,1112
-10452,-15868,4516,-20636,8574,-20014,-11296,13600,320
-10452,-15868,4516,-20636,8574,-20014,-11296,13600,320
-10564,-16344,4328,-21089,8298,-18493,-8492,15928,608
-10564,-16344,4328,-21089,8298,-18493,-8492,15928,608
-10912,-17456,4468,-21247,7668,-16830,-5832,17036,1256
-11296,-17724,5068,-21369,7529,-16212,-5224,16344,2356
-11296,-17724,5068,-21369,7529,-16212,-5224,16344,2356
-12440,-18684,6256,-21477,6826,-15608,-7364,15944,3136
-12440,-18684,6256,-21477,6826,-15608,-7364,15944,3136
-13056,-19264,6804,-21658,6402,-15297,-8324,17872,-640
-13056,-19264,6804,-21658,6402,-15297,-8324,17872,-640
-13672,-18080,6372,-21745,6142,-15331,-6268,17908,240
-13672,-18080,6372,-21745,6142,-15331,-6268,17908,240
-13392,-16088,5316,-21731,6124,-15395,-3520,19716,-1428
-13392,-16088,5316,-21731,6124,-15395,-3520,19716,-1428
-12308,-14440,5064,-21435,6846,-15439,-4120,17952,-996
-11760,-13552,5064,-21286,7038,-15720,-3160,16564,36
-11256,-12928,5104,-21155,7392,-16289,-3152,15156,768
-11256,-12928,5104,-21155,7392,-16289,-3152,15156,768
-10284,-11748,4732,-20679,7879,-16971,-4148,13984,3024
-10284,-11748,4732,-20679,7879,-16971,-4148,13984,3024
-9120,-11772,4596,-20256,8632,-17739,-3140,13520,3920
-9120,-11772,4596,-20256,8632,-17739,-3140,13520,3920
-8280,-11992,4640,-19604,8783,-18377,-2244,10292,6788
-8280,-11992,4640,-19604,8783,-18377,-2244,10292,6788
-7916,-11584,4536,-19160,9594,-18449,-2752,18424,6044
-7916,-11584,4536,-19160,9594,-18449,-2752,18424,6044
-6924,-11156,4284,-19125,9775,-17849,-4144,17604,7204
-6924,-11156,4284,-19125,9775,-17849,-4144,17604,7204
-6036,-11472,4712,-19592,9636,-18050,-10328,17728,3076
-6036,-11472,4712,-19592,9636,-18050,-10328,17728,3076
-4004,-13096,4056,-19998,11537,-19038,-17776,19988,-2556
-3196,-13648,3884,-19818,11871,-19217,-18876,20136,-3808
-2780,-13888,3604,-19787,11235,-19300,-18416,20672,-4788
-2320,-14232,2804,-19640,11939,-19424,-15832,22360,-5500
-2092,-15340,2960,-20029,12388,-19499,-11508,21676,-6128
-2280,-16628,3396,-20350,13232,-20239,-6612,22828,-5408
-2620,-18688,4896,-20428,12654,-20816,-1916,21972,-4868
-3216,-21480,6976,-20349,12347,-20902,1996,20972,-3728
-4304,-23792,8972,-20233,11826,-20564,1100,20340,-4592
-5096,-26600,10120,-19965,12097,-19991,4676,20024,-4648
-6932,-28052,11092,-19290,12113,-19536,4052,22040,-6396
-8644,-28668,10700,-18900,11723,-19018,2452,22896,-8472
-9300,-30188,10264,-18620,11575,-16991,2600,21608,-9596
-9772,-30348,9088,-18177,10405,-15759,4600,20308,-10168
-10204,-30320,9020,-17866,8954,-15170,8996,20716,-10572
-10528,-29876,8868,-17213,8285,-14098,11972,18876,-10084
-10364,-29628,9832,-16903,7578,-13382,15996,10720,-5080
-10364,-29628,9832,-16903,7578,-13382,15996,10720,-5080
-9012,-27500,10324,-17565,6317,-13303,18904,8860,1300
-8424,-26028,10624,-18232,6788,-13732,12744,8668,5596
-7260,-24940,8260,-18605,7532,-13852,7128,6284,9024
-6204,-23876,6492,-18650,8722,-14011,2564,5568,8940
-5076,-22480,5196,-18900,9790,-14241,-1836,4152,5744
-5076,-22480,5196,-18900,9790,-14241,-1836,4152,5744
-3688,-20644,2588,-19675,11233,-15828,-9188,8264,-1784
-2392,-20116,1652,-19637,11830,-17311,-10080,10604,-4224
-1080,-19364,152,-20034,12857,-19712,-9444,14452,-6220
-1080,-19364,152,-20034,12857,-19712,-9444,14452,-6220
1192,-17324,-1100,-20454,12955,-22550,-4808,14928,-10268
2144,-16236,-1160,-19958,13642,-23479,-544,16208,-11228
3096,-16204,-960,-19269,13937,-23986,2864,17676,-11736
4172,-16304,-632,-18614,13897,-24623,3992,19176,-11304
4980,-16780,-304,-18087,14528,-25290,2264,21788,-10088
6248,-17104,104,-17959,14367,-26039,160,22260,-8508
7004,-17324,620,-17827,13895,-26457,620,22260,-7556
7120,-17812,580,-17745,13376,-26264,2844,19884,-7008
7468,-18436,556,-17780,12990,-26131,4776,18792,-5860
7492,-18980,828,-17861,12805,-26047,3552,19012,-4896
7528,-20052,860,-17782,12957,-25922,1272,17776,-2892
7580,-21396,852,-17919,13196,-25654,16,15200,-2268
7284,-21452,1448,-18056,13059,-25354,-1072,13524,-2220
6964,-21712,2004,-18307,13180,-25058,-2464,14132,-3236
6092,-21988,3152,-18408,13107,-25048,-5900,17520,-6180
5156,-21648,4080,-18431,13227,-25286,-8796,18744,-8344
4348,-20984,4012,-18428,13331,-25569,-6520,19540,-9252
4348,-20984,4012,-18428,13331,-25569,-6520,19540,-9252
3228,-22964,4192,-18108,13823,-25753,1912,18016,-9772
2576,-24088,4712,-17960,13533,-25252,3912,18896,-9192
2576,-24088,4712,-17960,13533,-25252,3912,18896,-9192
1824,-24440,5112,-17304,11939,-24110,4104,16864,-4904
1216,-23832,5660,-16724,11831,-23610,2328,15996,-3280
612,-23172,6792,-16405,10960,-23036,2460,16200,-3320
612,-23172,6792,-16405,10960,-23036,2460,16200,-3320
1088,-22428,8532,-15264,11578,-22455,3348,16424,-6696
992,-21380,9320,-14752,12112,-22702,6036,15276,-8252
1464,-20976,9212,-14265,12842,-23151,8316,15436,-8444
1856,-21612,9112,-13964,13399,-23718,15408,18152,-9484
1800,-21636,8756,-13692,13827,-24119,10596,27624,-10680
1864,-22000,10120,-13414,14127,-24704,8388,19712,-7116
1152,-22412,12196,-13231,14036,-24722,6256,15676,-4456
708,-21368,13884,-12892,14207,-24520,1704,16592,-4248
188,-19072,15216,-12381,14295,-24474,1116,16392,-2040
188,-19072,15216,-12381,14295,-24474,1116,16392,-2040
332,-14932,15804,-11270,13686,-24359,-664,13292,-720
888,-13624,16536,-10623,13135,-24027,-872,12212,-1780
888,-13624,16536,-10623,13135,-24027,-872,12212,-1780
2076,-11700,16820,-9437,12330,-22795,-1700,12956,-4784
2972,-11500,16392,-9059,12521,-21903,-2468,13816,-7044
3144,-12076,16464,-8719,12788,-21001,-524,14116,-7856
2964,-12268,15924,-8416,12905,-20193,3648,12972,-6688
2964,-12268,15924,-8416,12905,-20193,3648,12972,-6688
2460,-9916,14708,-7700,12905,-18733,8824,11924,-2732
2084,-9500,14232,-7114,12950,-17958,8628,7872,668
2084,-9500,14232,-7114,12950,-17958,8628,7872,668
3220,-8780,12936,-5990,12758,-16417,8852,7728,3404
3528,-9772,11548,-5408,12605,-15483,6728,7292,3588
3528,-9772,11548,-5408,12605,-15483,6728,7292,3588
4172,-8824,8824,-4771,11106,-13707,1564,10288,2872
3948,-9468,8676,-4696,10568,-12958,776,12200,644
3816,-9152,8000,-4483,9931,-12224,804,12748,-1256
3816,-9152,8000,-4483,9931,-12224,804,12748,-1256
5076,-8724,6964,-4435,8863,-11669,356,14468,-5084
5112,-9268,6416,-4988,7517,-10983,-520,14572,-6512
5112,-9268,6416,-4988,7517,-10983,-520,14572,-6512
6656,-10252,4148,-4568,7967,-10841,1692,12036,-5516
7212,-9816,2580,-4343,9300,-11328,4080,11904,-3196
7496,-8868,1876,-4210,9610,-11860,6612,14060,-2084
7204,-8448,1280,-4181,10014,-12664,8012,17672,-2628
7204,-8448,1280,-4181,10014,-12664,8012,17672,-2628
7100,-5532,252,-5315,9161,-13419,6116,24060,-7260
8740,-3548,64,-5939,8881,-13256,5568,29268,-10360
9924,-4720,-416,-6662,8784,-13085,4836,32416,-9652
10696,-4556,-216,-7112,8431,-12634,2992,30644,-6376
10696,-4556,-216,-7112,8431,-12634,2992,30644,-6376
12436,-4300,-280,-5350,8986,-11106,13016,17764,-1080
13332,-5044,-352,-4338,7948,-9862,12588,13564,440
13516,-4952,552,-4017,7087,-9279,9688,10560,60
13516,-4952,552,-4017,7087,-9279,9688,10560,60
12132,-5116,1632,-4074,5664,-8737,4400,9200,-464
12132,-5116,1632,-4074,5664,-8737,4400,9200,-464
10240,-3728,2264,-4309,7058,-9415,2268,12512,-4564
9704,-3704,2272,-4466,7593,-10014,2680,14720,-6024
9656,-2484,1216,-4593,7980,-10144,2820,13428,-6396
9656,-2484,1216,-4593,7980,-10144,2820,13428,-6396
9876,-3260,-1560,-4816,8023,-9874,5576,12588,-4304
9444,-4824,-1080,-5061,8055,-9712,5184,13056,-3452
8852,-5876,460,-5101,6760,-9363,4400,13504,-3576
8408,-6600,1704,-5007,5091,-8576,5244,14372,-3408
8780,-5884,1952,-5144,3054,-7808,5796,13556,-4052
8780,-5884,1952,-5144,3054,-7808,5796,13556,-4052
8852,-6756,1464,-4905,-392,-6363,8616,13068,-2472
9716,-7352,48,-4627,-1657,-5139,6488,11804,-3824
9284,-7172,1852,-4029,-1993,-4652,6372,12444,-4172
8404,-7492,4532,-3071,-1352,-4080,6836,12940,-5772
7752,-9472,6856,-2827,-1928,-3490,6952,12596,-6460
7868,-9728,8264,-2561,-2297,-3275,6276,13852,-6680
7264,-8972,11144,-2279,-1719,-3239,5132,15212,-5704
6052,-9760,13168,-2302,-1122,-3282,3940,15668,-4916
5156,-7584,20236,-2320,-461,-3358,3788,15724,-4192
4020,3912,32767,-2210,568,-3168,4820,15600,-4540
-32768,32767,32767,-2171,1392,-2751,7412,14088,-4552
32767,31332,32767,-2270,1492,-1987,7240,14336,-4952
19180,-32768,-2900,-2564,1254,-1148,6508,14016,-5768
20068,-20452,-12460,-2582,483,-367,5576,13188,-5664
24676,-2676,-6112,-2425,-195,551,5224,12972,-5460
12628,-19468,1768,-2121,-851,1641,4828,13056,-4820
10356,-4612,8392,-1349,-1101,3011,4488,12884,-4404
15588,3980,13520,-763,-1364,4221,4448,12956,-4152
10960,7388,13796,-710,-1745,5171,4660,12836,-4064
13156,1076,11932,-1132,-2368,5383,5360,13112,-4420
17492,-4780,8572,-1139,-3020,5506,6420,13480,-4616
17556,-6920,6940,-925,-3234,5707,6880,13824,-4688
16092,-4364,8360,-599,-2882,5890,6588,14528,-4676
13788,-1964,10060,-341,-1954,6100,6088,15084,-3912
13564,-612,11476,-277,-1224,6541,5056,15176,-3728
13228,-764,12824,-245,-920,6557,4568,15044,-3940
10924,-1204,15236,-330,-770,6575,4520,14328,-4064
8272,-1944,16256,-314,-898,6463,5420,13176,-3696
7252,-1232,16524,-271,-971,6418,6264,13056,-3440
3908,704,16248,-46,-877,6381,6232,13408,-3840
5032,-1168,16716,117,-913,6321,5736,13928,-4212
1072,2216,17316,210,-1269,6254,6260,14408,-3852
-2244,3960,18188,59,-1897,6056,7328,13928,-3088
-6228,5168,18576,-191,-2567,5755,7404,13340,-2836
-5012,1336,18268,-501,-3136,5352,7492,12936,-2668
-7512,1024,19020,-798,-3524,5010,7356,12864,-2564
-9224,856,19236,-1044,-3901,5016,6992,13252,-2528
-9344,1336,19744,-1177,-4362,5238,7168,13440,-2288
-9136,-348,18764,-1191,-4776,5596,7456,13692,-2700
-9136,-348,18764,-1191,-4776,5596,7456,13692,-2700
-12200,4852,17064,-923,-5777,6486,7804,13656,-2672
-9100,-3960,13016,-715,-6268,6940,7184,13940,-3476
-11476,-1888,8656,-612,-6802,7361,5960,14252,-4504
-11908,-3916,7128,-364,-7217,7789,5244,14388,-4828
-11604,-6668,5296,-230,-7632,8148,4640,14784,-5536
-12348,-8220,4148,-45,-7913,8505,4368,15308,-5724
-12224,-9228,3392,144,-8042,8822,4320,14508,-5536
-12636,-8700,1572,281,-8479,9176,4644,15308,-6112
-13924,-7604,200,854,-8405,9408,5512,15136,-5436
-15236,-7232,-680,1216,-8298,9715,5672,15112,-5376
-16416,-6664,-604,1500,-8577,9934,6028,14972,-4816
-17528,-7640,-3344,1856,-8457,10130,5244,14900,-4220
-18264,-9360,-3468,2206,-8252,10353,5620,14760,-3616
-19228,-13512,-1784,2412,-8110,10452,5720,14332,-3404
-19760,-18432,1268,2694,-8169,10657,5784,14388,-3156
-20724,-20528,3264,3071,-8218,10748,5200,13756,-3260
-21508,-20304,4220,3446,-8367,10970,3912,14640,-4448
-22240,-18756,4128,3891,-8501,11396,3832,14740,-4328
-24036,-18712,9708,4298,-8597,12095,3268,14512,-4924
-26856,-17584,6408,4691,-8681,13032,4544,14728,-4512
-28132,-17604,4096,5089,-8934,14247,5500,13952,-4772
-29640,-19416,3852,5378,-9019,15539,5188,14084,-4760
-30080,-22976,1948,5658,-9360,16718,5164,14144,-4360
-31680,-25480,1424,5815,-9784,18150,4636,14584,-4316
-32768,-27368,1812,6155,-10450,19366,4204,14636,-4284
-32768,-31872,3992,6428,-11019,20111,4508,14148,-3956
-32768,-32768,7244,6827,-11445,20789,5060,13940,-4488
-32768,-32768,9016,7303,-11754,21555,5324,13912,-4704
-32768,-32768,6912,7815,-12080,22297,4660,13740,-5008
-32768,-32768,3416,8240,-12052,22763,3276,13888,-5592
-32768,-32768,-844,8781,-12126,23202,3008,14248,-6636
-32768,-32768,-3636,9388,-12324,23547,3700,15256,-6824
-32592,-32768,-5500,10038,-12560,23908,3516,15504,-6848
-27992,-32768,-5524,10682,-12540,24419,2884,15076,-5416
-23976,-32768,-4328,11131,-12379,24863,2564,13904,-4568
-20332,-32768,-2644,11418,-12035,25123,3156,14100,-4772
-17852,-32768,140,11565,-11728,25022,5176,12492,-4112
-16764,-32748,1636,11594,-11070,24658,3384,12876,-4012
-16296,-29756,2848,11615,-10232,24128,1332,13028,-5436
-15736,-27368,4596,11761,-9504,23364,-2240,13616,-6188
-15060,-24980,5900,12035,-8459,23114,-4508,15852,-7664
-14488,-23608,5788,12277,-8387,22537,-3104,16580,-8152
-13692,-24124,3520,12709,-8035,21909,-1452,17876,-6720
-11260,-23480,248,13076,-8042,21266,-1132,18412,-4192
-14124,-22160,680,13326,-7971,20640,2556,16860,-1676
-12492,-23636,-2020,13611,-7863,20154,4584,16128,924
-11916,-23260,-2124,13818,-7812,19833,6380,15272,3036
-10796,-24024,-744,13769,-8109,19944,10564,14208,5344
-9652,-24936,632,13635,-8079,19976,5024,14856,3564
-8524,-26460,1816,13512,-8311,20166,1320,13088,4316
-7256,-26620,3800,13215,-8149,20228,-1176,16060,3284
-5952,-25732,4780,12829,-8014,20257,-500,17876,1128
-5576,-23808,4960,12171,-7716,20319,2776,18872,564
-6096,-21236,4628,12051,-6366,20295,-3208,15248,-160
-6172,-18564,5764,11961,-5606,20265,-16460,11360,4164
-6064,-17280,6932,11846,-5160,20337,-15948,21840,2884
-5676,-15328,7204,11760,-5059,20553,-8688,15508,-228
-5372,-14244,7576,11765,-4708,20628,748,15816,-2224
-4960,-14044,7168,11611,-4093,20609,12420,7508,1160
-3812,-14148,7092,11416,-3362,20306,14892,10480,-768
-3200,-14416,6916,10953,-3255,20103,30848,8056,660
-3552,-14380,6960,10382,-2960,19542,15156,10424,-424
-4468,-13336,6800,9587,-4171,18731,5512,11788,-72
-5232,-12784,6760,9223,-5139,17760,-1836,19572,-1872
-6216,-12040,6960,8907,-5662,16471,-13928,19524,-5896
-7424,-12320,6744,8729,-5659,15200,-8328,18292,-2680
-8388,-13316,6708,8611,-4316,12519,-10280,20340,-2956
-8844,-13796,6412,9283,-6843,10192,-920,30432,-6580
-9076,-14540,6424,10307,-12335,5243,9664,23664,-9620
-9208,-15628,6572,10685,-11080,3438,11328,22652,-12388
-9412,-15364,6384,12448,-12294,2050,8964,17716,-8312
-10272,-14000,6528,12550,-13952,7742,-2988,26392,-5632
-10364,-12700,6604,12108,-21213,6778,-6100,22504,-1804
-10380,-11352,7088,12305,-22339,9575,-4532,18244,1968
-10176,-9504,6468,12531,-18593,14394,-3376,14480,1040
-10176,-9504,6468,12531,-18593,14394,-3376,14480,1040
-9464,-8980,7040,14313,-17729,20835,2596,9280,-300
-9016,-10400,6976,14995,-19840,23165,2056,13444,-1216
-8548,-11796,6404,15151,-22206,25030,416,12664,-4920
-8136,-12524,5484,14360,-22196,28311,52,16084,-6832
-7988,-13204,5340,13465,-21430,31429,-844,18436,-8092
-8604,-12644,5100,12865,-21368,32767,-2680,20632,-9456
-9008,-12144,5096,13168,-24275,32767,-4308,22460,-10172
-8892,-12072,5800,13332,-25849,32767,-5660,21744,-8296
-9180,-12128,6800,12887,-24906,32767,-5676,16548,-3516
-10136,-11572,6664,11954,-22295,30366,-4296,12424,-152
-10692,-12248,7144,11553,-19383,27750,-2704,10700,2756
-10828,-12632,7052,11297,-16928,26536,-4392,10216,2264
-10724,-12816,6904,11243,-17463,25361,-2792,11740,2248
-10952,-12332,6768,10873,-18833,23506,932,12704,512
-11312,-12640,5900,11195,-21062,21700,-196,17324,-1392
-11536,-14268,5672,10889,-22634,18765,316,19464,-5344
-12572,-13996,6568,10923,-22398,15981,3928,19488,-7068
-14008,-13284,8156,11037,-20966,13221,-48,19352,-9152
-15280,-12760,9440,10879,-19817,12010,5200,17276,-10968
-15192,-12708,10240,11229,-16544,10472,5424,11112,-10648
-15312,-12920,10132,11699,-13089,7509,4916,9752,-6828
-16116,-9704,10052,11180,-8772,6533,4352,4200,-3760
-16796,-8248,9712,10620,-7922,7034,4028,3488,-1404
-16532,-9680,9540,11080,-6753,6749,3648,1880,972
-17268,-7804,10272,11913,-5620,6250,620,2832,1612
-18656,-7200,11492,13054,-4455,7846,-1980,6340,1748
-20428,-5668,12516,14229,-3805,7587,-368,16092,1020
-20476,-6864,12620,15007,-3732,7656,10908,21684,-1784
-19856,-8660,12992,15628,-4336,8507,20420,22840,-4272
-19468,-9700,10820,15745,-5947,9778,15688,21296,-11672
-19068,-10780,9580,16111,-6231,11361,5144,18944,-9480
-19416,-11268,8144,16671,-6629,12793,-4672,21760,-9836
-20120,-12204,7068,17414,-7283,14529,-3472,22008,-11020
-21160,-12944,5876,18201,-8136,16486,2980,17420,-9444
-21908,-14064,5944,18970,-9289,18162,8532,11460,-6868
-22100,-16172,6800,19351,-9781,19117,6180,14592,-4436
-21692,-18004,7776,19709,-10176,18976,9692,17608,-6884
-20844,-19720,7852,20046,-10124,17591,13708,19616,-11680
-19616,-20396,8232,19900,-9275,15180,9680,25784,-17036
-18600,-19940,8460,20348,-7812,12994,-2152,32767,-22204
-18216,-18628,8140,20692,-6501,10863,-5832,32767,-20892
-18312,-17764,7520,21103,-5571,9155,-4416,23472,-17020
-17948,-18700,6104,22031,-5642,8863,-2484,11440,-8236
-17064,-19816,4688,23192,-6373,9171,2816,8360,-5200
-16224,-21208,3868,24351,-7460,10021,2780,10780,-2924
-15132,-22896,3880,25368,-8402,11077,3812,17576,-1588
-14596,-23388,4252,26405,-9345,12345,5048,20744,-1724
-14136,-23736,4572,27179,-9843,13470,3736,19840,-1540
-13736,-23264,4788,27628,-9814,14529,1360,19132,-2000
-13020,-22284,4044,27889,-10071,15523,-1720,17632,-3372
-12168,-21072,3440,28010,-10009,16961,-5512,16172,-6028
-11096,-20244,2560,27919,-10109,17814,-9940,17468,-7872
-10184,-19444,2208,27818,-9811,18314,-13232,17796,-7796
-8928,-18064,2420,27781,-9066,18689,-14092,16260,-6060
-7772,-16340,2716,27500,-9008,19025,-12288,14960,-3452
-6876,-15132,3064,26830,-8996,19414,-10524,14576,-1008
-5924,-14472,4008,26728,-8692,18982,-9972,12836,1020
-5352,-14416,4884,26259,-8167,18382,-9872,12048,296
-4912,-14368,5908,25890,-6945,17135,-9140,14612,452
-4760,-14240,6540,25732,-4610,15358,-8368,17140,-1372
-5072,-13996,7068,25430,-2687,14212,-8516,19940,-2868
-5508,-13664,6916,25141,-1412,13428,-6668,19996,-3476
-5948,-13908,7280,24880,-3,12492,-4284,20992,-5376
-5988,-14140,7796,24600,927,11805,-2680,22008,-7936
-6084,-14884,8956,24408,2049,11372,-512,19524,-7972
-5752,-15456,10340,24266,3312,10743,-4092,12584,-11180
-5804,-15568,11504,24082,3517,10261,-5176,20376,-8264
-6148,-15292,11808,24122,3883,10074,-5560,21800,-6116
-6564,-14616,12404,24186,3738,10075,-7248,22488,-6140
-6824,-14472,12592,24274,3083,10386,-10212,23952,-4704
-6880,-14236,12364,24220,2929,11178,-12560,22964,-2912
-6692,-14084,11784,23751,2979,12194,-13108,24416,-2080
-6656,-14484,11600,23073,3035,12972,-13716,25456,-684
-7008,-14520,11628,22539,3734,13359,-14648,27416,-388
-7148,-14420,11416,22038,3593,14324,-15212,25100,1068
-7148,-13892,10632,21580,3820,15565,-16872,24192,1532
-7632,-12228,9924,21294,3886,16937,-18512,22784,1952
-8324,-11240,9452,20878,4094,18299,-18580,21200,2912
-8800,-10552,8784,20377,4254,19322,-17804,19400,3860
-9340,-9688,8064,19948,3941,19837,-15160,17208,4768
-9284,-9584,7428,19572,3352,19950,-14680,16668,4420
-9036,-9860,6528,19422,3061,19684,-16020,16256,6216
-8796,-10036,5548,19308,2908,19930,-18708,18532,6876
-8848,-10288,4512,19283,2850,20541,-20608,17300,9352
-8840,-10568,3132,19134,3578,21432,-20056,16028,11860
-9356,-10248,2448,19390,4053,22726,-16160,12348,14264
-9732,-9804,1712,19713,3873,24381,-9932,8416,15500
-10400,-8996,1432,19903,3459,26272,-5904,8316,16436
-11460,-8500,2232,20100,2710,28404,-3148,11272,16652
-12084,-8200,3296,20388,2335,30819,-3000,15192,16616
-12676,-8644,4284,20636,1771,32767,-3688,17364,16392
-12864,-9512,5260,20440,88,32767,-3888,20180,16100
-12968,-10668,6016,20006,-1689,32767,-4180,24824,14652
-13164,-11756,6308,19310,-2956,32767,-3616,26892,13792
-13348,-12500,6144,18440,-5004,32767,-1480,27044,12932
-13636,-12128,5872,17667,-6328,32767,572,26872,10420
-14320,-12452,6064,16996,-6660,32767,2564,28448,8224
-14688,-12552,5648,16432,-7192,32767,3628,27768,6268
-14372,-12116,5308,15920,-8403,32767,5468,25200,4748
-13868,-11264,5552,15961,-8992,32767,8156,22248,3852
-12884,-11060,6744,16350,-8550,32767,11076,20792,3528
-12488,-11528,7848,16382,-9222,32767,11360,21692,4068
-11728,-12588,8996,16482,-9476,32767,8236,22104,3500
-10624,-13304,10228,16883,-8420,31291,3188,22320,1688
-10080,-13304,11324,17028,-7799,29179,-448,22936,-2004
-9636,-13964,12892,16622,-7747,27650,-1956,21464,-3752
-9188,-14500,14408,16015,-7119,26849,-3176,20036,-4820
-8852,-15368,16352,15432,-6412,26269,-3144,17124,-4948
-8988,-15676,18836,15022,-5799,26150,-3176,16056,-3932
-9148,-16744,20208,14933,-5448,26617,-4632,15700,-3212
-9820,-18200,21212,14964,-5436,26903,-5788,16728,-2780
-9384,-18896,21748,14966,-5808,27459,-5536,18396,-2024
-8568,-20264,22780,14728,-5454,27669,-4300,20512,-1404
-7564,-21184,24064,14448,-5981,28179,-2592,20852,-1552
-6308,-22440,24996,14068,-6566,27995,-616,19416,-1012
-5516,-22020,25124,13565,-7658,28748,1684,18992,-984
-4768,-20540,24660,13481,-8226,28651,3416,17604,-804
-3468,-19904,24520,14107,-8371,28551,3896,16204,-1648
-2656,-20596,23616,14367,-8300,28825,4060,16244,-2576
-1780,-20944,22196,14033,-8396,28657,2936,17752,-3960
-820,-20124,22212,13686,-8289,27807,2148,18932,-4280
220,-18988,20164,13429,-8329,26775,2916,15904,-5116
552,-18700,18720,12976,-8552,26012,4328,13660,-7968
1404,-18736,17380,12610,-8426,25401,4584,14624,-8384
1400,-18280,17216,12295,-7956,25215,3092,14040,-10044
1100,-18124,17204,12058,-7269,25308,3436,14920,-9556
828,-18564,16552,12037,-6479,25334,3160,14084,-7940
600,-18572,14048,11849,-5809,25555,2464,10692,-6808
796,-17964,11412,11575,-5234,25346,2968,13640,-5836
956,-18008,8396,11385,-4768,25198,3304,12292,-5040
1376,-19216,6296,11155,-4481,25062,3680,12328,-4576
1616,-19208,4228,11034,-4043,24838,3016,13040,-3976
2132,-19040,2820,10957,-3308,24639,3056,13628,-3736
2156,-19160,2028,10908,-2865,24224,4508,12948,-1708
1772,-19380,1288,10762,-2557,23812,6948,10216,-784
1356,-18656,-652,10420,-2292,23261,5056,9184,-476
1564,-17784,-2684,10030,-2205,22722,3916,9536,1120
1944,-17596,-4692,9807,-1748,22206,1332,7920,2864
2208,-17360,-6536,9623,-1348,21933,760,7312,5164
2388,-16756,-8396,9502,-982,21806,-2048,8044,5088
3108,-15944,-10884,9441,-977,22033,1888,12832,5576
4800,-16956,-12936,9039,-980,22189,4044,18048,1764
6412,-16264,-15476,8412,-1619,22362,5628,24124,-520
8092,-14336,-16928,7275,-2589,22240,5612,21532,-3388
9000,-12772,-16796,6463,-3324,21993,10216,17284,-3508
9264,-12368,-15652,6104,-3753,21917,10868,13848,-5104
9584,-12160,-14692,6274,-4241,21817,8100,12280,-3224
9976,-10948,-14620,6296,-4518,21569,5364,10656,16
10796,-10616,-14564,6064,-5044,21029,7252,5980,3500
11212,-10308,-15140,5459,-5977,20377,10748,4248,5264
11468,-9004,-15700,5461,-6115,19522,10808,7228,5708
11852,-8096,-16608,5109,-5685,18612,9288,10352,4340
12160,-7132,-16932,4834,-5044,17732,7976,12204,2916
12744,-6760,-16676,4811,-5924,17052,9708,11000,4000
13480,-5896,-15776,4306,-5506,15909,8580,11852,1304
13736,-5500,-15340,3877,-4572,14741,6176,12324,576
14536,-5148,-15096,3566,-3319,13217,4812,12840,-68
16028,-4728,-14748,3236,-2204,11359,6564,13524,-2680
16324,-4216,-13240,3044,-1563,9638,9976,14548,-5984
16152,-3400,-11040,2903,-1072,8430,11324,15428,-6560
2984,-5244,-10676,2856,-441,7526,10736,15004,-6140
14888,-8464,-5424,2867,-2,6796,9136,13884,-4316
3064,-2052,-3192,2806,284,6479,7284,13272,-1568
19008,-5624,948,3129,619,5526,6532,12184,392
13180,-7240,552,2799,682,5467,7032,10496,1096
10624,-4532,3180,2713,1063,4861,6888,9808,1888
9928,-9356,3300,2379,685,4440,6392,10340,1284
816,1256,32767,2110,565,4428,6564,10612,160
-32768,-32768,32767,1706,336,4409,7564,11820,-680
32767,32767,-8928,1584,911,4303,8744,12504,-1732
32767,-32768,-27284,1125,1700,3802,9548,12784,-1712
15672,-21964,-18128,334,1703,3293,9856,12856,-2360
20100,-15056,-12536,725,1141,3179,9856,12024,-2660
24124,1636,-1736,1084,1175,4252,9384,12060,-1996
6580,17784,-6660,1644,1336,3690,8852,12436,-2220
12512,6512,-7052,897,2560,4104,8212,12860,-2584
18856,-236,576,657,3353,3148,7452,12672,-2828
15312,2220,1836,205,3157,791,7672,12740,-2504
15140,224,3424,-551,1703,-817,8600,12692,-1792
18596,-2200,2560,-766,757,-1588,9352,12392,-1336
18428,-7748,-1232,-282,1657,-2146,10496,12820,-664
19596,1696,100,-158,2787,-2247,10824,13096,-764
21360,-3640,-2440,-378,3242,-2364,10224,13204,-564
18816,-512,-1008,-712,2752,-2621,10240,13172,-580
17264,2020,2952,-1142,2248,-2482,10512,12172,-516
12584,-672,5016,-1558,1925,-2601,10652,11536,352
11944,-340,5768,-1971,1695,-2549,10620,11588,1008
14308,-1896,5212,-2153,1572,-2736,10280,11816,1568
14276,-3368,4852,-1851,1530,-2897,9232,11756,1536
14412,-884,4572,-1931,2082,-2921,8924,12568,1000
13016,-1572,4372,-2104,2326,-3275,9496,12896,832
11188,416,4984,-2359,2092,-3775,10784,13248,784
10860,1416,5096,-2537,1901,-4488,11084,13160,1252
11780,2396,5020,-2671,2050,-5557,11008,13784,1376
13508,3856,3808,-2870,2251,-7005,10452,14044,1524
14028,2376,2948,-3234,2687,-8270,10468,14324,1724
15012,2616,1996,-3540,3529,-9521,11648,13476,2968
15880,1440,1324,-3881,3993,-10725,11916,12360,3584
15428,1708,900,-4190,4269,-11855,11040,12956,3700
13348,2356,756,-4486,4365,-12914,10716,12548,4156
12988,312,1596,-4706,4159,-13830,9316,12392,3876
12316,188,1412,-5021,4193,-14522,8464,12080,4256
12364,-564,656,-5404,4291,-15293,5928,12568,4568
11348,-76,-392,-5914,4151,-16221,5836,12388,5036
9924,-388,-2344,-6409,4057,-17169,5276,12140,4384
9224,1328,-3996,-6797,4139,-17938,5808,12188,4552
8692,-2112,-5320,-7164,4331,-18625,6252,11804,4216
8160,-288,-5440,-7421,4459,-19160,7844,12280,5884
8648,-2572,-4628,-7673,4572,-19625,6068,10928,6364
10576,-7100,-4148,-7999,4680,-20140,4000,13320,6792
10564,-7352,-2636,-8479,5021,-20954,1280,14132,4640
10376,-7196,-1148,-9175,5157,-21934,1316,11820,2888
11032,-11160,1480,-9745,5255,-23296,888,10748,1012
10848,-13636,6212,-10249,5476,-24664,820,13008,-792
9212,-12736,6504,-10445,6256,-25989,-1348,13044,-1900
8660,-11380,6200,-10539,7097,-27318,-1320,14716,-2640
8988,-11184,7412,-10654,7147,-28207,-416,13028,580
8500,-11260,8684,-10904,6939,-28931,-2024,11676,-40
8064,-9332,6352,-11050,7120,-29689,-4168,15844,-4212
8760,-8744,4424,-11258,7377,-30223,-5988,26304,-9528
8612,-8700,4028,-11607,6665,-30718,2788,18640,-7068
7632,-8984,3840,-11853,7052,-31360,2468,13992,-7276
7416,-11168,5860,-12090,7021,-31811,752,14380,-7692
6192,-14784,9960,-12349,6868,-31931,-1996,15092,-6720
4064,-16868,12868,-12737,6855,-32237,-4076,17076,-5928
2036,-16644,14596,-12983,7157,-32049,-4460,19980,-5336
1296,-16012,15428,-12961,7118,-31713,-3444,18848,-5700
432,-15096,16104,-13227,7280,-31509,-1524,17144,-5724
-1340,-11624,12544,-13264,7697,-30647,432,16704,-6212
-2384,-10036,10184,-13336,8579,-29844,1052,18812,-6952
-3676,-8708,8808,-13622,9309,-28657,2332,19652,-7740
-5324,-9216,9436,-13837,10104,-27317,3868,19096,-7108
-6840,-10892,12552,-14113,10680,-25967,4344,17096,-6372
-7872,-14624,15928,-14239,11046,-24634,5232,14564,-3380
-8160,-17404,21656,-14253,11423,-23374,5408,16160,-4008
-10232,-16392,22424,-14027,12109,-22236,3440,12224,-7464
-9844,-15704,21976,-13805,12863,-21341,5452,12444,-6908
-10060,-13612,21348,-13688,13355,-20750,8476,11476,-6824
-10060,-13612,21348,-13688,13355,-20750,8476,11476,-6824
-9956,-9440,16932,-13722,14014,-20902,12648,5640,-1468
-9848,-8652,15680,-13837,13802,-22050,11784,6468,1680
-9848,-8652,15680,-13837,13802,-22050,11784,6468,1680
-10552,-9384,16968,-13318,13789,-24270,4416,12240,3116
-10552,-9384,16968,-13318,13789,-24270,4416,12240,3116
-10016,-12868,20612,-12406,14400,-26807,-532,28016,5448
-9252,-12408,20992,-12151,14779,-27470,-492,32048,9092
-9252,-12408,20992,-12151,14779,-27470,-492,32048,9092
-7564,-9296,19228,-11528,15074,-28072,8304,24988,10256
-7564,-9296,19228,-11528,15074,-28072,8304,24988,10256
-5988,-5872,14008,-11768,14389,-29377,13732,13700,16760
-5988,-5872,14008,-11768,14389,-29377,13732,13700,16760
-4528,-5644,12480,-12605,12264,-30501,-4584,11728,15024
-4528,-5644,12480,-12605,12264,-30501,-4584,11728,15024
-3812,-6664,12072,-12923,9781,-30213,-7324,13324,6696
-3812,-6664,12072,-12923,9781,-30213,-7324,13324,6696
-3604,-9316,14504,-12655,7346,-28533,-8232,6892,12232
-4012,-9092,14828,-12307,5113,-27841,-11772,14360,9536
-4012,-9092,14828,-12307,5113,-27841,-11772,14360,9536
-4632,-9568,14040,-11796,2114,-26472,-13116,15352,6660
-4632,-9568,14040,-11796,2114,-26472,-13116,15352,6660
-4512,-9748,11520,-11391,-1304,-26353,-7544,25016,-1468
-4148,-9516,9928,-11746,-2835,-27454,-4480,23880,-5760
-4148,-9516,9928,-11746,-2835,-27454,-4480,23880,-5760
-3588,-9304,9056,-12260,-9975,-30786,-9208,19784,-8968
-3588,-9304,9056,-12260,-9975,-30786,-9208,19784,-8968
-4804,-10300,8524,-12421,-6455,-32768,-13656,12848,-7724
-4900,-12408,9524,-12751,-477,-32768,-14896,14476,-5184
-4900,-12408,9524,-12751,-477,-32768,-14896,14476,-5184
-7176,-13928,10720,-12299,-3605,-32768,-7536,13476,600
-7176,-13928,10720,-12299,-3605,-32768,-7536,13476,600
-8676,-13004,9836,-10901,-7271,-29559,-492,13996,3940
-9296,-11576,8164,-10211,-5060,-26162,1136,15140,3412
-9296,-11576,8164,-10211,-5060,-26162,1136,15140,3412
-10696,-11592,7396,-9204,-4982,-25589,-2128,16412,-8
-10968,-11856,7008,-8689,-6634,-23307,-5764,17300,-2360
-11548,-11712,6356,-8491,-8857,-22067,-11716,17520,-6228
-11548,-11712,6356,-8491,-8857,-22067,-11716,17520,-6228
-10928,-12104,5940,-8118,-11742,-18264,-14620,15976,-3856
-10928,-12104,5940,-8118,-11742,-18264,-14620,15976,-3856
-10440,-9224,5196,-8223,-10787,-14771,-10256,13060,1224
-10440,-9224,5196,-8223,-10787,-14771,-10256,13060,1224
-6784,-6592,2764,-8882,-12217,-10842,-1160,10164,7324
-5124,-6856,3072,-9386,-11327,-9809,1448,13112,9000
-5124,-6856,3072,-9386,-11327,-9809,1448,13112,9000
-5428,-6888,3268,-9385,-8097,-7286,-5264,13556,5020
-5428,-6888,3268,-9385,-8097,-7286,-5264,13556,5020
-4412,-7832,5172,-13084,-6819,-9339,-12408,17672,-1576
-4412,-7832,5172,-13084,-6819,-9339,-12408,17672,-1576
-3356,-7252,6428,-14643,-8550,-13426,-7760,32767,-7700
-2700,-7356,6852,-15621,-7271,-15129,5400,32767,-7692
-2700,-7356,6852,-15621,-7271,-15129,5400,32767,-7692
-1732,-9508,8844,-16185,-5926,-17251,5544,32767,-6708
-1732,-9508,8844,-16185,-5926,-17251,5544,32767,-6708
-4224,-9868,8536,-16146,-3889,-18998,-972,22464,748
-4224,-9868,8536,-16146,-3889,-18998,-972,22464,748
-4556,-18500,10296,-16380,-2750,-18885,-16968,15652,2384
-4488,-22368,12668,-16714,-1619,-17462,-20048,15176,576
-4488,-22368,12668,-16714,-1619,-17462,-20048,15176,576
-3920,-28336,19964,-17080,-1715,-13801,-6216,29432,-7628
-4420,-30168,23316,-17008,-2312,-12322,2192,27608,-5972
-4420,-30168,23316,-17008,-2312,-12322,2192,27608,-5972
-5612,-28744,24248,-17090,-2321,-10718,472,21860,-2020
-2896,-28100,23036,-17322,-1175,-10421,-5892,21680,-2080
-2896,-28100,23036,-17322,-1175,-10421,-5892,21680,-2080
-12488,-27404,31532,-18004,-244,-9309,-4952,25980,-5500
-12488,-27404,31532,-18004,-244,-9309,-4952,25980,-5500
-7244,-32768,23832,-19107,677,-9239,-2320,26564,-5844
-4840,-31620,26708,-19794,2126,-9173,-3344,24348,-4416
-4840,-31620,26708,-19794,2126,-9173,-3344,24348,-4416
-5608,-32768,22884,-21157,4404,-10169,-956,24128,-1268
-5608,-32768,22884,-21157,4404,-10169,-956,24128,-1268
-5288,-31924,17396,-21874,5137,-11238,4684,26892,1776
-6928,-27428,16444,-22478,5173,-11061,6568,26364,2800
-6928,-27428,16444,-22478,5173,-11061,6568,26364,2800
-5060,-27796,12632,-23808,4812,-10834,4720,25080,2708
-5060,-27796,12632,-23808,4812,-10834,4720,25080,2708
-3460,-27264,8036,-25340,5262,-10449,1784,22276,-164
-4948,-27580,8892,-26163,6284,-10597,1336,18108,-2628
-4948,-27580,8892,-26163,6284,-10597,1336,18108,-2628
-5900,-26900,7564,-26710,8853,-11876,4028,12180,-5972
-5900,-26900,7564,-26710,8853,-11876,4028,12180,-5972
-5404,-26188,6992,-26264,11811,-14184,6960,6896,-7828
-5404,-26188,6992,-26264,11811,-14184,6960,6896,-7828
-5504,-25336,6268,-26679,13464,-16307,-2884,3284,-1720
-5504,-25336,6268,-26679,13464,-16307,-2884,3284,-1720
-6068,-21868,3892,-27160,13984,-17588,-13716,5908,1060
-6068,-21868,3892,-27160,13984,-17588,-13716,5908,1060
-5976,-18328,1020,-26470,15161,-17569,-11932,3084,-1112
-5200,-17392,-220,-25835,15823,-17112,-7844,4896,-3236
-5200,-17392,-220,-25835,15823,-17112,-7844,4896,-3236
-3040,-16188,-784,-23396,14975,-15923,-6828,8268,-7012
-2104,-16392,-260,-22339,14007,-15078,-5252,11900,-7536
-2104,-16392,-260,-22339,14007,-15078,-5252,11900,-7536
-1612,-16140,1688,-21793,13428,-14384,-8836,20996,-9108
-1612,-16140,1688,-21793,13428,-14384,-8836,20996,-9108
-2304,-15284,3928,-22150,13134,-15217,-5916,27276,-10608
-1548,-15084,4456,-22191,13008,-15869,900,25100,-13196
-1548,-15084,4456,-22191,13008,-15869,900,25100,-13196
-1892,-14980,4452,-22364,12908,-16777,8240,22232,-13116
-1892,-14980,4452,-22364,12908,-16777,8240,22232,-13116
-1656,-16316,4284,-22351,13427,-18399,4492,16492,-8104
-1940,-16716,4516,-22517,14030,-19170,924,14804,-4728
-1940,-16716,4516,-22517,14030,-19170,924,14804,-4728
-2680,-16056,5264,-23638,13833,-20134,-2828,10848,-524
-2552,-15632,5592,-23076,15272,-21199,-6088,9596,256
-2552,-15632,5592,-23076,15272,-21199,-6088,9596,256
-2492,-15120,6724,-22439,15638,-22605,-7092,12504,-1976
-2492,-15120,6724,-22439,15638,-22605,-7092,12504,-1976
-2448,-13676,7548,-21533,16267,-23669,-2272,12864,-2832
-2256,-13100,7512,-21378,16304,-24016,-824,13780,-1856
-2256,-13100,7512,-21378,16304,-24016,-824,13780,-1856
-1996,-9864,7712,-20538,17315,-24153,3848,13240,2040
-1184,-15008,7616,-20168,17646,-24037,5108,12540,-1236
-1184,-15008,7616,-20168,17646,-24037,5108,12540,-1236
-824,-12580,7468,-19456,18803,-23511,6396,17108,-748
-824,-12580,7468,-19456,18803,-23511,6396,17108,-748
-616,-12140,7284,-19547,17509,-21738,1288,23792,156
-132,-10564,6560,-19344,17762,-21628,1388,20120,-420
-132,-10564,6560,-19344,17762,-21628,1388,20120,-420
996,-10568,5876,-19194,16843,-21933,3208,15916,844
996,-10568,5876,-19194,16843,-21933,3208,15916,844
3172,-11632,6368,-18560,16173,-23677,1720,13576,2980
4572,-11628,7828,-17973,15990,-24595,1776,15068,2228
4572,-11628,7828,-17973,15990,-24595,1776,15068,2228
6144,-11420,10156,-16305,15877,-25764,4360,18944,4812
6144,-11420,10156,-16305,15877,-25764,4360,18944,4812
7264,-11272,11320,-14534,15876,-26977,364,13868,2472
7872,-11352,11016,-13968,16229,-27788,-1908,15016,-556
7872,-11352,11016,-13968,16229,-27788,-1908,15016,-556
8984,-12148,10792,-13240,16824,-29613,-2844,14704,-1756
8984,-12148,10792,-13240,16824,-29613,-2844,14704,-1756
10980,-12772,12080,-12087,16660,-32123,-5060,19736,-4876
10980,-12772,12080,-12087,16660,-32123,-5060,19736,-4876
13480,-13840,14180,-11327,14769,-32768,-456,18652,-2396
13480,-13840,14180,-11327,14769,-32768,-456,18652,-2396
13688,-14596,16992,-9489,13310,-32768,-1496,18252,908
13688,-14596,16992,-9489,13310,-32768,-1496,18252,908
14036,-14292,17132,-8853,11905,-32768,-2268,26648,-2980
14712,-14676,16712,-8825,10252,-32768,-3000,32767,-9692
14712,-14676,16712,-8825,10252,-32768,-3000,32767,-9692
17024,-17964,18092,-9293,6185,-32768,-500,32767,-13640
17024,-17964,18092,-9293,6185,-32768,-500,32767,-13640
16780,-25372,17844,-7468,5526,-31630,5264,18456,-6524
14328,-25828,17708,-6774,6051,-30209,5244,11656,-4768
14328,-25828,17708,-6774,6051,-30209,5244,11656,-4768
9920,-22056,14600,-6699,8838,-29334,992,9100,-1104
9920,-22056,14600,-6699,8838,-29334,992,9100,-1104
7608,-19028,12004,-6722,9898,-29307,-508,12996,600
6952,-18308,10912,-7093,9588,-28731,-3180,17312,-172
6952,-18308,10912,-7093,9588,-28731,-3180,17312,-172
6288,-15204,8280,-7714,9751,-26708,-1848,15532,-1668
5844,-14432,6692,-8078,11393,-25920,-336,13208,-2356
5844,-14432,6692,-8078,11393,-25920,-336,13208,-2356
4564,-14148,3644,-8011,12862,-24127,64,15240,-4564
4564,-14148,3644,-8011,12862,-24127,64,15240,-4564
4340,-12240,2668,-8149,11766,-21412,-2224,17116,-6928
4340,-12240,2668,-8149,11766,-21412,-2224,17116,-6928
3564,-13476,-456,-7247,11132,-17690,2784,15688,-6712
3220,-13436,-1072,-6558,11462,-16452,4068,13736,-5468
2588,-13364,-1860,-5901,11645,-15158,8056,12724,-4260
2588,-13364,-1860,-5901,11645,-15158,8056,12724,-4260
2656,-13632,-3640,-5101,11588,-12986,8140,15440,-2968
3016,-13796,-4836,-5065,10992,-12081,7920,14916,-1672
3016,-13796,-4836,-5065,10992,-12081,7920,14916,-1672
3300,-13220,-8036,-5277,9545,-10377,6012,14100,-1984
3300,-13220,-8036,-5277,9545,-10377,6012,14100,-1984
3876,-12772,-7976,-6288,7409,-9466,3300,14424,-3392
3876,-12772,-7976,-6288,7409,-9466,3300,14424,-3392
4212,-13608,-5652,-7028,8087,-8447,2144,14072,-3984
4212,-13608,-5652,-7028,8087,-8447,2144,14072,-3984
3772,-14916,-2752,-6512,6362,-5994,2608,13476,-3252
3772,-14916,-2752,-6512,6362,-5994,2608,13476,-3252
1716,-12692,-928,-5158,4404,-4362,3044,14776,-4304
1716,-12692,-928,-5158,4404,-4362,3044,14776,-4304
-1216,-8768,-296,-4421,2280,-2921,5240,16396,-4928
-1900,-9852,4000,-4439,1942,-2837,5872,14932,-4772
-1900,-9852,4000,-4439,1942,-2837,5872,14932,-4772
-1812,-15104,15636,-4518,821,-3315,4612,12824,-6356
-1812,-15104,15636,-4518,821,-3315,4612,12824,-6356
-10272,18488,23892,-4176,-443,-3010,2896,12992,-7748
-10272,18488,23892,-4176,-443,-3010,2896,12992,-7748
32767,22088,29912,-3502,-1753,-1991,3420,13828,-6724
32767,-32768,3132,-3048,-2201,-1733,3908,14152,-5636
32767,-32768,3132,-3048,-2201,-1733,3908,14152,-5636
13596,-5300,-12836,-2954,-2932,-307,3352,13372,-3144
13596,-5300,-12836,-2954,-2932,-307,3352,13372,-3144
9780,-628,11216,-2627,-2791,2021,2816,13892,-4236
9780,-628,11216,-2627,-2791,2021,2816,13892,-4236
-3172,7536,12644,-2366,-3607,4882,4788,15848,-5136
-3172,7536,12644,-2366,-3607,4882,4788,15848,-5136
13580,-6348,13792,-2772,-5800,6774,5596,16364,-7544
12964,-5168,12920,-2660,-5867,7609,6548,14928,-7500
12964,-5168,12920,-2660,-5867,7609,6548,14928,-7500
14704,-6504,11244,-1440,-4609,8840,7076,12288,-6812
14704,-6504,11244,-1440,-4609,8840,7076,12288,-6812
9764,-2368,13868,167,-2530,10653,5528,12036,-6112
5612,-368,14840,1112,-1121,11196,5508,13356,-5880
5612,-368,14840,1112,-1121,11196,5508,13356,-5880
1052,1220,18592,1330,-856,12861,6584,15472,-4152
1052,1220,18592,1330,-856,12861,6584,15472,-4152
-2924,5524,23512,121,-2415,13284,7552,16268,-2356
-4276,156,23048,-341,-2758,12823,7028,15580,-1900
-4276,156,23048,-341,-2758,12823,7028,15580,-1900
-5472,556,21552,-267,-3895,12330,6484,12748,-896
-5504,1604,16132,-251,-4503,12529,6072,11692,-1156
-5504,1604,16132,-251,-4503,12529,6072,11692,-1156
-6028,-3144,6280,-56,-6447,13059,6884,10928,-2472
-7608,-3252,5932,84,-7318,13093,7604,11032,-2760
-7608,-3252,5932,84,-7318,13093,7604,11032,-2760
-6236,-6788,-1060,642,-8499,12439,5996,12556,-2832
-6236,-6788,-1060,642,-8499,12439,5996,12556,-2832
-8116,-4508,-2912,1193,-7825,11589,5148,14452,-2092
-8116,-4508,-2912,1193,-7825,11589,5148,14452,-2092
-7956,-10420,-660,1284,-7461,10571,7616,15384,-3680
-8528,-11312,348,1017,-7485,10347,8588,15128,-3976
-8528,-11312,348,1017,-7485,10347,8588,15128,-3976
-8672,-11108,-508,930,-7913,9883,10012,14024,-3240
-8672,-11108,-508,930,-7913,9883,10012,14024,-3240
-10004,-9956,-3304,1827,-7399,9545,9344,12324,-2252
-10004,-9956,-3304,1827,-7399,9545,9344,12324,-2252
-11336,-11304,136,2476,-7993,9553,6936,13244,-2180
-11336,-11304,136,2476,-7993,9553,6936,13244,-2180
-14324,-15544,6996,2809,-9288,10132,6068,13928,-2392
-14324,-15544,6996,2809,-9288,10132,6068,13928,-2392
-16216,-21996,16788,3239,-10534,11352,6096,13080,-3300
-16216,-21996,16788,3239,-10534,11352,6096,13080,-3300
-18128,-22944,18280,3593,-11332,12788,5588,13852,-4396
-18128,-22944,18280,3593,-11332,12788,5588,13852,-4396
-17900,-23008,15740,4400,-11133,15167,6868,14300,-3968
-17900,-23008,15740,4400,-11133,15167,6868,14300,-3968
-20792,-20340,10540,5040,-10868,17289,7816,11968,-3536
-21600,-21200,11112,5253,-10703,18301,7328,11248,-3832
-21600,-21200,11112,5253,-10703,18301,7328,11248,-3832
-24328,-26540,16092,5510,-10953,20340,5000,11788,-5976
-24508,-25700,15788,5641,-11251,20933,4680,12916,-6340
-24508,-25700,15788,5641,-11251,20933,4680,12916,-6340
-22116,-29060,16652,6315,-12214,21737,5664,14532,-6588
-22116,-29060,16652,6315,-12214,21737,5664,14532,-6588
-19864,-28296,13748,7765,-13345,22175,6560,13104,-5336
-19864,-28296,13748,7765,-13345,22175,6560,13104,-5336
-16052,-29852,12848,9326,-13874,22153,11796,11116,-3520
-16052,-29852,12848,9326,-13874,22153,11796,11116,-3520
-10988,-27448,8780,10271,-14463,21866,-4404,7768,2796
-8396,-26656,7476,10326,-14475,21876,-9520,9556,1440
-8396,-26656,7476,10326,-14475,21876,-9520,9556,1440
-4348,-24296,5496,9835,-15448,21591,-612,14608,2008
-3132,-23064,5308,9704,-15988,21330,10140,9520,-1472
-3132,-23064,5308,9704,-15988,21330,10140,9520,-1472
-1672,-19672,5448,9353,-16440,20631,17752,10252,-2432
-1672,-19672,5448,9353,-16440,20631,17752,10252,-2432
-1596,-15956,6140,9238,-16360,20084,6428,12940,540
-1596,-15956,6140,9238,-16360,20084,6428,12940,540
-1288,-13352,6816,9388,-16031,19182,1608,9080,7548
-924,-12744,6204,9483,-15960,18492,920,8436,6272
-924,-12744,6204,9483,-15960,18492,920,8436,6272
460,-12512,5456,9368,-15718,17163,-3016,7832,1960
460,-12512,5456,9368,-15718,17163,-3016,7832,1960
836,-12988,5276,8194,-15660,15261,-5764,14968,-7408
344,-11580,5280,7675,-16009,14318,80,15092,-10000
344,-11580,5280,7675,-16009,14318,80,15092,-10000
56,-10904,4748,6798,-16346,13058,-788,17712,-8828
-124,-11792,4844,6450,-16663,12600,640,16208,-4280
-124,-11792,4844,6450,-16663,12600,640,16208,-4280
-1236,-10520,5480,6941,-16447,11491,2100,12192,3768
-1868,-11656,6492,7458,-16224,10611,-1528,12760,5476
-1868,-11656,6492,7458,-16224,10611,-1528,12760,5476
-4180,-11252,8540,8744,-14744,7684,7348,17752,3580
-4180,-11252,8540,8744,-14744,7684,7348,17752,3580
-6512,-11100,9132,8342,-17475,-481,11592,20972,-3244
-6512,-11100,9132,8342,-17475,-481,11592,20972,-3244
-8624,-12260,9308,8676,-13751,-11165,6396,24796,-11508
-9316,-12772,9228,9310,-11313,-8983,4428,26216,-12504
-9316,-12772,9228,9310,-11313,-8983,4428,26216,-12504
-9796,-12680,10192,10340,-10597,-5538,1408,22260,-11240
-9796,-12680,10192,10340,-10597,-5538,1408,22260,-11240
-11336,-13644,13596,12780,-10128,-2104,-2232,26924,-14916
-11336,-13644,13596,12780,-10128,-2104,-2232,26924,-14916
-13680,-13748,15552,14625,-7219,2980,-2668,25988,-15268
-13680,-13748,15552,14625,-7219,2980,-2668,25988,-15268
-14540,-14112,14776,16765,-8336,7533,-4032,18840,-12476
-15376,-14660,14400,18033,-8035,9418,-5764,19668,-12396
-15376,-14660,14400,18033,-8035,9418,-5764,19668,-12396
-14336,-15336,14100,19883,-7620,13353,-9252,21448,-13320
-14336,-15336,14100,19883,-7620,13353,-9252,21448,-13320
-13896,-15864,14184,20361,-7755,17459,-11832,24848,-10956
-13040,-15864,14484,20208,-7728,18867,-8056,23216,-8336
-13040,-15864,14484,20208,-7728,18867,-8056,23216,-8336
-12648,-16848,16808,19912,-5992,21036,-4096,17532,-3924
-13304,-16556,17208,19759,-4654,21444,-4820,16912,-1056
-13304,-16556,17208,19759,-4654,21444,-4820,16912,-1056
-13148,-16672,16464,19032,-3392,21372,-5684,16200,4592
-13148,-16672,16464,19032,-3392,21372,-5684,16200,4592
-12688,-16800,13720,17171,-5545,19889,8512,15272,1892
-12688,-16800,13720,17171,-5545,19889,8512,15272,1892
-9944,-16224,10876,16409,-5735,18803,20704,13124,-2900
-9944,-16224,10876,16409,-5735,18803,20704,13124,-2900
-7676,-15008,8708,15494,-6548,19298,10164,13772,-2996
-7676,-15008,8708,15494,-6548,19298,10164,13772,-2996
-5820,-11988,8824,14932,-8696,19628,-7960,16248,4052
-5820,-11988,8824,14932,-8696,19628,-7960,16248,4052
-5040,-10676,8720,14748,-9187,19559,-1628,16788,4464
-5040,-10676,8720,14748,-9187,19559,-1628,16788,4464
-5260,-10160,7848,14978,-8380,18970,3624,14756,-7704
-5260,-10160,7848,14978,-8380,18970,3624,14756,-7704
-4772,-9924,6656,16416,-6643,18240,-8100,15436,-13316
-4772,-9924,6656,16416,-6643,18240,-8100,15436,-13316
-4752,-10344,5728,16850,-6200,18356,-3168,15916,-3656
-4752,-10344,5728,16850,-6200,18356,-3168,15916,-3656
-4540,-10088,5596,17012,-7131,18367,3668,21908,-6000
-4864,-10340,5812,16736,-7511,18265,-1820,24956,-8360
-4864,-10340,5812,16736,-7511,18265,-1820,24956,-8360
-6304,-10292,6388,16495,-7320,17104,-5228,22428,-5896
-6304,-10292,6388,16495,-7320,17104,-5228,22428,-5896
-6832,-10272,7184,16322,-7979,17388,-1748,17788,-3096
-7336,-10432,7692,15931,-8408,17552,-1000,16660,-1544
-7336,-10432,7692,15931,-8408,17552,-1000,16660,-1544
-8136,-11228,8876,15281,-10033,17924,-3120,15432,732
-9412,-11232,9328,14799,-9755,17926,-5008,15816,2080
-9412,-11232,9328,14799,-9755,17926,-5008,15816,2080
-11948,-10484,9656,13975,-10873,17254,-7936,12892,404
-12392,-9664,9400,13542,-10192,16190,-11100,11864,-716
-12392,-9664,9400,13542,-10192,16190,-11100,11864,-716
-13296,-12628,9164,13036,-9536,15100,-12824,10892,-2068
-13296,-12628,9164,13036,-9536,15100,-12824,10892,-2068
-13832,-11968,8788,13676,-8019,12903,-3684,8944,-548
-13832,-11968,8788,13676,-8019,12903,-3684,8944,-548
-13548,-11384,8052,15603,-6270,11679,3888,7364,3176
-13548,-11384,8052,15603,-6270,11679,3888,7364,3176
-14800,-9100,7268,16552,-1262,8495,5376,11984,6888
-14800,-9100,7268,16552,-1262,8495,5376,11984,6888
-16672,-9064,7228,16803,-1946,9915,5232,11172,5476
-17112,-9892,7456,16858,-2669,12312,3912,9556,2896
-17112,-9892,7456,16858,-2669,12312,3912,9556,2896
-17408,-12148,7624,16206,-3996,15924,10688,8376,1504
-17408,-12148,7624,16206,-3996,15924,10688,8376,1504
-19300,-12200,6872,16817,-4368,15372,19736,20620,7972
-20092,-12096,6012,17035,-5237,15290,16888,29488,8344
-20092,-12096,6012,17035,-5237,15290,16888,29488,8344
-20424,-14428,5548,16531,-9330,14659,15160,32767,-364
-20256,-15864,5260,15406,-9514,13360,9520,31720,-5544
-20256,-15864,5260,15406,-9514,13360,9520,31720,-5544
-20936,-17652,4048,13695,-6033,9771,-3972,13524,-12672
-21372,-18456,3444,13298,-5146,9127,-13504,16524,-13332
-21372,-18456,3444,13298,-5146,9127,-13504,16524,-13332
-22096,-21340,5396,15000,-5579,8719,1496,16992,-7444
-22416,-23188,6764,16227,-6309,9045,7772,12568,-3860
-22416,-23188,6764,16227,-6309,9045,7772,12568,-3860
-21692,-24692,10612,17754,-6695,9059,12288,28804,-11552
-20808,-24652,11756,17754,-6333,8993,6784,32767,-15892
-20808,-24652,11756,17754,-6333,8993,6784,32767,-15892
-19956,-21592,10388,18068,-6037,10869,-11552,23980,-5468
-19956,-21592,10388,18068,-6037,10869,-11552,23980,-5468
-17728,-20616,9112,19028,-7066,12818,4136,6932,1592
-16172,-21468,9892,19892,-8341,13657,4932,7428,1412
-16172,-21468,9892,19892,-8341,13657,4932,7428,1412
-11856,-20876,12256,21035,-10009,14836,-760,13564,140
-10328,-19416,12340,21310,-10135,15187,-1468,15228,-1368
-10328,-19416,12340,21310,-10135,15187,-1468,15228,-1368
