-64,64,-108,1,0,49,-16,116,-108
-126,100,4,-44,0,22,126,108,112
72,18,2,-120,-29,65,80,84,-66
0,98,80,65,4,15,80,114,120
24,24,2,28,1,20,26,88,-122
32,0,88,16,-120,68,100,24,18
32,54,40,0,-118,-119,84,-44,-50
6,-96,-64,42,-80,4,70,-30,-28
-110,-108,-128,2,10,-61,-110,-108,-62
-92,112,32,0,-125,72,12,38,108
18,2,0,96,32,72,-72,-86,-48
96,14,0,0,33,4,-4,-98,16
0,0,0,20,106,-108,124,16,32
120,-32,10,-78,-116,84,122,-54,66
66,16,0,11,-88,4,-16,44,94
98,-20,120,-128,64,5,-30,-20,120
64,2,32,73,69,20,-62,2,36
-128,-112,0,17,2,8,102,14,-10
96,40,48,16,-128,-128,108,54,38
16,64,-58,2,-80,-123,80,64,-42
34,34,116,25,97,19,-78,38,116
8,0,0,-4,5,32,-68,38,-14
48,-126,16,-92,24,0,-62,78,46
8,0,16,-93,0,0,-88,50,80
-96,-96,-56,0,48,-112,-88,-28,-56
-118,-96,8,0,40,2,-118,-14,12
90,20,2,2,80,32,58,62,-108
0,88,-112,0,4,81,24,122,-108
-128,-128,8,60,0,64,-126,-10,104
14,68,106,16,52,20,78,-52,110
80,96,64,-128,52,18,102,84,110
-128,66,-116,-112,32,-112,-102,82,-100
-112,0,56,16,10,37,-108,14,122
32,32,32,-128,-124,18,-66,32,-90
0,4,0,5,11,72,-84,4,88
-56,-120,-68,0,-63,6,-40,-70,-4
64,0,-60,0,0,16,-24,64,-28
48,108,68,0,36,83,-78,110,-60
40,-86,-112,46,113,77,58,-22,-6
8,-128,-72,48,5,4,-4,-124,-68
52,6,34,-92,-128,0,116,102,58
34,0,-114,-128,-125,16,106,-118,-66
2,32,64,-54,36,39,-78,-90,-14
-96,-108,32,-125,66,40,-32,-54,12
2,8,66,8,-127,0,10,28,66
-80,0,24,-112,67,68,-14,32,-36
0,64,2,4,14,-128,0,-58,10
102,-112,0,39,0,-104,-62,-74,34
0,0,12,-120,-44,40,120,66,-98
32,14,64,-121,-63,32,-88,62,-48
0,52,-108,-111,-124,-80,2,54,-68
10,0,-128,-120,100,-112,78,32,-10
32,0,-126,2,-128,-63,126,-40,-86
68,-46,4,36,16,2,126,-46,-52
66,22,88,0,17,16,74,22,-40
0,0,54,64,120,10,20,2,-46
68,-126,-64,18,-104,0,86,-42,-62
6,-120,6,42,113,13,-32,24,54
34,-126,64,20,9,66,106,-118,124
26,-126,78,8,6,35,66,-96,68
-128,2,40,-116,1,0,-24,2,44
-96,34,20,17,2,36,-76,114,86
0,88,96,17,64,2,-78,92,-18
2,76,80,10,36,-72,104,34,-72
24,24,32,-32,98,-36,72,-20,-50
48,74,34,-32,52,-60,56,-38,54
26,-126,72,2,64,7,26,-114,106
16,-128,64,7,8,-118,42,126,-38
104,64,-40,32,64,2,20,-16,-52
8,-78,-128,8,88,9,40,-78,-16
-28,-100,8,-76,37,1,-20,-2,120
0,0,0,72,-56,4,30,-56,66
64,82,4,51,-127,-124,-94,-94,-128
-128,0,34,97,-128,12,-96,114,34
8,32,-126,114,74,16,14,44,-42
2,72,-96,64,97,-112,70,98,-76
0,72,36,-128,-128,80,-120,-24,26
2,10,0,-128,-86,65,2,42,40
104,70,20,13,66,65,-2,78,20
0,72,32,32,43,4,122,62,-28
18,0,0,84,33,-121,88,-90,20
-30,64,16,17,32,0,-6,98,86
-128,36,6,-88,9,-112,-60,-28,6
34,-102,64,6,80,10,-108,-92,-30
0,36,32,16,8,80,-72,-102,4
0,18,16,0,3,2,8,-66,48
16,24,0,2,33,34,-16,-70,-64
0,0,2,-128,34,0,-90,28,-54
88,4,0,19,75,16,-112,-88,118
-32,4,16,-64,33,-79,-4,-42,16
4,34,48,40,1,-111,124,48,38
4,80,96,74,20,19,-50,118,-32
8,8,10,-28,20,62,90,42,-82
32,64,80,4,2,0,8,-98,-42
0,48,0,-106,0,-41,68,48,0
0,8,4,0,32,0,-104,82,-112
-112,-112,0,4,-124,100,110,68,-68
-128,-128,-56,12,-124,33,-88,-60,-38
-64,72,18,96,17,38,-46,-40,26
-108,48,16,8,2,34,66,-48,-54
-118,16,-64,-64,-126,-96,-84,116,76
16,-40,24,8,-109,-116,16,-38,-102
-108,8,-90,1,8,-64,-42,74,-90
0,-118,0,36,32,-29,68,-86,4
16,-118,28,13,0,8,40,34,86
32,-126,0,59,65,2,32,-118,16
16,64,0,64,2,1,-66,70,-56
0,-126,0,0,64,37,-108,-58,54
18,32,-128,48,1,1,-44,120,22
92,16,80,-128,6,66,92,118,112
0,32,-64,32,-102,112,26,56,-48
2,96,0,-126,104,34,42,114,64
34,-102,0,-125,4,1,-22,-98,106
68,2,4,40,0,12,118,-90,28
12,0,20,-120,8,104,76,16,60
-124,68,2,-75,32,0,-108,84,110
8,0,8,32,-98,96,28,0,-88
0,-90,88,42,2,64,32,-18,-34
-128,34,12,1,116,49,-110,54,-116
-120,112,40,116,12,32,-88,116,-24
18,-96,72,48,-43,-127,82,-88,-56
20,-112,0,57,72,-108,58,112,-66
12,34,-84,64,-128,3,12,98,-84
74,98,6,8,68,34,78,110,102
76,12,-120,0,-128,-112,-20,-52,-102
-62,10,-104,85,-124,-109,-68,124,-88
40,16,82,-125,38,4,38,74,90
36,72,80,-63,8,-107,52,78,84
0,0,32,0,-125,64,72,10,104
-120,88,16,2,-119,0,118,8,12
2,64,2,-48,33,0,60,116,-112
64,16,8,-48,48,50,72,-112,-50
66,-48,4,72,70,26,-46,-4,38
-112,8,0,74,1,-54,-14,36,-64
98,8,12,114,8,-119,92,-88,18
2,-56,34,90,66,82,122,-54,-26
32,8,-124,65,-30,-126,-14,-118,-124
-30,0,32,98,65,0,38,-118,52
72,-124,114,36,34,66,-74,-56,90
64,0,-116,1,16,16,112,-120,-18
-122,4,98,0,48,64,-122,38,118
0,-128,24,0,82,2,-114,-78,26
96,0,-58,76,64,0,-120,-12,50
48,50,-126,72,50,67,56,114,-18
-52,32,0,48,1,16,-52,36,2
-124,-56,2,32,6,38,62,-68,126
0,96,76,40,80,-92,110,-104,-60
-44,16,-126,-126,32,-64,-4,-100,-126
52,74,0,81,-122,84,52,-50,8
20,-44,10,16,16,9,-48,-6,42
0,8,-108,64,0,100,86,-120,-58
-116,32,68,-116,-124,34,-100,-84,108
104,0,82,-115,1,10,104,90,-38
8,54,18,16,66,0,16,28,-114
36,-112,0,18,-95,32,76,-80,100
2,-48,0,0,0,16,42,-48,-122
48,64,0,-46,8,-106,48,88,-116
0,4,16,8,68,-127,32,68,-100
16,40,6,-62,0,-15,-126,-22,42
0,2,-32,41,60,37,-96,-122,-32
-120,24,-80,4,65,-31,-116,-34,-68
2,0,80,2,16,8,-118,0,80
-128,16,0,0,18,8,-92,92,84
-128,36,-32,-43,-123,18,-128,-20,-28
28,112,-128,80,2,104,28,120,-24
16,56,58,-123,2,2,16,126,62
-92,16,-128,-88,76,80,-76,-46,-102
70,16,6,32,10,8,-50,24,-114
2,0,32,66,-44,0,118,16,56
64,-64,0,112,-32,0,74,-30,72
112,82,28,80,-128,2,88,-78,90
6,84,10,-107,70,-26,54,86,10
16,104,-112,69,17,12,16,-24,-14
4,-96,-88,-111,0,2,20,-2,-8
40,52,0,2,8,-127,-24,52,-94
4,104,34,-118,40,17,-24,-94,68
116,-96,6,0,-96,0,-2,-88,38
10,32,0,64,0,2,10,-72,82
0,6,0,4,2,32,-86,22,2
0,28,18,4,37,20,110,-12,30
-128,-128,12,-64,1,1,-126,28,-36
106,6,6,-47,80,2,106,22,-26
24,0,6,-124,38,84,-104,52,-34
18,24,0,-128,17,16,106,94,-64
2,66,36,2,17,30,-116,-74,80
68,-96,24,0,1,41,116,-32,56
80,32,-124,9,0,-63,116,-84,-124
72,8,100,2,0,1,84,-126,-92
0,8,0,34,8,-127,86,10,-2
80,8,-84,-128,-63,4,112,26,-4
-22,44,32,4,32,-90,-22,-18,-96
84,0,0,36,1,-48,12,74,-110
-60,0,-96,48,0,-118,-124,104,-98
64,64,-96,32,96,-128,-64,-60,-86
100,64,0,0,68,1,116,66,48
-128,88,18,64,32,35,-48,88,50
-124,16,4,5,35,-128,74,-88,-62
-128,24,-112,1,66,0,-16,62,-106
2,0,0,42,32,-79,-122,32,0
26,106,8,50,0,-128,-120,48,104
-124,60,32,1,-63,80,24,16,-30
66,104,-112,-96,50,88,-30,104,-112
108,10,-122,0,48,7,108,-54,-34
-62,104,-120,0,17,9,74,-4,78
4,-128,-122,41,50,65,54,-54,22
96,-126,72,16,0,40,112,-122,92
0,0,-44,36,32,-118,-128,48,-4
0,32,-84,10,80,-92,28,-60,-122
68,-64,-96,20,1,68,64,28,-100
4,64,80,66,0,96,-28,66,124
40,-96,0,-125,0,46,46,-20,70
8,2,64,78,-128,34,-38,74,120
32,4,0,-127,58,16,14,110,36
0,8,16,64,-104,1,90,24,20
0,-64,4,0,36,21,80,-60,6
-112,-128,-16,4,72,0,-112,-36,-14
126,22,0,18,17,-112,-28,62,-10
-124,40,-96,66,-124,66,-60,120,-78
0,-92,80,64,97,28,-96,-66,-16
-96,-128,0,0,48,-126,-60,-126,92
10,-96,56,1,90,82,26,-72,124
58,-116,0,-124,-48,-128,-6,-84,20
0,16,0,99,33,8,-78,16,-52
22,34,34,-64,81,104,-74,-14,-78
36,-92,80,0,98,68,100,-74,90
36,24,-28,24,16,0,44,-6,-10
0,-96,116,24,32,1,16,-96,116
0,32,-124,-88,-43,0,38,44,-90
12,-12,10,64,-120,72,-52,-4,46
34,4,-126,8,1,80,122,-66,0
68,12,-90,8,68,32,108,-98,-26
-30,0,106,-64,48,0,-30,6,-22
-54,4,46,0,1,0,-2,36,46
-28,-44,-110,0,64,72,-82,-94,78
-96,18,0,18,16,3,-96,-34,0
-48,64,78,82,-112,-127,14,-84,-82
48,4,-128,81,-15,91,-90,14,2
6,0,8,56,16,-128,-122,-110,110
4,56,0,0,1,32,-76,36,-44
44,0,2,16,-128,-31,124,-24,34
34,0,0,68,26,-128,34,-120,0
-128,0,0,-128,0,8,-36,-8,22
16,0,0,0,68,32,24,36,124
52,2,6,4,18,-110,58,24,14
18,16,-12,0,0,42,-70,16,-4
38,-62,0,21,0,0,-72,78,118
0,66,0,88,0,-120,-80,122,-76
10,32,4,-127,100,-126,-54,-72,-124
16,4,64,84,9,43,86,28,80
16,64,8,12,0,24,-74,-96,50
4,0,20,12,64,-112,86,-62,-36
40,16,32,52,22,-128,58,94,-84
0,88,-28,2,8,0,-46,122,-26
-62,-120,-62,25,1,65,-40,-68,-12
8,0,6,16,70,34,-98,16,98
-128,0,72,2,16,16,-42,20,-56
48,0,10,66,64,-124,50,20,-34
8,0,16,48,4,-121,48,6,18
-118,-122,-126,32,0,1,28,118,124
80,4,52,24,0,32,86,70,52
96,38,-108,3,4,48,112,-74,-44
76,36,-128,37,8,19,-36,-90,-64
36,-124,12,25,72,89,44,-44,-116
0,16,0,32,4,72,-62,48,110
64,20,64,0,16,32,-28,60,120
0,4,-104,2,4,32,12,68,-104
0,104,2,16,0,16,44,106,-126
58,72,0,48,3,34,2,122,8
4,34,8,-128,0,6,94,34,10
2,4,80,10,24,8,82,38,-40
32,-124,-122,8,-128,-64,32,-106,-106
34,-126,-128,3,-128,-39,76,-28,66
-88,18,0,113,-37,-111,-84,16,-12
-62,0,-56,80,-64,-64,-62,24,-22
2,0,4,0,36,0,18,102,-108
-56,0,100,2,-32,28,-54,-8,-70
-124,32,-124,80,0,66,-64,16,-16
16,8,0,90,14,6,-10,78,-82
-68,76,-94,-124,33,8,-68,110,-22
-60,16,-112,-127,73,88,-40,100,-40
64,-48,-64,102,5,65,40,-118,-110
64,-84,-128,65,16,6,80,-84,-128
0,68,96,6,32,80,-88,84,-16
-48,64,-128,-118,33,9,-2,48,-84
36,66,-76,-126,8,36,62,0,-34
4,50,-78,-126,48,8,52,-70,-78
30,-56,0,-64,18,1,126,-24,96
-128,-34,32,1,0,3,-112,-34,-96
6,0,4,4,-64,16,6,16,68
64,-108,0,64,-32,37,88,-42,66
0,-64,-64,17,-128,20,-128,-62,-36
-114,16,40,12,-61,22,-82,-74,40
56,0,64,-128,17,1,60,16,64
0,-12,64,65,32,-64,100,-14,-118
-62,2,66,16,71,82,-46,-102,-14
-16,0,36,35,-116,72,-14,118,38
64,2,14,108,49,2,-56,74,-114
48,0,16,84,-80,1,-108,62,-120
0,-16,40,-88,16,37,-76,10,-124
64,6,-112,-102,2,44,-40,14,-110
66,104,0,34,-64,2,106,-2,24
0,64,32,-107,34,-40,86,-70,-4
2,36,-128,12,96,2,100,52,-24
64,42,-128,8,35,-60,66,-22,-46
20,-82,4,34,8,-96,-44,-66,68
82,4,26,64,-94,-126,-78,24,36
14,34,8,84,32,0,118,124,-6
6,-128,0,64,10,80,126,-116,0
98,-62,98,56,8,49,106,-30,98
4,20,-104,43,24,30,28,64,-96
32,14,-104,4,76,10,68,58,110
14,-120,0,-128,20,120,62,-72,32
64,-124,4,-112,-127,0,-48,-122,110
-110,2,0,0,113,32,-106,-110,-112
48,120,-104,68,33,20,-68,124,-104
38,96,16,18,-72,34,62,-6,-112
64,4,96,2,17,0,-64,-108,96
16,32,-104,34,0,-127,56,50,-102
-60,4,24,64,-96,84,-60,102,26
-96,0,40,-77,-51,-107,-72,120,106
-128,-44,34,40,3,34,-120,-10,102
4,-128,-112,9,8,68,4,-106,-108
64,102,66,0,13,4,64,102,-14
42,64,80,69,-96,2,-56,-124,0
4,56,56,2,80,-92,-6,96,110
14,-128,0,96,96,-47,46,-112,36
-30,18,66,4,64,78,-18,22,126
-96,8,44,64,-62,64,92,-80,124
58,40,64,-52,-128,32,-86,108,-120
76,0,96,3,-128,1,92,112,122
-64,68,-84,33,98,1,-46,108,-82
34,0,36,80,-76,-110,-96,-28,36
0,64,80,20,96,16,126,-58,18
-96,64,100,105,72,112,-94,106,-18
-106,0,80,100,1,11,-74,-94,120
-124,6,0,0,4,1,-92,70,-70
34,66,0,0,48,65,-66,60,34
0,38,-42,15,3,0,-128,-90,-10
-128,44,34,-25,-6,-112,-84,-4,50
68,8,10,6,72,-110,-34,-56,42
24,0,18,41,16,20,62,72,-110
0,68,98,16,73,33,0,84,114
-128,16,80,10,-112,81,-92,112,88
10,104,0,3,32,0,-114,120,74
36,-122,8,17,64,96,110,-122,8
0,0,8,73,89,64,-64,6,-98
-62,8,2,-96,20,8,-2,90,-118
16,86,16,-86,3,1,22,86,52
-94,50,84,68,-75,2,-18,50,92
2,28,32,12,-76,16,62,62,36
82,0,0,36,8,99,118,40,78
2,52,-94,16,1,34,-78,54,-30
62,2,8,-82,1,4,62,30,106
4,24,10,-64,56,-96,118,24,122
0,-56,72,68,120,24,-88,-8,72
-118,-80,82,66,4,-96,-118,-6,82
-56,64,32,64,-128,-128,-6,78,50
-120,4,8,0,-127,80,4,-56,18
-128,32,92,8,44,32,108,26,54
2,64,80,32,9,38,114,-16,-38
20,0,-120,96,32,34,20,96,-24
18,16,0,72,19,3,106,24,-110
38,-120,0,2,47,-62,-102,-116,-4
-128,6,40,-80,3,-30,-96,-122,-20
8,20,76,-128,0,2,8,-106,-50
76,-94,106,2,18,17,10,-112,-112
16,-124,4,20,0,-128,-106,104,-18
0,112,16,18,64,28,-114,116,18
-62,-40,-92,3,-127,-114,-46,52,16
24,44,2,0,0,69,-102,46,2
-60,-84,26,0,36,32,-84,-36,34
16,-42,2,4,8,0,-44,-42,2
16,12,18,16,106,13,16,94,50
4,2,18,39,13,9,60,34,50
-118,56,-56,-102,10,-127,-76,24,-52
6,44,-112,-55,-16,-126,14,44,-48
92,-128,2,9,14,-60,126,-124,26
-128,-88,4,2,24,24,-128,-84,12
64,54,16,81,0,4,-32,54,-72
32,102,28,3,15,-118,116,110,-100
-128,0,32,-112,34,1,-128,20,-86
64,68,-126,-60,16,40,80,68,-90
-54,-120,2,10,1,0,-38,-120,46
0,80,-48,46,76,0,-90,10,-12
-48,-112,88,1,16,10,-68,-46,-52
34,98,10,17,-32,40,-94,-14,-118
2,-106,-128,8,-44,-55,-22,-74,-96
0,8,4,4,-43,-116,-12,-10,-36
80,0,24,19,-31,-60,-40,12,-100
-64,80,0,2,-64,1,124,96,98
0,0,8,0,22,0,88,-128,44
32,-100,72,3,1,0,-38,-34,22
8,-128,-28,-112,32,117,126,-94,-34
-116,68,32,0,5,-128,-116,-28,-78
92,0,66,-128,36,9,-36,-62,66
68,32,38,-126,10,0,-52,46,86
122,32,4,5,3,100,-106,124,20
-118,34,-94,28,10,96,-82,114,-30
-126,32,-32,64,64,-88,-78,-96,-8
34,0,-122,-125,116,1,18,46,60
0,-92,-120,2,-128,-104,-128,-98,112
-60,106,12,33,-95,68,-58,106,62
0,4,0,-124,-120,-32,32,-124,24
36,12,-60,-96,50,-46,44,14,-20
24,-128,16,-128,12,0,62,-128,56
48,64,-94,-124,16,-126,-70,70,-66
40,0,-62,-91,37,0,62,80,-26
22,70,2,16,102,19,86,-34,-2
12,56,2,0,-123,11,12,120,82
0,4,0,64,4,88,60,-66,74
-112,16,10,16,-14,32,-72,82,-118
8,-126,24,64,72,32,94,-62,28
42,0,-112,-64,74,0,106,28,-12
64,2,66,-48,-52,18,74,122,16
70,16,80,100,1,9,-82,30,-22
4,2,4,120,0,-96,-92,30,-92
-120,16,0,18,14,-128,-100,-102,-60
42,2,12,12,16,-64,-38,72,2
16,-128,-56,0,12,0,-128,-22,-58
20,66,40,4,8,-127,84,-62,40
64,16,-96,1,10,49,-62,60,-4
64,64,120,0,36,74,-38,106,-114
0,64,4,64,-112,10,112,-124,24
-118,6,78,97,32,-121,-118,-122,78
-120,-96,8,-41,39,34,-100,-86,8
0,20,0,32,25,70,-98,-74,-58
-118,68,8,-128,8,0,104,-108,4
70,80,92,-128,0,65,78,82,124
82,20,0,2,67,40,114,52,-110
16,2,-60,-128,-23,34,-14,78,96
64,0,-80,4,5,0,4,-14,50
-28,-128,42,1,32,120,-28,-80,62
4,30,-56,48,32,3,-108,-66,-54
10,-64,0,10,-126,0,-118,-48,-120
-120,4,32,-93,0,64,-68,28,-68
64,16,32,-104,34,0,-48,24,52
-48,-124,4,32,21,40,-16,-4,6
-36,40,8,4,32,32,4,-66,-38
4,64,2,-66,-112,21,54,122,-114
22,-72,0,10,5,32,118,-8,-46
36,-114,-62,0,10,-124,-92,-34,-58
96,70,-52,5,2,-128,122,-58,-20
-128,6,40,17,64,72,-112,38,-22
-100,24,32,-93,0,4,-44,36,62
64,0,24,-128,2,-102,-88,50,-94
-62,16,34,32,1,-96,-62,58,-86
2,0,34,1,8,20,82,84,54
72,-100,20,64,-67,10,92,-68,60
104,44,-64,0,-128,-107,-62,-86,-114
48,4,12,0,-126,-128,-16,-52,124
-112,46,24,0,4,32,-112,126,-104
-122,-126,4,-11,0,79,-122,-82,-102
48,28,-96,23,-122,-128,-30,66,-50
-84,88,-96,0,36,16,-20,88,-96
-96,70,122,10,-125,15,-96,110,122
116,4,0,38,8,0,-82,68,4
68,50,20,37,-112,2,60,-8,-80
74,-28,24,26,-109,20,74,-20,-72
-128,0,0,-64,-124,84,-108,-112,16
106,-96,0,-126,0,34,-6,-90,64
68,36,66,64,98,65,-128,90,-10
36,64,6,32,1,6,-92,104,-114
-108,18,50,68,33,-120,-42,26,114
6,106,16,-23,8,68,-42,122,20
40,4,6,49,72,82,-84,76,6
-92,12,0,64,-56,64,-84,92,76
34,0,0,17,13,8,-82,-48,-104
2,60,20,0,4,-47,-106,-66,-100
-126,2,-96,0,96,10,-38,126,-94
16,12,-108,12,7,64,-70,14,110
24,2,8,0,8,0,-102,-110,62
0,12,36,18,68,2,-94,124,110
20,88,0,32,77,36,20,94,-88
0,4,0,75,32,18,48,58,-128
56,116,-126,0,8,0,-24,112,102
2,66,-126,18,64,1,-86,-62,-106
8,64,22,2,101,10,-100,94,22
16,50,-20,39,-128,14,-14,-18,-122
-112,0,80,18,68,16,90,-16,46
10,-22,-116,4,-127,38,-54,-18,-84
24,12,4,8,82,1,126,12,-100
-32,-124,-126,50,2,6,114,-46,-40
40,34,-112,-53,-119,-120,-34,110,-78
32,96,4,96,33,72,102,-28,-50
36,-128,16,77,3,0,46,-24,22
0,32,-128,51,-108,99,-64,38,-120
8,80,40,96,-113,64,-4,-124,98
0,10,-128,32,0,64,78,74,-64
42,88,0,2,32,-124,106,-4,-54
64,-58,10,65,32,0,56,-82,-24
-88,0,-112,0,8,17,-2,20,-88
18,64,16,-124,7,2,90,72,-112
16,-78,-124,-96,68,63,48,-6,-116
4,-92,0,16,70,21,26,-64,44
0,76,-104,-126,66,-124,-68,-118,-108
-112,4,0,26,9,32,-102,78,10
-88,32,80,78,0,1,-82,58,80
32,2,10,8,-104,9,100,54,30
8,0,112,16,56,44,118,-54,116
-120,36,20,4,10,-128,-116,-82,54
14,-54,80,1,8,37,30,-6,116
2,0,20,-110,65,-128,-106,4,22
32,16,0,-69,4,72,-14,-46,20
0,40,16,16,17,66,-120,-22,-106
38,0,16,-72,68,-64,110,14,-40
16,0,16,0,50,-53,80,40,48
2,64,-112,82,-128,8,6,64,-106
90,82,56,43,-62,0,90,82,-72
-64,18,66,-30,4,69,-60,22,-42
34,6,18,-60,4,6,44,126,76
24,-28,2,0,97,4,-100,-20,50
34,-108,-94,0,11,8,74,-100,-100
34,0,2,74,-58,-64,-118,62,12
64,40,-88,64,34,-128,100,40,-24
72,8,88,-64,-111,22,52,22,-64
72,0,6,-126,-103,17,106,32,-90
44,42,2,-127,37,16,44,42,-58
70,-60,-88,80,50,16,70,-10,-88
-128,16,16,10,66,-80,-64,-112,-72
66,0,0,0,96,-118,44,-102,-32
78,-118,74,-96,1,18,-50,-82,78
0,-128,80,-123,4,16,98,-70,118
16,24,-48,6,0,9,-102,30,-36
-94,32,-120,0,-128,3,112,78,-30
0,-126,22,0,17,-126,-112,-46,-106
20,0,32,0,16,64,-74,44,-82
-94,64,-122,66,2,27,-26,118,-122
-88,64,-120,-58,24,8,-24,56,-62
-126,-112,50,6,80,76,-46,84,104
-128,16,-120,-126,26,96,-16,114,-114
28,-62,100,-16,20,-62,-34,-62,100
-120,2,-56,24,80,-48,-128,40,20
0,-126,24,80,48,99,84,22,50
16,-48,72,84,65,68,-110,-8,90
0,-64,66,70,18,9,32,-62,74
32,2,64,-93,-126,5,28,90,8
4,26,-118,-103,2,33,52,4,-56
24,66,0,1,2,28,-6,-62,78
16,-94,12,-86,64,0,50,-14,126
34,10,112,82,0,12,-8,0,104
-38,-62,-62,35,32,64,12,30,110
96,0,14,2,50,9,-20,122,30
28,0,100,-111,16,-126,-66,32,100
64,2,52,-124,8,-120,126,72,-122
96,16,-78,73,4,1,-28,-120,-108
10,-126,6,80,0,70,42,-98,6
20,32,0,0,0,0,-40,42,-32
-112,20,-112,98,2,90,-104,52,-40
8,42,-126,3,66,1,4,98,114
0,-126,-128,50,17,36,12,-118,-110
18,18,32,84,1,-88,82,-14,36
8,64,40,72,86,-94,-10,12,-22
-88,12,2,64,-123,-50,96,-66,34
26,24,22,0,70,-128,58,-38,54
-64,10,4,-28,66,81,-60,14,4
16,-114,26,-91,33,-60,90,-50,58
8,2,40,36,35,-91,-120,54,40
18,2,0,4,-112,-79,-20,42,68
64,32,64,8,89,25,126,-88,58
100,-118,32,-126,20,64,108,-86,40
50,0,-32,8,32,35,22,-86,-14
-66,-88,0,3,0,5,-66,-86,-74
-110,102,16,68,64,6,-70,-18,86
8,0,28,64,4,64,-104,-102,124
34,-112,38,-123,32,18,34,-112,102
-122,32,18,32,-64,8,-26,96,82
100,88,42,0,6,-128,110,-38,42
-124,118,4,32,68,15,-60,118,68
-38,10,-128,1,64,-64,-34,106,-118
20,-120,32,-95,0,4,-66,-56,-92
34,-64,-84,1,12,64,34,-42,-82
2,24,-100,5,4,80,50,-104,-98
32,36,-96,-60,-128,-120,36,46,-32
14,12,78,-86,74,66,-12,-102,4
2,0,4,16,-126,12,82,0,116
66,120,-64,1,-127,7,82,126,-64
40,48,8,29,-120,10,-24,56,56
0,16,0,97,65,-126,64,70,48
40,66,32,5,72,4,82,-42,-94
-76,-112,-128,19,16,4,-76,-36,-48
68,64,34,0,1,48,124,100,42
-120,112,32,16,0,0,-88,112,-24
4,96,14,-64,18,-127,4,112,-98
10,22,84,6,0,1,72,78,-8
0,2,96,1,66,34,-16,70,-20
0,56,-128,-76,66,2,30,72,-78
0,-128,-104,-52,4,28,32,36,30
48,2,-120,-112,16,10,48,22,-56
64,4,18,-104,-128,-128,108,4,82
-92,2,122,4,0,-64,-90,26,126
72,20,24,64,0,64,-26,-26,-68
12,20,0,0,-128,56,108,124,-58
8,-128,-104,2,-87,24,24,-56,-98
32,-96,32,-119,48,17,32,-14,-28
8,86,6,0,32,-100,76,86,38
32,0,0,19,-86,-94,32,64,66
0,16,48,-94,64,68,96,16,52
64,0,48,5,2,12,42,60,60
4,-128,0,-36,3,17,-60,-50,-34
-72,-94,-32,-110,33,-128,-4,-26,-26
0,26,8,1,87,3,8,62,-70
2,0,8,17,-116,60,26,48,-124
64,6,16,6,-64,3,10,122,-116
-128,96,-128,65,1,-92,-16,96,-72
0,26,28,-120,40,9,-120,26,-100
36,20,-128,35,2,0,-98,36,118
-88,48,4,-128,-104,64,-24,2,-24
10,32,32,37,96,2,10,34,-32
68,-126,80,80,6,35,70,-126,-42
8,24,4,-56,-124,8,52,54,-84
18,8,-128,68,64,18,-48,-2,-124
0,96,-16,1,-90,-120,-62,96,-8
-128,64,24,33,-120,38,-74,-62,-104
-114,-118,16,21,-112,0,-82,-80,118
0,2,12,1,8,96,62,0,-44
0,34,-64,-48,52,17,36,34,-30
-118,112,68,-80,71,20,-2,112,124
16,-128,66,-90,93,16,50,-120,82
0,78,-128,0,117,-32,12,96,-14
0,0,-72,11,32,4,12,66,-4
-84,64,76,2,40,2,-84,106,78
-84,4,0,72,4,32,-84,108,100
0,8,32,17,74,-120,98,-54,40
0,6,-102,18,-120,0,0,46,-98
8,-32,64,26,64,0,24,-16,70
-56,16,32,0,106,1,-22,-16,50
8,0,96,70,-90,12,12,16,106
-40,100,-88,64,8,2,-8,108,-68
-28,-120,18,0,12,0,-20,-88,-38
24,80,16,16,1,2,24,80,-16
4,32,0,8,-46,-78,100,32,22
74,46,0,10,2,-126,84,32,40
8,36,0,64,1,48,46,108,0
4,0,16,46,-16,0,52,46,42
0,-108,16,24,96,48,0,-106,88
10,-96,-64,13,4,52,18,2,-94
8,82,-60,96,-126,3,-74,-118,-68
42,38,-126,84,0,77,-86,102,-106
-96,32,96,35,64,64,-94,-20,100
16,0,64,0,22,0,-122,74,-22
-64,96,32,-63,62,0,-40,114,36
68,64,-122,-32,-128,8,18,-4,-64
12,0,-60,14,2,8,-22,-80,-88
-120,-96,-32,0,72,24,-102,-16,-14
86,32,-120,-96,16,67,-56,-124,-72
-96,32,58,-123,-64,5,-32,-82,-70
8,40,32,2,0,0,92,-88,32
0,0,32,48,80,80,-128,14,-84
-126,4,-96,113,32,16,-20,72,102
92,80,64,41,2,-128,-36,-46,84
-44,20,2,85,-58,5,-12,22,10
24,8,4,8,9,64,-68,-44,42
-44,68,64,12,0,4,78,38,110
8,-124,60,72,0,64,60,-108,-4
20,-46,28,-96,8,22,20,-2,126
22,2,0,36,2,10,-128,-112,-36
-124,4,32,-127,4,8,50,126,-86
66,-96,0,29,81,18,-54,-24,80
56,-96,16,0,-60,8,-6,-80,118
16,40,64,96,-108,36,-96,82,-116
28,-122,0,74,126,0,-8,32,2
-126,-128,40,32,0,-124,-126,-116,-72
24,34,68,30,-112,33,-104,-82,68
2,-92,-112,16,36,-128,-90,-96,42
-64,-60,70,-104,8,0,18,-54,54
2,8,64,-116,0,34,-22,-8,-52
80,120,-94,-128,1,114,116,122,-78
16,0,-56,-126,-80,127,8,60,-18
-122,0,20,83,36,0,-28,50,2
72,0,8,-111,64,17,-52,96,-54
84,-126,0,-118,0,16,-2,-82,36
18,-124,20,-122,16,32,30,-90,-12
64,16,-94,-96,0,17,52,16,114
72,4,100,1,41,2,76,20,100
10,68,-20,20,-103,104,122,108,-18
-96,72,-60,3,-114,41,-96,104,-20
32,72,68,73,72,22,-30,74,100
36,32,-124,69,64,12,-76,96,-108
-120,64,20,3,33,48,-52,-40,-68
26,34,-60,0,42,40,-102,-22,-60
112,4,80,-127,48,-16,124,54,-38
2,2,-128,66,7,-16,106,16,-86
-120,-108,2,32,-127,13,-114,-108,66
72,74,0,16,-126,0,78,110,50
8,0,-96,2,40,57,44,-30,-16
20,6,0,-24,2,28,30,-42,-2
4,-64,-14,-44,-120,72,6,-16,-6
-128,-60,0,64,0,1,-124,-60,-108
-112,-102,46,-56,32,2,-44,-6,46
36,-128,-128,-63,16,0,-10,-32,112
-90,0,-48,68,-124,-128,-18,80,-10
34,16,-112,21,-79,-117,62,-108,-8
4,40,76,28,19,2,6,62,-52
68,2,0,53,4,-108,-98,20,118
-94,32,0,7,8,-56,-78,106,20
-42,10,8,32,16,-109,-2,90,90
0,0,-52,56,-123,72,-106,34,-52
-128,-64,36,56,100,50,102,-102,-80
14,2,10,97,8,-80,-26,46,-42
-128,-96,64,101,46,33,-90,-24,-64
10,32,-118,-116,20,0,-34,56,-50
26,-128,36,14,1,72,-54,-62,62
-62,0,8,-128,-126,-93,-114,-92,50
72,16,4,82,20,0,74,16,92
10,64,8,2,-54,121,-22,74,-104
0,64,72,68,84,-111,-106,96,-58
64,-124,32,8,0,8,34,56,82
-62,8,82,9,-107,2,-62,-118,-6
4,0,0,56,66,44,116,-88,64
88,-64,-128,65,24,34,-88,-82,126
16,26,0,96,-78,80,-12,88,116
-120,100,32,88,37,36,-34,100,-92
4,0,-62,104,34,10,-44,16,-42
0,32,22,5,67,68,92,116,-76
32,72,64,-48,-112,24,70,98,-116
-126,-128,-128,64,0,79,-98,-128,-122
-84,36,96,-79,4,80,-84,108,-20
-128,16,2,8,13,112,106,-76,-50
82,32,68,0,80,64,-38,-28,48
60,-124,8,0,8,8,-66,-84,-56
32,-112,64,64,0,21,98,-110,64
-30,20,0,-110,8,1,-122,-120,-22
-112,32,-128,1,-128,2,-38,-48,-98
6,18,-72,-124,1,-38,6,-78,-70
64,-128,56,32,26,-100,70,-64,58
20,-126,40,4,10,-127,94,-50,62
-92,8,80,-96,4,22,-58,-54,114
-124,34,34,4,68,0,-122,42,-90
54,58,2,10,3,-32,-74,-6,38
-126,34,32,48,40,0,-82,12,-106
0,-32,6,64,67,64,96,-30,62
-54,2,-120,0,32,8,-22,2,-40
64,-52,16,34,36,2,104,-36,48
-96,36,0,4,0,118,-84,36,-112
2,-112,12,56,-127,-128,-78,-14,122
-64,20,40,24,12,32,-16,94,-86
2,-116,0,26,1,32,6,-52,8
8,104,68,17,44,23,60,126,-36
28,0,120,0,10,74,-100,-108,122
48,2,-120,16,8,0,-76,18,-86
0,0,2,112,-103,1,4,34,98
32,22,-118,9,-47,49,96,-10,-86
68,76,0,-126,80,8,86,-20,-96
0,-120,8,-48,104,6,44,-46,54
8,20,18,36,4,-118,-98,84,50
72,-64,12,0,16,11,-56,-48,12
-64,0,4,-122,9,15,-24,38,-92
64,6,0,9,32,8,-72,86,-90
16,40,64,4,8,-125,120,-46,16
16,0,32,-95,0,-112,24,40,96
10,84,18,16,-88,81,10,84,18
32,22,-40,64,100,64,78,-68,68
0,64,0,40,2,-98,-126,68,66
78,48,-128,0,8,36,126,114,-92
68,48,32,65,-93,69,76,-12,34
2,24,0,34,-94,-127,80,20,-24
16,46,20,0,0,2,40,92,-86
0,0,8,1,44,0,44,32,-104
40,0,96,-112,2,24,-24,8,110
16,0,68,24,-16,4,64,54,-10
16,16,34,0,-120,32,74,82,-90
-106,88,12,49,66,48,-98,90,-100
52,-62,0,32,1,97,-74,-46,86
74,-14,0,-124,-112,80,-82,64,-22
8,66,80,-47,32,0,32,-116,88
6,24,34,-124,-59,20,78,-104,38
2,-122,0,-14,4,0,-22,-74,4
6,-114,0,4,40,8,38,-100,98
0,10,-96,28,0,117,-124,46,-96
-128,16,-128,2,8,0,-106,56,-112
8,78,0,0,-110,80,72,94,0
0,16,64,8,11,-36,50,-106,-96
96,0,-128,32,32,-128,110,-50,-68
78,8,0,1,0,18,78,-38,-96
12,40,0,85,64,48,-84,106,-86
2,42,26,0,5,6,-30,122,126
-120,46,-126,-64,8,24,-90,-118,124
34,8,-84,-64,40,0,-74,74,-84
-124,80,74,2,0,-126,-108,84,90
66,24,18,8,-63,20,-62,120,90
48,36,64,10,56,-92,-110,-104,96
32,64,64,21,3,-127,-92,112,74
-112,40,2,6,6,34,-110,42,54
96,40,-128,8,-90,0,118,60,-122
0,64,64,2,-123,32,60,72,-46
48,64,72,17,48,10,56,88,-24
16,-128,-96,4,104,71,-46,-124,-94
66,-126,96,32,71,91,-58,-122,96
66,2,8,100,8,0,-46,54,122
-12,-128,116,98,2,28,-10,-128,116
-92,34,-120,-31,-128,110,-90,110,-88
-76,-88,-94,-60,-106,-120,-12,-84,-94
4,112,24,6,0,4,-12,124,92
-12,-128,0,0,32,28,-12,-114,-4
8,24,4,68,93,72,-98,88,78
6,48,4,11,64,-128,-58,56,4
98,-112,8,33,41,96,98,-108,-104
48,-38,64,16,80,24,-128,-86,-110
124,96,8,64,33,24,28,-12,-32
-8,0,0,68,73,4,-8,32,22
28,32,8,16,-96,-127,-98,124,42
-120,2,4,12,-62,4,-92,-60,-48
-124,12,0,-124,8,68,122,-56,-54
0,20,-128,-72,32,0,32,22,-40
24,-14,72,96,49,0,-104,-6,76
40,66,106,34,-99,3,76,-92,14
32,-32,12,-64,-32,-128,-26,30,10
-128,64,0,16,2,72,-54,68,34
-64,-110,0,64,54,2,-62,-34,62
32,96,12,32,0,42,-122,-14,96
0,14,-64,-104,56,110,72,46,-2
8,54,16,-110,64,110,-108,-124,-78
102,16,-28,112,80,0,102,28,-2
36,-124,8,36,0,1,-52,-78,72
102,16,-28,112,80,0,102,28,-2
36,-124,8,36,0,1,-52,-78,72
40,6,4,-71,1,65,-56,116,-110
48,64,10,-123,68,36,-68,96,-86
2,32,92,64,25,8,62,-80,-36
4,16,8,-8,68,16,76,92,34
72,-42,68,-119,9,0,-84,-22,76
66,-94,36,-123,25,30,82,-90,38
-46,32,0,-118,20,0,-46,104,-58
6,4,14,0,0,0,-104,-70,-46
18,0,24,65,-108,32,-100,10,30
-124,34,80,-116,0,44,-36,34,84
2,40,104,19,-62,0,42,106,126
28,0,40,99,54,-125,60,86,44
2,-126,6,96,2,38,86,-94,110
-124,0,0,0,1,-119,-116,18,66
0,98,20,85,-126,0,118,-30,-108
64,26,0,-87,6,2,-32,62,122
36,68,64,16,76,21,116,78,68
-110,0,68,-72,72,4,-44,-126,-82
0,42,-96,6,-116,3,-112,94,-102
74,0,40,75,-123,72,90,88,-84
32,34,4,1,10,126,32,-78,68
16,42,16,4,85,0,56,12,-82
68,0,24,1,-116,10,-124,-126,80
-128,-124,80,18,41,-47,-106,-114,120
-96,16,64,7,1,66,-88,112,-64
28,16,40,100,5,0,70,50,112
16,36,-96,-128,56,-127,-22,16,122
0,4,68,96,0,10,80,68,70
96,68,16,0,2,4,96,-50,120
4,-124,-128,65,68,-126,102,-26,-108
34,0,82,-110,-79,2,-94,72,-14
2,74,2,64,6,96,-78,74,26
64,0,20,16,2,102,-40,98,-42
80,74,96,72,-39,81,-42,90,-14
16,-32,0,20,-112,33,-76,-12,-118
12,-96,0,72,-96,112,52,-2,-28
48,-96,-128,16,33,1,-100,-102,96
16,64,32,-32,50,1,92,112,60
0,-128,98,12,13,-120,0,-48,-22
96,-64,48,4,-120,-126,-56,-40,74
114,2,18,64,4,112,112,-102,-30
36,-110,64,17,4,-104,124,-110,-2
24,18,0,1,88,0,-104,50,0
116,32,-124,83,2,80,-110,104,52
32,-94,2,5,4,-100,-36,-96,-8
0,-92,100,70,80,-24,-72,-84,-28
2,-96,-54,-107,75,49,-74,-78,-54
48,4,-128,-112,17,-126,-78,-68,-56
4,0,0,35,0,2,102,68,0
0,112,76,64,8,2,118,114,-56
-128,64,-124,105,1,-31,-110,64,-44
8,64,84,16,24,0,-118,64,-44
80,-128,72,64,-120,116,112,-30,-22
4,-126,8,4,-96,-122,-56,-104,38
48,16,2,-124,36,17,-38,4,-18
4,0,0,48,4,28,4,32,20
-128,32,60,-114,16,1,-62,-80,-2
-124,68,92,-110,-128,80,-68,-74,62
-32,80,-122,4,56,86,48,90,100
52,84,-128,0,0,81,60,116,-126
96,-64,10,-114,72,-128,98,-28,10
74,0,8,13,-112,-94,106,16,8
6,84,44,-116,40,-119,6,116,-84
2,0,32,-96,64,67,2,12,110
4,-128,16,-125,8,18,46,-48,52
64,-94,0,-88,32,108,92,-78,2
-80,2,6,9,16,24,-80,-58,-18
-120,-16,-96,12,46,32,-118,4,126
8,96,24,6,94,32,2,-72,-60
-64,-126,-40,64,-120,36,-30,-78,-40
2,-24,0,81,-120,-124,26,-22,64
-44,16,-128,85,-57,85,-90,62,44
66,64,0,8,41,54,-66,124,-22
-116,66,0,96,0,34,-52,-6,6
-128,40,4,38,41,0,-64,106,-82
-128,-126,-110,104,17,0,-96,-88,-122
-122,20,40,-120,8,4,-58,-52,-44
2,0,4,-120,8,39,-94,20,-124
10,-118,-96,8,34,81,-54,-86,-26
96,64,6,32,92,118,-16,-24,38
34,64,76,-95,0,-128,-94,-2,108
-64,32,16,-128,10,56,-56,-88,28
64,68,8,-127,65,-92,-32,84,12
0,48,0,8,72,66,60,-16,-60
96,64,-126,4,59,0,108,96,-118
8,4,66,7,100,0,66,-54,72
2,-120,-112,21,66,16,-122,104,30
0,16,74,-102,-85,-127,88,20,90
4,-128,0,8,40,19,20,-112,122
48,8,16,34,18,52,-34,38,-90
-54,104,24,24,-52,33,78,124,58
0,8,84,56,-96,38,80,76,84
-96,0,-124,48,1,0,-96,-22,-90
4,42,-124,69,-126,0,4,-4,-116
-96,8,58,-48,96,36,-62,106,-60
4,-128,-54,-94,66,25,12,-122,-50
48,68,-44,43,16,17,-80,124,-44
-64,-128,64,52,16,2,-64,-118,-60
16,80,0,18,-80,65,88,80,0
28,0,0,24,0,64,62,0,22
4,74,16,-127,66,5,20,74,90
90,4,50,-108,34,-128,90,86,58
-48,0,-112,-118,8,64,-42,32,-104
66,-64,0,-94,10,96,-2,-20,-80
-64,0,2,32,16,2,-62,-30,28
-60,0,18,5,42,25,-10,2,26
0,-120,94,33,17,2,-128,-88,94
0,-100,-126,26,66,16,-112,-94,56
48,16,-72,2,50,8,116,32,-62
4,40,0,0,32,44,-116,40,-40
-128,32,0,17,0,36,-96,32,64
8,-32,0,0,18,33,120,-8,28
26,40,-124,1,-124,33,94,-70,-66
0,20,-96,0,-128,32,52,-74,-14
106,0,96,-26,1,-107,-2,90,114
4,96,-112,-16,56,-88,36,96,-112
2,-52,40,112,34,74,18,-52,40
66,0,-48,32,33,24,-2,-94,-38
0,-126,4,-112,-71,0,98,-8,16
82,40,0,-126,-105,0,122,44,34
40,-112,68,112,8,-120,56,-16,70
32,124,-64,-92,0,-96,28,-24,26
-30,-128,-116,17,-62,97,-4,94,-114
32,34,-104,24,-62,97,-4,54,-72
32,32,-128,65,-86,10,56,58,-128
8,16,80,0,-62,18,-116,48,124
16,-128,-110,-122,10,32,92,110,-66
-128,96,-110,-62,-128,42,-126,112,-46
0,6,0,53,52,-125,-44,110,-92
4,22,-128,-128,-124,-64,-52,118,-120
42,-46,10,73,71,0,-82,-38,-50
-46,24,4,-123,54,0,-42,24,-90
32,64,100,-128,0,20,-80,80,-28
80,44,2,-126,13,10,-46,44,10
32,0,-126,-124,-127,0,50,0,-118
18,-64,-46,-112,-127,0,58,-26,-88
96,8,0,-59,10,1,14,-112,-32
32,36,8,-59,10,-52,34,102,8
12,12,-102,2,53,13,-116,-52,-70
-112,-104,4,32,8,2,-80,-88,-52
-96,68,12,32,-16,80,-14,122,38
48,104,22,-128,0,64,48,120,126
48,8,80,72,33,69,-78,72,80
-124,16,16,84,4,35,-34,76,122
-128,52,18,66,16,33,-16,106,-126
-64,36,66,95,-111,40,-46,116,70
-126,72,18,0,33,71,-94,72,-74
-46,82,-128,4,-127,64,-38,86,-88
74,-96,-110,-47,14,1,106,-88,-102
66,48,-96,-31,16,34,66,-70,-94
-96,48,6,-124,64,-119,-30,50,94
64,12,0,-88,72,-120,-62,94,-120
84,-124,20,5,-91,0,92,-60,20
72,6,80,1,-75,-64,82,68,-16
64,-124,34,38,22,-88,-52,94,66
2,0,48,58,72,64,2,10,52
64,6,24,-119,-64,66,88,-122,-68
32,96,80,0,-104,65,64,-128,34
24,2,-128,66,8,48,124,40,98
32,76,-72,1,2,84,34,78,-6
40,4,-120,1,0,10,56,76,-104
-104,-26,2,-124,64,20,-38,-70,-92
76,-124,32,-92,-128,16,-106,-118,-124
72,64,-124,8,-86,48,88,-50,-76
-96,24,16,12,-96,84,-80,56,82
-78,-80,-96,4,12,1,-78,-16,-24
-112,-86,38,12,16,68,-44,-6,126
8,0,12,1,16,114,58,4,14
16,-120,112,48,0,52,48,-118,116
12,4,4,6,32,36,76,6,52
-112,16,-8,48,59,-124,-112,24,-8
64,-122,-80,4,64,42,-60,-62,44
104,0,64,16,-111,80,-38,62,-64
32,-128,20,36,-94,64,44,-90,54
-48,-112,66,0,4,82,-48,-112,66
8,-60,-128,42,-57,8,56,12,-72
82,0,-128,2,2,32,66,-4,-116
2,-32,18,0,1,-86,30,-22,26
64,2,0,-127,-126,25,96,-78,2
16,-64,-128,98,0,36,72,-46,110
66,8,10,-128,-90,100,44,2,44
2,0,0,-96,20,94,66,-30,72
-126,48,-96,-126,24,0,-54,52,-92
-128,2,8,-48,33,4,-128,38,-52
0,90,-120,1,-62,36,84,72,-56
22,52,64,0,-128,65,86,60,-48
-112,10,-120,28,12,16,-112,74,-70
88,20,4,10,12,5,120,84,-122
8,0,8,-112,4,3,-52,22,8
-104,40,12,-64,8,16,-30,22,-22
-126,32,0,0,115,8,-90,32,80
6,-54,2,0,96,32,-58,-6,-94
0,-38,-122,-64,-52,-112,64,-38,-74
0,16,8,-72,-60,-128,78,60,-36
40,18,-112,-94,8,33,58,-92,58
80,-72,12,-128,16,-124,114,-72,44
98,2,24,18,56,2,102,10,60
-60,-96,0,16,1,1,0,88,-104
22,-124,0,80,48,0,4,-102,16
50,0,-32,88,17,104,54,-128,-16
-110,64,0,1,-64,-128,-42,88,6
64,8,8,4,0,20,-64,92,12
96,18,8,82,0,-126,100,62,72
-128,92,112,16,2,44,-122,92,118
0,0,0,48,0,84,118,-122,-14
8,56,-56,120,17,66,78,60,-52
0,-124,68,76,33,8,58,-92,76
64,12,64,68,-122,22,10,-128,-102
-128,32,82,56,2,-128,-52,-102,-118
-86,0,0,1,0,40,-70,70,64
32,-64,2,0,2,-60,36,-32,-90
-102,-110,8,64,8,-58,-36,-22,-76
32,2,-2,-93,8,6,34,-112,118
0,-96,40,-96,-80,42,24,-96,-86
16,-118,64,32,-128,35,16,-118,92
-78,116,68,11,30,-128,-80,-110,82
0,48,16,-128,65,48,46,-100,14
0,28,32,-122,0,52,4,-100,-28
32,40,4,14,22,8,-84,60,-50
-128,98,4,72,0,24,-108,114,6
88,0,0,72,57,-64,-4,-92,80
-32,56,114,89,21,-48,-30,-6,118
8,20,0,8,110,16,44,118,-68
0,2,-124,68,80,32,0,-94,-122
70,16,16,32,48,2,86,56,20
-116,102,10,0,7,69,-76,-122,-20
36,124,16,44,-88,8,14,116,-102
-128,16,0,-63,57,18,-64,-110,-70
32,0,6,32,80,6,-72,64,14
-128,8,-104,0,-52,33,-40,-90,-20
-46,-110,-80,0,71,32,-8,40,18
88,64,24,10,0,48,-40,64,26
0,104,4,5,37,0,-80,106,38
40,64,-84,1,-16,12,-86,84,-100
12,12,64,-126,69,41,-44,-100,-30
64,-78,8,-96,-127,17,-14,-78,-72
2,34,0,8,36,21,34,-94,78
0,0,100,6,104,66,0,-42,100
-128,72,-32,-100,2,0,-64,-22,-28
-78,-96,-120,-126,8,52,-74,-16,-40
-64,0,28,16,4,5,-22,12,28
64,-128,0,49,0,-112,70,-48,-8
36,20,44,68,4,68,38,54,-2
0,0,4,97,9,88,114,-76,-88
4,20,0,0,-120,121,40,50,38
68,-106,64,12,2,0,68,-2,90
0,2,-14,34,16,-96,36,42,-6
16,12,120,8,-112,-119,-46,84,112
6,0,-64,-122,26,-80,58,26,-100
86,32,-126,7,71,-128,86,104,-122
-120,4,64,19,18,-124,-56,68,84
-118,16,56,-71,8,-88,-64,110,28
4,0,0,40,-126,-98,-80,106,24
70,8,-96,64,9,14,110,8,-80
68,116,38,0,8,5,78,-12,126
120,8,-120,36,2,1,-8,8,-118
0,-60,-112,41,32,65,88,-60,-44
0,-96,8,56,5,73,126,-42,96
-112,4,0,-120,-78,0,-68,116,-64
80,0,32,-32,9,20,90,80,-80
-62,32,22,2,36,19,-62,34,30
18,0,4,0,-127,8,-84,-96,-98
10,-128,64,1,1,1,-118,-126,-26
12,-114,-128,0,3,-127,28,-34,-30
22,70,-94,4,-60,32,-106,102,-74
98,32,-32,-62,70,34,126,50,16
82,20,8,-94,32,64,-46,20,60
112,14,18,-127,41,21,116,-114,-102
12,-52,0,16,-111,8,14,-36,40
0,-110,82,36,69,8,24,42,-92
16,96,-128,4,73,64,10,-66,62
-122,12,-86,2,84,112,-106,28,-86
-96,-120,24,32,32,19,-80,-88,26
8,0,-64,32,36,-96,-114,60,30
10,48,2,106,-96,-107,44,-30,38
6,4,36,36,4,0,6,-100,52
2,18,0,-110,64,0,-110,-98,8
10,68,32,65,-47,1,-54,68,32
36,-58,92,102,-39,-128,44,-58,124
4,26,16,31,42,-124,68,-98,-80
56,0,46,32,-60,2,56,-104,62
-124,0,-28,-128,-117,32,-122,110,-28
64,112,66,64,21,-50,-28,-12,66
0,20,32,5,0,-64,24,20,-30
32,2,64,-128,0,0,110,2,122
16,-64,80,-112,35,0,80,-16,80
-128,108,88,-59,112,16,-120,126,-38
-112,16,64,-37,0,49,-62,-56,-44
36,56,2,75,2,16,82,-118,100
72,32,64,64,108,41,72,-80,78
-124,32,36,-122,16,3,-108,-88,60
-120,-126,22,-119,80,112,-4,-98,72
68,-126,18,-116,50,-128,92,122,-44
0,16,16,-122,1,-80,104,118,16
72,0,32,-108,98,8,104,-126,-96
36,-118,-112,-111,36,-112,102,-86,-104
-64,104,64,4,4,2,-62,104,96
32,0,16,8,2,-92,-86,-124,-112
8,26,16,-128,5,2,76,-34,24
64,-60,-112,58,16,8,80,-52,-112
-84,4,-128,-59,10,0,-18,20,-62
-60,116,-120,-92,-128,64,30,-36,8
36,80,42,110,4,34,100,-120,-112
64,-128,32,80,64,6,64,-122,34
-120,-86,-96,2,40,-126,-120,-70,-10
88,-48,-128,114,73,-118,-88,-44,40
-100,-64,0,114,64,-117,-84,-104,-62
4,-128,-88,16,-63,-128,-82,-110,-88
16,0,0,-63,-124,-15,20,-100,52
0,2,64,-59,-60,8,-24,106,6
-92,-56,4,40,4,1,108,18,-56
56,32,-42,43,2,114,58,36,-42
68,72,0,89,0,-11,86,78,56
-112,-64,0,0,72,-75,-44,-24,-80
0,4,12,35,8,0,-40,100,-100
68,4,6,13,6,34,-82,-60,42
-128,0,12,89,48,-96,66,92,24
0,76,48,4,65,99,114,92,56
-32,90,0,20,2,-28,-26,126,-30
0,16,12,1,4,-125,0,-64,-60
0,72,88,25,-92,8,78,-74,-70
32,-128,0,-29,-27,7,-68,-122,-84
16,40,2,-109,32,36,28,124,-98
44,0,-128,16,50,14,50,-18,-80
64,32,-120,-90,18,-32,60,82,-84
36,0,2,-12,0,-16,54,84,2
16,16,96,19,-92,32,52,20,114
-96,-96,0,97,2,-111,-20,-16,-118
16,2,16,0,1,11,16,10,-70
-128,36,8,104,0,-96,-128,-18,10
4,40,0,1,-93,54,4,46,116
26,0,2,1,52,10,-34,58,98
4,-60,-126,65,33,-60,36,-60,-62
0,-48,0,-126,9,4,-52,-4,54
-122,28,8,0,41,20,-88,66,38
4,0,-70,64,1,2,4,122,-2
72,46,-112,-91,8,8,72,46,-100
0,96,20,108,-104,33,26,-100,-56
-96,0,6,8,2,85,10,-38,24
0,6,16,0,-128,87,64,-26,82
32,16,12,-64,18,0,-88,20,-50
16,24,0,72,-126,28,82,32,-64
16,-112,-96,78,0,3,114,-120,-58
64,64,64,74,1,80,116,88,-56
-126,-126,-126,-124,24,16,-38,-126,-50
-40,36,-120,2,34,-128,-40,100,-72
0,4,-96,-124,64,0,22,84,-78
0,0,-64,80,-50,64,-92,76,-60
12,72,0,-80,0,18,64,94,120
68,4,8,-56,46,-128,94,100,108
16,22,48,3,10,4,22,22,54
64,64,96,40,12,0,64,80,-72
22,64,80,-128,2,40,68,80,34
0,20,4,16,1,21,86,118,36
12,-128,-128,52,16,72,28,-80,-128
16,-88,38,19,16,0,2,-78,-128
0,18,-64,32,72,-32,30,-88,-28
0,-112,8,24,98,-110,32,-66,26
10,26,100,0,8,101,46,-98,-28
-18,96,16,36,-128,104,-90,10,58
-116,16,42,4,1,-55,78,-10,-116
0,58,20,-62,44,-62,100,-70,84
82,-96,2,1,-127,0,82,-94,66
0,66,76,-92,19,0,68,118,108
68,0,0,36,24,-110,-50,82,-128
32,32,-128,77,-126,-110,74,44,122
6,88,0,16,0,-128,-126,60,104
2,32,18,-124,-127,0,82,48,18
16,64,0,4,-125,-112,-112,118,28
92,0,76,6,16,-120,-98,52,36
10,0,24,0,97,99,46,92,-4
0,64,66,-40,-80,18,18,106,98
4,28,30,8,8,-64,36,-100,-2
0,0,-16,9,-14,6,-6,72,-26
82,-124,80,-64,32,15,86,-112,-8
0,-128,32,-92,-107,15,66,-128,56
0,64,0,22,1,64,76,-60,4
0,4,34,65,34,69,66,-92,50
16,-96,112,0,-128,-124,16,-78,-8
34,2,66,18,28,-128,38,10,70
-90,0,8,96,6,-113,-10,50,104
6,4,64,85,20,-126,-50,52,104
76,80,66,64,16,17,126,-48,-14
64,-128,-10,0,37,0,76,-58,-10
32,8,4,-110,-62,0,-20,102,-58
-60,72,66,15,33,7,-58,76,-42
36,6,8,12,34,65,-20,38,72
4,96,64,124,65,17,48,-36,60
0,0,10,5,35,-40,-18,-90,6
10,50,72,-88,37,-71,78,-6,104
18,0,16,2,14,64,18,-122,-14
78,50,8,69,61,48,-74,40,78
22,-96,-128,-128,74,-100,84,-124,-28
-94,-118,50,-123,80,33,-94,-118,-74
-128,-100,34,-127,15,-110,-64,-100,-6
-120,-128,82,8,2,-128,-86,-96,-46
16,56,-128,67,5,-126,54,120,-120
40,0,66,2,-120,32,54,92,-116
-128,96,72,24,64,33,-104,-32,76
18,-62,10,96,1,80,-70,-14,-34
20,96,10,72,8,32,20,106,74
0,0,16,-128,33,-95,-26,-90,6
-58,-68,0,-28,1,84,36,-64,114
8,-120,8,52,66,0,-120,-98,40
50,8,118,0,-124,41,-70,10,-10
32,32,-64,-127,3,113,-26,48,-52
-126,76,10,0,0,-51,-58,62,-106
-78,6,12,19,36,-116,-78,78,30
84,-126,0,0,-95,-127,92,-118,-128
2,84,0,1,-40,76,34,118,-128
32,36,16,64,64,6,38,-76,18
36,24,16,64,0,42,-92,-40,-2
8,18,32,13,12,74,56,-98,44
66,4,100,16,16,0,70,-106,102
-126,10,32,36,106,64,-126,14,98
32,-112,48,54,68,20,126,-46,118
-124,4,2,-94,-128,8,-6,120,114
-48,8,64,-111,44,34,-44,90,-58
4,10,20,104,4,36,-108,106,-108
-112,64,80,-128,20,0,-128,34,110
16,-128,56,37,-102,-126,122,-34,60
-112,0,20,0,37,-128,-48,10,20
-124,64,-128,-62,0,32,-114,-62,-104
120,-116,-124,0,8,5,124,-46,-72
8,-108,4,-124,-126,-126,-124,-118,-24
-120,38,-108,-123,-32,-64,-100,110,-74
16,52,112,53,32,6,60,-74,112
4,86,50,5,64,48,68,-10,50
0,2,0,-87,64,12,-96,-86,-96
-58,32,2,-94,99,0,-2,40,46
104,36,0,40,2,8,120,44,16
0,2,-56,4,25,40,-128,34,-40
-88,2,-100,-120,50,5,-88,62,-2
16,10,-80,0,-84,32,104,48,-10
80,0,8,-124,68,40,-58,100,-28
8,90,-48,33,64,33,-66,122,-36
4,2,76,16,18,0,-28,2,-36
2,16,106,0,-126,0,-112,-16,-88
18,8,0,0,-124,0,72,-118,-4
4,0,82,16,-64,-12,100,120,-6
6,-112,0,-69,73,17,70,-102,96
6,-80,10,1,64,28,70,-80,-114
-98,64,52,4,64,66,-2,-56,-76
16,-128,8,69,68,82,20,-80,8
20,76,8,0,9,64,118,78,-54
-124,0,-112,49,4,104,-124,48,-48
0,-128,34,0,69,-120,72,-82,58
32,-96,22,65,73,-92,44,-104,30
-124,0,48,42,48,8,6,10,28
16,0,4,33,0,8,30,20,44
0,40,100,16,-124,6,66,-24,102
28,92,-120,50,0,9,66,-70,-14
-128,-126,0,53,4,32,124,-42,24
102,76,-96,3,40,10,126,-20,-12
40,12,0,32,0,34,-6,-116,64
-80,66,2,48,28,18,-40,-72,68
8,-54,4,32,10,-116,-74,-24,56
-122,0,18,-127,-128,-88,-74,28,50
8,2,-128,-64,-48,32,-114,-62,-96
96,6,-120,-36,2,33,96,14,-56
16,48,-128,-122,0,0,-112,48,-106
-120,16,16,4,1,12,-118,94,-108
74,10,8,53,40,44,-18,74,8
-112,32,-112,17,17,16,-16,48,-112
64,-112,-122,-115,74,0,96,-106,-106
94,-128,-120,-114,-96,23,64,96,82
16,102,32,-64,4,9,74,-24,110
4,0,-112,-128,20,16,60,0,-112
-124,-86,-126,-112,18,12,-124,-22,-110
4,-120,6,-121,64,5,74,30,76
52,-128,-48,3,0,65,34,-32,-104
16,-52,32,-96,3,64,18,-4,-28
-128,40,-116,0,2,-122,-60,40,-34
-112,32,-128,0,18,-104,-100,36,-20
0,-128,16,88,-106,16,2,-128,-48
0,32,-120,40,-64,1,6,104,-120
4,-128,0,44,64,72,78,-110,116
0,86,16,16,65,22,40,126,-112
8,-128,4,102,5,4,12,-46,84
4,40,32,0,-14,12,22,-86,-4
0,32,14,0,16,34,-90,40,-72
0,8,96,96,-96,48,0,74,112
72,40,-126,39,66,0,88,122,-18
-86,8,-128,72,5,10,-118,-26,94
80,68,-128,0,56,-64,-24,10,62
0,8,12,40,-126,-120,82,-38,-98
0,20,32,72,75,72,2,84,-12
104,0,68,76,-124,22,-2,10,76
0,0,-128,-28,5,9,4,-78,12
18,40,32,24,0,19,-42,-86,32
12,-116,36,-128,-96,1,28,-66,38
96,60,0,0,-69,8,-22,-66,-128
-96,36,-128,2,13,8,-96,38,-64
-80,2,-64,48,2,3,-4,2,28
0,0,34,21,-42,112,12,-102,-22
72,-62,-106,78,1,108,106,-22,-98
2,2,-62,26,16,24,-62,22,-18
0,-128,80,-128,-122,80,72,-50,-30
0,-112,2,-112,9,66,82,-114,-122
-112,72,-128,-96,24,80,-110,88,-94
24,4,-96,-96,45,75,120,118,-96
-126,0,-128,-128,40,7,-88,28,-116
-104,34,64,112,12,20,6,32,-40
68,-120,32,36,0,-52,-10,-24,-84
42,2,32,80,24,96,58,-122,-84
16,60,-56,3,1,96,16,60,-54
0,72,-64,-88,-95,80,-62,88,-48
4,0,0,0,43,1,12,20,18
8,62,64,72,32,0,24,62,-60
-104,40,4,0,66,-108,-40,-22,12
-50,98,96,2,102,7,-50,98,104
-116,40,-124,0,104,20,-26,-80,-88
30,-128,4,20,32,-118,20,-68,-20
16,-96,-96,9,66,-84,56,-92,-22
34,36,6,8,34,0,54,-28,6
32,12,0,65,34,64,52,-64,-104
76,12,8,20,97,40,-90,28,-68
48,32,-120,68,96,64,-80,-26,-68
98,48,-88,3,-104,40,-30,-72,-72
-110,32,-72,19,34,53,-24,-88,-42
-128,4,0,53,-52,-54,-68,-38,70
-116,-32,12,0,4,-96,-52,-26,108
12,-128,0,8,-128,72,110,-28,2
104,-64,8,5,-117,12,120,-30,10
20,16,0,-128,-56,42,54,-108,36
52,112,64,-124,-60,32,50,62,98
48,0,8,-112,-48,0,62,20,88
2,-32,66,-96,0,17,62,-30,82
8,-86,18,-112,-30,0,8,-18,118
18,4,0,17,-40,38,12,-28,48
44,70,-122,46,-63,0,-54,-116,-90
-120,-114,0,54,-56,32,-68,-114,124
0,-124,112,1,-128,4,-112,-124,116
0,8,30,40,2,64,-92,-94,-78
-96,0,-56,20,16,66,-86,116,-62
16,-56,-72,12,0,20,-72,-50,-68
112,10,40,13,-64,17,-2,42,44
36,16,72,100,8,3,-92,56,76
64,64,2,41,-112,72,-58,82,38
8,-128,2,12,-102,97,92,-126,58
-96,20,64,32,18,-27,-28,62,104
-128,44,0,9,0,18,-62,60,58
4,16,-112,64,4,2,76,18,-108
64,8,0,64,0,0,54,26,94
-110,20,2,0,-124,-84,-116,-108,40
66,0,0,36,-128,17,86,-126,-128
40,0,68,32,-44,2,-24,4,-42
-64,2,-80,1,-64,31,-54,78,-118
-64,4,116,-94,-80,0,-80,58,-120
72,80,-80,0,-88,8,104,84,-66
32,-60,64,70,4,16,32,-28,68
-92,-76,32,0,33,12,-34,-40,-98
68,32,-56,-46,0,-95,-68,-112,-40
66,22,-112,20,-127,-111,106,-98,-98
0,80,4,0,4,0,-78,-46,44
68,56,0,64,64,3,-44,56,40
0,66,24,-127,24,65,0,-42,56
4,0,96,-96,104,65,-76,60,96
-108,-46,68,-126,38,2,-74,-14,70
-64,32,8,8,0,9,-58,34,56
40,70,64,0,-116,5,40,102,114
0,2,108,0,71,0,-42,60,-108
-94,64,64,104,18,0,-86,-54,120
-62,-88,0,10,12,80,-62,-88,-96
0,-124,36,0,32,8,22,-116,44
16,-122,72,-124,-126,16,44,-100,-118
80,66,72,38,12,8,80,-62,80
2,32,36,0,66,10,126,-88,100
0,2,-128,17,-24,32,48,-54,-32
76,-120,32,33,20,16,54,24,84
0,8,34,66,90,-41,-72,124,-56
72,2,100,32,0,-128,-38,-30,116
-128,34,0,-128,-116,56,-46,50,-24
10,14,-54,-64,-44,-112,74,14,-6
38,0,84,108,32,4,54,0,92
72,-62,4,4,73,-127,0,94,-82
0,10,0,84,41,72,-96,-16,62
0,-126,64,-118,3,8,8,-126,86
16,-62,34,65,34,96,-104,-14,-10
104,-112,72,8,4,0,124,-42,-120
0,72,-104,3,4,-128,-90,28,52
8,-124,0,-95,4,72,26,-108,68
4,84,50,100,22,8,12,86,50
-120,-48,106,68,-128,27,-6,98,-30
36,92,-64,50,35,0,-52,-54,-82
36,8,-48,33,77,0,-92,24,-46
0,56,40,-128,64,-30,0,56,110
0,0,52,-64,17,-64,6,104,52
-94,102,-96,6,40,0,-2,118,-96
0,-128,66,1,-112,-15,74,-126,66
66,44,62,-109,24,8,-54,44,62
4,0,26,-116,4,88,36,40,58
0,32,-126,83,32,0,36,-96,-18
2,16,-12,64,0,72,8,78,-10
12,20,18,-128,8,1,-8,-26,62
40,-108,0,7,-116,4,56,-44,10
120,2,-120,33,-128,0,120,34,-2
6,2,-98,9,1,24,94,106,-24
20,72,28,34,96,13,0,-114,36
64,84,64,0,64,52,80,84,64
74,8,82,-124,3,41,-2,106,-10
66,-88,36,64,8,32,66,-84,-18
16,82,80,112,10,88,-104,-6,-14
-56,74,16,16,-80,-12,-56,74,-108
-128,32,0,-96,-120,13,-94,58,-120
-128,6,2,48,32,1,-124,30,66
116,0,32,-128,0,1,-4,4,-86
34,0,-128,16,-84,-116,10,-28,-120
0,42,16,4,34,64,-124,-120,-90
106,-128,44,32,32,0,126,-104,-84
6,44,104,96,16,76,38,108,106
70,-120,-120,64,0,64,84,-38,-62
76,0,2,48,-96,107,-56,-120,-46
-128,104,4,66,-96,0,-80,108,-20
16,64,-128,8,8,68,80,-46,-24
4,-124,-128,32,12,16,56,26,-10
-62,16,96,-123,0,0,-40,52,10
-70,6,2,-112,0,17,-70,54,22
34,66,72,32,41,48,-26,66,110
-128,2,-56,48,33,28,-30,66,-56
34,16,0,16,4,-88,46,-102,82
0,18,2,1,1,-124,52,18,6
0,0,0,113,16,33,16,14,40
64,0,4,64,16,26,72,68,-44
16,12,0,40,-82,33,26,-84,-106
0,34,0,11,3,10,98,94,-108
20,0,-126,-64,-104,60,8,108,94
64,72,112,39,-98,27,-30,74,120
-94,-120,0,5,7,82,-94,-82,-12
-124,92,16,12,65,72,-128,12,88
-128,6,4,16,-79,84,34,-88,66
64,72,48,16,-118,34,-48,-56,56
12,10,-64,1,64,100,44,30,-14
4,16,60,4,-128,82,62,52,62
-96,0,24,4,8,6,-52,8,120
18,4,-128,8,37,-48,-14,12,-76
-114,74,-128,-88,1,-108,-18,106,-100
4,82,-124,-122,1,120,6,94,-108
0,-78,56,42,44,40,4,-66,62
8,-108,32,67,41,-14,56,-92,-44
-112,-126,48,48,17,-128,-120,68,8
-128,104,24,0,0,81,-128,106,56
104,-42,66,35,1,-120,108,-10,102
88,0,4,-107,6,-120,112,110,2
90,-114,84,114,4,-96,-18,-128,24
-46,0,88,-64,2,-87,-14,-122,88
8,38,4,4,0,-60,-84,102,-74
82,32,-104,96,0,0,80,118,38
-128,16,20,14,0,8,-92,14,70
-62,0,12,2,1,8,-50,-16,44
14,-38,14,64,64,56,62,-38,14
2,0,-122,68,79,120,74,0,-82
-120,10,-32,96,6,52,-102,66,-20
-128,40,0,64,-92,-112,-96,40,-100
88,34,4,-126,5,0,94,98,68
66,0,100,4,37,96,110,72,124
32,20,66,80,4,16,124,30,-62
0,0,76,0,5,0,-110,86,-28
16,48,8,-93,48,48,86,-96,86
16,72,8,0,17,8,48,110,8
0,30,68,64,16,68,-72,94,78
50,66,42,12,8,80,-94,116,-22
6,-92,0,-62,0,-48,108,-60,-46
104,8,2,-54,4,-64,120,-72,-62
84,-128,2,2,0,101,-44,-106,-94
-80,-96,104,-120,4,13,-70,-84,-112
24,8,-84,12,0,4,-4,-112,-36
112,34,8,25,71,36,-16,126,8
-128,120,8,24,16,32,-26,-4,-82
108,0,32,96,1,34,126,-44,-94
-82,16,-122,34,-126,4,-82,-46,-74
104,58,0,48,-104,6,108,-70,48
0,32,0,35,-120,38,66,52,0
72,8,96,32,-119,-23,-6,12,96
0,72,8,12,5,64,-64,104,-120
4,14,-128,12,37,40,126,62,-90
32,34,32,66,0,16,20,78,104
-120,2,4,64,96,0,-24,58,84
2,12,36,1,0,65,6,60,-76
-64,8,18,113,0,56,2,18,126
-126,-120,32,65,18,64,-124,-20,30
98,-118,18,64,84,69,98,-22,-42
64,50,0,0,68,12,64,50,58
20,8,0,0,18,18,62,76,98
-16,0,26,-30,-124,12,-26,-44,-10
2,64,72,0,82,4,-6,-38,-22
104,82,-48,-112,-110,-111,-18,90,-44
-112,96,-122,-128,44,-96,-40,104,-90
-112,0,20,2,2,50,-110,16,-108
-128,24,64,32,31,2,92,36,-22
-104,4,-54,64,-61,16,-68,-98,-6
0,52,-62,48,-64,0,-64,-76,-58
4,56,-94,48,-87,-126,36,56,-90
64,32,-112,0,-128,-96,90,64,-38
-120,36,0,-121,66,18,16,-14,124
12,-112,-126,6,-112,42,60,-12,-106
4,0,64,-90,48,16,6,-114,98
40,26,32,-64,-103,32,-38,-114,6
-36,8,24,0,8,-84,-42,86,-28
72,90,0,33,2,-64,-36,90,-10
8,-60,-64,68,8,66,-24,-60,-24
-64,-80,74,0,5,65,-56,-16,74
4,62,52,-112,8,65,6,-66,124
64,76,0,-128,64,0,-44,-36,-78
2,24,32,-121,-124,8,26,88,34
24,60,0,8,-54,16,28,62,8
0,64,40,-86,-120,-48,4,80,104
32,4,34,-92,16,-55,-28,30,126
106,-122,32,88,-127,11,-108,8,52
-128,0,64,65,-96,84,-124,8,64
34,-124,4,2,40,16,50,-106,84
96,-96,24,4,6,41,-106,-84,74
-126,84,34,18,24,48,-100,8,116
-128,16,32,83,32,-92,-124,52,32
-64,0,48,28,1,68,-14,-60,54
-32,20,42,32,96,80,-28,20,42
-64,8,-106,0,-92,101,-22,72,-106
44,2,32,-95,103,-127,-84,6,-12
36,2,4,65,4,34,-74,-30,20
-124,48,-42,0,0,48,-108,112,-42
20,4,-96,36,-123,0,-44,-84,-30
16,8,-128,4,72,64,-58,42,-108
80,8,2,69,-96,6,46,-78,-10
84,0,68,32,76,3,84,100,-2
0,32,0,66,17,64,80,116,34
34,0,-128,97,0,4,78,26,-32
48,-128,32,18,1,64,112,-96,-70
8,34,0,65,64,12,76,122,-96
-116,0,24,72,4,-56,-84,98,-8
0,0,8,36,53,-78,112,110,-28
-128,66,2,2,28,0,-84,92,-110
-96,32,-98,2,16,3,-68,50,-98
0,16,-94,0,0,53,10,-98,-18
16,18,16,4,-108,111,20,-110,26
0,10,32,-128,64,-62,10,74,32
18,0,12,-119,65,38,-100,10,14
16,2,-64,22,73,24,62,-128,84
24,8,0,64,64,32,88,110,96
-124,64,34,-72,18,0,-108,-48,98
-128,-128,4,-94,34,12,-20,98,60
32,58,-122,17,0,1,104,-46,-92
0,-62,-120,40,66,89,-90,-62,-120
22,64,0,16,-111,52,-106,-54,-40
16,-86,34,8,-101,123,-126,-62,-80
-72,96,42,0,16,1,-24,-108,-58
-62,38,36,14,22,70,-42,102,-68
34,0,68,72,21,10,-66,-104,68
-128,-108,-96,69,56,32,-48,-36,-96
-128,12,2,-48,-128,0,-64,92,-118
-128,0,8,0,97,9,-126,96,10
66,-112,2,0,24,32,114,-76,-62
48,-112,8,0,4,0,120,-68,-56
98,-86,64,85,64,-126,98,-82,98
88,-96,80,68,-108,98,20,-68,100
16,32,0,-128,20,-95,86,34,104
0,68,84,8,80,-120,2,-50,116
-60,2,0,3,0,32,-34,90,-92
-64,78,-128,32,-87,8,-58,90,112
0,0,82,66,68,-124,-12,52,96
0,-106,84,0,87,-126,-84,-106,92
76,10,96,72,0,96,92,74,124
72,-8,88,104,17,73,-124,-12,102
2,-104,82,4,0,16,22,-106,-12
6,8,20,43,16,17,6,-72,-76
6,16,50,67,36,8,102,80,50
-118,0,0,-128,36,50,-118,64,0
12,8,0,97,33,0,110,28,-64
98,88,4,-127,32,8,102,-40,-122
68,-112,-64,102,-24,80,70,-74,-30
0,-112,-56,0,8,32,2,-48,-8
10,50,32,64,-116,8,106,122,106
-128,68,28,103,-112,8,92,-86,64
8,12,2,0,16,82,-48,-2,-22
36,42,-128,2,82,33,-92,-6,-90
0,-128,4,0,1,71,24,-120,4
-14,96,68,8,42,13,28,92,42
72,-112,74,32,32,105,90,-54,14
2,-112,16,1,-88,64,82,-44,16
18,4,114,0,118,67,54,4,114
24,-64,24,4,36,58,24,-38,-72
0,0,34,2,-64,1,80,18,42
12,112,-64,1,-43,-108,60,-10,-60
0,0,0,9,-128,1,54,34,40
64,12,18,64,8,19,68,30,18
-76,104,40,4,40,-62,-66,122,40
-126,-104,-88,3,80,-119,-128,8,120
-128,-56,-122,18,50,33,100,126,-124
0,10,12,0,2,64,40,-86,78
0,-108,4,32,32,0,68,-108,4
58,-30,10,97,49,1,50,86,32
0,-128,-96,76,42,40,10,-52,-4
36,4,20,-112,32,-58,36,12,-100
0,-56,2,-106,0,2,10,-6,14
10,8,2,8,16,0,74,-36,16
4,32,40,0,67,8,68,48,4
104,0,40,0,106,0,108,76,56
16,96,4,16,27,32,18,120,-76
98,104,8,32,50,4,110,104,12
-62,72,44,-52,72,64,-58,74,-84
20,0,16,-126,7,6,-98,72,88
6,4,96,16,66,32,6,60,-28
-128,32,60,-92,64,32,-62,96,-66
34,4,-48,19,18,-128,-90,76,-6
0,0,0,8,0,-128,-56,18,34
64,-64,-62,82,0,75,-10,-120,-60
0,0,-110,26,-125,-116,2,-120,-78
72,-128,-100,8,-128,0,104,-100,-100
82,72,-124,66,-124,40,104,120,-20
0,-116,72,-103,3,67,-68,30,-126
16,80,96,-112,21,40,16,116,120
12,4,-128,9,65,8,28,-100,-118
0,6,34,0,64,9,-96,86,-78
-120,82,12,81,16,-127,-86,118,12
0,52,-60,-8,121,-60,20,-66,-36
32,104,0,0,-92,68,100,120,16
-112,-112,0,-120,-124,78,-112,-78,22
-96,-92,92,-64,6,78,-88,-68,92
18,-128,-120,-44,-126,0,-10,112,-10
0,48,10,72,8,-42,-66,-12,-50
-112,40,-54,3,10,108,-10,-22,-22
32,64,12,33,-120,-108,44,120,60
4,0,-64,72,40,-127,58,100,42
70,-32,-64,-88,96,91,108,28,-74
16,0,4,-124,106,-128,112,42,44
12,74,96,-121,73,10,110,122,104
-124,6,64,-128,3,0,126,-52,66
16,16,48,16,-48,4,-84,110,30
-124,0,40,0,-64,-32,-92,-126,44
-112,48,2,4,16,32,-14,-72,18
-96,-94,-112,4,22,6,-14,-94,-16
0,0,-96,64,2,-85,12,66,-84
100,32,20,69,0,-111,18,86,-82
-52,-72,-64,30,72,41,-82,-22,16
-64,10,106,8,68,40,-56,10,106
0,70,0,66,0,7,16,-58,-80
-20,64,14,36,3,1,-22,-38,110
112,-128,4,64,5,0,-116,-124,-92
32,-112,4,66,16,19,-82,-104,-124
48,-46,-128,64,1,0,58,-34,-94
32,-32,-124,68,0,5,54,-56,-66
0,-64,48,16,50,8,38,-50,-16
64,12,6,64,33,0,68,-52,6
24,0,64,44,16,1,88,80,-58
12,64,-124,16,1,32,76,80,-28
-46,68,16,36,66,10,-34,92,90
-88,16,12,77,32,65,-20,118,28
64,0,4,2,32,65,88,-56,46
66,12,2,2,42,117,98,-68,14
20,16,80,-106,80,-95,30,24,-4
32,108,64,9,0,-32,76,-20,96
64,118,-110,16,9,-87,70,-106,-128
16,16,-128,-128,0,4,88,114,-112
-128,-62,8,-120,64,-93,-126,-54,46
-124,34,16,-64,28,2,-76,-50,-54
16,42,34,65,8,32,86,118,-96
96,34,8,69,69,72,98,118,-120
50,-64,20,-74,-118,3,62,-30,84
16,-96,8,-88,2,3,18,-12,-86
16,32,-80,66,80,-31,92,-16,-8
4,36,-100,-56,65,-100,-124,36,-66
40,32,6,20,102,82,-68,52,-58
-96,4,16,16,64,0,-16,36,-42
20,24,64,8,12,-128,-68,28,72
-128,8,-56,12,18,2,-2,28,-82
82,8,-128,-124,30,-122,-38,114,-54
-112,64,64,24,116,2,-46,-64,110
82,-112,30,0,104,-40,-46,-108,30
32,34,42,0,-128,-104,116,116,104
68,72,16,10,1,72,102,-58,-46
0,0,16,6,1,40,74,-106,16
0,72,0,12,72,0,4,88,116
0,52,106,20,80,6,-64,84,106
72,2,10,-113,16,-24,60,106,100
0,68,32,1,65,-48,-88,84,98
2,32,88,48,84,64,2,48,94
0,2,2,-92,0,2,6,10,98
-118,4,0,18,6,67,-86,-122,64
36,2,108,104,0,41,-12,54,-20
18,74,-124,0,16,36,30,-54,-28
18,8,-32,2,46,11,18,-116,-6
40,0,16,8,2,36,60,40,112
34,2,40,0,54,4,120,-26,110
96,-120,-128,-48,14,-112,64,-52,-48
8,-64,34,2,-126,-124,26,-48,-94
16,4,26,16,-124,16,-112,102,58
4,2,-78,38,34,1,-24,-6,-78
64,0,-126,48,40,-62,86,-76,-46
48,42,32,16,64,96,118,-86,40
24,26,50,0,-122,64,-104,58,-66
10,36,4,34,95,-86,-86,36,4
0,8,32,68,66,112,-124,-84,50
12,-128,112,21,-76,16,-116,-30,118
30,0,10,126,1,8,-66,2,-54
64,66,0,32,8,24,-24,82,64
36,8,-60,96,64,-120,44,-84,-58
100,36,-118,-64,-108,73,104,56,122
68,104,12,-124,0,-103,-36,-42,-90
-126,0,4,5,-128,-86,-86,76,118
72,72,-108,-105,48,49,74,-56,-106
66,64,-128,10,16,4,56,72,122
-64,12,16,-30,4,2,82,-98,36
-64,32,0,0,77,-32,-28,-12,-48
34,116,12,-128,34,46,-66,-1,-1
4,86,4,8,64,70,58,-1,-1
0,0,16,88,0,-64,-80,104,18
-80,48,70,-96,47,68,-72,118,70
64,48,-32,82,-63,64,68,-72,-26
-124,4,0,-107,32,76,-76,108,-112
34,0,14,0,-64,64,50,118,14
-120,0,-94,16,-62,84,-122,20,-20
96,112,10,48,8,112,2,2,62
-96,2,-94,36,8,84,-94,50,-86
8,34,34,100,2,46,-56,-94,50
2,4,8,72,12,10,102,86,-126
102,-26,2,5,-84,72,-126,120,-128
-38,8,-4,4,40,64,-38,40,-4
16,2,80,68,7,84,20,66,118
68,0,-94,68,72,4,14,-26,16
-8,-86,2,-127,-90,0,92,44,-4
-8,-90,0,-116,41,73,-8,-90,2
98,-112,-56,1,4,33,110,-98,-24
48,-124,-96,-94,73,96,114,-116,-88
110,8,-120,36,100,48,-18,108,-88
32,-24,64,28,67,73,52,-24,100
86,28,-44,32,40,11,118,-100,-12
-94,0,80,0,0,4,-18,-124,-12
0,8,10,0,36,1,64,-24,-102
116,16,66,0,-60,64,-30,36,-26
0,-96,72,52,1,-112,22,-66,-120
20,-88,0,-126,9,9,20,-86,84
84,44,-126,2,-125,16,84,-20,-106
64,90,-88,10,-119,18,118,-14,102
72,2,4,96,1,-63,-8,50,100
2,0,16,0,6,-62,2,72,-108
2,6,16,90,0,40,22,14,-48
0,66,2,8,0,-125,6,126,2
32,0,6,0,0,-123,38,-88,54
16,10,-62,0,-64,-52,52,30,-6
10,32,2,96,34,-38,90,32,34
2,32,34,20,-128,0,78,32,58
20,-60,0,0,6,52,20,-44,-108
2,-40,14,12,0,-95,-24,32,-64
20,0,36,77,0,0,-118,70,-36
32,18,20,6,34,5,104,114,-44
32,68,74,32,2,6,-96,-18,74
24,2,-8,117,3,17,122,-78,-18
-128,18,20,42,-118,-118,86,98,-78
2,32,-104,78,0,0,-122,110,-104
32,0,18,96,48,0,-8,-124,-46
-104,72,10,25,45,65,120,40,-22
-92,104,-96,-93,106,4,-46,96,54
14,16,0,16,4,41,-34,24,86
4,72,48,4,67,9,44,106,52
10,0,56,72,-124,33,94,78,58
36,-88,0,32,-126,2,-12,-24,-96
-24,24,-128,-128,20,32,72,-12,108
68,32,8,25,5,75,110,38,70
48,-14,20,6,76,-128,118,-2,84
-84,68,98,0,42,-94,-18,68,118
42,-116,92,0,113,18,-58,-32,-126
-128,0,12,28,104,0,-124,50,122
36,-124,-126,77,1,8,108,-108,-114
-128,0,-128,40,31,-120,-52,102,-90
18,0,2,20,5,72,20,14,-100
-108,32,-128,33,0,34,-8,82,-70
34,0,-88,32,2,28,54,22,-68
20,0,0,52,0,1,52,82,2
4,74,6,9,36,12,20,78,38
0,16,32,-128,-96,35,76,16,-94
-86,-128,64,32,-60,36,-70,-60,82
64,54,18,-90,16,6,-32,62,82
96,-38,6,32,-23,1,-24,-38,6
24,-112,2,-44,72,-125,-4,-42,82
26,78,-86,121,-120,64,-30,-40,104
-20,0,-128,80,-112,102,-26,62,-32
34,60,0,0,112,9,58,-68,-76
64,8,-32,-91,40,5,64,78,-20
-128,4,-104,40,-112,42,0,48,-68
-64,26,38,6,-112,20,-24,-80,22
-118,50,-96,80,4,16,-102,118,-92
-126,-96,66,13,36,4,-62,-84,70
-54,-56,18,-106,0,84,-78,124,-54
8,34,32,18,17,-127,38,-38,-102
40,50,0,1,72,72,40,58,62
62,0,-124,-112,17,-64,62,-46,-114
-80,0,16,0,68,-95,-16,-118,16
8,-126,72,-114,8,13,-40,-126,-56
72,0,18,19,26,32,50,36,90
4,-84,8,64,105,33,-110,-124,2
102,68,96,-88,-128,-128,102,76,116
64,-116,0,-62,42,0,104,-36,4
32,-112,-32,72,0,66,-46,-124,16
86,16,0,75,72,97,60,34,32
0,64,34,90,65,33,70,64,42
2,38,48,1,0,0,2,-26,-80
0,42,6,16,6,-128,84,-24,84
112,24,48,49,24,32,-20,-102,-128
-88,-96,0,32,0,32,-24,-92,116
26,0,14,-127,68,-128,26,60,94
16,80,62,23,8,-79,60,120,62
-96,68,36,0,0,29,-82,68,108
-126,0,-128,59,5,44,106,-16,-110
66,0,88,0,37,0,-42,76,-38
-32,4,6,57,0,1,-4,84,38
36,0,-116,-111,0,64,44,8,-116
2,-16,-126,2,4,16,34,-58,120
0,-124,24,6,-112,64,12,-90,30
2,-92,88,39,-64,66,66,-76,-8
64,16,4,32,-80,-110,80,-78,70
-126,100,66,96,-64,33,-128,52,10
4,36,-58,0,2,24,28,-48,-16
98,34,-96,24,32,32,-14,38,-88
26,40,20,0,68,32,26,-88,20
18,66,52,43,4,42,-78,114,62
-100,-128,82,0,30,112,-36,-112,86
-80,44,8,36,23,2,-80,44,56
-120,66,0,33,0,0,-38,66,-128
70,4,72,116,4,12,-58,30,108
0,0,16,0,32,96,44,80,-104
40,0,-112,1,8,-96,8,12,-60
4,-6,58,116,32,6,28,66,12
6,106,16,-120,0,88,22,106,-40
20,76,16,40,3,-110,116,78,120
8,96,0,-128,-120,6,-104,108,-20
84,8,0,-128,40,-32,70,42,116
40,-124,32,-126,17,-47,108,-124,122
90,-128,80,41,18,-120,90,-102,80
64,-120,72,48,89,96,96,-84,76
-64,20,100,96,64,40,-74,-124,-44
-48,122,66,-119,69,8,-40,122,70
42,64,-128,74,-118,-123,122,64,-116
-120,4,64,16,-59,-96,-120,-92,100
94,0,-64,90,6,102,-34,-48,-42
88,0,-78,0,8,32,102,-114,-58
50,64,26,65,-96,0,82,46,24
100,88,16,64,-120,8,110,92,84
-62,-94,8,-126,113,-90,-58,-90,-8
56,64,8,-64,-84,-126,56,64,42
72,64,-96,-64,64,-63,0,106,-56
64,64,68,0,24,-76,68,76,-60
22,16,-102,18,-125,36,22,80,-34
64,-16,-64,20,116,0,80,-96,-88
-120,8,8,16,2,0,-84,-48,-126
16,64,0,66,0,32,-80,-64,112
0,80,6,8,32,-77,28,116,-106
64,0,4,-41,0,-120,84,96,100
18,58,38,2,6,102,50,58,-90
4,6,2,100,48,64,102,6,-102
16,20,6,72,64,98,-68,20,22
64,-16,32,0,42,51,-30,-6,-20
26,66,16,29,8,-123,-38,70,50
6,32,2,34,24,65,-6,56,102
-108,-52,42,32,2,94,-94,-6,124
-64,4,-48,1,0,72,-56,4,-42
16,0,0,33,9,-104,-12,0,8
104,-96,16,16,32,-108,-20,-68,-18
28,0,24,9,72,66,-52,-20,76
8,96,14,0,18,64,-20,-24,-114
96,0,4,0,0,10,104,-88,110
78,20,24,0,8,8,94,86,28
-56,8,0,0,9,26,-8,-52,-104
-128,-128,16,32,32,2,-30,-16,112
0,0,64,6,45,10,18,22,90
20,-96,0,8,-122,4,20,-30,10
120,-114,-96,-112,-96,-124,124,-114,-78
-112,0,6,-80,-128,-120,-52,54,88
4,0,36,-125,74,-118,-78,116,56
-100,34,2,-102,64,-120,-98,122,66
18,0,0,32,5,-44,122,0,44
88,-64,-40,40,0,-48,-116,-32,2
-128,40,-128,19,2,-16,-94,80,-58
20,0,-30,43,20,-16,-44,66,-30
64,-56,-64,24,32,52,-62,-50,-50
16,-110,-94,56,37,60,114,-6,-86
22,0,32,64,21,-106,114,-6,92
74,36,64,72,66,-96,106,38,64
-64,-64,80,-48,56,0,-46,-54,88
-106,-64,66,1,32,57,-34,-60,102
4,64,0,17,73,120,68,64,-36
0,16,-60,-128,64,114,-118,70,-104
112,80,-116,0,-113,69,-124,-74,-98
82,92,0,33,-110,64,114,-4,0
0,64,20,28,-76,18,70,-8,28
2,8,4,72,-72,22,12,-18,62
-128,0,-64,4,3,44,-84,-64,-44
0,-64,-112,13,3,20,-110,-4,-70
80,-122,-116,2,-63,16,112,-122,-116
108,-128,0,4,-62,10,88,-92,-96
8,-128,-64,0,4,34,-90,-42,2
64,8,40,18,72,17,104,-120,56
4,68,0,22,-116,74,4,84,-80
0,0,-62,12,-128,24,0,34,-58
6,72,16,9,33,52,14,76,28
44,2,4,19,75,36,124,106,-18
-24,-110,2,-116,-124,2,-20,-110,-94
32,20,100,-104,60,2,-28,-106,110
2,12,12,5,-123,-95,-54,60,12
-120,40,-62,4,-84,-94,-102,-24,22
0,0,-112,17,32,33,-128,-98,48
4,8,14,18,0,2,-124,-102,62
106,28,0,64,99,-128,106,30,-114
0,92,116,65,4,-128,96,-72,64
14,50,16,96,0,-106,90,-34,118
0,32,2,96,12,-120,82,-88,18
20,24,0,64,0,-39,60,-100,44
84,-70,6,98,0,-72,92,-66,6
16,0,104,77,-43,-123,16,52,-22
116,74,16,80,-56,-128,-12,90,22
0,0,2,-62,-128,72,-128,-78,-14
-128,64,26,-64,-120,12,-128,-32,-38
0,104,52,5,8,12,-94,104,54
16,-44,0,73,-28,19,84,-24,8
96,104,66,80,56,96,-70,124,-34
82,80,72,-88,64,96,-46,-38,124
-96,4,40,-95,-128,-127,-82,4,-84
0,0,8,-92,72,-31,116,110,98
-102,86,-90,-48,37,-56,-40,24,108
-44,0,64,2,2,4,-36,16,64
0,2,-108,20,64,5,-40,-114,-36
16,32,32,48,-96,4,-52,-22,54
52,-124,98,32,-96,-46,80,90,24
0,0,-108,-41,4,6,24,-26,-76
-108,66,2,1,96,-101,-76,82,-38
-102,4,0,14,26,37,-70,12,-96
96,42,16,4,1,65,116,122,28
64,64,32,-48,64,-123,46,82,90
82,0,28,0,119,1,-128,-112,14
12,0,104,96,48,32,-114,68,-24
18,-62,50,3,64,80,-74,-34,122
32,-126,-16,28,8,0,68,42,24
32,34,64,5,3,-88,30,46,62
58,-128,16,80,68,-88,58,-128,-6
-106,-76,36,1,64,70,-106,-10,108
64,52,70,1,83,3,20,-106,124
-72,80,4,1,45,115,-78,-102,-64
0,2,-128,98,98,52,-120,-118,-104
-124,16,12,20,-32,41,-116,124,12
32,-12,-96,72,32,69,-18,-12,-86
-88,0,32,0,16,-128,-88,-48,100
-122,16,40,68,64,-128,-122,112,60
34,48,18,32,9,67,-90,56,86
-124,68,72,0,16,16,-108,100,106
2,80,40,-112,81,-119,-122,82,120
4,0,-64,0,104,-112,116,-110,-66
-104,-124,48,9,0,-88,-52,-60,100
-110,-96,70,6,-86,-56,-98,-80,86
32,20,10,16,-110,64,112,22,106
-128,4,0,16,-124,68,90,-26,-76
66,-128,6,80,68,17,98,-112,-122
102,18,64,104,40,41,126,-106,116
22,96,22,17,0,0,86,108,86
70,32,20,16,16,7,78,34,60
4,-46,4,8,1,-88,38,-46,118
72,-54,6,8,32,-56,106,-22,6
66,92,2,56,-128,0,-62,126,34
18,8,-64,40,-128,36,18,90,-22
18,6,-64,2,-128,0,82,14,-50
8,40,2,32,-124,17,68,-72,86
2,64,-64,-126,-24,51,16,86,-8
32,112,16,82,5,-112,34,112,-40
14,10,-120,-104,20,-122,30,42,-120
8,12,2,81,8,-112,74,70,-62
0,40,46,-47,6,25,44,32,-110
64,0,24,-111,-111,34,88,40,126
64,98,32,-124,-96,18,82,98,52
-124,64,8,-100,0,76,118,52,74
8,0,-80,9,113,14,-2,60,-36
-16,80,32,66,0,76,-14,84,40
2,40,8,16,24,8,-82,-72,10
-112,4,-128,1,16,54,-110,-92,-50
16,44,64,-125,32,-110,-6,60,96
68,114,68,64,4,122,68,114,92
36,0,-64,0,-31,84,-92,80,-60
-108,16,-50,2,-32,0,-106,54,-34
98,18,80,-104,-37,-128,-30,-74,88
-100,2,64,9,0,76,-92,14,-2
-124,42,-88,42,0,77,-14,42,-50
-128,16,0,19,-7,4,-16,56,12
-96,12,0,32,8,-128,-24,-114,72
72,32,64,112,0,16,-94,0,104
-76,68,32,-102,8,50,-78,68,-128
16,44,20,4,9,-128,-98,-82,84
-108,76,-126,64,-116,-16,-66,92,-70
82,4,4,-123,-64,-107,-14,-124,4
18,2,88,-122,32,8,-110,2,-40
64,4,66,0,41,96,-48,84,106
-126,38,-124,32,65,-80,-126,46,-90
32,20,72,57,64,-88,-86,30,108
-64,24,-64,65,12,0,-60,88,-58
-128,92,-64,68,32,9,-90,56,-8
8,-126,80,82,0,73,62,116,42
38,0,66,16,26,-127,46,-128,66
22,32,68,-60,36,32,22,32,70
0,-78,-110,0,1,-112,48,-22,-28
68,-30,2,-111,0,64,98,-18,74
34,80,-128,8,28,18,98,-40,-4
-86,-64,14,66,0,32,-70,-64,46
44,68,32,2,2,16,8,-106,104
8,2,28,0,32,32,4,-70,-94
8,16,-120,2,20,8,24,16,-88
2,32,18,0,18,8,2,48,58
0,0,-24,9,110,57,-126,8,-6
48,0,0,16,-95,72,-78,-12,22
24,-128,44,24,0,-92,112,122,-30
0,14,-64,20,24,74,-4,6,-106
66,64,-44,8,-80,-28,102,-62,-36
32,6,64,-64,114,4,100,-66,96
0,-28,16,-96,-115,14,-48,40,86
0,-64,-60,10,39,48,-118,-114,-38
100,24,74,-80,18,16,116,88,-38
6,74,72,0,70,72,-106,-22,88
-94,68,-120,64,16,8,-100,-98,-116
4,68,0,-128,66,64,126,-40,-6
12,2,58,1,-128,97,78,-90,122
68,0,76,3,-127,64,86,-60,-50
64,40,-120,-29,66,4,112,44,-118
4,18,34,2,0,9,28,90,50
32,64,26,25,0,16,34,98,26
0,2,-112,16,4,-59,36,-50,-102
-86,-30,-126,44,26,0,-86,-14,-122
-120,-110,28,34,96,33,-52,-78,60
-28,-124,36,25,12,0,46,-52,126
-64,64,-90,76,-128,24,-104,-32,48
32,-60,32,5,64,32,110,-36,-78
34,-64,0,0,-8,4,42,-24,10
10,48,64,64,0,36,50,-40,124
80,10,104,-53,0,-98,-96,28,38
52,34,98,-107,-128,4,116,106,-10
16,64,68,-127,-111,5,24,82,-60
32,0,8,1,33,12,112,10,40
18,-126,-56,38,40,40,82,-26,-36
26,18,-104,24,18,4,58,86,-102
22,4,0,10,8,4,30,-124,8
98,42,66,-122,8,2,-6,62,70
98,48,-112,80,2,0,-22,48,-4
0,-100,-62,82,-124,4,98,-102,92
60,-40,-120,0,1,3,-62,-78,-10
10,64,-110,68,-128,-110,-118,116,-2
40,4,-128,-64,46,68,58,4,-120
100,0,40,4,16,118,124,46,-118
-128,-122,-92,45,65,32,-76,-18,-30
98,16,-64,3,0,46,-30,16,-44
16,10,24,81,120,81,-36,78,28
20,82,2,34,-122,72,10,90,22
2,4,40,-112,-125,113,126,50,80
0,12,40,8,-64,116,-120,12,104
8,24,-128,-114,9,1,-102,28,-126
0,28,20,-128,33,2,-110,30,86
-128,0,-78,-128,9,22,-128,34,-70
38,0,-96,-128,-110,0,90,-16,36
2,40,58,81,3,86,4,-78,-52
0,64,32,-96,13,96,14,114,116
8,16,-128,20,35,47,-120,88,-48
-128,64,4,49,68,-128,76,-40,56
-110,66,-96,-125,17,74,-116,-38,16
12,4,0,-104,10,110,-114,-92,0
8,0,34,2,-56,4,76,4,58
8,2,64,36,64,6,28,80,64
0,0,-96,5,-122,0,-112,-84,-108
36,0,-110,36,-57,16,36,16,-110
10,-110,68,32,48,-115,106,-98,92
0,68,0,19,0,17,64,68,96
0,96,4,98,96,5,-128,112,4
8,80,96,41,24,0,40,86,-12
0,-126,-54,14,19,0,2,-110,-34
72,-60,0,16,16,6,108,-50,-126
-126,-106,0,-112,-53,0,-54,-98,20
-128,0,66,4,37,-124,122,-6,-122
36,32,0,19,0,-121,42,-14,72
-128,86,80,-127,8,-64,-112,118,114
6,64,2,-96,-63,89,-58,82,2
32,40,0,76,64,1,-118,8,-112
12,2,-48,98,-118,-115,-12,22,66
16,0,-88,-64,0,-128,-76,-28,-88
16,16,-128,-126,-118,-107,-112,-80,-60
4,-46,32,-126,104,0,-92,-46,36
80,6,24,81,-127,112,-12,102,60
0,2,36,3,29,0,-122,110,-28
-116,114,-112,16,32,69,-114,-14,-100
0,-12,16,8,-126,-128,114,-12,20
-108,0,0,0,100,40,-68,76,8
68,64,76,-128,15,16,-52,78,112
-126,80,80,-104,88,100,56,-26,26
32,26,-62,56,-124,0,48,-34,-50
8,-128,58,85,56,16,126,-24,58
0,8,32,57,0,6,-100,56,90
80,80,98,64,0,12,-92,42,-2
-128,0,80,4,72,98,-122,2,86
8,32,48,4,8,-127,40,42,122
-124,64,12,1,96,-40,34,-112,-118
-128,32,0,-88,54,66,20,36,-6
0,96,36,-106,68,2,110,96,-28
20,-120,4,49,45,-119,116,-104,-108
-126,0,32,-128,82,-110,-126,-76,112
100,66,4,-94,-127,4,100,98,-108
40,20,-120,1,-126,-128,98,110,-56
6,4,0,1,-64,80,-12,32,40
-94,0,32,2,-76,104,-86,8,40
16,36,-104,40,-40,0,56,52,-66
8,32,-108,76,2,3,-96,10,-42
-20,12,4,8,16,84,108,-26,118
104,-80,-44,5,2,81,106,-78,-36
2,4,-84,5,81,88,34,4,-20
-58,68,-128,0,32,90,-68,-82,18
32,52,16,10,-41,33,80,6,48
80,72,6,64,-55,16,80,-52,22
-36,16,16,-94,-118,-61,-4,-100,88
2,-120,-100,32,20,-55,42,-86,-100
0,6,34,7,14,16,-94,-122,62
88,-94,16,34,-128,-29,-40,-90,26
-64,0,2,32,22,0,-48,36,-34
8,94,4,-118,22,2,46,126,-18
-32,70,-96,1,41,5,-24,94,-72
16,2,-84,74,-69,14,118,60,-120
-128,-126,-126,8,48,96,-108,-90,108
4,0,0,-118,57,110,46,82,76
-88,-48,4,100,8,-43,-86,-8,86
-100,0,-120,100,8,77,52,82,-8
2,88,32,-30,43,0,110,-88,-90
6,16,-126,-96,32,0,6,114,-18
104,32,66,-98,70,-128,-22,40,-46
-126,2,16,-96,64,33,-110,70,20
10,0,0,-128,-116,-50,74,-112,0
32,0,64,-120,15,-48,48,0,108
0,64,-124,-86,99,5,-104,80,-84
8,76,-60,-63,-91,65,72,108,-36
2,64,8,48,-124,42,18,72,-20
32,36,12,2,-120,32,-44,60,-24
64,0,18,96,94,-116,-74,-14,74
-126,32,0,36,62,-96,-54,-8,26
0,-104,-48,100,-112,76,98,-34,-40
40,0,40,9,-127,29,-44,-6,10
-120,64,76,-128,-124,-128,-92,-6,-76
64,-120,6,18,-128,0,86,-50,38
18,4,4,76,-128,80,94,36,100
0,80,12,0,32,-102,-88,100,-30
40,-64,-72,0,-12,4,-14,64,-58
-48,42,0,67,20,0,-44,122,-64
112,4,2,23,19,-124,116,78,-122
64,-128,70,6,34,11,72,-118,86
-112,2,-56,105,-125,-127,-98,-122,-56
0,66,-120,16,28,4,68,118,-56
96,-96,56,-88,-108,2,-20,-88,120
-48,6,10,-124,-127,80,-44,-122,-118
-122,32,112,8,25,0,-122,-90,120
10,-126,-62,85,37,0,-88,110,-24
4,-32,72,22,3,101,0,-28,-106
114,2,-48,16,16,49,-10,2,-14
-128,8,32,42,16,72,-16,-88,58
84,2,4,71,-109,80,22,-56,76
34,18,8,36,-88,64,36,98,84
0,64,22,66,-118,66,12,72,22
14,-60,100,32,33,49,78,-20,116
-100,96,16,72,88,4,-100,-12,82
60,16,2,4,23,70,60,16,38
16,16,-120,50,-127,-104,-78,16,-56
-128,-96,72,32,2,-81,-118,-96,76
-122,2,0,72,10,0,-58,118,22
4,64,6,68,84,-46,14,78,86
80,2,8,1,0,-63,42,56,-56
66,-112,0,81,80,0,52,2,104
4,0,-56,72,66,64,76,-74,-8
48,16,66,24,24,74,56,86,66
100,2,-124,98,66,80,-46,-42,-26
102,-128,4,-104,0,29,-98,-72,-2
4,-124,28,10,4,8,100,-122,92
32,-114,120,-116,72,0,32,-98,124
70,20,88,-124,70,6,112,112,-106
-96,72,8,97,-86,33,-82,26,60
-124,8,2,4,-44,0,-52,72,82
74,22,8,0,-83,20,122,62,-118
32,18,-92,2,-31,64,102,18,-76
-122,-116,-124,8,2,-64,-50,-100,-106
38,8,-126,66,84,-64,0,-58,98
-62,-128,34,67,28,112,-22,-40,-22
-120,2,64,17,0,74,-38,2,-64
0,10,36,9,4,64,72,78,60
2,-90,-112,16,-44,34,94,-20,38
0,-64,-128,-64,80,4,-2,-112,-128
56,4,-110,1,4,43,-6,84,-110
36,64,18,44,66,0,62,88,-110
32,16,38,0,-128,17,-126,48,-26
-68,-88,18,36,34,0,-88,-2,12
-128,40,88,54,16,32,-68,46,-38
0,8,0,-124,96,38,10,-98,-112
-32,38,96,-87,64,32,-30,-74,-32
52,8,48,64,72,-107,126,-104,-12
4,100,90,32,49,-52,-116,118,-6
38,4,-124,40,64,4,38,84,-114
4,2,0,-125,1,-52,6,78,112
52,2,-104,8,-127,-74,52,-126,-70
60,72,-64,35,64,-76,64,82,44
-124,4,32,-60,64,19,-32,18,42
112,-32,112,-16,17,68,-16,-4,116
0,-22,66,-80,1,-55,64,-18,-62
10,34,-62,16,24,-44,-124,16,68
64,32,36,69,0,17,106,92,44
16,-108,16,4,4,32,-80,-106,82
0,-28,66,64,36,-48,-124,-12,-42
82,4,80,90,4,-32,114,-42,-14
40,-92,98,-127,81,52,108,-60,-12
18,-128,0,-110,-96,32,-110,-80,38
34,-72,-88,16,16,-112,114,-70,-86
56,-100,10,33,-128,-127,124,-100,46
-112,36,6,40,16,2,-80,118,-90
-108,116,-60,32,-120,40,-42,-96,-98
-24,0,36,4,1,32,-2,40,58
0,2,8,36,0,10,4,98,40
-88,24,-64,-21,1,8,-86,-8,-58
64,96,96,16,0,0,112,40,46
-96,80,-80,-128,-30,51,-30,64,-72
32,120,-96,104,2,33,-88,120,-96
16,4,-124,-118,67,36,16,28,-60
-8,40,34,72,-126,2,-22,120,0
-86,8,34,12,-119,76,-76,-120,-52
38,-84,66,-128,2,84,54,-20,-50
42,12,18,-116,0,112,-86,-116,50
2,-120,-88,49,-112,24,-94,-36,-8
32,-114,16,0,4,-83,96,-114,16
64,32,0,9,32,-96,72,-96,10
24,32,-112,67,78,5,88,-96,-14
-128,64,34,25,-60,0,-48,72,-86
8,0,22,10,27,-64,12,74,62
64,16,48,-87,0,-127,90,-86,114
2,0,98,-120,0,70,-84,-64,-1
12,48,2,16,98,-96,28,-8,-1
-112,72,0,0,32,42,-108,-56,20
-128,64,64,36,-60,13,82,64,-14
0,64,30,-32,-80,-91,76,-46,126
40,-24,20,-126,24,0,40,-6,52
64,64,14,50,1,90,-48,80,94
32,-128,32,2,-96,10,40,-40,-80
0,-116,0,-116,100,90,20,-68,64
0,-120,-110,16,64,32,-92,-88,-74
48,2,0,-76,49,-127,-4,46,114
8,2,0,56,-127,-128,72,6,-112
-124,-96,-62,10,-128,-111,-116,-80,-42
32,2,48,0,4,-60,-108,16,22
68,4,64,1,82,65,-32,60,-42
-128,0,-128,-104,6,0,-112,18,-92
72,2,4,-115,-124,12,74,-114,36
-36,4,80,32,-128,32,-96,-10,-60
-88,-96,30,-96,-124,104,-90,-124,-30
16,-120,64,16,26,-127,84,-104,-22
-118,-112,0,10,-128,-96,-86,-112,-122
0,34,0,1,-98,-112,94,-24,-98
48,16,-96,-29,73,86,-120,-110,-52
-76,-124,80,-62,-128,88,-76,-76,-44
70,24,54,69,25,68,86,-36,126
-128,-64,2,9,1,26,-110,-48,-106
-96,52,2,54,10,-120,-32,118,58
6,98,6,16,3,112,86,114,6
-128,64,96,0,13,32,-60,-62,100
80,-128,0,0,-128,4,-38,-102,-128
32,0,44,66,24,-96,-32,26,124
38,0,4,33,20,-64,-16,48,-84
32,-128,-120,17,16,4,-4,-102,-80
24,-124,22,48,-128,35,30,-92,-98
0,6,0,-48,27,87,-104,94,-110
-96,6,68,0,7,41,-56,126,50
0,20,-128,-108,2,12,8,-92,-58
8,-120,64,-94,41,17,8,-120,-50
82,4,6,-128,2,12,90,4,38
32,4,76,-95,39,0,40,4,-50
-104,-124,18,-128,64,0,-36,-68,86
-128,32,8,64,8,10,-40,-32,78
-94,16,64,0,5,-94,-90,90,80
16,26,0,8,0,-128,-104,90,-118
98,36,-110,6,-124,0,98,38,-106
0,18,0,25,-118,-112,126,2,-46
4,-120,32,-62,12,19,-68,106,-84
0,32,32,-26,77,-126,-104,62,120
-48,-124,10,16,64,-127,-12,-36,-102
0,20,0,38,1,-127,20,-10,-96
4,96,40,-128,2,50,50,-88,-120
0,-128,-88,-112,0,16,86,-94,-88
0,0,0,32,-127,64,0,4,58
28,-64,14,41,32,64,78,-36,92
110,-92,40,-128,16,28,-44,-30,-48
26,-128,-96,8,98,16,-38,-42,-18
0,2,-86,3,94,0,104,10,-22
80,24,2,20,56,4,88,56,70
0,72,32,2,0,36,-126,88,50
62,82,8,32,0,4,120,72,-10
0,4,-52,10,-122,96,54,-76,-52
2,66,0,17,-119,72,34,-30,-56
-96,0,-108,0,35,-48,-78,126,-44
-128,42,0,16,7,-60,-110,-94,90
4,36,0,-58,29,5,-6,32,26
-88,24,12,-48,56,18,-88,56,28
16,64,-24,-64,4,-127,58,64,-24
18,2,-118,-28,-60,-128,-8,36,-122
-120,-120,80,6,80,104,126,-98,28
0,64,2,18,4,68,120,-56,2
-128,-128,38,1,88,4,-46,-80,-74
80,0,50,4,-16,0,-36,-112,-70
78,32,-90,70,8,5,94,32,-82
-100,88,-112,-125,12,36,-2,-40,-36
4,-112,22,106,-128,32,84,-80,-66
50,-104,8,17,65,16,50,-40,-118
8,16,8,69,101,16,-84,16,108
-122,44,0,96,64,84,-82,-100,76
0,-128,4,6,-128,46,82,74,-74
64,58,2,12,-128,83,116,58,-126
70,82,40,0,32,6,-58,86,40
64,16,34,-43,8,0,6,20,42
-96,0,8,-109,-29,66,-20,106,-56
-56,104,10,-64,-27,65,-56,110,-50
16,36,64,25,62,84,26,100,82
8,66,18,32,64,9,74,66,86
-112,68,10,48,32,32,-46,-60,106
-110,-112,-128,91,-127,0,-74,-48,-76
-128,10,64,66,77,-28,-106,10,-16
72,-128,8,-95,9,-60,104,-24,8
-94,0,42,-128,52,80,-94,-16,-82
-46,64,8,-128,99,18,-32,94,-68
16,100,100,-126,32,1,-80,-70,98
-124,0,0,64,-79,2,-122,10,-128
32,-92,2,16,-120,32,48,-84,58
100,-126,16,66,32,32,8,-100,36
0,96,32,64,96,9,80,-90,-30
0,-96,12,3,67,101,32,-8,-2
-82,24,28,73,-123,34,-82,-1,124
10,26,-92,4,-120,2,-30,-1,84
96,98,-108,56,33,51,-126,-20,30
-96,18,102,99,4,0,-28,118,102
0,12,32,112,72,2,24,28,34
6,4,2,82,2,-47,-122,-74,-122
68,100,4,2,0,16,110,-10,4
16,-128,-128,64,64,66,30,-124,-96
-128,80,66,68,-114,25,34,-56,-48
-64,0,-88,0,-96,2,-32,66,-88
0,-108,24,72,17,32,26,-36,120
2,-128,58,16,76,16,54,40,-26
-128,-32,0,-127,4,1,-106,-4,-128
0,2,16,4,64,16,16,74,-80
36,-74,-122,32,107,68,110,-66,-122
82,0,64,36,64,0,80,60,50
12,8,0,10,0,0,-12,-100,26
50,12,-96,-80,7,-80,-14,12,-4
0,68,12,0,26,69,4,84,46
0,80,0,48,49,34,120,-10,-28
-96,-106,-64,10,19,-120,-74,-106,-8
4,-124,16,1,0,-96,118,-92,18
-126,2,84,0,64,33,-54,34,116
-120,16,0,0,0,10,-120,-6,40
-128,32,32,2,0,32,-60,56,-96
-120,0,2,-63,100,32,-54,36,-22
18,34,84,76,16,4,-24,-68,58
80,34,4,32,0,14,-8,-6,92
-64,24,16,92,43,1,-16,-2,120
0,36,36,16,0,19,26,-82,-14
16,20,34,-93,66,36,10,90,98
66,0,-64,72,2,19,-38,88,-60
-112,-124,0,32,33,-123,-108,-58,36
-78,32,32,24,2,-76,-78,34,102
0,98,80,4,64,16,64,102,-46
-32,-122,64,2,-40,4,-24,-106,92
0,-96,24,11,6,38,72,-92,90
48,-88,-120,-32,80,100,58,-72,-118
64,56,-116,-64,12,64,64,-68,-116
16,0,10,-105,53,64,30,80,0
32,4,4,3,-87,2,-80,-78,64
64,96,10,0,101,8,64,100,-114
32,32,8,106,24,8,44,-94,92
36,72,98,0,-30,68,38,-64,4
102,64,-32,4,-128,13,-122,16,-80
12,-112,64,-9,-98,4,-100,-2,86
8,8,64,-126,2,-46,12,24,-24
48,0,-128,1,32,-30,12,2,-42
-54,-94,2,2,0,88,-40,38,-82
-56,84,32,32,8,68,-34,94,120
6,34,0,-128,8,64,6,34,92
-120,8,24,-128,-64,24,-52,94,26
-128,0,8,0,0,-63,-48,-122,8
66,-28,64,1,4,-104,76,24,114
0,0,4,32,22,40,108,126,-76
122,-108,0,-118,-54,17,126,-36,-90
96,-80,12,-16,18,64,-20,-16,-82
-64,-112,18,34,14,16,-32,-10,-70
-96,-96,0,19,89,0,-86,-96,-104
36,-100,14,68,72,4,-66,-100,30
24,-96,-128,-76,64,104,26,-22,-120
-96,-124,8,-63,12,-123,-84,-126,36
0,16,64,64,74,119,90,66,-42
84,38,-56,0,76,-128,84,54,-56
32,32,-128,-88,16,40,-28,54,-102
64,98,24,2,0,57,78,98,-102
10,-124,-108,8,99,16,-6,-52,-66
8,2,-128,8,56,36,8,-102,-116
32,0,114,1,20,4,36,48,122
70,-64,48,33,48,-112,78,-16,112
72,16,4,0,2,-91,-56,28,4
68,-128,-128,64,40,-12,-14,-116,-126
16,0,34,-32,-12,65,50,28,2
16,46,-120,1,-30,80,82,46,-54
32,-60,0,0,-128,96,-80,-44,64
-118,-84,0,69,7,101,-44,2,-16
0,-120,-126,122,48,66,38,-4,-122
8,8,34,0,42,64,30,12,50
32,-114,-108,-112,6,5,110,-2,-34
-128,44,74,0,2,-64,-104,44,-54
96,4,0,-117,2,0,100,86,16
86,2,-24,96,9,0,86,30,-24
8,90,0,0,-123,0,88,90,-28
16,22,80,-126,-95,16,-112,118,-46
56,2,4,0,-127,65,62,-14,36
32,16,64,8,0,40,-126,52,64
10,18,32,-120,-122,5,86,-8,48
-122,22,0,-111,0,17,-122,22,56
60,-62,-16,2,0,35,-68,-46,-8
-86,2,4,-124,-109,32,-84,-30,-16
32,66,10,55,52,-56,-64,-110,-82
-94,0,32,100,-64,-128,-94,-126,-76
4,64,-108,22,100,4,52,-56,-106
-128,10,-126,32,-78,-124,-20,-86,-110
112,70,16,-104,-126,16,126,102,56
0,8,18,-123,-64,13,98,-52,62
-128,-124,18,101,24,90,-102,-124,90
8,106,90,2,-42,0,-120,106,94
-86,-64,36,-62,-128,112,-22,-60,-84
6,40,-118,0,2,-64,-64,24,-60
-124,-58,40,-103,106,-126,82,-50,20
8,2,-120,24,106,-64,28,114,-56
48,2,0,5,25,0,48,10,28
82,32,4,3,4,24,114,-66,104
18,68,0,32,32,36,126,-76,-22
72,16,0,-128,5,38,72,-40,0
0,66,2,32,0,92,34,-62,18
0,66,64,-128,48,17,88,-66,46
20,80,20,0,-56,-112,-18,-90,78
0,-96,66,-124,1,1,32,-96,118
44,2,42,6,18,77,-68,2,-2
66,64,8,17,3,84,-26,80,8
40,32,82,-87,17,57,-86,-88,82
6,8,-46,-127,17,48,32,32,-116
32,-56,-88,24,11,-128,-6,-12,-52
2,96,0,12,11,-95,22,-12,-124
32,0,-100,23,65,60,34,-112,-98
4,18,0,16,0,48,28,82,-50
24,-126,4,38,25,106,-126,-64,-52
-120,20,76,112,4,0,-116,52,124
0,4,4,65,-64,1,22,46,110
24,4,8,4,-56,0,84,-46,-22
-128,40,44,-124,2,-48,70,110,-50
18,36,66,37,32,8,50,38,106
-96,64,-64,2,101,16,-88,82,-32
-124,8,0,8,-126,-122,-116,-102,4
16,70,0,1,0,17,-78,102,16
0,0,-58,80,77,-127,16,64,-2
98,64,30,8,64,-62,-22,68,126
-124,34,-128,42,70,-61,-108,-2,-128
-112,32,8,40,37,34,-110,-88,-84
2,0,50,18,0,100,60,66,-88
32,68,64,-111,0,74,-110,-84,88
8,70,64,-111,11,-59,-56,70,-38
0,64,8,97,96,0,96,82,-120
96,66,68,64,-125,48,-126,102,100
104,-88,40,16,2,-128,30,30,98
0,-126,112,18,34,65,82,-94,116
16,-94,2,10,68,16,-48,-26,82
18,-64,0,68,17,26,-46,-20,0
8,-128,8,-96,24,-110,72,-108,44
66,-128,104,36,0,74,-54,-110,-20
112,14,-64,64,1,48,-12,78,-22
2,80,8,0,97,-43,-38,86,24
76,0,8,32,0,0,-18,66,40
88,-64,4,5,48,11,-64,-118,52
24,42,-60,0,-80,0,-92,-18,-72
-82,-64,-102,34,-125,16,-2,-26,-98
48,-128,60,-119,0,68,124,-64,62
96,82,0,-63,0,0,-114,-18,124
16,80,12,-112,2,80,52,22,-76
34,24,66,-120,6,8,50,24,70
-128,-128,64,0,-54,34,-128,-104,64
-112,-128,-102,0,-52,0,-100,-108,-102
34,0,48,74,-61,126,-30,32,62
32,80,0,48,-40,-124,-16,80,34
-124,0,2,55,0,4,-106,-112,10
-60,32,42,64,34,101,-60,96,46
102,20,-32,64,78,10,110,20,-12
-124,0,14,66,80,25,-88,60,14
0,28,44,66,0,16,-94,22,106
40,0,28,16,38,48,-72,2,92
16,68,64,33,48,12,-102,-28,68
66,18,6,-24,32,80,-70,-60,-30
64,-110,40,-63,-126,-96,-2,-112,-20
108,-106,68,-106,-128,-128,-18,-106,-28
52,20,-78,34,66,8,116,20,-6
80,8,-44,33,36,4,-96,34,-2
112,-62,2,122,32,0,-66,-40,12
6,64,2,12,16,56,-18,-52,2
4,64,-112,8,4,-119,4,92,-12
8,32,48,8,64,5,8,40,-8
0,8,24,-128,-31,6,0,12,88
10,0,0,64,14,8,-2,36,82
0,-104,10,-125,2,72,6,-58,120
4,-128,-116,-126,0,0,6,-42,-114
96,-126,-120,2,-95,72,-28,-98,-120
-12,16,32,4,-95,12,12,-72,-66
12,0,4,0,69,9,-28,12,-128
64,-64,0,0,20,5,-16,-30,104
-84,-126,-96,16,0,0,-84,-110,-32
68,16,0,12,8,0,-28,86,-112
72,-96,52,8,0,112,4,-76,112
24,18,32,2,68,-124,24,-110,122
34,64,70,34,-88,68,62,-60,78
80,-128,-48,64,34,8,112,-52,-10
18,32,4,12,65,0,86,-20,20
34,0,66,8,-121,64,98,68,-30
-82,-104,0,4,-128,74,-66,-70,34
0,-112,32,3,32,68,-56,-100,-8
82,4,16,42,0,72,86,4,20
0,4,0,66,64,52,98,2,112
2,64,-128,68,21,17,-86,-16,108
2,0,62,-116,26,-79,-90,16,-66
40,20,-20,66,19,-56,122,20,-20
0,80,0,83,1,-64,42,50,-20
0,16,32,17,32,-32,-100,14,-98
-96,30,0,70,66,-52,-82,30,-124
8,-118,36,-119,61,77,92,-34,102
-128,0,64,-62,115,4,-128,-64,70
72,14,10,-16,16,80,-56,46,14
-112,-128,4,2,36,24,-42,-124,68
8,82,-46,-85,106,52,10,-46,-46
34,2,-86,16,16,0,-6,-14,-18
116,0,16,0,0,101,-12,-110,20
-94,0,4,16,-126,36,-64,0,-4
16,-128,44,66,33,80,58,-62,116
8,34,-110,96,6,16,10,-18,-106
64,64,-126,64,42,52,104,-38,-122
0,0,0,0,81,0,88,94,108
-128,68,16,4,40,96,58,46,112
2,64,12,96,-92,66,6,66,62
16,-96,-100,-8,-127,36,90,-30,-100
8,22,-128,13,-32,10,6,-94,-102
4,10,24,0,96,2,-20,50,2
16,80,34,1,0,0,-16,114,-94
8,0,4,1,100,-128,-120,14,4
2,6,10,0,73,-124,106,14,10
-128,26,0,-112,84,-127,-42,26,108
72,72,0,1,48,16,-6,-112,-104
8,32,0,-128,50,32,-76,102,66
-48,40,64,-124,64,16,-46,40,108
4,20,0,64,65,5,36,-100,12
0,16,4,34,2,-108,50,-24,50
-64,-128,-122,-48,24,19,-20,-82,118
56,40,16,-128,32,33,-66,-66,52
34,76,64,86,1,96,38,76,-38
16,96,2,-24,0,97,28,28,-70
10,-128,-44,0,9,0,94,-8,30
-6,6,24,0,-122,29,-6,-106,26
16,32,64,97,-128,-128,48,40,66
2,2,20,9,-112,16,34,-126,84
68,4,68,68,-88,69,-50,108,100
16,-42,14,75,-64,0,-110,-10,-82
32,-128,0,73,5,16,116,-108,66
-128,0,10,105,14,8,-56,20,78
44,72,112,66,32,5,60,94,114
18,34,16,4,-123,72,-64,38,58
-128,-96,60,65,-95,26,-20,10,16
0,6,48,104,-88,1,48,102,54
8,10,80,-125,33,32,-114,110,114
0,32,-116,1,3,48,58,48,-56
12,18,0,-48,16,84,24,-68,-44
8,96,96,65,7,64,26,96,120
32,-64,16,42,2,74,102,-58,86
16,-70,20,56,-127,10,26,-70,20
20,34,42,0,2,2,62,42,106
-108,-88,-94,74,34,34,-42,-84,-10
-128,88,16,0,-48,112,-62,120,-80
50,-128,0,-58,-127,88,-78,-118,-128
106,-62,44,0,68,-128,110,-30,60
-126,-110,-126,66,0,5,-84,6,-112
-128,16,36,16,106,1,70,-16,58
8,-128,78,16,34,101,44,-60,126
-126,16,-128,69,8,8,-110,-40,-42
-128,-78,-64,5,0,24,-116,-106,-30
32,0,4,-126,24,16,40,-112,102
2,2,72,-102,1,3,22,-54,74
64,32,-118,-63,6,0,-62,48,-54
84,64,6,20,-128,33,-18,34,64
64,-118,0,32,8,-128,4,-114,-110
8,-128,0,2,-118,17,8,-112,-128
70,10,84,0,32,16,94,-38,116
64,0,32,64,6,-127,116,-30,116
96,-58,-126,12,10,32,110,-18,-50
-96,0,-40,76,64,100,-92,68,-36
4,36,-40,64,120,1,52,44,-8
0,68,16,0,4,32,66,68,-80
16,0,32,2,84,7,58,22,108
48,-80,84,25,-91,16,22,-6,114
44,-112,0,-12,-128,2,52,-112,0
40,70,112,28,-120,33,58,110,-10
-38,96,4,64,9,0,-38,116,86
-96,36,18,96,8,-120,-54,96,-72
88,48,32,32,-127,-91,16,-62,-100
0,0,-96,48,78,-46,64,-40,-86
36,-122,64,-128,72,-64,36,-106,-40
0,34,-60,-112,87,0,0,34,-2
6,-118,-124,8,-24,0,-4,-70,-118
16,6,-128,21,-31,34,-44,-106,-112
16,68,18,65,32,-128,-112,100,-110
98,16,-128,64,69,38,102,58,-100
0,-108,0,77,2,104,-128,-74,32
86,-96,-90,35,0,72,86,-20,-90
-76,0,-128,-75,48,-48,-10,-120,-48
0,-72,-100,-123,24,-64,-104,-68,-4
24,8,42,-118,55,0,24,12,-86
0,0,-28,-125,24,1,-106,64,98
4,8,32,3,-52,2,104,58,42
84,66,6,3,-64,33,84,98,46
-124,66,2,80,1,2,-108,-50,-114
0,32,96,88,-62,64,-122,-30,-34
96,64,0,4,20,64,66,-82,-48
0,-62,-92,65,-128,0,16,-50,-90
-32,36,20,16,-63,42,-30,102,20
0,16,0,8,88,96,0,58,-8
80,78,74,-128,1,-124,122,94,-34
12,48,-96,-64,16,8,76,114,-78
2,70,-62,66,66,-3,22,-42,-58
-96,0,2,6,0,-16,-24,0,38
68,38,104,-112,-60,2,68,38,110
24,52,4,-64,17,2,6,50,-120
0,-128,48,0,40,-110,90,-86,-106
16,32,-64,56,-88,-96,-108,-80,-56
48,52,0,53,6,8,-76,116,8
-112,4,-44,-126,17,10,-36,120,18
24,68,98,-94,81,-116,-64,56,-116
24,2,-128,1,0,-111,-72,6,-74
32,0,32,0,-26,12,104,2,56
56,0,-94,6,16,-127,-126,38,-100
8,96,48,-116,12,68,28,-14,6
2,28,6,-127,64,32,6,28,22
-120,32,-122,108,4,1,-72,44,-50
-126,18,12,85,32,0,-58,82,-84
16,32,82,-128,16,-96,28,-24,94
6,2,2,-114,0,0,6,-58,34
0,-112,-96,2,76,42,-62,-16,-26
-128,66,-128,89,68,21,-126,66,-96
10,66,0,32,8,18,10,-54,16
52,66,0,20,80,34,6,-78,-38
8,84,-126,26,68,0,-122,14,92
0,68,-46,0,46,-46,-84,-44,-2
32,12,0,30,-84,-128,36,94,12
-128,-114,100,101,0,-128,-64,66,96
100,4,4,-112,18,75,24,-78,-86
40,-120,28,-115,2,5,44,-24,62
10,0,38,-128,0,72,-86,84,54
24,24,38,3,9,0,24,-100,38
-44,0,20,104,50,-64,-44,18,22
2,0,16,4,24,-26,2,0,-14
0,0,100,12,16,17,-68,16,110
8,-112,68,-94,-31,17,90,-76,-12
0,-128,-82,-96,32,-93,48,-108,-82
-112,0,14,76,65,101,-12,-116,20
-54,0,14,56,-64,17,-90,-104,124
28,96,88,24,88,82,94,-32,88
-126,0,44,17,4,32,-46,96,-68
32,24,32,-56,36,24,-90,56,90
4,8,40,36,0,-57,-52,74,74
4,8,64,8,32,-61,-50,90,-50
36,104,-128,-63,83,-128,36,104,-44
16,64,56,75,-124,37,-12,-72,26
36,-48,100,4,-128,10,-36,-2,100
40,32,0,64,-122,33,-88,32,62
72,-60,40,28,97,32,108,-60,104
8,66,4,-127,82,66,-114,-62,28
-96,76,16,24,-126,6,-80,-36,-40
-54,8,18,4,112,96,-22,12,-78
40,80,74,-124,32,-123,104,88,122
98,48,-116,99,49,4,106,48,-114
72,16,70,0,4,17,-38,-38,118
16,96,48,4,33,33,-68,-24,-106
0,2,48,0,13,-128,96,100,78
8,64,16,0,2,66,26,64,48
-52,14,0,89,67,-87,-52,78,80
2,72,0,4,-123,-123,22,66,90
-10,64,20,-110,37,-85,-44,-116,84
34,88,10,9,-94,-54,-30,90,30
-56,18,-64,-104,68,9,-20,-74,-16
4,-64,-64,54,-40,40,-76,-64,-64
-120,-112,64,0,40,2,-114,-110,66
56,32,2,48,6,16,-72,112,50
96,8,-124,0,20,96,-16,46,-58
16,8,32,-122,0,-128,-8,-118,54
-114,20,100,1,40,8,-50,30,-10
-124,84,12,0,0,4,86,104,-36
8,-128,0,-110,10,16,-2,14,118
120,-128,0,-111,0,38,124,-128,66
2,-124,-64,10,66,64,-94,-108,-62
112,2,0,32,1,9,94,28,-74
-32,64,0,1,-79,-84,42,94,-66
-112,6,0,36,0,-128,-112,38,2
60,0,0,42,-48,2,124,-96,24
-128,64,0,11,28,-64,-60,76,92
74,32,4,16,33,8,-18,108,44
0,-124,0,-120,22,1,8,-20,70
0,112,40,4,24,49,2,118,120
0,16,64,33,69,64,-14,-100,-60
-96,0,-60,-80,117,-127,-32,42,-60
-96,-40,-86,3,-99,-70,100,-112,56
8,-64,66,-110,68,34,-40,-36,108
40,16,0,34,0,48,106,-16,96
22,32,20,112,4,0,62,120,84
0,0,4,48,10,13,4,80,-34
-88,2,68,2,8,-122,-68,96,116
-60,-124,16,-110,20,24,-60,-116,-14
20,12,96,3,72,26,52,-84,114
0,-64,-124,-96,78,0,-16,-68,-10
0,64,-76,0,-84,17,-20,-56,-104
-54,0,2,-126,66,33,-22,68,10
8,2,46,-128,2,24,-40,-30,46
32,28,88,7,99,17,-80,92,124
44,0,0,20,19,-61,126,36,-72
-128,72,-52,1,18,1,24,70,-102
2,0,64,4,-123,80,8,-26,-6
2,-124,64,99,64,0,2,-106,-32
0,-122,-120,64,73,84,28,-42,-120
-120,48,24,16,33,68,-16,80,54
-126,126,32,4,78,9,114,66,-124
0,6,16,8,16,-123,-108,6,48
-42,-50,16,0,18,112,-34,-34,52
-30,22,4,52,1,82,-36,-128,76
32,-16,4,72,-119,32,68,0,8
0,8,0,-124,-88,32,16,40,32
-126,-60,10,-124,68,16,-10,-52,26
-108,0,-120,-124,2,34,-74,-88,-114
-28,16,0,97,76,49,-26,80,8
2,-24,2,-112,33,104,10,-20,46
24,20,24,64,6,6,26,84,58
36,72,90,-114,108,49,-20,72,94
28,24,96,9,41,36,30,24,-32
122,32,0,58,1,52,-106,-46,-48
80,2,20,2,0,-111,-94,-32,-92
112,8,20,0,72,-119,116,-114,-108
90,-128,8,-87,100,-123,-6,-112,74
2,16,32,2,76,-119,24,-16,20
80,8,8,-46,12,-41,-126,76,-116
40,0,-122,9,11,9,104,16,-42
-106,-128,-40,4,-120,45,-106,-88,-38
-102,-128,0,18,-128,2,-66,-94,-128
100,42,32,-110,-122,-109,126,46,-96
0,10,8,-94,-64,-118,108,90,-120
-122,66,8,12,1,-124,-114,66,-72
0,18,0,68,0,34,-96,26,-120
64,0,64,0,4,68,120,0,82
4,-16,0,-104,76,42,-90,24,-74
18,10,16,20,64,-36,-60,-24,-54
18,36,-96,1,-120,-64,-14,-20,-94
4,-124,16,-64,-128,104,84,-34,54
68,-94,64,-128,-112,36,114,-16,74
4,-28,0,17,-31,0,16,-76,-42
-96,72,-96,-39,4,0,-78,78,-28
64,-128,12,20,0,32,80,-128,28
0,0,4,0,20,10,62,24,106
38,4,-128,-64,41,0,38,98,40
0,-128,-128,-91,1,4,28,-126,-40
14,-96,18,0,2,4,14,-92,50
32,-64,16,-31,-92,81,32,-40,24
-112,-128,86,18,32,-96,-44,-64,-10
26,40,72,87,2,-96,-22,-40,-102
0,16,-84,80,82,5,-60,26,-2
-110,-52,-64,7,56,0,-78,-52,-20
116,32,66,-120,8,34,126,32,70
66,72,64,-126,0,34,-100,-28,-80
86,2,0,36,66,8,-64,-114,-58
6,0,2,72,0,24,46,0,34
64,16,46,0,-64,65,-6,20,46
-126,2,0,9,-126,6,60,-120,-2
36,0,80,64,-122,-64,40,4,-92
0,32,4,40,22,-128,50,108,22
50,-114,64,2,19,-124,-14,-18,-52
4,-126,36,70,-60,-127,14,-62,-76
-126,32,2,48,1,96,-110,-8,34
44,0,0,91,1,-106,60,48,52
4,64,80,-88,8,0,68,-46,80
64,32,4,8,17,0,72,40,84
-128,72,-112,4,21,1,-32,-56,-102
24,4,-124,-128,8,0,66,116,64
16,20,0,0,65,0,-18,-54,-52
2,96,0,49,2,-40,62,102,-72
34,-128,16,-107,-52,72,106,-116,82
36,32,0,3,100,3,2,-68,74
0,4,48,32,1,-120,90,-106,-14
0,40,-128,0,0,8,-104,104,-36
80,122,8,104,0,64,-44,-6,74
-32,34,0,0,33,2,-24,-18,-64
-126,-128,-16,33,-87,-108,-54,-118,-12
2,4,50,-91,77,10,82,4,-70
6,56,6,-120,-128,2,-122,120,38
40,64,28,-120,4,-128,-88,118,-36
2,-64,34,17,64,39,2,-44,42
64,-128,104,72,32,34,-86,124,-34
-128,88,8,0,2,72,16,124,12
36,72,4,-112,68,80,-20,88,-68
24,32,4,1,-16,-24,28,34,-4
0,-128,8,8,12,-48,58,124,96
0,0,-46,72,16,65,-28,114,94
-88,72,16,1,90,1,-4,104,-104
4,64,-128,-128,33,-104,102,72,-80
32,12,0,-56,72,-128,52,124,114
64,38,-120,17,-64,-96,66,-2,-34
64,-124,12,2,1,-120,68,-124,-100
80,84,32,66,2,-82,82,-4,-96
2,-16,-94,-119,-127,-128,-126,-4,-94
12,0,6,24,67,56,46,82,-122
0,4,64,35,-124,42,48,102,110
80,8,22,2,-128,65,94,12,-20
0,-30,80,8,0,80,74,-22,-16
-120,32,64,-112,4,17,-52,34,90
-72,54,84,-88,0,0,-56,-60,118
8,8,12,32,14,-29,52,72,28
0,0,-92,0,3,0,32,96,-2
0,68,76,0,80,-95,0,-36,-52
50,-80,18,74,3,16,-108,-102,-84
34,0,-68,8,64,-123,70,76,-2
96,8,16,-124,0,34,96,74,-48
-120,28,24,1,-104,20,-18,62,-38
68,4,-64,-128,-110,2,-28,28,-46
84,22,-104,51,-124,16,-4,22,-36
0,8,-64,16,-112,92,28,16,-74
2,24,-64,0,10,5,-30,-22,-24
-96,-128,-108,-14,68,2,-6,-24,-42
18,0,-92,26,0,-96,114,6,-26
80,-36,0,90,16,-72,28,-74,114
84,0,16,67,40,22,114,72,-54
4,8,0,0,36,6,-124,-120,0
-46,20,52,42,70,-48,-34,116,116
20,0,4,24,94,-120,8,120,-120
0,0,8,24,14,-63,-112,54,112
20,52,-106,16,4,-128,124,60,-98
-68,0,-124,48,6,32,-68,66,-106
-124,36,4,35,2,1,-26,54,-116
0,-120,2,-120,4,1,-88,-36,6
10,72,8,-59,4,5,-118,-38,8
-112,2,-112,0,96,-123,-48,70,-108
-70,12,-104,37,84,112,-66,12,-100
-122,0,84,24,-128,64,-10,0,116
-64,6,66,32,72,8,-68,16,14
-128,2,72,21,1,8,-114,70,22
104,8,4,38,8,-116,108,-118,28
4,0,24,10,-92,-126,-108,-80,-100
10,-64,-64,16,-92,-96,74,0,-28
18,2,-58,98,68,45,-80,120,-34
-124,-80,64,-63,72,8,-84,-74,-48
108,10,24,0,-124,-95,110,10,126
96,68,64,-10,51,-112,-32,-100,-38
96,8,-40,9,36,-123,-64,94,-10
0,82,0,91,-44,-44,0,-6,80
-124,-46,32,48,-120,0,-108,-46,-96
44,2,-104,72,-102,105,44,118,-104
-120,96,96,96,16,-127,-72,100,96
64,8,50,12,65,-126,84,124,58
4,0,32,26,48,80,100,64,-24
112,56,0,96,36,35,-12,-8,6
16,0,0,72,-123,16,86,0,74
-100,-104,42,18,68,32,-30,16,46
-68,4,0,-127,-122,11,-16,-12,102
0,4,-86,2,37,40,56,-124,-6
8,32,0,0,0,2,-116,44,-50
0,70,18,0,33,-40,42,90,8
-62,16,34,-48,16,0,-106,-114,70
44,-112,-116,73,0,-112,44,-100,-98
40,-40,34,18,0,-128,-84,-38,38
8,64,0,32,34,-96,92,-110,122
-122,16,2,-112,0,-104,-98,-58,-78
34,0,-64,2,1,5,46,-120,-56
4,14,16,-128,-55,-108,-108,46,-48
112,-28,-114,64,0,-126,116,-28,-114
52,2,-108,1,-40,-96,-114,-90,50
48,8,4,1,16,32,116,-24,76
-96,-96,4,0,-128,1,-94,-88,70
-124,-124,6,0,84,25,-76,-98,102
12,-52,80,-122,1,-44,14,-50,-2
64,0,32,-90,0,88,72,50,40
32,-128,0,68,18,-112,-90,-118,-118
2,64,0,-70,12,4,-90,108,-128
98,-112,-28,50,10,21,98,-100,-12
34,-128,10,5,1,-70,100,-44,-74
16,-120,-112,62,16,-86,-36,16,92
28,96,16,21,-47,-56,30,106,28
-128,-64,8,83,20,19,-128,-28,-120
8,2,0,4,4,56,-128,28,-52
32,-128,48,0,81,32,68,-56,114
4,-48,104,96,-127,32,78,-44,122
-128,0,100,-118,12,36,-112,68,116
24,4,64,-111,65,10,68,80,-122
-120,0,8,104,-120,0,30,4,18
-36,-128,32,32,-48,48,-2,-26,42
-112,18,-62,1,-28,64,-40,122,-46
64,8,2,32,10,3,-48,88,50
64,0,36,64,-120,-128,96,0,-92
32,8,4,14,-60,-126,94,54,-24
0,24,18,66,-67,-60,120,-62,100
32,-96,112,72,0,-128,124,-96,114
70,0,4,52,-111,-12,102,-122,20
-112,-96,0,41,1,-96,82,112,-86
4,20,72,0,6,0,116,58,6
64,64,-64,-95,64,1,94,72,-32
88,48,24,-123,64,48,120,-4,24
8,68,16,-128,0,-44,-102,-70,20
68,16,-120,2,0,48,-118,-70,-62
-96,32,2,40,4,41,-96,-88,-110
8,-128,-92,64,-48,14,40,-118,-74
2,-104,0,64,7,112,38,-72,0
0,4,-38,48,64,3,16,70,-34
-64,0,12,10,68,33,-28,-128,62
24,0,-114,0,70,-119,-8,-48,-98
4,-48,54,24,0,-128,12,-8,118
-96,-104,12,11,1,1,-76,-40,-84
64,-44,100,44,73,7,100,-12,-104
-128,-96,48,32,24,8,-100,-26,114
-124,32,10,36,-32,23,-92,-30,106
70,-48,74,-124,-119,67,102,-16,74
-96,8,0,-96,-120,88,-58,24,94
0,-124,78,19,48,96,-2,-112,70
16,-122,0,52,32,112,18,-106,-124
4,2,-40,-127,-60,22,4,58,-40
-128,0,8,0,-16,0,-28,36,24
-122,-92,68,0,-112,7,-42,-20,100
64,0,-120,48,-75,-92,104,8,-118
66,-64,12,-123,6,0,-46,-46,60
-104,2,68,-64,2,17,-104,2,102
98,0,8,-128,-103,8,-26,8,-52
-120,2,-32,-64,0,-117,-72,110,14
-94,-92,0,0,19,97,-94,-84,38
-126,8,-126,100,0,4,-94,-6,-98
8,0,86,4,0,-128,-114,8,94
68,2,16,8,0,32,2,-58,-80
-64,-90,64,12,64,-112,44,18,56
12,40,16,20,-125,0,110,62,-48
20,66,88,0,66,66,30,94,88
-36,16,16,17,16,3,-14,-88,-54
64,0,8,80,-62,-128,102,-88,88
-126,0,-78,-64,0,92,-94,-96,-78
16,4,-106,0,44,24,22,-36,-106
48,32,78,6,48,24,-16,-96,-50
58,28,84,0,24,-22,-6,124,-36
0,-90,82,1,1,0,34,-90,122
-124,-60,2,2,0,36,-90,-28,118
2,2,0,-128,4,-128,-110,26,112
-78,0,2,4,-122,8,-66,98,-126
16,34,32,87,-95,66,82,62,68
8,48,4,8,5,1,42,74,32
70,0,-128,-128,105,4,86,8,-112
0,0,44,-43,85,-128,-88,118,60
52,-64,0,0,65,-84,-36,8,-92
-120,64,10,66,32,-95,-62,-102,0
52,64,96,8,2,-109,116,-34,100
32,-128,44,34,40,-120,-92,-122,-18
36,48,36,89,10,-126,-20,60,62
0,50,76,68,2,13,-62,50,94
-14,32,-128,-104,32,36,-14,-18,-128
-60,-52,2,6,-112,18,-20,-52,-98
-108,32,2,35,6,-68,-106,48,62
-120,16,48,-54,-96,-127,-120,94,-78
-104,112,0,17,56,-96,88,58,-96
0,16,122,-124,2,-128,-100,-16,22
-104,10,-110,98,98,9,-38,14,-74
98,48,48,4,17,5,-30,-16,52
34,64,2,-126,64,-111,8,-38,18
50,12,-108,96,32,2,80,-96,-98
16,8,112,2,-84,-120,112,-104,114
80,96,-128,4,6,2,92,106,-68
100,2,32,-64,65,-128,116,-118,-82
-32,8,80,48,10,99,78,-10,118
64,16,4,16,-128,36,112,16,92
0,-64,-42,34,10,-112,102,-44,-10
114,18,26,1,24,0,114,18,30
44,8,8,98,-63,96,44,-88,-100
18,0,-128,-32,12,4,12,-12,-96
-112,0,-56,2,-128,1,-68,8,-6
-64,32,34,-84,3,-84,-64,44,38
0,-108,4,56,-100,32,0,-4,-50
16,36,32,32,0,76,58,10,-14
-118,96,4,24,8,-120,104,-34,86
38,90,6,72,4,-62,102,-34,14
26,-128,2,32,-126,-122,-102,-118,6
-96,8,2,65,-64,-118,-112,-78,-20
72,0,0,16,-48,-64,-70,-28,-82
0,-116,16,32,-24,-63,0,-52,-108
70,30,36,-120,-128,-116,70,30,-12
84,0,8,-122,28,-128,84,24,40
