-2760,839,-2630,-2760,839,-2630,10588,6420,18488
-2760,839,-2630,-2760,839,-2630,10588,6420,18488
-2638,1312,-1507,-2638,1312,-1507,3840,5244,7532
-2725,1848,-849,-2725,1848,-849,1308,14496,-6228
-2725,1848,-849,-2725,1848,-849,1308,14496,-6228
-2707,2187,83,-2707,2187,83,4232,15660,744
-2707,2187,83,-2707,2187,83,4232,15660,744
-2487,2448,1543,-2487,2448,1543,4540,14176,1144
-2422,2119,1767,-2422,2119,1767,4584,15440,-84
-2518,2059,1787,-2518,2059,1787,4332,15600,16
-2500,1795,1880,-2500,1795,1880,4376,15696,636
-2500,1795,1880,-2500,1795,1880,4376,15696,636
-2668,1172,1177,-2668,1172,1177,3832,16092,-172
-2808,833,1347,-2808,833,1347,3224,15788,348
-2645,400,1213,-2645,400,1213,3116,15544,664
-2564,-266,1139,-2564,-266,1139,2360,15276,-240
-2694,-855,1210,-2694,-855,1210,2048,15436,-380
-2724,-1444,1105,-2724,-1444,1105,1492,15412,-808
-2793,-1891,1058,-2793,-1891,1058,1732,15576,-608
-2978,-2192,826,-2978,-2192,826,1916,15800,-756
-3115,-2517,431,-3115,-2517,431,1384,15820,-932
-3100,-2257,-125,-3100,-2257,-125,1208,17456,-2064
-2977,-2066,-470,-2977,-2066,-470,2572,15264,1800
-2713,-1190,-1026,-2713,-1190,-1026,304,15236,-236
-2596,-1327,-1505,-2596,-1327,-1505,672,16264,164
-2231,-606,-1624,-2231,-606,-1624,2860,16040,2024
-2251,193,-1967,-2251,193,-1967,1820,16112,1520
-2385,620,-2019,-2385,620,-2019,188,16856,1748
-2530,1080,-1985,-2530,1080,-1985,792,16776,2084
-2598,1509,-2192,-2598,1509,-2192,1888,17472,1488
-2942,1767,-1786,-2942,1767,-1786,1828,17048,1172
-3226,1814,-1483,-3226,1814,-1483,1420,16908,596
-3308,1879,-1193,-3308,1879,-1193,1772,16376,804
-3255,1984,-890,-3255,1984,-890,1968,16104,992
-3255,1984,-890,-3255,1984,-890,1968,16104,992
-3362,1843,-532,-3362,1843,-532,1544,15392,324
-3362,1843,-532,-3362,1843,-532,1544,15392,324
-3530,1313,-216,-3530,1313,-216,2716,15340,160
-3530,1313,-216,-3530,1313,-216,2716,15340,160
-3520,600,-149,-3520,600,-149,2876,15212,120
-3520,600,-149,-3520,600,-149,2876,15212,120
-3763,516,59,-3763,516,59,2620,15392,-452
-3763,516,59,-3763,516,59,2620,15392,-452
-3416,946,-212,-3416,946,-212,3396,15544,-300
-3416,946,-212,-3416,946,-212,3396,15544,-300
-2997,2155,-536,-2997,2155,-536,3108,15664,148
-2997,2155,-536,-2997,2155,-536,3108,15664,148
-2639,2600,-760,-2639,2600,-760,2448,15580,-228
-2639,2600,-760,-2639,2600,-760,2448,15580,-228
-2574,2862,-1333,-2574,2862,-1333,2852,15368,-768
-2574,2862,-1333,-2574,2862,-1333,2852,15368,-768
-2400,3526,-2481,-2400,3526,-2481,2552,15364,-444
-2400,3526,-2481,-2400,3526,-2481,2552,15364,-444
-2160,3820,-3734,-2160,3820,-3734,2540,15632,452
-2160,3820,-3734,-2160,3820,-3734,2540,15632,452
-2070,3691,-4556,-2070,3691,-4556,1976,15952,1472
-2070,3691,-4556,-2070,3691,-4556,1976,15952,1472
-2267,3702,-5317,-2267,3702,-5317,1300,17404,2128
-2490,3984,-5789,-2490,3984,-5789,1492,17444,2420
-2490,3984,-5789,-2490,3984,-5789,1492,17444,2420
-2736,4037,-6120,-2736,4037,-6120,1568,17384,2140
-2736,4037,-6120,-2736,4037,-6120,1568,17384,2140
-3030,3496,-5735,-3030,3496,-5735,2824,16424,2184
-3400,3478,-5559,-3400,3478,-5559,3152,15892,1952
-3400,3478,-5559,-3400,3478,-5559,3152,15892,1952
-3682,3407,-4956,-3682,3407,-4956,3228,15316,2032
-3861,2814,-4318,-3861,2814,-4318,3440,14780,1800
-3861,2814,-4318,-3861,2814,-4318,3440,14780,1800
-3675,3553,-4025,-3675,3553,-4025,3712,14428,1592
-3675,3553,-4025,-3675,3553,-4025,3712,14428,1592
-3475,3512,-4017,-3475,3512,-4017,4740,15388,3184
-3399,3955,-4498,-3399,3955,-4498,3620,15044,448
-3399,3955,-4498,-3399,3955,-4498,3620,15044,448
-2934,4101,-4954,-2934,4101,-4954,3648,15004,32
-2934,4101,-4954,-2934,4101,-4954,3648,15004,32
-2590,5115,-5878,-2590,5115,-5878,3312,15788,-552
-2590,5115,-5878,-2590,5115,-5878,3312,15788,-552
-2090,5072,-6539,-2090,5072,-6539,3448,15840,252
-2090,5072,-6539,-2090,5072,-6539,3448,15840,252
-1677,5263,-7207,-1677,5263,-7207,2584,15996,-200
-1533,5229,-7455,-1533,5229,-7455,2292,15900,-276
-1424,5487,-7704,-1424,5487,-7704,2808,15620,316
-1424,5487,-7704,-1424,5487,-7704,2808,15620,316
-1376,5650,-7880,-1376,5650,-7880,2572,15216,84
-1373,5539,-7580,-1373,5539,-7580,4408,15608,2908
-1373,5539,-7580,-1373,5539,-7580,4408,15608,2908
-1358,5269,-7010,-1358,5269,-7010,4080,15208,2116
-1358,5269,-7010,-1358,5269,-7010,4080,15208,2116
-1300,4572,-5428,-1300,4572,-5428,4240,14816,1096
-1315,4439,-4619,-1315,4439,-4619,4632,14772,1692
-1315,4439,-4619,-1315,4439,-4619,4632,14772,1692
-1344,3672,-2985,-1344,3672,-2985,4656,15052,1436
-1344,3672,-2985,-1344,3672,-2985,4656,15052,1436
-1268,3109,-1462,-1268,3109,-1462,4996,14904,1168
-1268,3109,-1462,-1268,3109,-1462,4996,14904,1168
-1299,2667,-238,-1299,2667,-238,4128,14952,416
-1261,2482,146,-1261,2482,146,4356,14780,292
-1261,2482,146,-1261,2482,146,4356,14780,292
-1082,2066,674,-1082,2066,674,4524,14960,-56
-1082,2066,674,-1082,2066,674,4524,14960,-56
-771,1837,862,-771,1837,862,4676,15004,-228
-707,1729,826,-707,1729,826,4232,14960,-416
-707,1729,826,-707,1729,826,4232,14960,-416
-479,1247,558,-479,1247,558,4608,14900,144
-446,1022,467,-446,1022,467,4408,15060,52
-446,1022,467,-446,1022,467,4408,15060,52
-514,828,151,-514,828,151,4484,15028,448
-541,825,11,-541,825,11,4376,14900,632
-541,825,11,-541,825,11,4376,14900,632
-610,868,-214,-610,868,-214,4644,15124,956
-610,868,-214,-610,868,-214,4644,15124,956
-714,969,-331,-714,969,-331,4828,14876,1240
-714,969,-331,-714,969,-331,4828,14876,1240
-777,1006,-204,-777,1006,-204,4788,14764,1324
-777,1006,-204,-777,1006,-204,4788,14764,1324
-835,1108,-128,-835,1108,-128,5032,14800,1536
-835,1108,-128,-835,1108,-128,5032,14800,1536
-876,1298,-63,-876,1298,-63,5216,14872,1480
-876,1298,-63,-876,1298,-63,5216,14872,1480
-900,1513,-30,-900,1513,-30,5552,15188,1616
-878,1554,27,-878,1554,27,5520,14884,1916
-878,1554,27,-878,1554,27,5520,14884,1916
-877,1631,13,-877,1631,13,5184,14820,2028
-877,1631,13,-877,1631,13,5184,14820,2028
-848,1519,59,-848,1519,59,5224,14708,2252
-848,1519,59,-848,1519,59,5224,14708,2252
-878,1217,81,-878,1217,81,5152,14456,2280
-878,1217,81,-878,1217,81,5152,14456,2280
-1097,697,186,-1097,697,186,5304,14376,2616
-1097,697,186,-1097,697,186,5304,14376,2616
-1300,167,153,-1300,167,153,5040,13932,2360
-1300,167,153,-1300,167,153,5040,13932,2360
-1586,-416,57,-1586,-416,57,5672,13660,2272
-1586,-416,57,-1586,-416,57,5672,13660,2272
-1835,-1001,-19,-1835,-1001,-19,5524,13420,1964
-1835,-1001,-19,-1835,-1001,-19,5524,13420,1964
-2153,-1520,-253,-2153,-1520,-253,3708,12872,1608
-2153,-1520,-253,-2153,-1520,-253,3708,12872,1608
-2366,-1812,-469,-2366,-1812,-469,2652,12144,2184
-2403,-1949,-522,-2403,-1949,-522,2052,12300,1692
-2403,-1949,-522,-2403,-1949,-522,2052,12300,1692
-2508,-1950,-691,-2508,-1950,-691,4784,11340,828
-2508,-1950,-691,-2508,-1950,-691,4784,11340,828
-2517,-2022,-823,-2517,-2022,-823,5364,9944,-764
-2464,-2152,-813,-2464,-2152,-813,4028,10456,-2028
-2464,-2152,-813,-2464,-2152,-813,4028,10456,-2028
-2477,-2281,-909,-2477,-2281,-909,8048,14392,-3632
-2477,-2281,-909,-2477,-2281,-909,8048,14392,-3632
-2247,-2511,-1292,-2247,-2511,-1292,6188,18344,-6036
-2201,-2424,-1180,-2201,-2424,-1180,5172,20780,-5892
-2201,-2424,-1180,-2201,-2424,-1180,5172,20780,-5892
-2009,-2504,-881,-2009,-2504,-881,5812,21224,-5240
-1792,-1827,-683,-1792,-1827,-683,7448,20644,-3280
-1792,-1827,-683,-1792,-1827,-683,7448,20644,-3280
-1641,-790,-262,-1641,-790,-262,6080,20252,-2576
-1641,-790,-262,-1641,-790,-262,6080,20252,-2576
-1444,566,-43,-1444,566,-43,5380,18900,-2672
-1444,566,-43,-1444,566,-43,5380,18900,-2672
-1404,1297,71,-1404,1297,71,5320,17016,-3020
-1404,1297,71,-1404,1297,71,5320,17016,-3020
-1294,1729,218,-1294,1729,218,6432,14900,-3020
-1294,1729,218,-1294,1729,218,6432,14900,-3020
-1103,2289,-124,-1103,2289,-124,7012,13716,-3240
-995,2797,-470,-995,2797,-470,7352,13720,-2896
-995,2797,-470,-995,2797,-470,7352,13720,-2896
-790,3048,-1499,-790,3048,-1499,6912,13300,-2484
-790,3048,-1499,-790,3048,-1499,6912,13300,-2484
-492,2791,-2610,-492,2791,-2610,6100,12828,-1716
-466,2873,-3095,-466,2873,-3095,6324,12584,-1348
-466,2873,-3095,-466,2873,-3095,6324,12584,-1348
-503,3151,-3956,-503,3151,-3956,5136,12548,-1456
-503,3151,-3956,-503,3151,-3956,5136,12548,-1456
-554,3373,-4491,-554,3373,-4491,4824,13248,-1152
-424,3345,-4600,-424,3345,-4600,4988,13620,-536
-424,3345,-4600,-424,3345,-4600,4988,13620,-536
-232,3052,-4483,-232,3052,-4483,5296,14272,-312
-191,2946,-4257,-191,2946,-4257,5232,14172,-516
-191,2946,-4257,-191,2946,-4257,5232,14172,-516
-376,2045,-3678,-376,2045,-3678,5308,13952,-1200
-376,2045,-3678,-376,2045,-3678,5308,13952,-1200
-567,1118,-2908,-567,1118,-2908,5416,13544,-1368
-711,666,-2462,-711,666,-2462,5700,13540,-1872
-711,666,-2462,-711,666,-2462,5700,13540,-1872
-781,-35,-1413,-781,-35,-1413,6096,14156,-1940
-781,-35,-1413,-781,-35,-1413,6096,14156,-1940
-697,-314,-405,-697,-314,-405,5620,14208,-2272
-697,-314,-405,-697,-314,-405,5620,14208,-2272
-736,-232,410,-736,-232,410,5972,14540,-2112
-797,-142,639,-797,-142,639,6216,14620,-2008
-797,-142,639,-797,-142,639,6216,14620,-2008
-834,-80,845,-834,-80,845,6196,14864,-1728
-834,-80,845,-834,-80,845,6196,14864,-1728
-894,97,968,-894,97,968,6056,14668,-2276
-894,97,968,-894,97,968,6056,14668,-2276
-899,62,972,-899,62,972,5928,14176,-1080
-899,62,972,-899,62,972,5928,14176,-1080
-752,-10,708,-752,-10,708,5592,14432,-1360
-676,-159,622,-676,-159,622,5640,14252,-1296
-676,-159,622,-676,-159,622,5640,14252,-1296
-657,-612,506,-657,-612,506,5964,13656,-592
-657,-612,506,-657,-612,506,5964,13656,-592
-693,-1170,-141,-693,-1170,-141,7280,13428,-512
-693,-1170,-141,-693,-1170,-141,7280,13428,-512
-1015,-1257,-1837,-1015,-1257,-1837,8448,12920,216
-1089,-1162,-3354,-1089,-1162,-3354,8868,12400,1000
-1089,-1162,-3354,-1089,-1162,-3354,8868,12400,1000
-1377,579,-8343,-1377,579,-8343,7780,13460,928
-954,957,-10357,-954,957,-10357,5276,15408,-268
-954,957,-10357,-954,957,-10357,5276,15408,-268
-1043,1120,-12606,-1043,1120,-12606,3928,23048,-2652
-1043,1120,-12606,-1043,1120,-12606,3928,23048,-2652
-1015,2555,-12961,-1015,2555,-12961,9396,19640,644
-678,3890,-12669,-678,3890,-12669,8544,15860,848
-678,3890,-12669,-678,3890,-12669,8544,15860,848
-677,6207,-10905,-677,6207,-10905,4524,13820,-28
-513,7308,-9855,-513,7308,-9855,3268,12932,-880
-513,7308,-9855,-513,7308,-9855,3268,12932,-880
-667,7857,-7308,-667,7857,-7308,4636,11312,96
-410,8127,-6229,-410,8127,-6229,3472,11008,648
-410,8127,-6229,-410,8127,-6229,3472,11008,648
-389,7347,-4746,-389,7347,-4746,1856,9684,1704
-389,7347,-4746,-389,7347,-4746,1856,9684,1704
50,7492,-4283,50,7492,-4283,2728,11464,560
161,7081,-3759,161,7081,-3759,6052,12196,808
161,7081,-3759,161,7081,-3759,6052,12196,808
218,5460,-2435,218,5460,-2435,5488,14488,-580
218,5460,-2435,218,5460,-2435,5488,14488,-580
219,3671,-1124,219,3671,-1124,5500,15968,-692
219,3671,-1124,219,3671,-1124,5500,15968,-692
-204,1650,-378,-204,1650,-378,5856,15776,840
-204,1650,-378,-204,1650,-378,5856,15776,840
-450,255,-1362,-450,255,-1362,2668,15372,1692
-935,-526,-1744,-935,-526,-1744,-772,14924,1436
-935,-526,-1744,-935,-526,-1744,-772,14924,1436
-1710,-1980,-2766,-1710,-1980,-2766,404,15812,2224
-1710,-1980,-2766,-1710,-1980,-2766,404,15812,2224
-2540,-2880,-3581,-2540,-2880,-3581,2548,17196,1708
-3060,-3144,-3730,-3060,-3144,-3730,3556,18600,1204
-3060,-3144,-3730,-3060,-3144,-3730,3556,18600,1204
-4394,-4603,-3396,-4394,-4603,-3396,1168,17416,2556
-4600,-5389,-3327,-4600,-5389,-3327,-1540,17036,4028
-4600,-5389,-3327,-4600,-5389,-3327,-1540,17036,4028
-2816,-3020,-4476,-2816,-3020,-4476,-404,16676,3964
-2381,-2001,-5678,-2381,-2001,-5678,268,16968,4112
-2381,-2001,-5678,-2381,-2001,-5678,268,16968,4112
-2116,-575,-5546,-2116,-575,-5546,1676,16988,4352
-2946,-923,-5126,-2946,-923,-5126,2104,16692,4352
-2946,-923,-5126,-2946,-923,-5126,2104,16692,4352
-4507,-1828,-3826,-4507,-1828,-3826,2824,16140,3724
-4507,-1828,-3826,-4507,-1828,-3826,2824,16140,3724
-5296,-953,-3430,-5296,-953,-3430,4332,15208,2624
-5530,-907,-3182,-5530,-907,-3182,3292,15196,1896
-5530,-907,-3182,-5530,-907,-3182,3292,15196,1896
-6244,-883,-2999,-6244,-883,-2999,2536,15044,1172
-6244,-883,-2999,-6244,-883,-2999,2536,15044,1172
-6512,-1730,-1989,-6512,-1730,-1989,2820,14992,888
-6512,-1730,-1989,-6512,-1730,-1989,2820,14992,888
-6488,-2238,-1486,-6488,-2238,-1486,2592,16000,-328
-6488,-2238,-1486,-6488,-2238,-1486,2592,16000,-328
-6619,-1093,-2312,-6619,-1093,-2312,1184,16812,-2600
-6646,267,-3534,-6646,267,-3534,1468,17260,-3092
-6646,267,-3534,-6646,267,-3534,1468,17260,-3092
-6525,1550,-5925,-6525,1550,-5925,1596,17184,-4052
-6134,1477,-6849,-6134,1477,-6849,1744,16760,-4112
-6134,1477,-6849,-6134,1477,-6849,1744,16760,-4112
-5611,1797,-7138,-5611,1797,-7138,1160,14908,-5308
-5288,2633,-8246,-5288,2633,-8246,1892,16212,-2892
-5288,2633,-8246,-5288,2633,-8246,1892,16212,-2892
-4882,2357,-10428,-4882,2357,-10428,2720,16560,-404
-4057,3560,-11441,-4057,3560,-11441,2300,16396,928
-4057,3560,-11441,-4057,3560,-11441,2300,16396,928
-3446,6154,-13000,-3446,6154,-13000,2476,16076,872
-3430,7408,-13019,-3430,7408,-13019,3184,14872,1784
-3430,7408,-13019,-3430,7408,-13019,3184,14872,1784
-2884,7630,-11996,-2884,7630,-11996,1776,14120,2048
-2884,7630,-11996,-2884,7630,-11996,1776,14120,2048
-2836,6758,-10090,-2836,6758,-10090,2140,13516,1608
-2836,6758,-10090,-2836,6758,-10090,2140,13516,1608
-1989,5545,-8857,-1989,5545,-8857,3460,11848,1692
-1989,5545,-8857,-1989,5545,-8857,3460,11848,1692
-1584,6128,-8910,-1584,6128,-8910,5036,9544,2284
-1394,7026,-9050,-1394,7026,-9050,5200,9424,1112
-1394,7026,-9050,-1394,7026,-9050,5200,9424,1112
-1577,7334,-9850,-1577,7334,-9850,4932,10160,1024
-1577,7334,-9850,-1577,7334,-9850,4932,10160,1024
-1863,6582,-11478,-1863,6582,-11478,5616,11528,420
-1863,6582,-11478,-1863,6582,-11478,5616,11528,420
-3246,5184,-13938,-3246,5184,-13938,9132,15868,68
-3246,5184,-13938,-3246,5184,-13938,9132,15868,68
-3747,3112,-16343,-3747,3112,-16343,8284,20944,-76
-3747,3112,-16343,-3747,3112,-16343,8284,20944,-76
-4093,4768,-18248,-4093,4768,-18248,6580,25096,-28
-4031,6006,-19018,-4031,6006,-19018,5960,26844,-1912
-4031,6006,-19018,-4031,6006,-19018,5960,26844,-1912
-5031,7541,-20286,-5031,7541,-20286,6212,23628,-1452
-5507,7731,-20386,-5507,7731,-20386,4512,21640,-2032
-5507,7731,-20386,-5507,7731,-20386,4512,21640,-2032
-5338,9138,-20612,-5338,9138,-20612,7020,19712,-3636
-5338,9138,-20612,-5338,9138,-20612,7020,19712,-3636
-5170,8787,-19076,-5170,8787,-19076,7088,17228,-3344
-5170,8787,-19076,-5170,8787,-19076,7088,17228,-3344
-5052,8456,-16236,-5052,8456,-16236,5884,14724,-2240
-5052,8456,-16236,-5052,8456,-16236,5884,14724,-2240
-4619,7909,-13937,-4619,7909,-13937,4440,12656,-948
-4418,7518,-12779,-4418,7518,-12779,4560,11684,-112
-4418,7518,-12779,-4418,7518,-12779,4560,11684,-112
-4409,6975,-12759,-4409,6975,-12759,4312,11284,-16
-4409,6975,-12759,-4409,6975,-12759,4312,11284,-16
-4525,7920,-14444,-4525,7920,-14444,3168,9248,1740
-4525,7920,-14444,-4525,7920,-14444,3168,9248,1740
-4953,8918,-16169,-4953,8918,-16169,832,8948,1900
-4953,8918,-16169,-4953,8918,-16169,832,8948,1900
-4961,9473,-17051,-4961,9473,-17051,2928,8468,2372
-4961,9473,-17051,-4961,9473,-17051,2928,8468,2372
-4295,10002,-17173,-4295,10002,-17173,1624,9892,1480
-4295,10002,-17173,-4295,10002,-17173,1624,9892,1480
-4698,7360,-15617,-4698,7360,-15617,4252,12336,1808
-4631,6437,-15145,-4631,6437,-15145,4896,13328,1696
-4631,6437,-15145,-4631,6437,-15145,4896,13328,1696
-4572,2579,-14356,-4572,2579,-14356,7220,14764,2024
-4457,1040,-14107,-4457,1040,-14107,4704,15348,656
-4457,1040,-14107,-4457,1040,-14107,4704,15348,656
-4909,-1604,-14373,-4909,-1604,-14373,1500,15304,-2268
-4909,-1604,-14373,-4909,-1604,-14373,1500,15304,-2268
-5118,-1074,-15850,-5118,-1074,-15850,5132,15828,-3788
-5118,-1074,-15850,-5118,-1074,-15850,5132,15828,-3788
-5173,1316,-17239,-5173,1316,-17239,7972,32767,-10448
-5005,2691,-17682,-5005,2691,-17682,16344,28000,-1312
-5005,2691,-17682,-5005,2691,-17682,16344,28000,-1312
-3229,4720,-17532,-3229,4720,-17532,7088,16536,-6336
-3229,4720,-17532,-3229,4720,-17532,7088,16536,-6336
-1489,9607,-17490,-1489,9607,-17490,-9792,12572,-5616
-317,13230,-18590,-317,13230,-18590,-496,11120,-5688
-317,13230,-18590,-317,13230,-18590,-496,11120,-5688
1066,16848,-19158,1066,16848,-19158,4924,7672,-2228
1568,16590,-18069,1568,16590,-18069,3276,8812,-1768
1568,16590,-18069,1568,16590,-18069,3276,8812,-1768
2168,15496,-12897,2168,15496,-12897,2836,8316,-1656
2145,13962,-10742,2145,13962,-10742,3224,9252,-2896
2145,13962,-10742,2145,13962,-10742,3224,9252,-2896
1587,13641,-10545,1587,13641,-10545,1704,11764,-1452
1606,12654,-10405,1606,12654,-10405,1160,14940,-648
1606,12654,-10405,1606,12654,-10405,1160,14940,-648
2509,9719,-8524,2509,9719,-8524,2612,17784,-836
2509,9719,-8524,2509,9719,-8524,2612,17784,-836
2751,5572,-7398,2751,5572,-7398,5532,17312,468
2751,5572,-7398,2751,5572,-7398,5532,17312,468
1327,282,-6717,1327,282,-6717,920,16488,824
1327,282,-6717,1327,282,-6717,920,16488,824
-2333,-2163,-7334,-2333,-2163,-7334,-976,19660,2264
-2940,-2027,-7586,-2940,-2027,-7586,-2376,18452,2468
-2940,-2027,-7586,-2940,-2027,-7586,-2376,18452,2468
-3297,-1198,-6440,-3297,-1198,-6440,1372,20116,5472
-3297,-1198,-6440,-3297,-1198,-6440,1372,20116,5472
-3704,-3513,-4312,-3704,-3513,-4312,-2652,16716,2196
-3419,-5920,-4746,-3419,-5920,-4746,-2536,18104,948
-3419,-5920,-4746,-3419,-5920,-4746,-2536,18104,948
-1882,-1042,-8824,-1882,-1042,-8824,3900,15392,3820
-1882,-1042,-8824,-1882,-1042,-8824,3900,15392,3820
-1773,3096,-8252,-1773,3096,-8252,2124,16900,1308
-2294,2985,-7327,-2294,2985,-7327,3532,18228,3212
-2294,2985,-7327,-2294,2985,-7327,3532,18228,3212
-3272,4085,-5370,-3272,4085,-5370,4784,16916,1776
-3272,4085,-5370,-3272,4085,-5370,4784,16916,1776
-3466,6286,-5936,-3466,6286,-5936,4412,13276,3140
-3782,5114,-6277,-3782,5114,-6277,1612,11212,2756
-3782,5114,-6277,-3782,5114,-6277,1612,11212,2756
-4199,1973,-7616,-4199,1973,-7616,-668,10432,520
-4199,1973,-7616,-4199,1973,-7616,-668,10432,520
-4369,-734,-9447,-4369,-734,-9447,-840,11800,-2748
-4369,-734,-9447,-4369,-734,-9447,-840,11800,-2748
-4525,-602,-11802,-4525,-602,-11802,2796,15024,-5864
-4688,-63,-12375,-4688,-63,-12375,2312,16756,-7328
-4688,-63,-12375,-4688,-63,-12375,2312,16756,-7328
-5012,863,-13178,-5012,863,-13178,892,18836,-8016
-5012,863,-13178,-5012,863,-13178,892,18836,-8016
-4671,1531,-12682,-4671,1531,-12682,912,18768,-8908
-4410,2501,-12387,-4410,2501,-12387,1844,19196,-7816
-4410,2501,-12387,-4410,2501,-12387,1844,19196,-7816
-3779,4170,-11560,-3779,4170,-11560,2604,19044,-4184
-3325,5625,-11014,-3325,5625,-11014,1372,18440,-1304
-3325,5625,-11014,-3325,5625,-11014,1372,18440,-1304
-3788,6500,-9803,-3788,6500,-9803,1032,17116,1428
-3788,6500,-9803,-3788,6500,-9803,1032,17116,1428
-2720,7058,-7951,-2720,7058,-7951,1272,16372,2164
-2720,7058,-7951,-2720,7058,-7951,1272,16372,2164
-1479,7240,-6596,-1479,7240,-6596,1220,14868,2108
-1285,6712,-6427,-1285,6712,-6427,2532,13828,2820
-1285,6712,-6427,-1285,6712,-6427,2532,13828,2820
-1368,5897,-6601,-1368,5897,-6601,2356,11128,2084
-1347,5361,-6815,-1347,5361,-6815,-32,10284,36
-1347,5361,-6815,-1347,5361,-6815,-32,10284,36
-2250,4186,-6337,-2250,4186,-6337,664,8832,-1220
-2838,3631,-6518,-2838,3631,-6518,2240,8596,-156
-3281,3324,-6671,-3281,3324,-6671,2368,8076,200
-3281,3324,-6671,-3281,3324,-6671,2368,8076,200
-4251,906,-6587,-4251,906,-6587,4444,9544,780
-4404,-93,-6122,-4404,-93,-6122,6044,9516,1244
-4404,-93,-6122,-4404,-93,-6122,6044,9516,1244
-5076,-2711,-4815,-5076,-2711,-4815,4612,11024,1752
-5076,-2711,-4815,-5076,-2711,-4815,4612,11024,1752
-6029,-5456,-4893,-6029,-5456,-4893,4100,14212,1344
-6029,-5456,-4893,-6029,-5456,-4893,4100,14212,1344
-7174,-8097,-6952,-7174,-8097,-6952,2304,20408,2276
-5019,-7004,-10448,-5019,-7004,-10448,960,25792,592
-5019,-7004,-10448,-5019,-7004,-10448,960,25792,592
-2007,-3283,-10298,-2007,-3283,-10298,5332,29668,-4448
-2346,-3945,-9612,-2346,-3945,-9612,5604,28736,-5256
-2346,-3945,-9612,-2346,-3945,-9612,5604,28736,-5256
-2520,-247,-9621,-2520,-247,-9621,4864,25636,-9352
-2520,-247,-9621,-2520,-247,-9621,4864,25636,-9352
-3157,2783,-11274,-3157,2783,-11274,6256,20672,-7048
-3545,4617,-11964,-3545,4617,-11964,5888,18220,-6288
-3545,4617,-11964,-3545,4617,-11964,5888,18220,-6288
-4598,4889,-10859,-4598,4889,-10859,6016,14376,-3284
-4598,4889,-10859,-4598,4889,-10859,6016,14376,-3284
-4404,6034,-9247,-4404,6034,-9247,4636,12608,-2216
-4404,6034,-9247,-4404,6034,-9247,4636,12608,-2216
-3653,5751,-8288,-3653,5751,-8288,4048,13852,-2260
-3390,5089,-7826,-3390,5089,-7826,4408,13468,-1828
-3390,5089,-7826,-3390,5089,-7826,4408,13468,-1828
-2717,3387,-6654,-2717,3387,-6654,3972,13548,-636
-2717,3387,-6654,-2717,3387,-6654,3972,13548,-636
-1931,2376,-5846,-1931,2376,-5846,5556,12384,1296
-1931,2376,-5846,-1931,2376,-5846,5556,12384,1296
-1638,1222,-5241,-1638,1222,-5241,4040,10856,2636
-1773,612,-4975,-1773,612,-4975,3792,10896,3000
-1773,612,-4975,-1773,612,-4975,3792,10896,3000
-2164,-1150,-4686,-2164,-1150,-4686,2908,9792,3364
-2164,-1150,-4686,-2164,-1150,-4686,2908,9792,3364
-3129,-2594,-4951,-3129,-2594,-4951,3304,9616,3584
-3103,-3173,-5823,-3103,-3173,-5823,3372,10324,2080
-3103,-3173,-5823,-3103,-3173,-5823,3372,10324,2080
-3293,-3629,-7434,-3293,-3629,-7434,3684,10860,608
-3293,-3629,-7434,-3293,-3629,-7434,3684,10860,608
-3089,-2259,-8852,-3089,-2259,-8852,6492,10760,-2552
-3609,-36,-10118,-3609,-36,-10118,9148,10704,-2184
-3557,1925,-10670,-3557,1925,-10670,9932,14696,-3420
-4119,2728,-10907,-4119,2728,-10907,8548,14440,-3752
-4894,3695,-11027,-4894,3695,-11027,4904,15728,-3568
-5382,4809,-11076,-5382,4809,-11076,1336,17436,-4156
-5514,5225,-11559,-5514,5225,-11559,2440,17492,-3276
-5413,5475,-12220,-5413,5475,-12220,4872,16840,-1180
-5079,6517,-13341,-5079,6517,-13341,9972,19336,-1536
-5407,7889,-14682,-5407,7889,-14682,14044,31016,-4624
-6045,7954,-15796,-6045,7954,-15796,11632,32767,-4036
-6161,8911,-17076,-6161,8911,-17076,10696,27360,-1388
-5750,9389,-17879,-5750,9389,-17879,7084,22124,-1276
-5168,9470,-18459,-5168,9470,-18459,8360,16856,-2236
-4170,10480,-18083,-4170,10480,-18083,5236,12316,-1032
-2736,10265,-17392,-2736,10265,-17392,-10132,7348,-932
-1686,9096,-16381,-1686,9096,-16381,-15920,8300,-3512
-1418,8136,-15560,-1418,8136,-15560,-3368,9596,-2168
-1213,7279,-14596,-1213,7279,-14596,18236,2344,4780
-1025,6651,-12994,-1025,6651,-12994,11560,2560,-3672
-955,5801,-12079,-955,5801,-12079,6440,5896,-2500
-1094,4726,-11434,-1094,4726,-11434,-264,5652,-3316
-1647,3745,-10800,-1647,3745,-10800,1556,10744,-4404
-1850,3270,-9814,-1850,3270,-9814,5076,11944,-2016
-2279,3099,-9614,-2279,3099,-9614,4252,13972,-212
-2338,2443,-8718,-2338,2443,-8718,4056,16920,-704
-2251,2292,-7871,-2251,2292,-7871,4844,17924,2056
-2028,1920,-7424,-2028,1920,-7424,3792,19440,1404
-2041,1666,-7254,-2041,1666,-7254,3916,18816,2972
-2206,1382,-7288,-2206,1382,-7288,4984,18652,5184
-2572,643,-7748,-2572,643,-7748,3312,18744,5676
-2916,167,-8234,-2916,167,-8234,564,18604,5812
-3429,-20,-8839,-3429,-20,-8839,-2988,18584,4244
-4234,-1044,-9546,-4234,-1044,-9546,-2764,17808,2816
-5187,-2249,-10278,-5187,-2249,-10278,-296,19312,-604
-5710,-3148,-10433,-5710,-3148,-10433,-2140,17908,-76
-6007,-3117,-10558,-6007,-3117,-10558,-4508,16356,-520
-5880,-2418,-10375,-5880,-2418,-10375,-3876,16324,-620
-5752,-3194,-10208,-5752,-3194,-10208,1212,16936,1872
-5052,-1676,-9714,-5052,-1676,-9714,2324,20216,13252
-4514,597,-9908,-4514,597,-9908,-2648,20672,4348
-4523,627,-9158,-4523,627,-9158,892,17344,3676
-4629,1784,-9073,-4629,1784,-9073,-988,21332,2336
-4733,1319,-8747,-4733,1319,-8747,-640,19340,2620
-5108,1697,-8081,-5108,1697,-8081,2564,19212,5136
-5776,2499,-8332,-5776,2499,-8332,624,18508,2224
-6531,2729,-7807,-6531,2729,-7807,1932,18040,3216
-7047,2822,-7435,-7047,2822,-7435,4624,15564,3204
-7252,2362,-7261,-7252,2362,-7261,5848,14564,4152
-6991,2107,-7497,-6991,2107,-7497,3180,13420,3776
-6423,2470,-6688,-6423,2470,-6688,56,12004,1756
-7188,1541,-6031,-7188,1541,-6031,-780,11268,916
-7778,269,-6065,-7778,269,-6065,-604,10044,-508
-8141,110,-6332,-8141,110,-6332,-840,10592,-2468
-7476,286,-6380,-7476,286,-6380,-400,10884,-3216
-7595,934,-6745,-7595,934,-6745,4,11976,-4968
-7397,1416,-7780,-7397,1416,-7780,920,14344,-6248
-6970,2409,-8108,-6970,2409,-8108,1788,16060,-7348
-6805,3148,-8511,-6805,3148,-8511,2372,16928,-8328
-6599,3576,-8279,-6599,3576,-8279,1256,18240,-10044
-6368,3864,-8046,-6368,3864,-8046,356,19344,-11128
-5887,3962,-7822,-5887,3962,-7822,-320,21592,-13100
-5506,4340,-8273,-5506,4340,-8273,932,21348,-12224
-5197,4874,-9472,-5197,4874,-9472,2032,21528,-9496
-4466,5716,-10929,-4466,5716,-10929,2332,20692,-7432
-3585,6792,-12476,-3585,6792,-12476,924,18224,-4504
-2926,8151,-13989,-2926,8151,-13989,-596,17168,-2936
-2671,10040,-15603,-2671,10040,-15603,536,16456,-1664
-2300,11169,-15892,-2300,11169,-15892,2576,16060,-660
-1934,12689,-16213,-1934,12689,-16213,1612,15872,-456
-1124,14145,-16049,-1124,14145,-16049,872,14316,-268
-445,15128,-15751,-445,15128,-15751,944,13256,764
219,15601,-15390,219,15601,-15390,2124,12156,1524
1070,16297,-15052,1070,16297,-15052,2192,11216,1776
1731,15416,-14990,1731,15416,-14990,1264,10720,1640
1814,15502,-15381,1814,15502,-15381,40,7500,3828
1680,14877,-15491,1680,14877,-15491,-508,7776,1084
1680,14877,-15491,1680,14877,-15491,-508,7776,1084
901,13088,-16426,901,13088,-16426,3596,2652,4288
932,12064,-17175,932,12064,-17175,6136,3668,4348
932,12064,-17175,932,12064,-17175,6136,3668,4348
612,9370,-16715,612,9370,-16715,11768,9128,6808
612,9370,-16715,612,9370,-16715,11768,9128,6808
-1742,2065,-15253,-1742,2065,-15253,10936,16120,7936
-1742,2065,-15253,-1742,2065,-15253,10936,16120,7936
-4550,-509,-14139,-4550,-509,-14139,448,22996,-556
-5376,-151,-13922,-5376,-151,-13922,-1672,32767,-516
-5376,-151,-13922,-5376,-151,-13922,-1672,32767,-516
-6018,1065,-13334,-6018,1065,-13334,14216,32767,-9028
-6018,1065,-13334,-6018,1065,-13334,14216,32767,-9028
-4217,-722,-11974,-4217,-722,-11974,2244,32592,-17028
-3466,-346,-11385,-3466,-346,-11385,3396,32767,-20984
-3466,-346,-11385,-3466,-346,-11385,3396,32767,-20984
-2460,1217,-9342,-2460,1217,-9342,3568,20560,-18496
-1904,3308,-8462,-1904,3308,-8462,40,20288,-18416
-1904,3308,-8462,-1904,3308,-8462,40,20288,-18416
-661,11489,-5571,-661,11489,-5571,64,13228,-13020
-217,13951,-3081,-217,13951,-3081,1800,10840,-14020
-217,13951,-3081,-217,13951,-3081,1800,10840,-14020
631,11699,-18,631,11699,-18,5200,8776,-3752
631,11699,-18,631,11699,-18,5200,8776,-3752
968,8916,-404,968,8916,-404,1976,7156,-1864
968,8916,-404,968,8916,-404,1976,7156,-1864
1170,6241,-2241,1170,6241,-2241,2608,6968,2516
1219,4141,-2941,1219,4141,-2941,2996,7176,4512
1219,4141,-2941,1219,4141,-2941,2996,7176,4512
1310,917,-4173,1310,917,-4173,1528,6876,5264
1310,917,-4173,1310,917,-4173,1528,6876,5264
1577,-1476,-5199,1577,-1476,-5199,2492,5236,3260
1577,-1476,-5199,1577,-1476,-5199,2492,5236,3260
1279,-3391,-5640,1279,-3391,-5640,3232,4592,1632
1279,-3391,-5640,1279,-3391,-5640,3232,4592,1632
458,-4271,-5706,458,-4271,-5706,2396,6032,-348
69,-3742,-5644,69,-3742,-5644,820,6828,-1228
69,-3742,-5644,69,-3742,-5644,820,6828,-1228
-963,-2059,-5397,-963,-2059,-5397,2192,9520,-4000
-963,-2059,-5397,-963,-2059,-5397,2192,9520,-4000
-2419,46,-5206,-2419,46,-5206,6348,10416,-4604
-3073,1401,-5176,-3073,1401,-5176,8084,13516,-4544
-3073,1401,-5176,-3073,1401,-5176,8084,13516,-4544
-3957,3721,-5127,-3957,3721,-5127,14816,15428,-1856
-3982,4737,-5075,-3982,4737,-5075,12860,16848,-1824
-3982,4737,-5075,-3982,4737,-5075,12860,16848,-1824
-3452,4791,-4997,-3452,4791,-4997,10492,19252,3316
-3452,4791,-4997,-3452,4791,-4997,10492,19252,3316
-2532,3991,-6158,-2532,3991,-6158,8480,21660,4572
-2532,3991,-6158,-2532,3991,-6158,8480,21660,4572
-1748,3494,-5942,-1748,3494,-5942,9680,19336,1636
-1748,3494,-5942,-1748,3494,-5942,9680,19336,1636
-2055,6056,-5585,-2055,6056,-5585,5116,17208,-4168
-2334,5261,-5913,-2334,5261,-5913,5692,16028,-3976
-2334,5261,-5913,-2334,5261,-5913,5692,16028,-3976
-1596,6055,-6516,-1596,6055,-6516,5368,16200,-6484
-1596,6055,-6516,-1596,6055,-6516,5368,16200,-6484
-2090,4238,-7535,-2090,4238,-7535,12360,14872,-2508
-1721,4092,-8034,-1721,4092,-8034,8144,13660,-3480
-1721,4092,-8034,-1721,4092,-8034,8144,13660,-3480
-1073,3516,-8748,-1073,3516,-8748,4952,12756,-3712
-1073,3516,-8748,-1073,3516,-8748,4952,12756,-3712
-1084,1033,-10078,-1084,1033,-10078,4072,13768,-1152
-1148,-459,-10507,-1148,-459,-10507,4464,7396,1372
-1148,-459,-10507,-1148,-459,-10507,4464,7396,1372
-1806,-3048,-10317,-1806,-3048,-10317,2032,9952,2084
-1806,-3048,-10317,-1806,-3048,-10317,2032,9952,2084
-2959,-4527,-8559,-2959,-4527,-8559,-28,13468,-72
-2959,-4527,-8559,-2959,-4527,-8559,-28,13468,-72
-3206,-5860,-5810,-3206,-5860,-5810,5216,17288,844
-3206,-5860,-5810,-3206,-5860,-5810,5216,17288,844
-3678,-7677,-3600,-3678,-7677,-3600,8312,18428,172
-4006,-7952,-2689,-4006,-7952,-2689,7916,18548,328
-4522,-8813,-1650,-4522,-8813,-1650,5816,17544,836
-4522,-8813,-1650,-4522,-8813,-1650,5816,17544,836
-4522,-8303,-344,-4522,-8303,-344,3536,14436,2500
-4522,-8303,-344,-4522,-8303,-344,3536,14436,2500
-4852,-8364,1367,-4852,-8364,1367,176,13248,2424
-4852,-8364,1367,-4852,-8364,1367,176,13248,2424
-5611,-8947,1424,-5611,-8947,1424,-232,13808,2364
-5860,-7618,1123,-5860,-7618,1123,600,14376,1664
-5860,-7618,1123,-5860,-7618,1123,600,14376,1664
-5622,-5763,391,-5622,-5763,391,3316,14136,1752
-5622,-5763,391,-5622,-5763,391,3316,14136,1752
-5275,-4461,317,-5275,-4461,317,728,15340,7156
-5275,-4461,317,-5275,-4461,317,728,15340,7156
-4441,-3747,532,-4441,-3747,532,3364,21680,8248
-3181,-2286,668,-3181,-2286,668,32,21872,7396
-3181,-2286,668,-3181,-2286,668,32,21872,7396
-1599,2565,-999,-1599,2565,-999,-1200,20208,6320
-1599,2565,-999,-1599,2565,-999,-1200,20208,6320
-952,4521,-3134,-952,4521,-3134,912,19808,4908
-1255,4275,-3836,-1255,4275,-3836,1184,20280,3412
-1255,4275,-3836,-1255,4275,-3836,1184,20280,3412
-1060,4191,-4502,-1060,4191,-4502,1984,20712,156
-1060,4191,-4502,-1060,4191,-4502,1984,20712,156
-1387,5315,-5037,-1387,5315,-5037,2444,18500,604
-1387,5315,-5037,-1387,5315,-5037,2444,18500,604
-2690,6968,-6390,-2690,6968,-6390,1416,14004,-2796
-3628,6569,-6874,-3628,6569,-6874,1456,12104,-2788
-3628,6569,-6874,-3628,6569,-6874,1456,12104,-2788
-5526,5813,-7253,-5526,5813,-7253,964,9756,-3320
-5526,5813,-7253,-5526,5813,-7253,964,9756,-3320
-7013,3741,-6761,-7013,3741,-6761,996,10124,-5676
-7807,3063,-6891,-7807,3063,-6891,988,10720,-5752
-7807,3063,-6891,-7807,3063,-6891,988,10720,-5752
-8714,1972,-8319,-8714,1972,-8319,4952,13392,60
-8714,1972,-8319,-8714,1972,-8319,4952,13392,60
-8777,582,-11200,-8777,582,-11200,2020,16704,-7912
-8777,582,-11200,-8777,582,-11200,2020,16704,-7912
-9058,-2838,-14909,-9058,-2838,-14909,2512,21008,-5096
-8845,-2699,-15949,-8845,-2699,-15949,2936,21496,-3380
-8845,-2699,-15949,-8845,-2699,-15949,2936,21496,-3380
-6456,969,-17795,-6456,969,-17795,3324,20872,152
-5078,781,-18445,-5078,781,-18445,1228,20436,420
-5078,781,-18445,-5078,781,-18445,1228,20436,420
-4399,-1119,-18565,-4399,-1119,-18565,224,18272,3032
-3559,443,-16666,-3559,443,-16666,692,17528,3300
-3559,443,-16666,-3559,443,-16666,692,17528,3300
-1875,8041,-17184,-1875,8041,-17184,1884,15880,848
-1875,8041,-17184,-1875,8041,-17184,1884,15880,848
-2697,8535,-17421,-2697,8535,-17421,4588,16192,-652
-2697,8535,-17421,-2697,8535,-17421,4588,16192,-652
-3718,8884,-16959,-3718,8884,-16959,-1760,12760,-3512
-3718,8884,-16959,-3718,8884,-16959,-1760,12760,-3512
-3456,9796,-15554,-3456,9796,-15554,2916,11012,-3036
-3456,9796,-15554,-3456,9796,-15554,2916,11012,-3036
-2966,9225,-13964,-2966,9225,-13964,2192,10148,-552
-3073,7823,-12950,-3073,7823,-12950,2492,10156,-336
-3073,7823,-12950,-3073,7823,-12950,2492,10156,-336
-2917,6195,-10751,-2917,6195,-10751,3860,14088,332
-2917,6195,-10751,-2917,6195,-10751,3860,14088,332
-2579,6952,-9182,-2579,6952,-9182,2828,18592,2124
-2507,7236,-8708,-2507,7236,-8708,840,18912,1568
-2507,7236,-8708,-2507,7236,-8708,840,18912,1568
-2373,7778,-8039,-2373,7778,-8039,-512,18328,2264
-2373,7778,-8039,-2373,7778,-8039,-512,18328,2264
-2299,8278,-8752,-2299,8278,-8752,-1464,17812,696
-2299,8278,-8752,-2299,8278,-8752,-1464,17812,696
-3211,10284,-11115,-3211,10284,-11115,328,16212,2440
-3211,10284,-11115,-3211,10284,-11115,328,16212,2440
-4029,10156,-12368,-4029,10156,-12368,2092,13980,1828
-3944,9912,-13077,-3944,9912,-13077,2192,13272,1716
-3944,9912,-13077,-3944,9912,-13077,2192,13272,1716
-4684,8037,-12189,-4684,8037,-12189,2588,12676,1232
-4684,8037,-12189,-4684,8037,-12189,2588,12676,1232
-5187,6146,-10692,-5187,6146,-10692,2164,12584,636
-5187,6146,-10692,-5187,6146,-10692,2164,12584,636
-6138,3783,-9827,-6138,3783,-9827,5860,15200,-32
-6138,3783,-9827,-6138,3783,-9827,5860,15200,-32
-6768,2096,-9020,-6768,2096,-9020,5592,16476,-1576
-6889,1866,-8580,-6889,1866,-8580,6224,19032,-2272
-6889,1866,-8580,-6889,1866,-8580,6224,19032,-2272
-7140,2388,-9959,-7140,2388,-9959,4296,21888,-3932
-7182,2907,-10969,-7182,2907,-10969,4016,22208,-4924
-7182,2907,-10969,-7182,2907,-10969,4016,22208,-4924
-7441,3982,-12499,-7441,3982,-12499,2008,22408,-6316
-7441,3982,-12499,-7441,3982,-12499,2008,22408,-6316
-7075,5491,-12922,-7075,5491,-12922,1280,22076,-8200
-7075,5491,-12922,-7075,5491,-12922,1280,22076,-8200
-6033,7281,-13224,-6033,7281,-13224,2740,18480,-6900
-6033,7281,-13224,-6033,7281,-13224,2740,18480,-6900
-4752,8477,-13002,-4752,8477,-13002,1116,16196,-6332
-4752,8477,-13002,-4752,8477,-13002,1116,16196,-6332
-3470,8898,-12471,-3470,8898,-12471,3260,14212,-5120
-3470,8898,-12471,-3470,8898,-12471,3260,14212,-5120
-2524,9153,-12240,-2524,9153,-12240,5472,12876,-3456
-1642,10287,-13176,-1642,10287,-13176,6112,12992,-3840
-1642,10287,-13176,-1642,10287,-13176,6112,12992,-3840
89,11432,-12581,89,11432,-12581,6824,11144,-2104
89,11432,-12581,89,11432,-12581,6824,11144,-2104
-575,12645,-12768,-575,12645,-12768,4860,8844,-720
-1047,10114,-12671,-1047,10114,-12671,4996,8476,-1168
-1047,10114,-12671,-1047,10114,-12671,4996,8476,-1168
-1626,8479,-12156,-1626,8479,-12156,7632,9420,-992
-1626,8479,-12156,-1626,8479,-12156,7632,9420,-992
-1890,5139,-10571,-1890,5139,-10571,4976,9468,-304
-1890,5139,-10571,-1890,5139,-10571,4976,9468,-304
-1333,4180,-10429,-1333,4180,-10429,236,7520,-780
-692,4249,-11025,-692,4249,-11025,2300,5992,-920
-692,4249,-11025,-692,4249,-11025,2300,5992,-920
1386,5278,-12690,1386,5278,-12690,2828,5200,-2164
1386,5278,-12690,1386,5278,-12690,2828,5200,-2164
2662,6461,-14981,2662,6461,-14981,12708,16032,-7624
2264,6086,-14534,2264,6086,-14534,12708,32767,-14628
2264,6086,-14534,2264,6086,-14534,12708,32767,-14628
98,6775,-14683,98,6775,-14683,6308,31692,-8384
98,6775,-14683,98,6775,-14683,6308,31692,-8384
-1438,9730,-13793,-1438,9730,-13793,-1860,15288,-52
-1438,9730,-13793,-1438,9730,-13793,-1860,15288,-52
597,12804,-12993,597,12804,-12993,2884,11700,4260
1355,13273,-12986,1355,13273,-12986,8000,10140,9380
1355,13273,-12986,1355,13273,-12986,8000,10140,9380
1798,10906,-12898,1798,10906,-12898,10084,10040,12200
1798,10906,-12898,1798,10906,-12898,10084,10040,12200
1752,7679,-11489,1752,7679,-11489,-7116,10912,7492
1752,7679,-11489,1752,7679,-11489,-7116,10912,7492
1919,6532,-9300,1919,6532,-9300,-4680,19440,452
2213,6117,-8270,2213,6117,-8270,2520,19212,1708
2213,6117,-8270,2213,6117,-8270,2520,19212,1708
2001,3574,-6259,2001,3574,-6259,12012,17132,2832
2001,3574,-6259,2001,3574,-6259,12012,17132,2832
1063,973,-6107,1063,973,-6107,5276,16348,2460
1063,973,-6107,1063,973,-6107,5276,16348,2460
254,-1850,-6583,254,-1850,-6583,-216,14300,260
-41,-2769,-6865,-41,-2769,-6865,-1724,12988,-420
-41,-2769,-6865,-41,-2769,-6865,-1724,12988,-420
-1622,-5461,-6395,-1622,-5461,-6395,-3180,13276,-2640
-1813,-6235,-6760,-1813,-6235,-6760,-824,14236,-2828
-1813,-6235,-6760,-1813,-6235,-6760,-824,14236,-2828
-2312,-7096,-7444,-2312,-7096,-7444,1404,19376,-4876
-2312,-7096,-7444,-2312,-7096,-7444,1404,19376,-4876
-2846,-6997,-7518,-2846,-6997,-7518,-764,19132,-3592
-2846,-6997,-7518,-2846,-6997,-7518,-764,19132,-3592
-3384,-6125,-6443,-3384,-6125,-6443,-2248,17876,-5016
-3384,-6125,-6443,-3384,-6125,-6443,-2248,17876,-5016
-3433,-4196,-5896,-3433,-4196,-5896,-1460,17112,1244
-3433,-4196,-5896,-3433,-4196,-5896,-1460,17112,1244
-2924,-1865,-5239,-2924,-1865,-5239,688,18524,1332
-2782,-1380,-4902,-2782,-1380,-4902,3664,18700,2836
-2782,-1380,-4902,-2782,-1380,-4902,3664,18700,2836
-2620,-395,-3804,-2620,-395,-3804,4200,18588,2936
-2620,-395,-3804,-2620,-395,-3804,4200,18588,2936
-2699,102,-3513,-2699,102,-3513,1724,17604,2496
-2699,102,-3513,-2699,102,-3513,1724,17604,2496
-2912,693,-3401,-2912,693,-3401,2416,16384,2332
-2940,995,-3394,-2940,995,-3394,3568,15356,2420
-2940,995,-3394,-2940,995,-3394,3568,15356,2420
-3302,1484,-2605,-3302,1484,-2605,-872,12196,1228
-3302,1484,-2605,-3302,1484,-2605,-872,12196,1228
-4599,458,-2175,-4599,458,-2175,-1400,9844,-820
-5093,-57,-2206,-5093,-57,-2206,-1068,10428,-2056
-5093,-57,-2206,-5093,-57,-2206,-1068,10428,-2056
-6112,-756,-2625,-6112,-756,-2625,2524,14272,-4248
-6112,-756,-2625,-6112,-756,-2625,2524,14272,-4248
-6688,-1415,-2373,-6688,-1415,-2373,4652,18872,-5168
-6776,-2354,-1062,-6776,-2354,-1062,3692,19260,-4584
-6776,-2354,-1062,-6776,-2354,-1062,3692,19260,-4584
-6933,-4192,-400,-6933,-4192,-400,2316,18288,-2876
-6933,-4192,-400,-6933,-4192,-400,2316,18288,-2876
-7019,-5111,-374,-7019,-5111,-374,1136,16896,-3020
-7388,-5363,-293,-7388,-5363,-293,556,15720,-2312
-7388,-5363,-293,-7388,-5363,-293,556,15720,-2312
-7003,-5580,-98,-7003,-5580,-98,260,16020,-3324
-7003,-5580,-98,-7003,-5580,-98,260,16020,-3324
-5740,-4395,-520,-5740,-4395,-520,1772,15772,-3772
-5740,-4395,-520,-5740,-4395,-520,1772,15772,-3772
-4235,-3637,-675,-4235,-3637,-675,3696,15192,-3496
-4235,-3637,-675,-4235,-3637,-675,3696,15192,-3496
-3416,-1997,-2469,-3416,-1997,-2469,1328,11716,-4884
-3416,-1997,-2469,-3416,-1997,-2469,1328,11716,-4884
-2143,3962,-6907,-2143,3962,-6907,-972,14312,-2000
-1688,6501,-9000,-1688,6501,-9000,-544,12896,-2188
-1688,6501,-9000,-1688,6501,-9000,-544,12896,-2188
-1084,8532,-10361,-1084,8532,-10361,3376,10324,1152
-1084,8532,-10361,-1084,8532,-10361,3376,10324,1152
-2192,6979,-10102,-2192,6979,-10102,1252,7676,536
-2192,6979,-10102,-2192,6979,-10102,1252,7676,536
-3491,5457,-9968,-3491,5457,-9968,3828,7568,276
-3491,5457,-9968,-3491,5457,-9968,3828,7568,276
-4358,3564,-10049,-4358,3564,-10049,5484,11740,1604
-4358,3564,-10049,-4358,3564,-10049,5484,11740,1604
-4783,3350,-10285,-4783,3350,-10285,10764,15984,3384
