-4,-44,-50,-107,20,-98,108,70,34
-94,-2,-32,-114,31,-93,98,26,56
-62,126,-28,109,87,-117,44,126,8
-78,92,-40,104,92,-124,34,-82,0
-100,48,-6,-64,-105,83,58,18,32
-100,4,106,-87,-103,80,46,-12,-18
16,-16,-110,-97,-4,-12,32,118,42
76,30,38,-122,8,-28,24,-114,-70
-36,-122,-122,-103,117,117,4,46,24
-62,-116,106,-122,113,92,22,70,4
8,126,126,-75,-91,6,64,74,112
80,-118,92,-97,-87,-5,76,92,-100
-30,126,-128,-24,-41,-42,32,-10,60
-112,100,104,-38,-36,-43,56,-22,54
-66,-66,-24,124,-72,-5,-40,-36,52
-84,-90,-46,118,-79,-2,-44,-26,20
88,-84,-96,4,-108,49,44,-56,-64
52,-120,-108,24,-120,47,50,-70,-20
-56,-22,120,34,58,104,54,-36,-64
-12,0,112,52,51,91,14,-50,-72
124,58,24,-11,7,-5,-52,42,116
-62,70,-20,-5,-10,-15,-88,52,54
-12,-100,-50,-3,6,17,38,66,-20
-110,72,42,-15,-41,-7,-56,-72,-94
50,-92,32,65,64,38,-126,-74,-64
80,-56,-128,58,20,17,96,-6,-52
-66,-48,-74,-115,116,-19,38,88,100
56,2,2,-92,111,-52,62,42,88
14,-46,98,23,107,51,-12,106,36
46,-66,38,33,107,38,-8,-120,-56
116,-44,10,65,46,73,126,52,-112
-100,2,12,67,41,75,124,72,98
-88,36,72,-112,-122,-38,126,-8,64
42,18,78,-122,103,-45,124,74,44
8,10,-74,3,-68,58,76,106,-60
-74,-52,110,-3,-97,64,30,-110,-78
58,64,88,48,-51,99,-80,-76,-96
-18,58,76,20,-71,108,-116,-8,-104
52,40,-26,56,41,-83,-86,-78,-108
22,54,126,48,37,-80,-98,112,122
76,-50,36,48,30,6,-6,22,12
108,-74,24,60,38,24,8,-4,14
22,-118,-10,23,111,-121,-108,22,-118
-4,-70,-4,16,114,-124,-26,18,10
108,26,-110,-23,-103,-34,34,64,4
-94,28,120,-13,-93,-22,84,42,66
-8,14,26,0,40,97,-58,10,-92
-32,22,-62,3,59,112,-74,54,-60
-108,8,-108,41,-32,2,78,14,-98
-22,30,-26,42,-25,0,42,-10,-122
-24,-92,60,118,28,81,28,-18,-22
-24,-96,42,123,41,89,-4,-22,78
58,-14,-100,18,96,-97,18,-66,-8
-26,-60,0,39,109,-87,-30,-34,50
30,-114,-106,-16,17,15,70,82,-18
76,-116,-66,4,20,26,40,66,-86
-92,-112,116,-4,-26,-84,-96,-48,-126
120,98,-116,15,-4,-58,-96,-46,-94
-52,50,82,-4,-110,52,120,100,-32
44,64,52,18,-102,56,-114,90,-48
-58,72,-58,110,-11,111,-98,-2,-30
-96,60,-36,-128,-11,124,-64,48,-40
18,94,76,15,-120,-103,50,54,12
80,92,108,12,-127,-121,10,70,-22
0,38,-94,-6,-33,-85,-34,-88,-36
-26,38,-112,-3,-35,-89,-74,-32,-30
106,24,-24,-52,-109,-33,-18,-40,-92
-122,10,-42,-51,-117,-37,24,-74,-36
-22,-12,-32,-64,-100,-7,58,36,-76
-6,-16,-66,-67,-88,-3,94,-6,-16
-82,-4,-62,-96,14,8,-128,-74,22
34,-104,-76,-89,14,4,126,-48,-56
-16,-84,-114,-94,73,-31,32,-50,-118
6,-70,72,-101,67,-46,6,112,48
78,24,-114,119,34,125,92,-116,-2
8,12,-104,-123,31,124,120,104,34
74,20,-106,-55,-40,53,-16,6,74
-120,12,94,-49,-49,44,10,-42,120
-104,78,-110,36,-112,-21,-120,12,-104
-120,-128,-96,42,-115,-26,116,18,-110
110,76,66,66,123,122,-22,44,56
64,108,-76,67,107,115,-20,76,52
32,-80,-66,113,109,-65,88,52,-54
104,-8,-52,115,115,-81,70,-124,24
76,-68,58,59,-40,-50,-78,6,-120
28,-52,60,59,-60,-72,96,-12,108
-58,-84,100,4,-97,-67,92,-40,-50
-10,-82,70,6,-126,-84,30,-76,-104
-12,4,-36,-59,62,29,92,76,88
-40,-66,20,-61,26,28,96,92,-118
-104,-114,-98,-65,22,-50,20,50,-50
118,-124,-70,-69,11,-63,-16,80,-28
2,-8,-118,61,-12,100,40,50,30
-6,66,-68,75,-17,95,-14,46,-4
18,84,-46,26,-42,32,82,-32,22
-114,52,-14,43,-59,26,74,-24,86
-18,-8,58,44,107,40,118,-30,88
26,-28,-44,81,103,32,74,-66,26
-98,100,-76,-37,65,-108,12,56,-114
-74,-102,-66,-8,61,-90,68,34,126
-90,38,48,59,70,59,-88,56,110
-122,52,36,84,61,86,-18,80,110
88,-26,116,48,122,-113,-22,-60,18
-122,-118,-20,68,111,-85,28,-54,-22
36,-110,-120,-72,12,-71,6,-96,-58
-36,-112,-36,-70,-5,-40,-4,-60,-60
-42,64,-10,69,65,-54,6,-126,50
-118,66,-20,39,71,-41,-22,118,112
102,66,-14,-38,-60,105,-76,92,90
-80,114,48,-53,-39,111,-102,24,108
-64,-82,124,70,-46,24,78,-100,32
-86,-74,82,57,-18,23,84,-106,18
122,50,-112,4,94,-81,-2,-46,22
-22,-88,-66,12,93,-100,38,-10,-30
42,48,0,32,-2,11,120,82,-74
98,-38,54,20,-26,-2,-82,102,124
-70,-96,20,110,-48,-53,72,118,18
16,-128,0,126,-71,-49,94,-118,82
62,-54,114,-40,3,-108,-90,-102,-58
-18,-20,68,-53,-34,-117,-76,-86,-64
-86,32,-72,88,67,88,-18,2,-110
68,72,-68,104,23,89,22,-54,-38
24,-66,-66,106,-110,-8,28,88,118
70,-24,-106,114,121,-27,82,44,-108
-14,14,98,-39,110,49,-54,124,82
40,16,56,-15,95,37,-10,-106,-114
-14,-90,-32,-86,-3,-99,102,-20,20
-52,-46,22,-74,-42,-119,90,30,76
-88,-80,-100,126,-57,-56,-36,-28,68
-68,-82,-90,-113,-73,-75,-84,10,78
-36,72,106,49,-106,-88,4,-82,74
52,88,-112,59,116,-116,-14,-74,116
116,10,22,46,40,118,-100,-56,-30
100,42,-110,-24,-5,105,-82,-26,6
-40,-44,18,85,-118,94,-20,-102,92
80,-48,90,-127,-111,68,-22,-80,122
-88,28,32,53,119,26,-30,106,112
-16,84,-56,112,103,-19,-88,114,90
58,-56,82,-43,-27,33,-110,28,-62
40,-30,80,19,-57,-4,-92,-90,98
86,-90,-110,124,95,75,-92,-118,116
-128,-84,118,-109,-99,36,120,78,-112
96,-122,18,115,8,-95,8,102,-94
6,-24,14,-59,97,124,-116,114,92
94,10,-96,104,65,34,-4,32,-50
-2,-128,-16,77,-111,-1,-110,48,-2
-124,-12,-104,3,90,-32,-104,22,-80
-102,-12,-44,60,-39,-54,38,82,-60
-90,22,-26,18,-36,15,-52,108,102
-2,36,-32,92,60,-18,56,34,-12
74,-36,24,22,58,53,-122,-28,-54
-76,38,38,51,114,3,-52,52,126
-6,-20,-54,90,-57,84,-88,-40,108
-66,-76,-74,110,18,24,-64,24,-20
-34,102,-44,99,-116,-109,28,46,100
42,-78,-2,123,-50,-103,56,-58,-82
-68,14,-108,-108,-21,-123,4,-24,-112
-90,-8,-128,-74,36,-91,-30,8,-68
-28,-12,84,106,-12,-109,16,16,112
52,8,116,-128,2,-86,78,-14,54
-124,20,-122,-103,34,47,-12,80,-60
-52,110,-16,-81,60,66,28,24,-64
92,8,-70,113,70,-100,-100,-104,-104
-60,-50,-24,125,100,-99,46,100,66
-102,12,-30,-21,2,29,32,26,6
124,20,20,-3,39,53,108,66,24
-36,-110,-94,-106,-76,-27,-106,62,-76
-102,-84,-96,-101,-56,-13,-70,-54,-96
-102,16,-34,-60,73,101,104,-110,74
-66,40,-26,-48,71,105,-110,120,122
-16,-30,26,116,-7,29,-116,-10,104
112,-46,-46,86,-32,19,64,-20,100
60,30,-36,40,77,-71,100,-92,-22
-48,90,32,37,33,-84,106,102,8
14,-128,102,-65,-14,92,36,-116,58
-14,124,8,-24,-54,75,36,86,86
122,-2,54,-59,52,18,-62,114,6
-36,28,106,-50,1,11,-50,118,-50
12,34,94,-18,-113,63,58,50,30
56,124,96,-7,102,82,76,-78,10
16,-124,10,127,-87,4,42,-44,-128
66,102,66,-109,119,14,0,-50,-84
18,-42,106,71,12,83,-82,28,-80
-122,-28,26,68,-10,88,-58,0,120
-120,64,-80,60,-24,-30,-86,20,-38
126,-126,74,28,-56,-24,-42,-90,-84
-98,-110,92,-49,50,-103,58,12,24
-110,100,96,-77,44,-86,86,-62,-14
54,-40,-68,-112,106,-87,-50,2,-74
64,-76,-14,124,76,-59,32,24,120
-10,-86,42,-63,22,-60,24,-42,-58
104,-128,44,-85,-12,-42,48,-18,-74
56,-82,4,60,-117,66,-126,-112,86
44,-104,-14,59,-117,71,-94,-20,116
96,20,38,-69,68,12,62,54,-74
106,-16,96,-82,64,-3,70,22,-82
-102,-88,38,119,-99,7,96,-92,-38
-60,-116,-20,118,-124,13,126,-110,-46
38,30,-36,54,-117,75,-112,40,-86
22,-10,-22,43,122,77,-104,54,-86
34,-22,-30,11,33,58,-40,54,-50
96,26,44,-23,5,59,-20,50,-68
-48,78,-36,98,-108,94,-34,26,106
34,90,-38,97,-120,98,-54,-2,108
6,108,28,-41,112,-106,40,100,44
-64,96,16,-52,93,-102,28,-104,116
-20,-26,48,-35,-80,48,82,82,-22
-6,88,-34,-25,-100,57,124,48,-120
66,-36,-24,-17,-31,110,10,30,94
116,58,14,-32,-68,115,88,98,-88
22,-100,30,-13,69,86,118,24,-98
88,96,108,-3,31,69,112,14,-54
14,18,-24,-126,-31,-82,6,-86,-32
54,18,22,-128,-84,-87,16,82,-54
-16,94,28,-62,95,-10,-36,12,-72
52,70,-2,-57,54,-23,-44,-20,-114
60,38,86,-70,-36,-91,8,-98,124
-30,76,60,-51,-76,-90,20,-120,124
110,-50,38,-21,68,96,46,18,-74
-78,-68,-114,-45,36,89,36,52,-74
0,-46,22,79,-89,-38,56,82,32
-74,-68,-10,84,-95,-56,44,68,18
84,-50,20,86,44,13,64,86,-20
120,116,-104,85,67,-19,48,48,-60
-6,126,66,-35,-61,41,-86,-84,72
22,84,-16,-26,2,7,68,-90,116
40,28,-110,-118,53,-44,-26,-22,-60
8,-98,120,-75,-113,-68,-98,-40,-6
-20,-30,-74,84,-70,102,-116,-24,-120
-114,94,-110,45,-82,38,-56,12,96
-36,14,40,55,-12,96,82,106,-10
-32,-102,-72,-91,94,45,32,2,-48
84,126,-24,-102,-74,-32,-2,62,-34
92,86,-122,-29,-70,-48,54,72,54
-100,36,66,-72,-104,51,-56,118,-6
-44,-96,54,-28,64,37,-84,-124,68
30,-118,-114,-91,117,25,-82,-108,20
48,-128,58,-97,-90,-3,-104,-12,-6
18,118,-46,-119,-102,-48,-96,98,14
40,-122,22,-50,-87,-88,58,-116,4
-120,116,30,-107,97,-90,-42,108,32
26,98,8,-81,-112,-105,40,122,-24
50,-118,-92,-18,-19,-26,-104,-82,-54
-26,114,-106,40,45,-23,-40,26,-4
-44,48,38,1,-115,-114,78,28,124
2,106,-84,10,-49,-100,-4,-118,46
66,46,-36,86,-7,17,-60,-112,-128
72,48,72,82,40,45,-44,12,60
48,38,108,107,-14,-15,-104,-28,18
-56,-114,-4,71,3,-12,-118,-72,6
-114,-60,52,3,-8,-120,24,-110,22
-80,-14,98,33,60,-107,34,118,-4
-54,-112,-34,-118,90,-12,56,-36,18
64,104,18,-114,113,-3,88,-92,-46
-24,-72,108,-27,56,-44,32,72,34
70,-10,-116,-34,77,-52,82,88,-96
-58,120,54,110,121,-112,46,-28,-118
-94,-68,72,-113,-99,-125,46,-60,118
-78,-18,42,7,-81,86,-60,-18,10
-64,-84,48,34,-42,77,-72,-18,-8
-2,-116,-88,76,73,-50,72,-72,-116
-38,-14,18,106,82,-72,46,-104,104
100,-50,66,58,-47,114,96,72,44
-128,-64,108,84,-51,81,60,-24,16
72,12,46,7,-47,45,80,34,26
96,-34,-10,52,-9,29,104,-26,10
-72,52,80,28,66,-121,90,-122,60
114,-4,42,86,115,115,114,106,38
94,-62,-32,84,-111,-99,46,-108,22
-6,-90,122,-118,-23,-112,102,-110,-20
56,68,-62,50,94,73,-114,122,62
104,-116,-28,102,108,73,-82,-52,92
-120,-64,-74,48,119,15,-96,-22,-60
-48,-18,94,90,108,4,120,-40,-54
26,100,-114,-74,26,-20,-74,46,-40
66,84,-96,-11,-64,-18,-16,54,90
-18,-102,-8,-28,83,14,54,102,-2
-18,-66,74,15,-113,5,46,-122,14
-20,-74,26,27,107,58,46,16,70
34,-74,118,43,-115,52,8,-28,-28
-34,-52,-18,-122,86,60,-116,-100,-38
-26,82,-104,-124,62,88,-116,124,-30
70,8,-74,-44,46,119,-70,16,-82
102,2,-74,-65,21,-102,-44,-54,74
-124,-38,-6,-82,-127,40,-10,34,-92
-16,16,86,-108,96,76,-8,16,-116
106,114,106,6,49,32,124,-76,-128
-30,96,124,-17,75,44,98,-118,64
-6,-98,96,50,-5,-61,-90,-6,82
-2,-114,22,-8,-35,-26,-100,16,-66
28,32,-86,-26,119,-37,-66,120,114
-62,-48,-54,-83,71,-11,-116,92,-38
108,-2,102,-34,-51,-10,-8,-44,126
-128,-32,-92,-70,-37,15,52,4,46
80,-104,112,96,92,12,-50,70,-126
58,120,110,69,67,15,96,38,-60
2,10,-100,113,105,40,116,-46,2
-2,40,-112,91,66,36,-68,-76,34
114,-106,126,41,96,96,-80,104,6
-76,-110,40,10,82,91,-70,6,46
52,18,-66,-73,114,119,-116,34,98
-66,-80,-70,-76,118,125,-92,30,6
126,-100,-58,91,54,36,56,110,38
72,-14,-44,87,57,32,40,8,-96
-86,66,-38,-68,-119,127,46,-84,-76
84,56,20,-48,-122,-108,66,-38,26
38,66,24,-36,127,-56,112,52,16
120,4,28,-13,119,-24,-110,-104,-8
42,-50,58,-120,-39,-89,54,-60,114
-58,-64,44,-112,-40,-71,80,36,-56
-38,60,-124,85,-92,75,10,96,-62
-74,16,-16,112,-105,94,84,120,-78
-44,60,-84,-44,27,55,72,78,-70
4,78,42,-63,11,53,-106,88,118
60,-44,38,56,-105,-55,-74,28,-48
-94,20,90,41,-118,-23,-24,22,58
-36,36,-76,-34,71,-35,62,26,56
36,6,-88,-71,70,19,-76,112,124
-104,98,24,-28,-122,79,6,-12,30
-88,88,24,-68,112,119,40,-60,10
-44,6,60,-71,94,65,122,-36,-92
42,16,66,-96,66,48,64,22,4
-76,58,56,21,85,-65,18,-4,18
-78,66,96,-15,58,-84,-106,-82,-110
98,56,-38,62,-13,-88,-96,4,-60
-92,68,122,-24,51,-48,-124,34,-88
110,126,-6,-57,118,63,-126,124,100
56,-122,-24,92,-86,106,-98,24,-124
48,-122,54,-107,-111,115,-54,70,70
4,-82,38,15,-36,-72,-62,-36,90
18,-126,-44,53,-118,98,-52,-30,-122
-76,-64,24,13,108,-88,66,-72,126
-28,36,62,-69,38,21,86,-28,-8
14,-26,32,-11,5,-22,80,-64,-80
-74,28,-66,85,-46,105,-18,18,-42
60,-104,-28,74,-51,93,-126,-26,60
60,68,28,-125,24,122,14,-14,118
106,24,124,64,55,-123,-88,-106,52
-112,-64,-2,84,110,67,70,100,-32
-118,-92,-48,10,52,82,62,-40,36
-20,48,-86,-77,11,-33,-38,-126,20
-48,-22,100,117,9,-17,104,4,-98
-42,-100,-114,80,-8,-87,-44,-82,96
78,-62,14,37,-6,-78,14,0,90
-16,-16,-12,63,-23,117,110,100,-124
-26,-22,26,21,-19,119,-102,28,-102
16,-46,92,118,11,-28,126,-108,-78
-52,-16,122,99,-4,-2,-122,-92,76
-42,88,-76,65,85,-58,-104,10,28
-112,-104,-68,34,103,-57,-44,-18,24
-26,-12,-86,-13,-60,-32,-2,-16,88
34,-8,-58,-67,-94,-16,46,-42,-16
92,112,2,38,7,117,-96,22,50
-128,4,32,-6,-57,-107,-100,72,74
-24,48,-38,-62,80,-66,54,6,-114
-124,-48,114,-82,39,-39,-112,64,-22
-18,66,84,12,-40,-9,110,-50,98
-20,-128,-102,-11,-47,13,-94,-78,-94
-70,-4,86,-124,-87,88,46,-52,-30
80,-126,-22,89,-85,73,-64,28,112
-26,-128,62,-83,-61,-114,66,-22,-96
-38,-116,20,6,-27,-119,-58,76,14
-36,12,4,-70,-112,-46,-10,-110,-10
-86,-10,-22,-116,-125,-48,-118,-74,-90
-70,-68,-6,107,56,30,-86,12,-14
-30,-100,126,75,23,49,-22,-66,-80
108,-90,14,-113,-7,96,70,124,96
-10,-68,-72,-110,-53,123,-2,-42,-74
28,42,-62,123,100,-95,-94,2,-6
118,-94,70,-128,86,-73,-94,102,-126
-84,-46,-1,95,-95,18,-32,-76,66
90,8,-1,-76,103,44,-48,-1,-98
114,-52,0,-62,-101,-127,-44,120,0
-18,94,94,117,94,-97,-42,88,0
110,-18,60,-121,-69,-68,68,34,126
6,16,-14,14,57,-44,-64,-126,124
24,-92,56,58,-109,-33,30,64,26
18,90,2,62,-11,-28,120,-36,32
10,116,-80,46,-25,-10,-56,-92,-34
-86,14,-4,-15,36,-2,-42,-100,-100
86,-16,4,65,33,83,20,72,66
56,-56,28,-7,9,55,-124,-20,-74
90,6,-68,43,-83,-16,50,42,116
118,16,-124,13,-94,-5,-86,60,48
126,44,0,-1,-11,-111,-48,86,-14
-128,50,12,22,-49,-68,-86,50,88
86,-26,108,46,23,74,-12,-76,-114
-22,102,40,39,-8,87,8,-102,-112
38,78,-128,-105,-89,24,-120,106,-72
48,-40,42,97,-82,4,-72,16,-108
38,-66,-100,70,62,-111,22,-80,-18
-60,4,-66,-17,72,-116,60,0,-104
22,84,-118,-117,38,55,-90,14,-46
54,-110,108,53,13,72,-78,-56,-82
108,60,-34,-121,-108,50,-36,126,-46
82,-12,102,89,121,70,80,-80,-62
-110,106,-22,-118,90,-128,70,-58,38
116,120,-124,67,83,-90,66,-72,60
-80,96,-36,84,-8,-124,-18,-110,94
-96,-10,-58,41,-16,-118,-48,-76,-122
-74,-110,76,-72,57,118,-108,20,-56
72,-116,74,-100,79,-127,110,-116,10
-68,80,-30,7,106,31,-44,-104,-38
54,-112,-98,1,113,42,-34,90,92
34,56,56,47,58,-101,24,-66,-60
-118,-32,114,25,34,-99,-94,-18,-70
-24,-28,38,47,27,-34,-104,32,82
-36,-124,-124,-7,14,-53,-58,-32,-102
-18,88,56,70,-13,-109,-94,2,12
-22,74,18,64,20,-104,46,-60,92
-54,58,-122,48,7,-47,-90,114,-64
-38,-92,116,14,17,-46,-104,-60,106
-88,34,104,99,-97,44,-58,-56,76
66,26,72,70,-63,45,82,-102,8
72,-104,-104,15,-8,112,60,-76,-78
-46,0,6,-17,31,99,-118,44,-58
-48,-110,84,-37,-58,49,-34,-50,-30
-110,6,62,-94,-28,40,114,-116,80
-82,-92,-98,-57,-47,-31,52,24,-42
42,-90,18,88,-41,-49,0,12,-56
-60,-98,-16,47,-125,63,-4,-38,-32
-46,-36,-108,29,121,66,-90,60,18
-112,42,64,3,-17,109,-2,-24,98
2,-124,-4,-26,-22,111,-64,110,58
20,-64,22,-87,-7,116,-122,110,70
-98,-46,-70,-127,-19,118,106,-52,36
12,-84,50,-113,124,-44,-86,34,-106
-6,40,-64,93,84,-69,-86,-16,-34
14,-68,-2,29,-91,26,116,112,10
-54,-34,-18,33,-86,24,102,-76,-58
24,-92,-40,-16,17,56,34,-88,-44
-66,-2,-6,21,44,56,60,12,-14
92,38,-12,81,-71,-47,8,76,26
44,30,-90,106,-108,-39,-52,2,32
90,-36,0,-8,-35,117,22,-24,-108
-60,-8,66,5,-56,-123,56,40,64
-112,-34,98,122,27,-90,-108,94,64
-62,-96,92,-106,-4,-78,102,122,-120
22,-16,-106,23,-96,-65,70,-28,-36
-18,-52,-62,72,-107,-71,72,116,90
-54,82,82,-100,-99,-24,-104,-22,-44
112,82,-84,-72,-90,-21,-118,-104,30
-2,-30,102,-107,-58,87,114,-56,-42
86,10,-20,-96,-62,68,-104,10,82
84,20,-2,-14,109,-84,-40,68,108
-64,16,-56,-4,100,-125,30,10,36
0,52,98,121,-32,-74,-74,-72,-50
-120,-128,-106,-121,-43,-107,-50,-84,-48
-106,-64,118,-95,52,-72,92,-44,76
-116,22,-104,-100,25,-82,-92,-74,116
-108,82,-16,-45,-57,101,44,30,46
-24,-24,32,-42,-66,121,60,76,44
-122,-74,-102,-101,113,-9,50,-22,38
126,104,-54,-78,107,-5,-2,-26,2
74,46,16,-98,76,60,52,70,-110
110,-122,14,-102,43,57,0,40,-44
56,-88,108,55,5,46,-120,54,108
48,-48,18,59,31,60,-112,98,108
-84,34,100,23,47,41,0,46,16
-52,42,-52,33,55,39,50,42,38
106,94,-62,55,14,91,-126,-44,0
74,-60,94,92,20,98,-112,-14,30
122,-84,-32,-30,-82,-12,-44,-126,-96
88,-24,122,-25,-100,4,-70,-78,94
-6,-84,-16,33,123,37,30,-34,-110
-6,-100,10,30,104,19,72,-42,-64
110,-52,122,-123,104,11,-62,-44,-32
18,20,-114,-98,86,24,-72,-2,0
112,56,-90,126,-110,42,-50,-100,8
116,-120,54,-63,-85,60,-2,-112,90
126,26,-94,94,102,-57,-128,34,120
100,78,92,125,89,-51,-118,-70,-106
-102,120,-22,-75,-33,-23,92,-38,46
-108,124,-48,-54,-77,-24,-118,50,84
22,52,-58,-58,-106,28,-6,-26,98
72,70,-118,-68,105,21,-98,-8,-28
62,-48,-88,35,14,-26,-8,88,86
114,10,-64,37,32,-27,64,-128,72
-18,60,46,-36,-48,-101,-90,-98,70
64,-126,48,-50,-71,-89,4,26,60
-2,52,-40,80,61,122,10,-78,58
6,44,38,124,9,-120,-16,-118,70
80,-80,54,64,75,-92,102,106,-32
84,-92,-106,70,-17,-71,-76,-44,122
-28,124,-124,-53,106,18,80,10,-106
-4,-118,70,-99,85,48,68,6,-102
94,30,34,123,115,-48,-104,64,50
114,-4,-118,42,125,-40,-38,56,-50
110,82,98,6,28,-114,72,-6,-70
-26,42,74,-75,48,-85,98,-82,-98
-106,-100,-60,-50,123,-71,-4,26,-42
-76,-68,-10,-49,-90,-15,32,10,-66
0,-76,-100,-28,-83,-31,-66,-26,118
-60,-36,122,8,-41,39,-80,14,40
-30,-10,114,46,5,60,22,-70,-40
46,-40,78,34,-79,-112,-126,54,-8
-114,62,110,-31,-94,-47,-62,82,104
-118,-12,-28,4,-102,-16,-94,78,-8
-46,-74,-94,-47,27,85,-50,-28,76
110,34,-128,-24,21,83,-66,22,46
-124,-92,124,-95,58,102,102,46,-124
-14,-118,8,69,108,108,80,64,116
122,20,-56,0,10,-128,108,82,60
-86,-128,12,-56,2,125,36,-64,26
110,-86,40,101,72,-75,70,44,-44
-34,-92,-110,89,-128,-61,50,88,-46
84,8,-34,-35,-40,-93,28,-122,82
20,-28,90,70,1,-74,-52,12,50
94,88,-62,-101,86,-73,-68,98,-104
-90,-120,-76,-72,103,-111,-88,74,-12
-126,-18,126,-58,34,109,-78,-94,-102
30,-44,-6,-74,32,42,82,-60,-34
116,40,32,-8,-28,8,22,44,64
-74,126,90,-19,23,-23,-104,58,-6
-34,106,-92,88,-8,-99,22,108,100
-2,72,64,42,53,-96,40,90,110
54,88,-72,63,81,-41,36,120,118
-102,-58,-88,25,126,-26,50,-34,90
-92,104,-74,54,37,-6,-24,112,56
74,48,-128,34,40,34,-44,-124,-46
-12,56,-10,-102,98,-3,86,-46,-102
54,40,-102,120,66,6,-108,-50,-42
124,-14,78,85,62,-45,100,-16,92
-68,-8,100,54,63,-20,104,-116,50
-38,80,36,63,29,-114,126,-120,-112
120,-14,-22,12,12,-89,-110,-34,-50
82,-88,90,56,-106,20,44,-66,104
58,-54,-112,20,-96,26,34,-60,96
26,-48,106,10,107,-97,-70,-90,32
-34,20,-90,2,-83,-101,-80,-2,-78
82,-32,-90,72,-54,-73,92,14,54
-20,82,-86,81,-31,-63,90,-60,68
114,-48,-90,-71,124,106,-24,-80,-20
102,10,-36,-53,-121,87,-96,102,12
80,50,72,-107,-63,79,-70,-104,-90
-82,74,54,107,-10,44,-30,98,-104
66,-34,-76,18,78,-98,82,28,-40
-84,64,-128,18,84,-124,96,-16,20
-114,-20,-116,13,91,-17,60,18,-76
-94,-10,-24,19,-103,-53,122,0,-34
100,-112,72,-73,3,-117,42,80,-14
102,-114,56,-104,-3,114,4,-72,32
54,-90,42,33,-62,-63,92,118,-74
-2,108,-94,13,-56,-69,126,-118,-28
8,46,-94,-15,76,127,46,-68,-86
26,110,-38,-20,73,125,76,106,-124
62,26,50,-91,75,-125,-48,-6,96
32,28,126,-106,75,-114,-10,-52,32
-120,-112,66,63,101,-3,126,-2,-42
-120,86,-6,65,124,13,-24,-10,38
38,74,-40,-64,-30,48,-16,-126,-28
110,60,-8,-98,-38,42,-16,-120,28
48,96,-116,111,77,25,18,-6,90
34,-120,-84,51,31,13,52,-114,74
-32,88,54,117,76,70,-54,-46,-100
66,90,62,76,52,85,-44,-22,-118
-84,80,6,98,-40,17,-94,-18,-46
94,-8,-18,50,-98,20,-104,22,-90
66,116,82,-56,92,-3,-4,-26,-30
62,46,100,-68,74,18,0,-30,44
-2,74,48,-65,63,9,40,4,24
-68,122,26,-60,83,9,120,-36,-118
110,-56,-38,-75,107,38,126,58,78
68,-112,-50,-74,122,29,-106,58,122
-50,84,-48,46,8,104,48,66,108
-30,74,-38,14,9,68,110,62,-100
60,22,-74,-128,101,113,-106,-10,122
-44,20,-92,111,68,103,122,-2,32
88,82,-60,-110,73,126,44,38,114
-106,80,-50,-117,45,-127,-40,-46,-106
56,-124,88,81,-83,-54,-98,110,38
66,-60,-114,107,-108,-58,-74,90,94
64,-42,-30,57,-98,-71,-46,108,-114
120,-76,-38,97,-87,-70,-26,118,-30
-66,-74,30,50,64,-58,84,16,20
28,-56,10,68,56,-73,-66,84,40
88,-96,4,16,42,-62,-54,66,56
82,-84,92,3,1,-88,-76,-58,-22
-78,46,-28,-122,-80,90,30,-6,46
20,62,-38,-117,-115,63,44,40,34
-68,-22,68,-100,-63,91,-12,-66,-96
126,-48,98,-65,-80,66,-6,118,-82
-122,96,-8,68,14,-96,62,30,46
-86,-108,-10,99,34,-104,58,-28,-124
44,82,-78,11,-27,50,-50,-50,0
112,78,-64,34,-15,25,44,2,-54
56,-32,24,-12,114,118,-4,-94,-30
-2,-50,12,-14,114,103,20,-18,92
76,-76,36,87,17,-115,-10,46,108
108,-72,-8,70,2,121,-114,32,92
44,-32,116,-79,98,-68,-58,18,-80
-26,-36,86,-79,73,-80,42,-90,120
108,-54,-92,-121,-124,-9,88,-56,74
-80,88,82,115,91,-16,92,98,126
12,-48,-68,100,-65,81,-2,88,66
78,-72,-54,101,-71,54,106,-24,30
-104,70,48,-12,-39,41,68,-80,42
-20,120,64,12,-57,13,124,-98,68
-54,70,6,-53,-75,-36,110,-82,58
84,68,52,-56,113,-37,-58,-70,-64
2,-94,56,-3,96,-83,126,52,20
4,-92,-62,29,106,-70,116,48,-104
-116,108,-20,-71,-22,99,62,118,-104
-52,14,-78,-38,14,76,-100,-4,-52
-18,20,-26,50,-87,30,28,-14,-56
10,-90,-122,66,-57,10,76,-78,44
118,124,18,48,-66,-38,108,34,54
122,-42,100,80,-67,-56,60,112,96
62,92,-10,11,74,125,-92,-32,124
96,-12,26,9,33,-126,-126,112,118
-84,62,74,-123,-69,-7,76,-128,4
-60,-90,10,-86,-46,3,110,116,14
-124,-10,-78,-83,-50,-55,12,78,76
-36,40,118,-66,-16,-73,-18,114,94
-22,6,-72,-83,-18,-52,-98,114,-96
42,-56,10,-66,-3,-79,124,86,108
-118,58,-76,-83,-90,-59,46,120,86
-22,108,-38,-49,-72,-72,66,98,104
34,-30,86,78,-114,36,-118,16,-50
84,116,-124,101,-108,36,-72,58,-80
56,-90,-94,2,117,-5,80,-98,-50
-108,-82,-48,31,111,-17,-112,28,56
96,122,48,66,114,-49,-102,2,-102
100,-14,-70,112,123,-60,-80,84,120
50,90,84,-98,58,116,-32,-68,-114
-38,40,80,-62,73,105,-36,-34,-118
94,-72,-2,114,-72,-63,28,-108,-32
102,-32,12,-121,-59,-84,28,112,-66
-88,-82,-18,-43,18,-28,-40,74,-80
74,-72,-56,-9,25,-41,-56,16,-48
-60,122,72,-17,57,75,96,74,74
14,112,84,-27,61,58,106,-84,68
-110,96,-74,-25,98,-8,30,-36,-40
-98,-90,-68,-78,111,-20,-94,10,-112
46,-84,-112,-122,-110,-66,120,-106,0
88,126,-104,99,-94,-70,36,-110,28
-44,-112,112,-70,-86,-57,22,28,-104
22,-80,50,-31,-80,-63,22,42,-6
0,32,-40,-4,-63,-54,-82,-100,-66
-22,72,-2,0,-70,-56,-34,-30,-62
-64,-118,-44,-18,-56,-33,-18,46,10
-58,-14,-34,3,-39,-39,-30,-2,-104
-32,-24,-88,-24,-16,-15,104,-108,86
-82,-24,-8,-14,-17,-10,-102,-118,110
4,98,-116,-55,60,58,54,-98,-28
-12,94,4,-51,28,55,-14,-110,22
-96,-6,-62,-62,-1,-5,126,-48,78
16,10,94,-98,-21,-22,-122,-34,86
-20,62,30,13,13,80,82,106,-100
-28,50,-66,-44,-26,78,26,-76,-62
44,-16,-116,107,-48,70,86,40,68
10,94,-70,-122,-52,77,104,40,26
-116,-2,-32,80,-71,-31,-76,2,108
-10,-8,-66,107,-112,-10,38,84,92
120,-86,126,26,30,-94,84,4,-70
90,38,36,88,44,-83,88,96,50
-106,-10,68,-84,-20,17,8,118,-42
-110,-10,98,31,-15,33,-12,-10,-2
0,30,0,36,0,-108,60,36,0
-106,14,-26,69,-15,-60,-122,18,0
-112,84,116,73,12,-76,-60,-70,-110
-80,-40,122,-44,99,-122,10,42,6
-56,-4,38,-73,103,-11,-118,-90,-104
62,-124,-8,-109,-65,-1,18,66,64
-94,104,108,-60,-77,105,-8,-66,-58
-92,96,34,-97,-44,62,32,16,76
76,-38,-68,-89,-58,1,-62,-98,-38
-114,-124,78,-50,-88,2,-62,122,-92
24,-20,-30,-33,38,88,-86,92,106
-26,120,66,41,23,96,-40,-88,46
78,80,-36,-89,46,-109,-100,76,94
50,44,54,-46,51,-115,-106,-118,-126
-42,114,-78,-28,2,-51,14,-76,92
8,-66,-104,-13,25,-70,-44,-104,98
46,96,26,13,-59,-69,68,50,94
-126,116,42,61,-45,-88,-48,86,50
82,96,108,29,-27,-27,58,-34,-70
98,90,112,57,0,-53,-38,-52,-58
-58,26,12,-107,107,39,50,-46,-6
32,-94,-2,-96,112,24,108,38,70
-84,120,-64,100,59,28,-74,20,6
-56,-12,32,107,44,37,-92,8,-38
-76,106,64,10,-55,-28,-24,-40,-14
-6,-110,60,9,-68,-40,112,72,78
110,56,-8,-120,64,4,-66,-50,50
-116,8,114,-92,62,-13,-66,-72,118
20,-40,-20,98,-109,-110,-38,48,82
124,14,-124,117,-100,126,24,100,38
-72,-110,8,8,-71,44,-124,-18,-58
116,-74,8,38,-67,31,72,72,-28
-112,120,36,-26,-10,-32,40,92,118
68,118,62,-20,11,-32,-70,-104,-40
44,12,-98,-3,28,-113,-30,-6,-26
-2,46,-122,21,21,-118,18,-38,-30
-30,86,50,-48,-102,98,-30,64,-52
16,74,34,-20,121,84,-8,-22,10
-112,76,-54,-10,84,-13,-104,66,-76
68,44,104,20,95,-28,-128,22,-8
-28,-64,96,-44,19,91,28,80,-4
26,8,-98,-13,35,84,-14,4,-4
0,-26,30,36,-6,-116,-20,124,28
-22,-52,24,69,10,117,-78,-82,-30
-66,-110,-72,-122,-38,-41,106,-40,-28
20,-104,-54,-88,-27,-37,-62,50,102
18,-72,-60,-104,6,-1,44,-24,-16
-110,100,122,-84,11,-6,-72,-14,120
34,124,-74,-17,13,83,-32,116,86
-46,-76,-42,8,8,68,24,-120,-120
-98,68,28,96,-1,113,-8,110,90
94,50,116,117,-7,91,-28,124,-20
86,96,36,79,-70,-58,-32,78,-128
60,-22,90,111,-53,-87,40,94,84
-86,118,126,100,-84,32,-116,88,64
80,10,-122,-120,-56,22,-98,-104,58
-70,10,20,105,-89,121,-60,100,-34
78,-80,-50,-122,-95,113,-40,124,-114
48,94,-6,-110,110,5,98,14,-16
8,94,-122,-81,97,-4,84,-22,-16
70,92,-44,-18,121,97,-44,38,4
112,-110,50,5,106,76,70,100,-18
-22,0,-28,-55,82,-126,-56,4,-42
0,22,-30,-34,81,104,-86,80,-20
-112,-54,-8,-8,3,109,122,-26,46
82,2,68,-5,35,90,-122,-52,116
42,0,-32,68,-85,39,-90,2,-86
-28,-116,0,71,-61,7,-116,100,-74
108,-18,92,-113,-57,51,100,34,16
-124,-78,-74,-103,-26,51,96,92,-32
-10,114,-80,-51,59,-61,-102,-74,-122
-112,-26,-112,-35,68,-76,-100,-102,66
94,-110,-42,125,57,99,-78,44,-34
-24,-22,28,118,101,90,-24,82,-52
-22,90,-48,-34,-88,30,-54,100,50
-28,122,-84,-32,-59,22,-56,74,-6
76,42,-80,25,-108,-95,-92,20,40
-14,116,124,62,-59,-108,-126,88,-108
52,54,58,-116,-21,-19,-104,120,90
-60,18,4,-85,43,-5,90,-120,-86
38,-28,-2,30,-55,65,84,-52,20
-40,-32,-16,47,-75,80,-108,82,16
-90,94,80,-73,63,-109,108,-64,-104
-126,-30,50,-70,33,-96,108,-12,120
-128,-56,18,-13,123,3,-14,124,-64
94,108,100,-3,92,15,-20,46,-26
-92,-46,-122,-111,-125,122,-44,72,96
-32,-92,-54,-74,-50,-101,-68,-110,126
-126,104,10,-68,26,-67,-90,-78,38
36,-122,22,-38,10,-71,110,62,-98
-18,-102,-110,11,-31,-96,78,-66,-64
46,-104,94,19,-49,-88,-84,-48,70
2,-114,58,-22,26,-73,102,66,-14
88,48,-58,-15,24,-54,126,8,72
-88,82,-64,61,77,74,116,88,-10
36,98,76,80,100,95,120,-8,-12
-120,0,-88,109,24,-6,-52,120,-92
-80,-114,102,104,0,5,-22,64,-110
-84,102,122,33,14,89,118,-46,4
-6,-56,-100,25,-12,97,62,-98,-34
-32,-48,96,29,71,-99,-80,26,-84
-2,-116,-92,32,44,-101,110,-78,-22
108,6,126,72,-106,-86,-106,-38,120
-18,-10,-98,59,114,-88,86,42,-108
34,84,78,-123,99,-70,-78,24,118
-52,74,110,110,51,-78,-104,-18,102
-42,-18,34,-122,30,-127,42,88,-84
24,-114,22,-127,-37,116,0,112,-42
68,-2,-30,16,115,33,104,-14,40
80,-84,86,-12,90,23,-88,114,56
-100,10,-74,-48,59,35,-64,100,100
-114,74,-28,-48,18,33,-92,76,-126
94,-56,-64,118,12,-54,16,-66,-126
2,-80,6,110,-20,-44,-32,106,26
-82,52,10,91,-91,-89,-38,32,-38
-118,72,-18,77,-105,-76,-18,-126,110
-28,-94,-2,-56,87,24,108,-62,-10
38,8,-94,-69,57,27,114,-104,-6
16,-80,-12,58,76,90,-100,-60,82
-48,-24,100,48,61,89,-108,124,40
58,6,48,76,-112,-90,92,4,-78
58,12,80,109,-118,-80,-44,-74,114
64,-18,58,-56,46,-108,62,62,2
-66,54,46,-88,23,-119,32,64,30
-94,108,54,91,-59,12,6,-44,120
-90,30,108,66,-109,8,112,-56,-54
92,-6,-42,63,-10,26,106,46,-76
110,-76,-42,51,-64,37,126,86,-88
66,-60,-36,18,-97,102,108,60,-106
-102,-28,-42,-16,-113,99,56,-112,-82
-106,116,36,-14,-5,90,-126,-26,88
110,70,30,-38,24,66,90,-14,112
-58,108,118,66,90,-124,58,-50,-94
84,104,96,45,-119,109,34,-106,-74
-94,66,80,-120,-50,-55,-12,-4,22
-82,96,46,95,-66,-68,-20,22,82
118,-62,64,-122,110,70,34,80,42
-94,-2,108,115,53,54,50,100,-26
48,-38,2,3,54,104,-128,-82,-114
82,-94,-78,4,-16,119,-102,-118,96
-112,104,-58,-14,-64,-12,-84,120,76
-34,-46,-114,10,-98,-10,-24,116,60
58,-92,-88,-47,124,-79,72,-90,54
78,8,96,-52,-125,-86,74,56,62
-86,56,-118,-36,26,12,64,-52,-70
-6,36,126,-62,31,0,-108,88,-84
110,-24,42,-117,-31,-100,-76,-86,-70
-122,-44,-22,-103,-58,-121,-116,-88,32
-24,-38,84,81,116,-76,72,-30,80
-80,-56,-22,81,28,-68,72,-18,-48
66,-80,-98,27,-21,38,-42,-46,76
-40,-40,-62,114,-28,41,-74,44,-4
0,-118,-4,-55,-16,-71,102,10,-18
-82,66,8,-104,35,-107,2,-88,82
-28,-52,-36,4,-85,8,-72,78,-124
80,60,-46,-43,6,-27,98,94,-38
122,42,-106,-120,61,18,-80,10,80
-54,-74,102,-118,-113,42,18,14,12
-36,-56,-78,-7,-37,-62,64,88,40
70,-38,36,-6,-25,-123,2,106,68
-20,-104,-72,24,127,62,-118,110,28
48,126,-100,-9,-90,4,118,14,50
-64,90,-4,-26,-78,32,110,82,-36
-36,16,-86,-8,-42,-35,32,42,-20
-30,6,76,-86,-94,51,-36,56,28
-110,-22,66,-57,-60,70,-92,52,48
-100,66,-16,-123,93,-37,-108,-58,106
-58,36,12,-64,-89,-43,-120,-122,8
30,-106,90,36,81,-21,92,106,-56
68,-102,104,-24,95,-118,-10,-106,-8
14,80,80,76,-121,82,70,-80,106
-110,66,-34,63,-93,27,-120,-56,-14
76,50,48,27,-106,85,-110,-16,-84
90,126,56,27,-46,50,84,-38,-26
32,64,72,-93,5,26,-126,-44,52
44,54,112,-63,42,7,-6,-48,24
60,-8,32,-119,42,61,-116,90,38
8,-120,-54,-95,33,44,-56,112,22
-4,-82,24,72,95,121,-82,104,50
-34,104,-24,111,108,101,-98,20,-14
-92,114,50,21,-9,56,20,116,-64
-92,36,26,-10,8,17,-50,82,104
-16,-72,-48,-48,105,54,14,-2,-72
84,-90,42,-48,-83,15,54,38,-54
24,86,60,-111,-31,33,126,-78,-42
54,44,124,-97,-74,31,-104,-34,52
82,34,36,55,-60,-37,70,92,-92
-32,-120,-128,119,-33,-57,-100,-72,44
-70,-86,86,-78,-127,-22,88,98,-70
-104,-64,104,40,-124,-36,-122,-120,-42
52,24,102,-80,55,-22,24,76,-68
108,-126,50,-6,70,-59,-4,106,94
24,108,36,-121,34,-72,98,62,98
-18,-10,-54,-92,36,-109,70,12,102
106,12,-62,-52,125,6,-56,32,8
-20,28,-94,-40,-84,-18,-42,14,10
-72,-6,94,6,-79,-40,34,-94,-82
-68,66,72,16,-92,-60,76,-94,110
-94,-20,-38,46,-16,112,68,-26,-116
-56,-6,12,55,32,121,56,-128,-54
72,30,-26,68,-5,0,62,-8,124
96,-78,-98,25,52,24,-118,76,-88
4,-90,62,79,124,32,-32,60,12
40,-22,54,63,-62,86,64,-54,-114
52,108,-24,-126,52,-41,28,-66,44
14,-12,-72,59,-106,0,114,-88,0
-114,66,-96,-3,93,-31,34,-82,54
-36,80,-106,2,-94,14,100,116,104
60,100,-26,-60,-57,121,-102,-70,-12
34,22,-56,-73,-37,-116,-40,126,-4
32,74,80,81,57,46,-128,-62,-122
-30,-32,90,75,54,46,-104,-82,-22
-66,70,50,-72,-85,-21,98,4,54
96,-86,112,-66,-79,-39,114,-56,116
54,16,28,69,-32,58,-80,96,-52
-26,8,-2,83,-20,40,-96,78,-108
-4,-116,-48,0,-85,-43,-70,-18,-30
86,-92,-6,-10,-98,-35,-26,-32,-88
76,-80,114,113,0,21,20,-126,-16
114,-68,-94,-121,-11,37,14,108,12
80,-54,70,72,-113,86,120,126,4
-50,-110,76,108,54,91,38,106,-14
36,20,-120,-8,57,-106,114,86,-70
84,46,118,6,43,-102,104,122,110
-62,112,-10,115,80,16,-10,16,-104
-88,-100,8,117,-124,38,-32,-58,20
72,-70,-40,-78,-126,-68,98,96,-46
-50,-8,-106,-60,-117,-47,122,98,6
66,-4,74,-108,62,-56,-34,-20,-126
-12,-78,90,-91,72,-43,-96,62,-62
108,-66,90,17,110,-48,-54,52,60
112,-76,-118,15,66,-15,-78,48,36
48,54,-108,87,32,-1,-76,-100,-48
6,-52,-64,117,-3,25,-74,62,22
70,-78,86,103,-63,-48,-44,50,-26
94,68,52,92,-99,-27,-64,20,-46
-126,70,-16,73,47,95,2,40,66
-112,122,20,94,49,102,14,-94,-106
-4,92,74,21,-7,-33,-44,84,-114
-4,34,74,23,-26,-28,120,86,110
56,-14,124,-6,81,-116,8,-2,88
104,44,-98,29,26,-99,-10,-32,124
-38,-46,-6,-53,126,-44,48,-92,96
-30,96,32,-38,85,-7,96,126,-118
-112,-114,122,11,85,15,126,82,-118
-96,-82,-90,14,60,37,-84,28,-104
-34,40,50,61,76,-37,-58,10,94
-92,-32,78,66,57,-35,-46,20,112
-4,32,122,-108,-8,97,-48,100,-120
-2,-62,74,-103,-2,115,-50,-92,120
90,108,-90,-83,23,-1,92,66,32
-122,90,62,-82,19,12,96,-44,-32
104,92,-94,-8,-61,70,6,-76,-54
66,24,124,-17,-62,81,28,96,-32
-88,-4,-126,116,37,-69,20,4,56
-106,54,-100,105,17,-86,86,84,84
104,104,-96,-1,6,49,48,0,-74
54,-116,-122,-21,-11,82,82,14,-24
-74,-30,-26,23,35,32,-10,84,-56
-122,-26,80,5,27,25,76,-78,-44
42,50,-106,112,-55,118,58,122,46
112,-120,64,116,-53,82,70,-112,102
-102,18,112,8,7,-7,-98,80,-6
-106,-24,-128,-7,12,26,-4,-114,4
-112,-40,-58,70,-26,-121,2,-64,-94
-54,-70,38,55,-25,-128,-90,-88,-28
16,-122,118,-105,88,81,96,-112,100
-12,-94,74,-113,68,69,-72,-94,42
-42,-90,10,108,-50,65,50,78,-98
-16,8,18,108,-56,86,78,86,118
-118,20,38,-15,77,-108,78,108,-56
-110,-114,14,-25,96,-112,-96,-124,-108
-28,-128,4,-65,42,-119,106,-62,28
-40,20,22,-91,40,127,84,-40,-112
24,-86,120,54,105,14,34,-116,18
88,86,60,26,119,-8,90,-28,-112
-102,114,-38,-80,102,-126,30,122,64
28,118,28,-89,106,-107,0,-38,82
-128,-90,108,99,-60,-34,-120,6,-62
32,26,80,110,-82,-16,-100,50,-44
6,-92,-36,69,-16,90,110,-80,56
14,-54,64,58,-33,110,-104,34,-80
-42,122,-106,59,-87,22,-74,-64,-110
-116,124,124,-105,-81,40,-58,46,-122
6,112,-112,-105,-70,45,-12,6,58
-106,-66,-20,92,-38,85,62,-46,-48
30,66,-110,79,-90,-46,16,86,-66
-90,-106,-52,49,-47,-24,-4,76,-104
-68,-108,-86,-23,96,-62,-118,-2,-124
-16,-18,-38,-69,102,-48,-108,20,104
-96,102,122,-108,107,51,-42,-128,-72
-64,38,-86,-124,83,68,-28,104,90
8,-122,-36,-88,117,-107,-54,84,94
40,-124,14,-128,80,-99,-52,56,62
76,-26,94,-5,11,-102,20,-106,116
-56,-56,100,-76,3,-101,-126,-48,26
104,-62,124,-25,-123,-50,-24,124,8
8,70,86,-98,-98,-25,-48,34,12
0,-82,-88,124,32,18,-106,-10,12
20,36,48,84,44,14,-104,-94,-128
-114,-22,90,-5,104,65,48,-50,-64
92,-86,-122,-7,112,87,124,-120,-22
-34,100,-38,-48,4,47,116,100,26
-26,-86,126,-48,-23,58,92,40,86
-76,82,-80,-78,1,-80,106,116,80
8,-86,-72,-95,-75,-85,-86,22,108
112,74,120,-120,67,-42,-62,-16,-56
90,88,-90,93,32,-43,106,-52,-128
44,-112,-84,-90,112,98,118,104,10
-70,-8,42,-107,107,116,94,16,34
106,-20,94,65,-36,-17,-112,-14,-2
126,-60,62,48,13,32,-22,-26,102
-58,58,-72,120,-7,73,8,-58,-58
44,116,-56,93,12,107,-24,-110,-86
94,-92,90,-110,-116,43,100,-12,62
78,-72,-16,-113,-78,88,-32,-106,62
82,76,0,-51,-107,120,60,32,102
12,122,114,-51,115,-114,122,62,-60
38,-84,98,70,-31,110,54,68,118
58,70,-108,57,-57,125,-112,-66,20
108,-18,-42,95,-79,83,94,-10,0
-18,-20,-8,98,-99,94,114,-110,-86
34,-86,22,81,107,40,78,66,92
40,-76,-98,59,121,42,-6,-58,68
98,38,-42,-108,89,-61,-42,-98,4
-44,-48,28,97,79,-31,-22,56,-66
90,72,-58,-70,123,3,10,-2,-104
-42,-78,-80,-72,98,39,-28,-54,98
0,78,-1,65,103,-44,0,-1,-1
0,-72,-1,-40,-7,19,0,-1,-1
10,80,116,126,55,113,26,-32,108
68,94,0,-86,90,99,50,104,28
-12,-82,-28,68,72,-50,-68,82,120
104,-102,52,23,78,-29,32,-50,-8
-94,-102,50,37,50,88,-76,26,26
56,8,-56,30,105,-120,0,-106,36
-38,-26,-76,120,103,-3,-34,24,-128
6,118,-82,57,108,27,-22,-64,-98
18,122,0,-46,-124,89,-28,-126,-96
114,88,-72,-34,110,95,-72,-26,84
90,36,-128,123,73,-43,-54,-28,16
112,-70,-50,123,36,-33,-84,28,108
32,-86,-24,31,47,5,-6,22,88
-70,48,70,-8,52,-7,104,-128,-6
106,-24,-34,89,-12,-26,-40,-64,-44
42,-36,22,29,-11,-30,118,-16,54
-46,-66,-16,78,121,96,-32,-96,-14
-114,-68,88,41,-124,116,102,-62,-118
-58,20,84,73,-93,78,-30,-62,-120
118,-112,-112,27,-71,86,74,-86,-122
-76,-62,12,104,56,-20,64,-22,-14
-38,-72,-68,117,72,-3,114,-30,-26
-94,-120,-86,-111,44,52,-2,-100,48
-58,84,-2,-125,28,57,-56,110,-66
-64,10,-116,-47,-73,70,-58,-70,88
116,56,122,-62,-67,74,-104,90,-120
-68,-78,88,-55,-128,-106,-56,-26,86
-70,-12,72,-72,-100,-96,10,-16,24
102,-44,-100,-125,-25,10,104,-42,56
-32,-26,-96,95,7,25,86,-104,98
102,-10,-96,-113,79,-72,-4,-2,126
-28,-116,-24,109,94,-68,46,32,14
80,86,-100,-18,-4,78,26,-122,26
-24,76,-70,-86,15,88,-18,-38,-30
10,-16,58,4,96,-122,104,-72,-74
-64,-76,-52,-67,91,-118,-56,78,108
116,-26,14,-20,-78,0,-42,-112,-56
102,-86,12,-64,-54,29,-22,28,-24
88,-94,-62,120,-19,-42,-78,-2,86
-82,44,124,70,13,-13,84,-18,36
108,-58,56,-4,122,-94,68,-64,30
-72,74,22,-94,-80,-89,10,30,-116
-84,-4,-56,56,-85,-110,8,98,-96
-88,-42,66,-33,-80,-115,92,68,-22
122,-22,114,-25,35,-66,-26,66,96
-66,104,96,-109,9,-76,20,-42,-114
70,-66,-46,102,93,-105,28,-12,-98
-94,36,114,45,56,-93,-72,-50,-102
48,-68,-102,57,-103,109,-124,-22,-106
-38,-122,94,5,-60,121,90,86,-8
-52,84,102,-99,-108,-22,-24,104,14
-126,-58,20,97,-102,-50,-24,-56,-36
-82,-56,56,118,-111,27,100,60,112
126,20,100,107,-96,2,30,-72,42
-116,118,-52,87,99,-14,4,-2,108
-82,40,-52,77,98,-43,42,80,-100
-86,-126,42,44,65,63,54,126,-128
-58,-90,-22,55,21,60,50,42,-68
44,-102,46,-4,-64,127,114,62,108
-18,-114,-16,18,121,-117,-82,-68,-108
-94,-6,118,123,-93,29,-52,-14,58
28,8,36,-101,-123,63,-46,-128,58
86,66,-48,28,16,29,76,58,88
34,-14,32,95,-9,73,76,-50,104
64,-98,42,-18,34,16,-126,-34,92
118,38,90,50,29,26,52,46,14
-102,18,96,108,-110,70,-6,-34,44
70,102,-78,-80,124,65,-6,-6,-8
120,-104,-100,-2,-45,13,86,90,-82
98,106,-68,73,-90,3,112,-114,-16
-6,-76,-12,-87,40,-86,58,-108,44
0,-68,-70,-20,18,-85,-12,-80,76
76,-72,-74,-68,-34,118,-106,58,118
-32,-10,-110,-46,-57,110,122,-20,44
80,68,-32,67,16,46,74,-116,32
74,-14,-46,75,-5,26,66,110,36
34,30,120,-94,71,101,78,-114,28
-80,32,-76,-85,65,84,82,-98,24
44,-96,-14,79,14,-120,-114,32,-14
104,-12,56,62,2,122,124,-36,38
-78,80,-44,-18,-29,68,-36,28,-6
-50,114,-90,-51,-62,72,-84,-22,-2
-84,110,30,-72,16,-20,100,80,-36
120,114,-28,-90,-30,9,-84,-66,46
100,92,-102,-74,99,88,82,-28,-54
-100,110,-96,-99,86,114,-34,-80,-90
-124,74,-104,-47,-2,7,-94,-10,-72
-74,42,-64,-63,-4,32,-72,-56,-28
-16,100,52,-11,-31,105,-44,2,-48
52,114,36,-26,-36,-124,-72,36,-54
-76,-102,22,59,60,117,96,-64,-116
-70,16,-44,58,89,-119,58,-102,-70
-96,18,42,18,-59,61,84,82,-58
114,-4,24,18,-59,83,74,100,-122
58,0,-86,-52,20,3,76,-68,24
38,-56,34,-36,10,20,-96,118,-32
-32,26,0,-31,-45,-10,52,-72,94
-74,28,-10,-11,-91,11,32,-20,84
-10,88,-82,86,100,-111,70,70,104
12,-82,-92,127,70,-99,46,-122,-124
-100,-120,-58,86,55,74,-48,12,94
92,-42,-62,118,26,55,-62,38,114
96,124,-78,-125,-91,32,16,-54,-10
114,-96,-52,-94,-108,25,-8,78,-58
126,16,-16,-76,12,-12,-18,112,-52
18,54,-82,-37,-22,-19,-22,62,74
116,-110,0,-26,-88,117,-10,40,-118
-22,-42,26,1,102,-106,80,64,-8
40,-90,-32,104,25,-8,-54,-104,44
-86,-94,-22,-115,-5,26,-80,-122,58
122,26,-88,-82,-45,-95,-8,120,-10
-22,-120,106,-73,-18,-65,34,62,-20
70,22,74,16,43,66,90,-78,-52
100,112,-102,14,55,60,70,-88,-104
-80,106,-32,-99,81,62,-100,122,-124
-66,114,40,-75,-36,95,-58,66,74
68,106,96,99,-87,-116,-62,70,-58
-80,-32,40,83,-102,-70,82,-74,80
-126,-8,120,-69,107,-93,102,40,14
86,-54,62,-76,116,-48,-72,94,14
-100,116,-68,43,-94,117,126,30,-24
100,6,-74,-6,-103,103,-102,112,-76
42,42,106,43,-110,-96,80,72,72
-118,74,18,-8,-59,-120,124,-34,16
-78,-4,-46,9,-78,-117,-24,-36,72
-128,84,-40,79,-32,125,-26,10,20
-10,-20,-56,-41,-39,-113,-46,106,-54
78,-28,-18,61,-74,-121,-74,78,-28
-104,62,82,-101,86,36,-120,-126,-100
112,20,126,-47,77,18,76,-92,-66
-60,-74,36,-44,49,105,-116,-22,-42
-104,-30,60,-26,55,89,-78,-16,118
-106,-30,2,-13,-44,93,-66,-108,-92
2,68,10,44,-21,85,-76,120,126
-30,-114,-72,22,123,-50,88,-92,106
-76,-126,-40,47,-127,-40,116,-114,112
94,122,44,-52,67,91,-106,108,92
90,-104,-20,-35,45,95,74,-106,66
-116,-14,120,22,42,-2,10,52,-46
60,-84,-14,-4,78,0,-42,96,56
-74,64,-56,-124,48,21,54,-96,28
-78,126,20,-119,107,57,0,90,56
-50,86,34,116,55,-63,120,118,80
-76,58,-12,119,110,-50,114,82,16
36,106,-30,52,-117,26,-22,104,114
-110,28,-4,92,-97,13,-42,96,46
114,56,-38,-98,-1,-13,58,-94,-80
36,-128,-26,-65,-4,-32,30,-104,108
94,-88,-26,-17,-57,-113,120,-30,124
-112,-54,-84,-48,-44,-113,-66,24,94
-128,-24,12,-12,123,-83,0,-60,-42
-94,6,-10,-38,-73,-62,-40,-52,-46
68,-58,12,-23,-107,84,64,-4,86
52,-68,116,-68,-20,87,46,72,84
-4,34,-88,109,-78,-40,-90,38,-44
-66,60,34,99,-36,-64,-62,64,-60
14,-86,-126,26,-103,-10,64,116,60
70,10,-66,-14,-66,-36,58,58,42
24,64,90,84,-3,54,62,-112,88
-58,58,44,31,58,25,58,110,88
-66,-6,62,83,-46,-64,-44,32,-58
-78,54,106,31,18,-105,-48,32,-34
-4,74,18,37,-58,-52,-104,-20,-8
-50,112,-14,48,-5,-95,-86,-4,-18
44,-50,12,-17,-47,66,20,-78,8
20,-46,-38,-24,8,55,56,-64,16
-38,96,122,-28,105,44,8,0,78
98,-92,-110,-74,-114,46,100,-42,14
-66,-44,-14,-27,-4,-53,24,66,96
-92,-30,-32,26,-9,-32,30,58,94
-52,-32,-26,25,51,-13,-82,88,-114
24,-58,-68,-19,59,7,-44,62,-128
-30,-104,-76,-36,-36,20,-106,14,60
-54,36,-10,-57,8,51,-124,4,-128
32,-58,-120,-121,42,51,-104,80,-86
-110,80,-104,73,84,83,-58,-18,-90
62,-54,-26,6,-114,80,-20,-80,0
74,-2,10,-32,-126,117,-50,-48,-112
44,-84,48,-72,-85,49,126,84,100
28,-82,22,-123,-109,57,-116,38,44
20,58,-48,-48,105,-15,112,72,-8
50,-108,-64,-103,96,19,76,86,12
-110,24,78,-22,-50,-33,-124,14,98
34,22,16,-40,-63,-18,-122,-34,-112
10,-118,14,23,24,-77,-84,14,-100
-42,-110,46,0,-4,-67,-100,54,-100
-14,98,-2,80,22,11,-98,-112,118
-24,78,-26,51,8,14,-94,112,114
72,-80,6,12,108,28,-70,46,-104
88,-78,-28,5,98,26,-122,70,-2
86,50,66,-10,-95,-27,122,52,82
2,90,34,-39,-121,-23,22,-56,-104
-110,90,88,-105,-52,-82,40,78,-124
-80,118,-12,-76,-75,-89,28,50,-114
-60,20,56,75,36,59,-100,-72,-82
-8,70,-126,62,-25,64,82,-12,-50
-38,80,18,126,12,-49,66,-86,90
-110,38,42,-107,7,-52,106,40,-26
72,34,46,-65,-24,71,4,-86,-100
64,-42,4,-102,4,65,114,-92,-84
-84,66,-12,71,28,110,2,34,34
86,60,-44,46,14,115,46,28,60
74,58,-48,18,-91,120,92,-26,28
-126,-84,-10,17,118,127,90,60,-4
126,86,70,8,14,90,-124,16,22
124,116,10,45,-18,82,120,20,-48
-98,96,56,-68,-21,-52,-82,-14,50
-12,110,-56,-44,-34,-83,-68,-30,-4
70,10,2,-4,-71,56,46,16,88
-50,34,-12,-33,-38,34,40,60,-84
-96,-70,70,102,92,-127,-128,78,-70
-124,-116,82,98,-121,119,72,108,-50
40,-32,88,-56,-82,-104,88,38,-86
102,-78,82,-18,-72,-105,62,6,-30
-4,52,66,101,16,-114,24,36,100
38,-46,-40,112,-19,114,58,8,78
58,-90,26,103,8,-113,22,-6,114
26,-114,-116,80,-26,101,16,10,110
-52,46,118,-43,-7,89,112,-38,90
4,36,-60,-76,-8,54,120,-96,24
-120,-76,-102,5,-9,114,-98,-40,36
28,110,-98,-38,-17,83,-34,-80,-14
58,0,-88,-86,-91,-56,112,6,-66
-56,-38,34,-102,-69,-63,126,124,-30
46,-120,76,96,-45,73,4,36,4
30,62,90,80,-21,69,-50,-96,54
-32,-80,54,-46,-99,-23,-44,-8,36
-16,-56,42,-59,-82,-41,-16,-4,116
-18,32,10,-127,73,-62,56,-118,106
80,110,70,120,67,-72,72,0,124
-50,112,-22,-99,32,44,-72,-128,-42
-24,112,-76,-99,25,30,-24,-10,-88
-64,-54,-42,115,-71,117,70,-108,-112
-18,108,18,-110,-54,103,122,38,32
-30,48,78,-10,72,-108,54,-102,-4
-122,24,-26,-7,77,-127,90,96,34
44,40,70,-106,115,2,44,2,-84
56,-54,100,-50,119,-1,-24,-68,-86
18,-4,-92,-48,-4,2,-8,-48,16
-16,-56,-52,26,-10,-12,26,-32,104
-2,38,-50,63,46,48,22,56,74
30,-54,-122,-119,60,15,24,122,36
-70,74,-30,58,-52,-8,-86,116,96
-68,-16,-50,95,-2,-69,-74,-98,-28
34,108,-70,60,-109,34,102,-10,10
-34,28,72,83,-84,-10,58,-108,82
42,38,-66,-59,-1,-93,50,112,0
-126,86,-82,-4,-13,-102,-62,6,-24
-64,28,-104,-85,-119,119,-64,28,96
92,-94,-54,-38,107,116,-102,-22,-72
70,-72,-126,7,-121,-125,-70,-64,-40
30,8,-42,76,-121,-124,112,50,30
-112,-4,60,-120,82,-56,6,-118,-104
-102,112,-100,-73,107,-91,-62,-66,78
-28,-14,94,47,-85,27,24,114,12
-42,80,6,56,-40,-14,40,48,22
-86,-82,-28,-19,122,-121,80,-116,72
92,-30,92,15,-113,107,-122,0,-82
-108,-102,-36,47,-29,-98,-4,-122,-40
-64,-86,116,-24,-125,-114,38,96,122
-44,-122,-80,53,-29,70,-6,-50,34
-10,-72,-78,94,-8,64,-110,-54,114
72,-74,52,123,-37,41,-54,-128,-80
92,-98,92,-127,-70,30,-66,-34,30
16,102,78,-5,-21,-79,48,124,8
6,14,58,-6,-41,-80,-6,100,76
-74,38,-34,-119,-12,-127,-42,104,36
-74,-10,72,-98,-33,124,-40,94,-24
52,-84,76,-21,43,73,104,16,62
66,32,104,-33,28,63,118,28,48
24,-72,-120,32,-77,57,2,-118,108
96,-24,124,28,-75,62,32,64,-104
0,-92,-46,48,-57,126,-68,-104,80
-12,104,-24,27,-38,113,-76,56,42
-100,-26,-6,-81,44,-128,-26,14,48
60,108,74,-69,26,-122,36,-16,68
-56,36,-12,82,-21,77,4,40,0
-82,-64,32,77,-46,66,0,-128,-116
84,64,-36,-72,-15,-119,24,32,-28
32,6,124,-106,-81,-113,-62,18,32
98,-68,-22,-65,-21,-5,82,-48,-98
70,32,2,-50,-50,26,-98,-32,-12
-82,-4,-2,69,88,69,122,-68,54
-124,-72,-48,52,74,77,84,-58,-46
-20,-92,-78,-116,-112,-89,-110,-66,-66
-16,-44,64,98,107,-91,82,-114,-26
-38,108,-30,-122,74,-9,-36,70,-4
20,-36,-104,-122,71,3,92,-52,92
-50,-56,-28,57,44,122,12,96,96
88,-110,52,51,18,124,-36,-12,-58
64,-56,0,53,-87,-69,-64,120,-52
-82,6,60,-42,-95,-29,48,-1,34
0,-114,0,-89,-41,97,24,6,0
-54,-94,0,-66,-76,123,-100,62,0
-20,-26,20,17,-53,-107,32,-40,66
-102,-122,-108,-79,-74,81,24,-86,-44
98,-110,-42,-1,-100,62,-52,108,28
-1,12,46,-78,-90,96,76,38,68
72,76,-66,-75,83,46,14,-98,-128
24,86,120,-45,46,35,52,18,-126
18,114,122,-31,-4,30,-120,-40,-14
24,-84,114,12,-67,36,80,-64,40
18,114,122,-31,-4,30,-120,-40,-14
24,-84,114,12,-67,36,80,-64,40
-98,74,110,-7,-36,-84,104,-102,82
76,64,14,85,-9,-102,-80,10,110
112,94,-128,-77,14,121,34,112,-84
60,120,-60,12,18,80,-36,0,-60
112,94,-128,-77,14,121,34,112,-84
60,120,-60,12,18,80,-36,0,-60
-50,112,48,-3,45,-40,-126,-114,-78
100,-86,34,35,55,-92,34,54,0
90,110,-116,-55,-123,-27,-128,68,12
-106,72,-42,10,-113,-49,118,-70,46
-98,-16,-16,-91,34,-65,-2,-52,22
80,-68,110,-69,50,-59,92,-6,-76
6,-66,-118,-119,-62,-16,-76,-112,12
-94,-128,6,-111,-36,-24,104,-64,22
-40,40,94,-2,-113,-35,-72,-104,-116
50,-6,50,20,-93,-40,4,-16,112
-50,-86,24,-12,12,-41,-108,-16,-64
-86,126,120,13,23,-47,-36,-36,68
92,-116,92,59,-30,-107,-82,-34,-76
58,-108,104,104,-47,-123,8,-12,78
70,82,40,-78,6,2,-78,48,112
34,112,26,-39,-30,-6,-94,84,-44
82,56,94,95,66,-97,54,8,-24
96,6,100,-113,62,-95,-66,-12,72
-112,104,-100,28,93,93,-30,-126,-58
-8,-104,-26,64,102,87,124,88,-90
-94,40,116,9,37,54,-106,-100,86
-40,-12,78,43,61,46,-90,-84,0
4,106,-120,47,51,36,-58,-102,-28
12,-62,44,101,61,30,-88,-124,120
126,-88,-22,21,116,-62,106,126,94
50,-20,24,42,110,-80,86,-114,32
-48,-70,-38,-26,22,25,-76,-112,-36
40,-20,-118,-15,25,20,60,44,-42
76,-2,4,56,4,-68,-116,-26,126
112,-112,76,43,-2,-64,92,-12,122
-110,124,124,21,-67,-108,120,72,-42
-24,-46,126,34,-73,-111,112,68,-76
80,-40,-28,46,112,-84,-72,34,76
-22,-32,-22,79,114,-78,-38,82,-56
64,-114,-18,-76,48,-50,76,16,-94
48,94,-32,-42,45,-54,44,22,-114
14,98,-32,101,-8,-59,-88,56,102
-30,72,14,-113,-17,-67,80,-4,-94
-82,34,-88,-110,126,124,-128,84,2
100,22,-40,-79,111,106,112,-114,30
72,6,-68,10,-8,9,60,-72,-108
56,-94,-74,21,-16,6,48,112,22
-6,118,-102,38,25,87,14,-18,118
-118,118,-48,76,7,58,-90,-4,-78
70,-38,-26,39,60,22,42,-112,-34
6,108,16,46,73,-7,110,-16,44
-66,-92,46,-63,-125,124,120,60,-28
-98,-80,-28,-46,125,102,106,92,-26
-72,124,-106,-37,42,-49,-104,100,30
82,44,46,0,33,-51,-100,74,36
-38,68,-84,103,122,-126,-76,-66,2
-30,124,40,126,105,110,-46,-80,2
-4,-124,-36,8,-17,-95,102,110,30
-24,-78,0,19,-21,-121,-128,104,18
26,-112,114,26,66,-96,2,46,-14
-12,-110,122,51,75,-117,-8,42,94
8,50,20,73,27,-99,100,-122,26
98,70,16,107,44,-120,90,80,82
122,-60,44,-82,-126,-99,44,84,126
-126,90,-100,-66,-127,-115,34,-50,94
-58,-8,-6,25,110,-40,-88,74,52
28,-46,-36,30,67,-35,-94,82,46
44,-108,96,-31,1,93,-116,122,28
82,56,16,-37,-59,74,-114,84,38
108,34,-90,34,20,-35,24,-88,-110
90,-36,84,25,2,-58,-46,-2,60
-106,-114,-14,63,27,108,-14,14,6
-100,-64,-50,29,43,98,-24,52,-104
-32,-50,122,-16,49,23,18,-86,-66
122,-118,-84,-44,44,11,24,-26,-34
-76,112,-104,-31,43,-67,-96,50,22
94,22,-104,-40,91,-77,-94,56,-48
-96,-90,52,-5,-82,0,-98,-98,94
100,-110,78,8,-67,5,-52,-114,-110
-118,88,-46,37,-93,-33,30,114,20
-128,-128,32,46,-91,-47,40,-86,58
106,-72,-12,-128,-32,-20,-124,-72,78
84,24,28,-123,-58,-47,116,28,48
-90,-68,-90,-41,-108,106,122,-14,0
110,-16,-32,-25,127,71,126,-64,-10
8,-114,0,-67,29,67,110,46,120
50,16,14,-36,28,22,78,34,92
-62,-44,74,-108,80,-88,80,78,84
-84,-52,52,-58,-118,-114,78,36,-28
72,50,60,-42,67,-45,124,-86,14
118,96,28,4,-92,-62,-116,-80,-90
-106,102,28,67,75,124,28,-118,34
-50,124,-2,11,88,107,28,26,-8
-72,92,44,-81,-6,81,-84,-108,40
100,42,-14,-7,-13,31,-38,-42,-26
82,22,38,89,-82,-68,-50,-6,110
36,84,78,-74,-40,-125,-120,4,2
46,-14,100,-64,-117,-100,-40,-4,38
30,-70,-6,19,-27,108,-44,0,-12
44,124,-40,25,-20,89,-124,70,60
36,26,-28,62,104,97,-82,28,38
-8,-26,-88,-104,86,-17,-2,-78,34
-6,-74,116,123,122,9,-22,-8,66
124,76,62,-108,53,-34,-40,-6,-76
48,-48,78,122,47,-14,-14,-6,-36
16,8,-18,69,-51,85,-90,40,-8
20,-110,-10,75,-91,115,-122,-28,-54
44,-100,-82,34,62,-37,-40,48,42
-6,36,-46,27,91,-107,-64,76,0
10,-108,96,65,97,-10,34,-128,74
-100,-84,116,78,-61,-6,-24,122,-22
-28,-28,-56,-93,-25,46,84,-78,8
-32,48,36,110,3,66,108,-100,74
88,8,26,-99,24,-47,-2,-8,-98
-88,14,-84,-116,41,19,-42,-24,90
-124,66,50,-1,-82,84,76,-64,-46
-24,-80,42,-6,-62,100,76,-82,-42
40,74,-88,0,-123,14,-118,-108,114
-126,-76,-16,6,-118,0,-94,-40,98
52,82,-118,-103,19,74,84,12,-48
94,46,-82,-88,24,76,28,42,-88
44,-66,-18,39,4,28,-22,-38,-96
8,40,-28,54,19,46,-54,-102,-40
94,122,-80,-65,43,-128,-26,34,58
2,-100,126,-68,35,97,-54,8,62
-60,98,22,65,89,-78,100,-68,108
-30,110,10,44,95,-88,58,-22,86
-62,102,30,-45,92,-3,-66,52,-128
62,-102,50,-57,83,-13,-90,46,120
124,-122,-112,111,-39,39,-80,-120,82
70,110,-114,100,-58,35,-110,78,96
66,-74,80,72,62,74,-78,90,-126
48,-40,66,67,53,85,-110,86,-72
-104,-8,-104,27,-37,108,-80,-52,80
16,-18,114,13,-45,102,-64,-108,58
100,-20,-80,-19,-63,-104,-8,-96,-122
-116,-78,94,-16,-80,-91,-2,-30,-124
80,30,-30,102,82,78,-64,-102,74
82,78,-4,108,60,101,-22,110,68
46,90,56,-47,34,50,-94,110,-72
60,-48,62,-36,-6,59,-76,98,-14
60,2,0,113,19,84,-12,-34,20
-104,-108,-8,123,-25,85,-16,-48,-10
74,-96,4,-59,-50,-8,106,-104,-98
124,-96,-36,-62,-82,-24,46,126,-68
96,36,10,47,-61,-76,22,40,92
-84,80,20,25,-120,-83,10,36,-114
6,-6,8,-119,-19,-40,120,102,88
-6,-50,-8,115,-52,-47,112,106,28
-50,-68,54,-50,-93,-15,-6,54,110
-82,-108,88,-52,-123,-4,-24,32,-114
70,74,-22,-38,80,80,-24,-86,108
86,122,46,-26,57,83,-58,-126,-18
104,-104,-122,-107,-33,5,-100,-108,86
-52,-112,-124,119,-72,-6,-84,70,72
44,70,20,7,51,-33,-16,-48,10
68,-4,18,-17,15,-40,46,-94,28
44,124,74,76,-56,-118,-88,-128,16
-76,-106,64,96,-111,-93,-44,96,30
-52,-52,-32,-105,7,-11,-122,48,-74
-48,-50,14,-85,-39,-15,-128,72,-106
-122,62,-106,79,127,-44,-14,24,112
108,124,-88,74,116,-48,-52,46,124
46,-118,2,27,58,-7,-64,-30,-62
-12,58,44,-14,37,13,-90,-10,-62
46,98,-72,-58,-124,68,90,12,26
-90,-78,-66,-81,72,94,74,-4,60
-116,-28,-12,-122,-49,-42,20,-28,-116
104,-44,-8,-112,-92,-25,-20,-72,76
72,86,120,98,-3,47,-54,78,126
68,26,-88,96,4,43,-104,68,-104
-100,-90,-52,-123,-6,-54,78,0,-32
-88,-24,-66,123,0,-58,98,16,-38
34,-68,124,29,-82,88,106,-40,-94
96,-104,-10,2,-100,78,32,-64,32
-26,-60,72,-76,-31,-73,-72,-30,94
44,94,-42,-90,-22,-93,-96,0,52
-8,-20,-100,-100,117,-78,52,-6,42
-100,92,66,107,87,-123,116,28,-12
92,98,8,-96,-97,45,-24,-58,-8
116,40,-10,-73,-97,24,-72,-84,40
102,-92,-66,-7,115,-36,-120,100,124
2,16,48,59,118,-21,6,-128,-10
-96,30,-114,72,70,57,68,30,-92
104,-112,100,73,81,1,-66,-118,98
-38,54,50,-89,106,38,-32,16,110
-106,-110,80,120,-105,-11,122,-28,76
86,-48,-8,0,-92,24,70,-102,-4
-98,108,112,9,0,-24,-114,-62,68
-72,-84,-2,85,93,118,-128,76,-70
-96,10,-22,106,90,70,-118,72,-8
-60,74,64,-48,-31,-26,-92,110,26
-36,-80,122,-8,-43,-60,-34,24,26
122,-36,-124,-39,-93,-53,-18,40,120
-60,-80,-58,-3,-75,-82,2,-14,-48
-84,12,-48,88,-103,107,-106,84,86
-86,10,-98,-87,-68,93,-80,-78,74
82,-128,24,-53,-77,-86,-32,-2,-74
-70,-14,-100,44,-29,-127,54,-108,114
16,-58,96,-107,86,-43,54,38,72
-102,38,94,-70,121,-104,38,32,118
24,-100,70,46,-62,89,46,-126,-94
-94,-56,24,54,-36,42,-32,-94,-34
-100,-34,-24,115,112,10,74,14,-60
104,100,4,98,-107,15,122,-68,-64
20,-76,-58,109,81,104,-50,108,-54
114,104,64,89,122,-122,-54,76,102
104,-86,-128,-42,7,63,86,48,-62
-46,-46,-102,-98,75,96,-106,-50,-38
-30,-62,-78,-98,-69,80,-50,-2,-6
-114,-28,-122,116,-24,122,16,86,-42
108,-108,114,-122,126,-32,-98,-118,-66
-76,126,82,88,-42,-6,-50,40,18
108,0,-74,-10,3,-8,36,-20,40
92,-18,30,-17,19,34,66,-40,42
104,24,72,-88,-30,-23,108,90,52
114,-102,116,-96,-20,-6,-102,-86,16
84,52,8,98,-86,65,28,-62,-44
94,38,-82,100,-61,44,62,-68,-46
86,78,-4,-123,-48,117,-10,-12,16
90,80,-4,-66,-42,96,46,-16,-40
38,-124,-32,-107,107,111,102,-108,-32
-80,-82,-34,-87,-72,82,106,126,2
120,50,50,67,-113,-107,-90,-86,-124
-100,-58,100,113,-91,-111,122,-76,20
-62,84,26,-45,88,8,-122,-76,-114
68,126,20,-12,49,-12,102,-80,-44
-38,-40,-114,87,-51,-45,-102,62,8
-104,30,90,125,-61,-67,-74,118,78
-104,-94,106,33,-72,-2,-8,58,-20
-62,-102,40,102,33,-23,-36,48,30
-128,10,124,101,113,-15,-120,-80,40
82,70,8,-126,58,-22,70,-74,56
114,-94,56,80,18,-92,42,-112,104
36,-114,98,117,-112,-110,-32,118,94
96,-20,-48,91,96,21,56,-80,-128
94,0,-120,96,106,9,30,-96,108
-70,-78,-46,22,-104,82,-60,-114,-40
8,42,124,8,-66,112,106,44,-38
-122,-66,-122,-26,29,57,-68,70,-12
50,-118,-120,-34,14,82,-68,78,42
-22,32,-84,-7,-111,-123,-62,4,-120
-28,64,14,-29,-116,-97,-4,-6,90
116,-126,126,-4,-6,-42,104,-78,-84
-48,-124,-100,-34,-43,-21,30,112,76
102,-106,82,-17,119,84,-64,-4,-110
84,-14,-60,-45,94,106,-118,72,84
44,60,68,-53,117,95,8,-88,112
58,-98,-84,-61,-126,122,82,-22,76
-90,-8,-86,105,-40,-127,84,104,-52
2,-88,-96,93,-51,-103,40,82,50
-72,82,126,-35,-61,-124,-38,66,-10
-12,66,116,-29,-102,-96,-30,-86,-44
92,96,42,62,-110,112,104,86,50
72,-52,-22,83,109,124,92,110,88
-54,-58,-2,-85,-50,86,-110,0,62
58,-18,20,-85,-72,102,-88,-14,98
-76,-14,24,-93,112,-46,26,32,-48
-58,-44,-26,-109,119,-42,22,-96,46
108,110,48,75,-81,-11,-16,-126,-4
116,44,-2,82,-78,-4,-16,-92,-70
4,-128,44,-108,-37,82,-30,102,116
20,40,-78,-106,-25,99,-92,0,-44
120,-38,-64,-115,-54,32,30,96,20
-24,-74,-56,-84,-60,50,0,106,94
64,-90,-50,-14,55,-71,18,46,-120
-126,44,78,-20,51,-73,24,56,-102
-122,10,42,57,-122,-11,-74,-70,-18
48,-54,-40,29,124,-14,-92,-102,-18
70,118,-52,-23,-87,91,100,-126,90
-90,-112,90,-29,-97,100,122,70,-12
-70,-78,-86,6,-52,-89,86,-38,-2
-34,-32,30,-16,-66,-79,-94,92,48
-76,42,-98,-88,-7,55,104,90,-112
-32,124,72,118,-5,66,-62,38,-120
106,20,-44,-57,14,-48,-128,-106,-40
-32,-78,52,-70,10,19,-80,78,2
-86,106,-64,-124,35,-91,-60,4,64
-118,-114,-92,110,47,-59,-28,-98,-62
-60,-28,-12,104,101,66,116,-82,-24
64,-100,-106,83,79,96,70,56,-18
-112,-110,-94,83,-121,66,62,-18,-114
-48,122,-52,49,111,-128,108,2,52
-18,-118,4,-120,-122,-86,64,44,36
-96,-28,46,96,-127,-40,-106,-108,-64
-58,-50,86,90,-36,-99,-88,-6,-36
122,0,112,58,-30,-63,-26,-32,-106
68,48,90,68,57,-6,70,108,-36
70,30,24,16,71,4,-98,-36,-112
-54,-106,82,103,42,49,90,48,12
-14,88,-60,25,-6,79,42,-50,-104
-50,-42,-86,-99,-97,103,-96,-6,-86
-44,-84,-18,-117,-116,-112,112,-42,-10
-16,-60,4,-110,42,-115,114,-44,28
-98,-46,-10,81,8,-102,-86,-110,-12
52,106,-62,-13,-20,82,28,-110,100
30,-50,102,-66,-37,90,112,74,88
92,-32,20,66,108,-78,-22,20,-112
84,-38,-22,-55,86,-91,-6,-8,-40
50,-118,-44,23,-5,97,-106,26,62
84,-14,92,-54,42,94,-106,12,-46
64,2,86,-63,-38,112,-24,36,-114
76,26,104,-96,-38,124,-66,10,102
64,-4,-44,7,-15,65,6,-44,54
92,-10,-122,15,22,80,66,36,-22
-34,-34,-112,-56,73,123,28,-22,-34
-106,-16,-38,-60,62,-128,50,66,-44
52,122,-30,-12,-77,-74,100,96,-84
94,116,-78,-2,-111,-72,66,-32,94
-86,-78,-94,-108,-20,-17,0,62,-18
-56,12,98,-122,-74,-12,-26,116,-24
34,106,86,117,-2,72,122,30,78
54,76,-62,67,-101,106,24,34,44
8,122,-114,124,-124,-106,26,92,26
-30,36,16,51,125,-94,6,106,66
120,4,-48,-68,-36,-28,116,38,54
-90,48,52,-105,-33,5,-98,-104,0
-88,-4,98,30,-97,57,98,36,118
-100,52,98,-77,-91,31,98,16,-84
-78,-70,-4,-21,-48,-12,-34,-50,80
-64,114,40,-15,-42,1,-64,60,4
-64,42,102,95,37,70,18,-40,-110
-64,12,-68,63,45,61,-66,-54,-76
66,-26,-126,-20,34,49,-38,-96,2
-92,-42,-98,60,47,70,-32,-72,-118
-102,-56,0,23,-1,-83,-112,-40,0
32,-1,12,-100,100,-75,76,-2,0
34,18,-40,54,65,-125,-116,-108,104
-108,14,30,7,75,-119,-62,0,76
-26,-26,120,-57,13,95,26,-42,-128
-2,34,-66,-12,76,103,72,-56,-90
106,104,20,-32,121,-104,-42,46,44
-20,-46,0,-116,-89,-80,-126,48,-88
-56,110,-106,52,-89,-120,60,108,-28
-108,-74,12,95,-96,-101,90,94,-60
58,14,42,58,127,1,-50,-108,124
-52,-98,116,111,46,-4,12,30,-78
18,-112,-56,-118,-49,33,20,80,-126
-40,-46,-52,116,-67,54,34,-60,94
110,24,-84,-78,-31,-60,-40,-60,82
-80,-106,-8,-120,-12,-48,-78,38,-48
14,58,-4,-103,7,11,-92,-62,-48
12,108,24,113,13,19,90,118,-10
110,-4,-16,-79,-95,89,-104,120,-104
72,-66,-58,-90,-95,86,34,-98,48
-82,18,0,28,114,63,68,-18,-106
-78,78,30,42,100,63,62,78,64
-70,-110,-126,-69,17,1,92,0,-2
126,122,-118,-64,-15,-25,104,0,-32
104,-126,92,-118,-92,53,-104,-98,52
58,-102,-46,117,-99,46,80,-120,-74
34,-2,6,-102,-115,75,-98,102,98
-38,8,-42,116,-104,78,-98,-90,68
-56,-80,30,37,-84,-15,-18,-44,-94
80,-106,-22,-6,-56,-11,-94,30,54
98,-48,-122,-17,-55,-111,-126,48,-14
-80,0,124,-16,-41,-97,-104,-38,-46
-54,-90,-38,30,31,-72,80,84,126
106,-76,40,35,24,-82,52,52,-92
124,122,94,-118,88,-1,76,86,-6
-126,-96,72,123,67,11,78,12,46
50,42,106,72,-39,-58,94,-118,-6
30,-102,102,40,-38,-37,96,-96,32
36,24,100,-128,-23,-78,54,110,64
-50,-24,-4,95,-15,-61,-56,-76,-86
80,-74,-16,70,-118,119,-2,8,26
-28,-28,-60,14,-100,-117,-58,-26,102
30,-22,-86,120,109,68,42,-84,112
-102,116,-12,68,-124,75,-62,-28,8
-16,-20,114,50,67,-71,-116,106,22
-20,124,124,3,77,-59,120,72,-82
108,6,-16,26,22,105,-118,58,120
-8,-112,90,-35,40,120,116,78,-54
-34,96,108,46,-119,55,-6,-64,108
68,-96,96,3,-118,76,-32,82,-30
-20,40,10,112,-58,47,36,-84,-108
-92,16,-112,76,-60,59,-8,-20,-28
102,64,-36,-83,-3,-51,56,106,126
42,-110,-76,-122,-2,-40,50,-72,126
24,-84,-108,-32,72,111,-28,58,78
102,-68,-66,-75,77,122,-66,-40,-50
126,50,22,57,111,-68,-18,46,8
-68,50,-68,38,100,-63,-126,88,100
-96,4,-60,-59,-70,-76,110,-100,-10
-16,-24,118,-95,-103,-77,-98,-94,-22
40,-80,108,-45,-106,-121,126,-2,-118
-106,-98,104,-65,123,-107,80,42,108
-14,-82,-72,7,-29,92,-72,26,62
-104,6,-78,-52,-92,75,-82,108,-30
30,62,-16,-84,-41,-111,-16,70,-24
16,32,-74,-126,-30,-120,-16,52,-106
100,0,16,-90,19,43,-78,-4,-16
-36,-50,-4,-56,0,45,-84,-126,-2
104,-62,-28,99,81,29,48,8,54
-90,64,-66,-63,80,43,62,-58,54
32,-68,-84,107,-2,-9,-122,-100,122
-76,0,-46,-111,13,-8,-72,4,112
-28,124,50,85,-23,-124,-66,16,-96
20,-54,14,94,-89,-106,-42,28,8
-122,-14,-12,104,120,-69,74,112,0
94,-126,-10,107,58,-49,10,114,92
12,72,14,-104,-82,-45,30,-6,106
36,-62,108,114,93,-32,-50,-14,42
62,80,58,-36,120,85,-38,-94,114
-56,-24,-76,-53,35,55,-114,32,-56
-90,-70,-62,-87,118,-79,126,-36,-42
96,-38,-80,-117,-124,-67,96,-6,-78
20,40,68,57,74,107,-48,58,32
-68,14,100,43,90,121,-100,-16,54
-78,-58,96,-10,-83,-88,-58,72,18
60,-90,-44,-44,-102,-87,-56,-98,-50
-52,56,16,-87,29,-119,90,32,-22
-80,-102,100,-104,13,-118,78,76,-54
54,20,80,-14,-25,27,28,-94,-98
56,72,-24,-39,-15,16,-42,-90,-78
-42,-126,-92,-99,101,-101,-40,16,74
46,-90,20,-117,-124,-105,-60,-42,74
-60,-42,122,117,64,-109,118,-2,40
2,-80,64,103,61,-114,102,-50,-16
26,64,30,77,66,-80,126,102,96
124,-12,-12,48,44,-83,106,112,-96
98,-20,64,-36,111,-67,116,18,-72
-58,-20,-18,-26,103,-66,82,28,-66
-112,6,116,-103,66,-33,100,-4,78
-36,-4,60,-77,73,-25,2,-34,86
60,74,-54,-76,-125,6,30,-8,110
-68,114,126,-35,-65,4,12,-36,-30
104,-46,68,-65,123,27,124,98,-114
-92,100,-24,-45,-120,43,-58,98,102
-114,20,-90,26,119,-39,96,-102,-2
-100,62,-28,28,-128,-56,78,-100,6
38,-10,114,-120,-13,93,-44,-82,-70
-2,-8,-66,123,-38,90,-56,20,-118
38,-112,46,-52,40,64,48,90,-84
-74,74,124,-53,12,66,54,84,-30
-2,84,-80,-18,-105,0,28,58,-102
-68,-40,106,26,-102,17,74,22,-80
0,-44,30,-44,-86,99,-20,-28,32
-102,-50,86,12,-61,91,-36,-36,34
-62,4,34,100,-1,-21,-52,40,110
102,48,-6,-117,6,-25,-64,28,-62
110,10,-20,65,-87,-96,14,-72,98
108,44,22,74,-122,-83,82,-24,102
86,78,70,-66,111,-67,-94,-2,-34
120,72,-104,-79,66,-72,-34,18,-58
32,-6,8,-29,-37,-93,52,48,-78
120,-24,22,-71,-62,-101,120,64,118
14,-68,-82,64,115,97,78,-90,12
-54,-64,-88,49,102,88,84,-78,-8
10,-50,8,107,21,-115,8,-28,-68
-18,-86,-74,75,-9,-69,56,108,78
-44,108,-28,91,-34,71,114,-58,-38
126,82,-12,115,-127,100,100,10,100
114,106,58,-101,-113,92,38,-36,60
104,20,-22,75,-58,102,88,32,-4
22,-10,114,-21,-79,85,-46,-112,-30
44,-36,-122,-88,-41,104,-52,32,-60
-92,70,-106,49,123,98,82,46,52
36,32,-108,-79,-111,124,104,86,8
76,-18,-90,106,-86,-114,0,-4,106
-8,-72,-14,90,-104,-120,-100,-124,-70
6,30,34,79,-43,-112,32,-106,-10
46,60,96,-43,-9,-58,32,108,50
-100,-62,-40,-20,65,-31,-28,-44,-126
34,70,-108,-116,-101,-48,-24,54,76
-48,122,-76,38,56,48,-92,24,-48
118,124,26,82,-106,56,110,126,-66
-68,64,-90,13,-123,-46,18,-42,66
34,68,-8,67,-110,-27,-40,-6,-112
124,-26,48,-92,-12,96,102,26,-90
-10,0,26,-52,3,88,94,-80,-118
-102,-124,-2,3,3,30,-74,-60,40
-26,-54,-40,58,27,23,118,110,114
-114,74,48,5,2,122,4,-50,-24
108,-32,-90,28,27,113,32,-4,-96
-16,-12,-40,-90,86,112,88,82,-84
62,-80,-78,-80,121,118,108,-96,-86
112,14,-24,74,-74,91,-32,-88,-42
100,-18,-2,59,-53,75,-64,-74,-82
-22,90,80,74,-34,-50,-38,-24,106
58,84,30,73,-9,-72,-30,-8,90
-44,72,-62,21,-59,-97,124,58,-2
10,-128,-124,26,-37,-90,-98,-90,-22
60,-86,58,-89,-116,1,-44,-2,58
-14,-92,58,-101,-83,5,-56,-120,-80
94,-116,126,-99,-77,-58,-90,-50,12
106,112,-114,-99,-52,-53,-36,-50,2
80,104,-102,105,4,43,-66,24,38
38,90,-34,108,51,45,-36,-16,54
28,-12,-34,66,115,35,66,62,-78
-114,40,-2,82,-110,31,70,44,-72
24,-106,124,116,-87,-107,126,4,-106
20,-54,82,-111,-60,123,-72,-14,118
90,-48,-102,-22,56,-36,-116,28,72
28,96,94,-76,61,-55,114,-22,-120
10,100,38,12,60,-4,-34,-28,20
2,88,-26,-65,57,-14,46,50,-8
114,-16,-56,101,20,86,58,6,2
80,-40,-44,63,61,69,66,26,0
4,-88,100,4,-77,29,68,24,10
-58,-60,-120,-41,-41,19,104,-2,50
102,-62,68,-65,115,-2,124,-50,62
110,-22,58,-92,-112,-19,-108,-74,56
102,102,-104,-9,-77,-95,-92,10,-80
-124,112,38,-10,-45,-96,-20,-38,-20
-118,104,64,-47,-82,100,2,52,-44
32,-108,6,-9,-77,99,-18,90,-52
-58,82,-66,-114,-66,-31,-44,86,46
-20,110,-86,-120,-48,-35,-6,30,82
0,124,56,29,87,35,-64,-72,120
94,122,-24,-12,103,30,-118,82,-86
124,32,-10,14,-106,-5,96,-74,82
126,-34,-28,-20,-123,7,46,-70,72
38,-36,-112,-47,3,-78,36,110,26
-54,-32,-102,-106,-3,-78,2,124,66
-36,102,-2,-114,-20,-37,52,-94,-64
-78,88,76,-127,-35,-26,-24,0,114
-126,-24,64,-106,-107,124,114,-30,112
6,-40,-34,115,-111,-119,104,52,106
50,48,-122,-28,35,-67,34,104,78
-124,94,-104,-89,11,-54,42,104,102
-112,-118,120,68,-16,125,-62,-114,56
-114,-106,-126,-39,-34,-125,-96,126,-90
-92,116,-30,91,-47,82,-108,78,74
-70,-96,-126,88,-54,107,120,-82,4
32,106,-2,94,49,-49,-94,66,-98
66,-74,-44,33,35,-57,-72,48,-26
-14,-66,-78,22,-46,-13,72,46,-16
-60,-104,-64,-29,-61,-17,24,38,92
108,28,-2,66,103,25,-2,-14,-74
-44,50,14,26,89,24,-72,-64,-60
96,-112,-8,51,121,56,66,92,116
116,-104,68,40,112,54,82,32,88
-76,2,72,11,63,17,14,18,84
-72,18,52,3,38,8,28,56,-84
-50,-34,-32,15,48,-104,-2,14,-114
24,-6,-62,38,25,-111,-8,6,114
106,112,-92,-77,52,-2,-20,42,-104
104,-118,-44,-75,14,-20,38,-118,116
10,-102,-108,102,-107,-115,-90,58,8
18,82,120,96,92,-117,-102,48,4
-20,30,44,5,35,75,-38,118,108
-64,0,124,1,-25,63,-22,74,88
-76,-104,-2,51,-72,37,118,-40,46
96,86,70,67,-125,32,-110,-24,40
94,52,98,20,25,-5,68,-48,20
-108,60,106,41,0,-7,42,-62,0
116,-10,54,73,-122,-65,-110,0,-84
46,-62,36,96,122,-56,-32,-14,86
-128,-98,-126,-38,107,92,122,44,-72
-122,-90,46,-43,108,82,126,112,-42
-32,118,30,-13,-114,-80,124,120,-52
-16,-82,-22,-7,-124,-89,74,-126,-76
-112,114,-68,27,-35,-44,50,-74,94
-48,124,-40,39,-22,-51,22,-78,-110
-110,20,90,101,91,-35,-112,48,54
-6,56,24,94,104,-61,-20,56,120
2,-120,0,-124,-37,-79,-128,-124,-34
32,14,100,-106,-30,-120,116,96,72
110,-56,-20,-30,61,-61,36,120,6
-54,-106,62,-38,22,-71,12,-82,32
-16,-54,60,-24,113,-71,-92,-68,122
68,80,22,-24,78,-84,92,22,-98
-24,-52,48,55,28,-21,-68,120,50
90,-24,-8,105,37,-12,-52,94,76
-60,88,-126,2,-26,-6,-28,-122,-118
78,-102,40,7,-11,-19,-60,-122,-100
-20,-114,40,113,-112,-67,80,-40,-24
46,30,116,-91,-102,-70,14,6,-48
110,14,-56,51,-10,-40,-124,80,-34
80,2,-66,126,-1,-35,-104,68,36
-54,12,32,-64,120,-78,-78,82,-14
-4,-120,-100,-32,127,-84,-104,-116,6
24,-30,102,99,-77,62,12,50,52
-92,-84,-114,-122,-86,54,-20,36,-128
-60,14,124,-90,74,-88,22,-112,126
106,-20,-102,-41,60,-103,76,50,-124
54,56,54,-20,-20,-21,66,80,72
-32,92,90,5,-33,-40,58,54,80
-126,50,40,-47,34,67,-36,-78,-68
-68,-94,24,-13,55,48,88,86,-32
-96,68,2,111,-43,-118,10,-56,4
-60,-34,18,108,-26,119,2,-24,-122
-70,22,-122,-65,-44,52,-128,34,116
120,-66,-58,-32,-24,54,-126,74,38
92,14,116,-30,-13,-93,-122,-122,116
-110,50,60,7,0,-88,46,90,-96
4,94,-114,-95,-1,34,28,62,66
52,-18,-60,-55,8,48,48,-112,-74
66,64,102,58,102,-31,-116,42,96
-74,116,118,85,101,-42,20,72,94
42,-12,68,111,-88,-27,-4,-110,90
-34,90,52,-111,-72,-55,34,74,52
-118,-114,64,-97,52,80,-100,-122,-90
-120,56,-86,-77,65,47,-34,-68,-102
42,-108,-100,-75,18,64,-18,-84,-106
-84,-74,-108,-46,39,50,-44,-122,-96
-122,-22,124,113,-27,-53,-100,22,-4
58,-46,98,-110,-4,-66,-14,50,-32
52,-108,118,-49,127,50,74,-16,8
104,-50,88,-17,-119,37,36,60,-112
102,8,-34,3,16,127,-64,36,88
-116,-42,10,24,19,123,20,62,68
-50,56,-70,-90,-97,10,60,50,10
-68,-70,-106,-78,-97,5,56,-70,84
0,18,50,-120,5,-81,78,-14,104
30,-124,-102,-68,7,-85,-126,-60,80
-94,44,14,22,108,122,12,0,118
-102,72,4,63,118,105,20,22,70
-6,-128,94,53,-110,-8,40,-88,40
74,16,-124,79,-94,-9,-116,-94,-110
48,36,-48,68,16,-118,92,-68,42
120,-74,-28,97,3,127,106,0,14
-52,-18,-124,109,126,74,90,-74,-2
-42,-62,102,-120,109,75,-128,-110,-10
94,-100,-66,-47,-105,39,102,-40,-46
114,-42,-118,-14,-118,30,42,-118,-50
70,38,38,57,-74,-10,82,-100,-50
-96,-64,-82,114,-88,-29,-112,78,-94
48,30,-122,127,41,50,14,26,32
78,98,120,-113,31,28,6,-10,66
-42,28,114,79,-14,80,98,-4,-26
-118,-94,-80,100,-7,69,96,-124,110
94,-126,76,-29,-53,-24,-8,-108,-64
36,80,96,-1,-47,-29,36,-56,-108
30,-70,100,-126,96,-73,-18,-124,-80
68,-48,48,-126,101,-80,-94,66,-28
112,64,-16,-61,117,111,-32,94,76
-104,94,104,-1,105,100,-28,52,-84
122,124,-110,84,81,-9,-26,60,12
64,-116,-28,83,76,-24,2,-72,108
-106,100,-10,-3,-22,-113,76,44,124
-104,-26,-88,-36,-39,-119,-52,68,-90
14,-56,0,-13,-123,-123,36,58,-52
-112,58,80,-1,-116,-106,64,-44,120
-38,-2,50,-8,17,-119,-2,78,96
4,-72,78,13,15,-128,-114,-102,110
80,56,54,-104,13,78,22,-126,-122
-40,-16,10,-71,11,63,-96,88,78
-40,-12,-10,89,55,32,-32,122,88
-62,36,48,-112,84,38,122,74,-118
-82,-48,-1,28,-6,9,0,-1,-1
-120,-6,-1,-74,-66,77,0,-1,-1
44,36,-34,119,10,121,-122,4,20
-84,-42,-124,-39,-3,126,108,-106,78
-114,106,-6,-113,42,93,50,58,-80
-86,12,-128,-24,94,13,52,-120,70
36,-56,98,74,15,-75,76,-92,-84
-22,-104,58,89,64,-52,54,-24,84
72,-110,-126,54,93,59,64,-70,82
122,92,92,21,76,62,118,116,-10
-72,48,114,30,-17,-68,-122,-50,-14
44,76,-22,108,-38,-52,10,-88,-100
-96,64,-46,-82,81,-46,-48,-48,44
20,-66,8,13,83,-45,82,-92,12
-54,-30,32,-78,-54,57,-102,8,58
-104,62,28,-49,-45,22,92,66,-58
74,44,-4,-77,10,-82,-16,-108,-116
98,24,74,-93,-13,-101,-88,58,-28
-60,-16,108,-124,39,7,-94,114,88
-30,24,-116,-93,64,3,88,68,34
-64,-106,-8,-77,-74,1,-82,-14,-64
96,-76,112,-71,-59,8,-112,-52,-100
-122,-10,126,-60,71,-94,-84,-88,98
26,46,-96,-49,79,-92,122,-86,-84
76,-114,82,99,78,109,-126,-34,-68
-112,124,4,104,66,114,-56,28,-104
76,104,-66,-84,-72,90,-124,120,-122
36,108,-128,-74,-89,86,-56,-78,-64
12,44,-50,7,-6,44,12,10,-80
-122,42,-92,22,-21,52,-58,-58,-94
116,32,-2,126,-49,-66,-30,-128,-48
-128,100,112,-115,-28,-80,76,102,116
72,-64,102,-118,90,-19,90,-98,-80
50,98,40,-92,89,-34,104,76,-102
-18,-108,-124,-82,-79,50,-56,-110,-42
-88,-86,64,-59,-76,31,-42,-64,-90
-8,-120,-34,44,-102,13,-54,-104,102
12,-54,6,79,-121,-9,-56,126,80
-14,78,114,-13,17,-67,-26,-112,114
50,76,104,30,19,-89,-68,48,118
-84,60,108,-12,7,-120,-56,-40,-106
74,-126,104,-6,6,110,-76,-102,-102
-60,122,36,41,-106,92,94,0,-2
-124,92,90,48,-118,75,98,46,-80
94,72,-36,119,-31,117,-18,94,6
24,28,-68,120,-27,109,-56,-48,-38
-120,-92,-10,-114,-58,-18,-82,-76,-74
64,-18,-118,-112,-68,-24,-72,-94,-74
-62,-66,-86,29,-42,-74,36,82,-52
122,-86,48,42,-61,-73,50,116,122
18,-100,94,-60,30,72,74,-108,-100
-30,-84,-98,-57,16,50,-120,-88,-108
-128,76,-68,50,35,-44,0,-88,-96
106,18,4,56,45,-43,-6,-96,-30
108,-26,-124,-40,97,-18,-30,36,110
-22,-20,-56,-11,89,-22,-24,16,-92
-4,98,20,-56,-120,-34,-14,38,50
-20,-80,16,-44,100,-48,-50,70,12
98,88,6,7,-100,47,-16,34,126
-70,46,-76,-8,119,35,-110,76,-108
-72,106,36,-26,-89,4,-42,-18,22
-14,90,-60,1,-59,-20,-86,12,28
118,-64,98,-126,5,23,-70,-52,32
-106,94,96,-123,64,18,-84,58,-32
4,38,-120,-51,-30,-91,74,90,-72
-104,42,22,-28,-1,-92,-88,-74,-122
8,-36,-126,-66,-102,0,50,-128,-28
106,-46,74,-71,-95,-9,42,-52,-54
-60,-78,-94,49,32,-93,116,122,-64
-68,110,-80,47,-1,-104,86,-38,12
-100,72,6,94,5,75,22,-34,80
116,104,-42,115,30,63,-102,-48,46
-98,-118,-32,6,-49,11,6,-64,-114
74,40,12,95,29,27,-32,-110,-48
-18,-26,-78,-37,-112,-103,-84,-120,-62
6,68,-104,-1,-46,-98,-46,-102,-76
-6,76,-96,-107,97,-29,90,-94,4
-86,-16,-32,-109,85,-51,-60,48,-66
-34,-82,-68,-102,-117,103,-92,8,58
-116,-68,-82,-107,122,67,-88,74,92
52,-78,94,105,21,-97,-126,106,-12
34,86,100,-116,11,-107,12,94,46
-92,72,10,91,-118,-110,34,10,-122
-78,28,126,98,-110,-124,58,34,52
-50,-30,-22,94,28,22,80,18,-86
-40,12,28,49,52,19,-106,-8,-104
124,58,36,84,7,-86,-34,126,106
96,86,-28,18,97,-74,-12,-42,120
14,-62,10,-37,-78,-39,-70,-36,-74
116,-96,-52,-88,-8,-7,-28,-24,80
118,96,-18,39,35,49,-14,68,-40
-78,114,-92,-2,66,73,-4,-34,-6
-98,6,-88,-22,5,9,-22,-46,108
-126,52,-50,-28,23,26,44,-80,66
-52,-110,48,-113,-66,74,-52,-64,-2
-26,-56,84,-113,-77,76,-56,122,118
-56,22,122,-69,-86,-87,-58,64,-64
-80,46,-110,-56,-92,-73,-62,22,-72
118,-32,90,49,-101,54,60,124,-94
122,-36,90,60,-106,71,44,96,-12
-46,86,-82,48,-21,-30,-86,112,-52
-76,-80,-92,36,-50,-15,-66,92,-32
82,42,32,70,-44,121,112,-2,26
40,40,28,82,-71,-126,108,66,20
60,66,-126,84,113,-51,88,-4,-24
-14,94,-102,74,105,-44,-4,-60,12
12,-98,-90,-82,-101,-26,-114,-106,-110
-78,-80,118,-103,-111,-22,124,-92,-88
56,6,-54,19,-77,59,-104,-124,90
68,34,-60,-22,-98,76,-126,52,16
-8,12,94,61,-73,-5,8,42,6
-54,58,-92,56,-45,-2,6,28,48
86,46,90,35,-89,-47,-66,106,-100
114,58,80,25,-74,-33,-26,58,-74
-102,-28,2,-14,-15,54,-20,54,-104
-64,2,44,-18,-19,48,-68,110,-70
60,-116,-26,-18,-78,29,-58,72,100
14,40,-112,-14,-85,40,-64,86,80
48,2,36,40,94,22,52,-40,126
120,50,106,41,105,14,88,-70,-94
118,108,-128,73,-29,-112,100,-2,68
112,-78,-88,82,-10,-110,118,-6,-36
118,-122,-16,-82,-120,113,86,10,-88
-126,-128,-104,-77,-99,123,92,80,74
40,114,124,-47,20,-101,62,-8,-118
52,124,56,-39,41,-101,84,-18,88
-36,74,-58,110,-107,30,88,74,72
-96,28,-92,127,123,45,-128,62,86
-58,98,-64,46,51,1,-38,70,-38
-24,38,-106,54,15,-11,-82,48,-70
-86,-88,-42,-76,-72,124,-126,118,52
124,124,-22,-81,-75,120,126,126,86
22,98,-112,-102,11,113,54,-36,-112
-100,84,-124,-106,11,92,26,-74,-70
70,-18,-46,67,-43,116,-46,-96,80
96,-18,-76,57,-18,119,-54,-50,44
-80,8,-16,27,-90,-47,-44,100,-40
120,42,-54,18,-104,-34,-40,-22,62
-12,38,-22,77,-125,86,-100,-22,-22
-20,-30,118,78,102,87,-82,46,-16
-2,118,-102,-110,16,79,48,-88,100
50,-102,-64,-121,-26,72,78,-58,66
-38,4,-100,-87,47,25,-36,-88,-78
18,0,-106,-101,39,27,-52,110,-16
24,-122,-36,-25,84,-32,-40,64,88
-108,-86,38,-45,77,-26,-40,94,-126
38,64,112,-104,-45,-82,22,88,-76
-14,36,-128,118,-69,-94,2,48,-80
-10,-120,16,98,22,89,14,-20,58
74,-126,-44,86,-10,77,34,-52,14
94,-6,76,-50,-96,-71,-34,-6,-4
66,4,122,-58,-92,-94,-44,58,0
56,-106,-4,-38,68,-23,-68,-98,38
12,-98,-70,-21,97,-26,-104,-6,8
12,62,-70,-96,-78,-5,6,-20,4
52,-2,-88,-76,-31,-38,-14,110,-80
-32,44,-60,-114,57,106,32,-122,72
120,-28,22,122,5,66,-20,-112,64
-56,-40,56,4,-53,-38,-74,-118,-80
-58,-80,14,14,-95,-52,-98,126,-108
104,86,110,-4,-99,105,-52,66,-52
58,92,58,28,-70,114,-32,34,-100
-60,-72,4,-40,-54,-37,-56,32,-22
114,-72,-74,116,-11,-21,-54,86,-36
-70,108,122,12,118,21,126,72,112
42,106,-94,60,-100,-26,10,-112,-62
38,-88,86,127,-45,11,-66,8,-124
-42,-122,84,-113,-4,-75,-106,46,-100
-96,38,-54,46,124,112,-46,64,-38
-116,-34,-64,72,-82,56,-124,-86,64
64,-50,-18,23,-99,-4,4,-124,-40
62,-44,46,69,-72,-15,44,96,-38
34,112,-70,-114,10,-72,-6,0,-106
52,-32,-26,-82,13,-83,24,-22,-124
62,-122,-34,-35,-68,-75,-70,-58,0
-116,-126,114,-16,-39,-87,20,24,-32
18,-24,-80,12,-7,-48,-44,96,-118
-16,-18,58,8,-11,-77,-56,78,92
84,-94,-126,-76,-126,-76,28,106,-38
90,-32,94,-80,-108,-103,34,-12,4
94,92,-108,61,71,33,44,-124,-110
78,64,52,69,76,29,52,92,104
96,84,-18,-61,33,-41,52,-26,-78
40,100,-52,-52,38,-57,90,-30,50
-64,-120,-16,74,-55,-88,14,-86,-122
-120,-86,-82,87,-61,-77,44,-62,-106
-68,94,-74,101,53,-65,-108,18,80
56,48,56,83,28,-61,-96,-32,82
98,-106,-122,-95,-126,47,-84,-88,-70
82,122,-48,-110,-127,55,-48,-10,-56
-22,116,66,90,90,-1,-36,22,104
-94,-96,34,81,109,15,-96,24,120
8,28,24,106,58,-92,-82,-110,-46
-14,24,58,83,95,-72,-94,-124,-18
28,112,58,16,31,-40,-14,-42,-28
-120,-96,76,-14,76,-26,-58,-74,2
-90,-28,110,27,87,104,8,50,-114
-98,20,38,2,99,-117,-48,-64,-8
110,28,38,-60,16,84,-38,46,-94
-32,34,2,-72,20,124,8,46,120
-54,-80,34,-67,42,20,12,-28,-24
56,-40,60,-64,33,27,58,-6,18
-100,-34,-46,-6,113,114,62,-68,118
-46,-24,-68,-9,119,101,4,4,58
-68,-32,-114,-8,29,-47,54,-86,-4
96,-6,-80,-22,25,14,72,-90,-14
-106,-86,-96,-18,32,28,32,4,-118
-102,120,4,7,35,9,16,-18,-34
6,-46,-10,-116,-68,24,-40,-120,60
-24,-42,-12,-70,-68,82,-10,-122,40
-16,-108,16,-1,-62,-128,38,-30,56
0,-52,70,13,-73,-122,50,14,114
44,-110,-70,-126,-109,93,-94,36,94
0,102,-44,-102,127,37,-102,122,100
-16,60,-26,-107,-7,81,6,68,30
0,20,80,-56,-28,72,-22,76,22
-100,6,-64,33,74,31,-110,-20,-74
14,-60,-76,47,98,4,-90,-46,-94
42,4,0,0,8,51,-72,88,48
66,126,78,21,3,39,-82,68,56
-116,-10,-70,-37,90,-16,96,96,-70
-122,-34,-42,-27,81,-8,-108,34,98
38,72,50,101,36,31,124,-114,38
22,120,-120,123,34,42,-98,-106,52
64,36,-38,-91,31,51,-82,44,12
82,78,-82,-58,22,41,-112,40,-38
72,30,14,-85,-28,-13,78,-98,94
-8,16,6,-55,-26,-5,50,-70,-112
70,50,14,-78,64,-12,16,-32,-10
-86,36,-84,-59,89,-7,-38,2,-100
96,-4,-42,-39,98,-70,16,-72,-100
-116,40,-36,-13,75,-82,0,-78,-72
-14,-56,44,127,-109,82,82,-20,2
-30,-64,-10,-127,-128,79,120,6,0
-58,-72,110,69,51,8,8,-64,82
-22,-22,-94,57,14,15,4,120,18
-102,36,50,-79,-50,90,-102,54,64
122,14,72,-97,-72,94,-40,84,54
-60,-24,112,9,-66,-81,-82,10,78
-80,-40,58,-18,-84,-75,-114,4,-108
54,-32,84,-39,-90,-5,-10,-32,-104
72,-20,84,-66,-84,0,-52,52,-86
116,-30,-18,73,-53,-83,-112,20,-22
16,-74,-4,59,-64,-65,-72,20,26
88,-66,-110,-17,-81,-51,58,-26,2
52,-32,112,-50,-115,-34,54,-48,98
-10,-124,-12,-26,106,-30,42,-112,20
-100,-112,56,-34,84,-31,44,82,-26
-50,-42,0,109,-87,73,-12,104,-86
58,-42,-10,114,121,102,34,-128,-42
-44,96,86,-16,39,-118,-116,-100,-24
4,104,-96,-34,17,-123,-88,-56,-28
-54,-108,26,-33,-109,20,-94,-84,-20
-52,-112,118,-48,127,-8,-102,-76,-96
-44,70,-114,-116,43,13,106,100,74
68,-118,-90,-123,43,-22,96,124,86
-56,4,-128,-22,65,53,82,-80,98
-32,-38,76,-14,28,57,60,120,42
-94,82,-8,-57,-26,-97,68,-32,110
4,58,30,-65,-47,-91,28,-14,-98
-58,6,-2,33,-90,-4,42,80,98
-30,70,-24,10,-115,46,-2,-82,72
-24,12,-118,-65,76,89,56,-36,-34
-34,36,-90,-96,75,52,52,46,-78
32,100,104,5,-67,-120,116,42,16
-118,120,108,-35,-63,126,110,104,22
24,-84,10,-24,-109,10,94,94,-52
-82,-96,-92,-38,-78,27,100,78,0
46,-128,-28,125,63,69,-96,-30,80
-36,-112,68,-128,55,84,-106,-60,126
82,-10,-74,-110,-26,-79,-92,-56,50
66,56,-62,-96,-30,-63,-126,-38,82
98,-124,-76,24,-16,124,-38,116,-4
108,-128,-30,21,-12,-109,24,120,-16
-106,6,-20,-121,-51,44,12,-6,-12
-22,42,108,-128,-43,59,50,0,-86
-96,38,14,42,119,-65,72,-102,40
78,-40,86,29,113,-61,126,-42,-34
-80,-84,-104,-72,-68,62,-124,90,122
18,110,-72,-97,-89,75,-88,-122,112
-48,58,-6,124,2,-24,4,-60,52
54,82,40,95,-1,-23,36,24,52
-128,64,-90,94,-38,-67,42,96,-48
-74,76,104,73,-24,-42,42,-76,-90
-78,70,54,6,110,-101,-86,-48,-10
6,106,42,-17,-128,-87,-94,84,68
-120,60,40,-57,76,89,84,-28,96
-14,36,-4,-79,96,103,90,118,54
58,44,70,-34,-13,47,124,28,56
-4,36,114,-45,-4,64,-108,80,-56
-74,-22,52,121,-1,-90,-82,58,30
-62,44,-104,109,-13,-86,-44,60,6
-46,-30,-88,9,49,-17,124,94,-80
-54,90,-124,-5,36,3,80,18,-110
-20,24,-70,-114,-76,-127,64,88,28
8,-50,-22,116,-106,-118,-126,-88,-126
124,-26,8,-32,-59,88,-4,-98,-48
58,-64,-14,-82,-75,108,8,-84,-98
10,-124,-16,-19,28,121,80,-34,-98
30,94,-20,-56,48,-123,-92,-70,-30
80,104,-66,9,-105,-93,-74,-56,-84
80,20,-86,-3,-103,-75,-82,-30,-72
68,-90,-100,-76,38,24,122,76,108
-26,-104,-90,-99,24,21,-114,122,-106
-70,-26,28,-119,126,11,48,28,-108
-80,-54,-128,57,109,11,66,46,-50
84,96,-120,120,73,-17,-90,-68,60
-58,118,80,14,64,-24,-98,-110,32
86,-90,-56,104,-75,-102,-116,46,122
116,-76,50,71,-63,-86,-66,-60,94
-28,-116,-120,-48,-47,-38,58,-92,74
-50,-14,78,-55,-4,-7,62,22,114
-102,-20,96,-117,51,-86,-10,74,-58
120,56,-110,-95,54,-67,-52,-128,-80
44,42,-68,-102,-63,-90,-42,6,98
76,60,-30,-100,-55,-90,-74,30,18
-80,-126,-38,57,-16,-100,22,60,34
-118,-38,-4,29,-6,-96,84,-18,-16
-28,54,12,49,-43,-74,118,96,18
22,106,-36,-4,-38,-64,96,-122,116
50,78,20,101,-76,5,-118,-58,18
124,-122,-116,59,-87,14,98,110,14
-102,-54,-46,-33,-21,-75,-16,102,-62
106,30,-102,-17,27,-9,-82,-102,-98
0,-106,-68,69,51,6,-118,106,84
-126,-124,-82,38,54,26,-34,96,88
68,84,-60,-79,-70,93,-120,-78,-38
-70,102,-30,-44,0,120,-128,70,102
-60,-16,-44,-126,110,-32,100,32,-100
32,20,-94,26,-63,-12,-36,60,-96
20,-56,96,-84,23,-101,-68,-4,-118
72,76,96,-21,-51,-120,124,-74,102
0,28,-1,57,99,-57,12,-1,-1
10,94,-1,-29,6,117,0,-1,-1
-34,0,-1,-49,-59,-31,-124,110,0
-46,0,-22,-13,-62,-32,76,-106,0
2,0,40,109,52,121,-128,-124,60
4,-46,40,111,25,10,46,66,-84
-10,-58,82,-123,-65,-11,-30,52,116
72,-38,92,-15,11,-124,-126,88,118
20,50,48,38,-15,122,-4,-124,-94
-12,-18,-96,112,-96,-92,52,76,14
-88,68,-60,-57,-102,-51,-28,60,-120
102,-50,94,-52,98,15,-28,-86,-90
12,24,-18,-38,-36,66,120,-88,22
-118,66,2,-67,-60,75,-52,54,2
66,36,-124,78,74,94,-24,-126,100
124,56,-88,43,118,118,-118,116,-30
-110,94,-4,15,-22,-52,-70,-26,36
44,-32,-46,-115,-23,-73,-84,82,88
-122,-84,-122,25,-100,-88,-52,-54,86
96,24,72,-1,-103,-70,-90,-76,-8
60,116,-90,35,-28,117,-114,-110,-66
-84,-124,82,-9,-30,-124,112,-22,116
-70,78,-66,-50,72,-120,-88,48,52
-44,40,94,-61,77,-106,-90,100,74
-118,118,-94,-103,96,-127,-6,82,54
-26,-42,18,-79,97,118,-72,-46,94
-56,110,-14,65,13,-16,-98,104,-38
-96,-12,-48,44,35,-22,26,-114,-100
-62,-6,6,-90,68,-51,-34,68,76
-70,-4,-60,-114,86,-41,60,-10,120
90,116,36,101,-30,-70,12,28,20
38,-46,120,84,-42,-45,92,40,-120
-20,-118,-30,9,-89,74,-78,94,14
-62,-92,74,5,-96,88,-46,122,20
-32,-90,-14,17,-124,-79,42,-58,-118
48,-8,-2,-1,117,-88,-32,66,82
18,-114,74,-107,-85,106,-94,-54,100
46,-86,-72,94,-103,101,-24,-34,-100
-108,56,38,122,67,-78,42,22,-2
-120,66,46,46,78,-66,-96,-78,-60
64,16,44,108,-109,109,88,14,18
100,-8,-120,51,-95,-128,-56,124,-68
-32,0,-14,36,-87,10,72,68,2
118,-74,54,59,-48,58,76,78,-14
-116,-68,-28,-122,-68,78,-60,36,-18
-110,48,-28,118,-50,102,98,24,46
0,-10,30,-53,-26,125,-26,-46,120
-110,84,24,68,-91,99,38,22,80
-46,-102,-102,69,97,-16,-18,10,40
-94,64,-94,13,66,-14,32,-38,22
104,-90,102,113,-70,-34,-122,48,-26
64,124,-116,52,-87,-32,-74,-20,32
-86,-104,-4,-128,114,-87,38,54,96
-120,-20,68,50,126,-80,20,-28,-112
2,-40,-96,-111,3,85,0,-122,58
-104,28,92,111,32,103,-34,-128,72
16,-120,-76,-69,3,-31,-126,28,-106
94,116,-86,-111,-24,-51,-82,20,-4
-64,-20,4,-107,2,40,-106,16,-70
-26,58,-76,120,12,16,44,-98,-114
92,-28,-22,-76,-14,88,92,-50,120
98,22,92,-100,-36,76,70,84,-46
26,-52,-112,112,-105,33,-24,8,30
60,-90,-56,-85,113,35,-58,40,-40
16,-18,-22,-5,-43,-92,124,-66,78
50,-50,-32,43,-78,-83,84,-24,-46
122,-46,-48,120,-10,107,-100,2,-90
-56,82,-98,-75,-41,124,-110,-36,-38
-54,-56,8,103,80,116,-28,-80,-20
-10,48,-120,-122,64,-100,-34,-88,40
-128,98,-110,73,-115,-10,38,104,-80
-84,110,-114,118,46,-3,36,100,-28
50,-62,10,63,-90,-63,110,50,-68
58,-90,-2,92,78,-38,50,-94,-64
-94,118,-126,-13,71,-43,106,96,54
90,-108,-128,64,52,-32,76,12,42
74,-34,8,-111,-125,-35,28,96,104
60,-66,94,-68,-108,-32,42,58,44
52,-86,-48,12,81,-115,-126,52,78
6,-90,-58,33,122,121,118,10,-120
-38,-52,-70,-99,-35,-110,-8,-120,4
-56,-94,-76,-99,-34,-95,22,-106,-8
96,-118,-62,-24,-19,20,-46,66,-64
-62,20,-54,-51,-33,28,-32,-34,32
58,108,6,104,-125,-24,-22,26,88
-112,66,54,60,88,-50,-64,34,118
-20,76,-110,65,63,86,-102,38,-116
-120,42,-40,56,53,72,-38,-74,-100
16,-54,46,99,-8,72,24,80,22
8,-90,-48,119,-11,86,34,62,-6
-90,52,-34,-13,18,13,-56,-50,-90
4,116,-84,-2,5,22,-52,-42,-94
24,94,-114,6,34,2,-102,-108,-100
-114,-30,38,-16,-4,11,-88,-56,-38
98,16,90,-89,79,-105,100,-30,-124
76,-124,-80,-125,52,-90,90,-36,-60
-108,112,-74,40,83,-65,-38,48,-88
-38,48,-18,11,74,-70,-68,78,66
24,16,62,-40,91,-112,100,-100,-102
32,32,-22,-61,95,-118,86,112,-92
110,-40,108,-7,-78,58,-90,-32,-90
72,-36,-62,-20,-77,42,-58,-120,98
10,16,-44,97,109,64,-48,70,32
36,-96,0,90,100,64,-74,32,70
110,-10,60,77,-60,125,20,-40,-24
-4,2,-26,91,-84,116,-18,-6,-16
92,-42,-12,124,-18,124,84,-62,0
-122,12,-40,118,-26,-117,66,-74,28
70,40,72,-90,-33,-123,-108,40,-8
126,-22,-84,-82,-26,125,114,-6,0
-30,-40,-116,64,127,90,124,-126,-16
124,-58,54,99,-107,67,-78,18,-48
24,-60,114,66,103,-10,86,28,40
-120,-6,-14,77,108,-13,106,-2,-88
56,40,48,16,32,72,8,-48,24
8,54,14,35,22,67,40,-96,-32
82,-114,70,-77,-2,-35,-10,-10,0
-96,-126,-34,-69,-29,-38,-40,-4,62
-114,-36,-70,111,2,-45,126,74,62
-82,-10,-92,-123,-8,-51,-128,-18,96
-102,-62,40,-7,-120,-61,-100,-38,62
102,-28,122,6,-120,-67,-32,-12,110
-60,-26,54,61,28,46,-4,-54,114
22,50,36,62,48,32,-42,-36,-62
76,112,-46,-39,102,-116,22,40,-66
40,-4,-94,-11,109,-123,50,64,16
-42,-20,44,-57,126,126,-88,112,54
32,-22,38,-36,103,-119,-110,86,46
-100,-76,80,54,60,4,-94,-36,-28
74,60,-22,89,50,-14,-124,106,94
4,-34,-30,4,-113,-10,-86,6,64
-40,-48,116,-62,117,-19,-94,84,82
24,68,-128,21,72,-49,-76,60,-36
-2,74,22,-47,24,-49,-78,-30,-82
6,-82,-108,28,-102,108,-48,122,-66
68,-16,-52,28,56,-113,-76,104,6
-46,80,-2,53,67,48,-44,-104,74
-122,88,34,106,34,57,-70,-58,56
74,38,-100,-25,-40,-104,-68,38,-4
-68,32,-74,-18,-7,-118,98,-102,48
-26,-10,2,33,89,-43,-72,-16,-62
38,28,-84,-30,123,-58,-38,-26,-62
-60,80,120,-11,43,19,-118,-122,118
30,24,-110,-27,85,78,26,26,106
-34,40,-116,-38,75,-2,-10,-124,-78
60,64,76,-24,82,53,-26,76,62
42,12,-116,-45,83,-106,-4,4,108
32,96,0,-1,78,-59,84,-84,38
80,-58,-82,-9,-67,-6,-16,30,-102
-70,118,-34,1,-82,9,-78,-40,-46
94,-64,108,-4,39,37,-112,-70,-104
-10,-6,-108,12,27,74,112,-102,-38
-70,26,-12,-95,-12,-74,52,-90,-120
4,50,-34,-99,16,-53,-38,-36,28
-112,118,2,-75,-94,-32,104,-54,-110
-112,-120,14,-97,-71,-12,-34,112,-102
116,16,82,9,119,-13,-84,-88,-12
-66,-40,28,77,-56,-23,-4,92,-66
52,114,48,78,-63,-112,52,24,50
-102,-128,54,-104,22,85,28,4,118
38,-14,-80,-107,-18,116,-16,14,112
102,-62,6,-72,17,43,-36,92,12
-102,42,-30,-91,72,30,84,24,26
86,-34,28,-90,-109,-10,28,44,50
36,-18,-102,-121,68,74,-100,-56,36
26,122,116,93,123,37,-38,116,122
-84,94,84,-6,-57,38,-92,-126,104
30,-58,-18,50,-24,-4,-26,42,-114
34,-78,-74,-76,0,28,-36,108,72
-44,-14,-12,-49,12,18,-64,-20,-14
-80,88,-118,16,11,6,4,12,18
-122,106,-42,-12,14,8,64,102,4
-56,46,-72,61,26,35,120,-100,80
-78,34,30,34,32,48,-110,-106,18
-74,20,22,-94,71,-31,4,-84,-20
12,50,58,-102,61,-15,72,-30,56
-92,102,-28,124,-12,-63,92,-2,-36
122,78,-14,68,-8,-50,112,-76,-112
110,-102,68,96,-77,54,34,-48,46
-90,-80,126,51,-77,56,38,-128,122
118,-46,-26,125,47,30,90,-42,-78
60,-102,24,74,11,53,90,-12,-78
44,-52,120,74,-38,126,-72,-60,-102
-116,-98,8,65,-73,-104,-66,-84,-88
32,-60,-36,6,28,-62,28,88,-22
-128,100,54,-1,-19,-33,22,-118,106
-128,124,-76,-70,-16,-66,78,-118,-20
78,-46,122,-109,0,-42,72,-110,-24
18,44,-42,-57,35,-70,80,2,88
60,-28,112,-74,9,-45,108,-38,64
36,-24,98,22,54,24,-10,76,-72
10,-94,118,-13,47,55,-32,114,-112
0,56,-14,-53,-8,-109,86,-32,-48
-42,-116,-52,-47,20,-70,-126,2,-118
114,120,-94,78,-108,67,-66,-48,10
50,88,-78,58,125,78,-40,-38,-18
-108,-4,-76,101,40,101,30,-126,30
96,10,-62,92,36,99,6,72,46
118,68,-26,-69,-32,124,74,-56,112
92,90,-4,-92,-40,-119,68,-52,74
-26,24,124,115,-65,-24,112,92,74
20,44,-32,91,-55,-21,122,28,64
-78,52,68,-36,-2,75,-128,52,126
116,62,114,-37,3,86,114,92,84
-74,80,56,127,-33,-105,126,104,82
-112,34,80,-126,-67,-114,104,122,18
54,84,104,29,-119,82,124,34,-128
14,14,68,55,120,86,32,-20,-32
-74,-90,80,63,38,-32,-76,-102,-108
-102,124,-122,80,53,-49,-108,-66,56
18,-32,-68,-115,-74,-53,100,-108,-64
8,-104,-22,-105,-63,-50,60,118,-54
-126,120,-76,-74,-49,-78,126,94,2
-40,120,98,-48,-55,-82,-122,58,70
-36,28,-86,-32,-26,-116,-54,-110,-46
-76,84,-38,-19,-56,-126,-24,-128,-64
38,-34,112,42,-21,-25,2,-10,-104
112,-36,40,53,-25,-49,-48,-126,68
-62,-8,-50,107,-59,93,50,58,-90
-94,-86,18,-125,-52,74,30,90,-86
-44,106,-76,-105,52,-59,18,84,-32
-96,104,-74,-69,51,-70,40,70,42
-108,116,-56,-33,106,-122,-72,-50,58
122,-68,-6,-13,120,122,-30,-88,122
-40,-78,-112,-68,109,-3,124,52,32
-26,-102,-124,-45,85,-21,104,-28,-32
56,-22,-42,107,-51,-115,-94,-70,120
-96,42,34,114,-45,127,2,-76,-128
-90,-78,-10,15,-103,65,-72,-18,-46
58,-104,42,32,-82,52,-26,40,-32
-12,2,-94,63,-27,53,126,126,18
-70,-68,-40,89,-9,52,-94,-60,-22
32,-30,22,86,-15,46,-64,68,-112
34,-70,22,120,4,38,-54,62,-106
-20,106,4,55,-43,-58,-72,-2,-6
88,92,36,71,-25,-70,20,-72,14
-70,-62,-60,-114,81,-16,14,-94,-10
28,-118,0,-113,93,-37,12,-60,26
58,-76,-112,-122,4,47,-106,-70,4
94,98,-50,-116,23,41,-50,4,-54
44,0,-84,-116,-58,72,30,-126,-62
-42,-98,-50,-112,-55,87,56,-102,6
74,-62,40,-103,33,-14,126,14,108
-122,-42,42,-98,39,-10,-106,86,92
-28,-30,-84,-41,69,46,-60,-80,52
14,10,-86,-41,67,46,-80,-34,12
98,-52,112,-50,124,-10,-72,-78,-74
-114,-94,-122,-62,125,-30,-34,-66,-56
-24,76,-2,56,-66,-117,124,24,-54
38,-74,8,85,-70,117,-116,108,-46
16,42,42,33,127,-126,-60,62,-104
24,2,20,44,119,122,-56,104,112
102,-102,60,-81,-62,46,-56,-66,-16
62,-24,60,-87,-33,18,-114,-62,-64
-62,-120,-10,-27,108,33,-122,-28,68
126,74,-66,-15,-118,3,-74,52,32
124,64,96,66,58,120,-70,-38,-120
-60,-94,-110,33,96,83,-30,2,116
-88,-90,32,3,19,-65,28,96,-66
60,84,80,-1,42,-94,50,-68,-76
70,12,-92,64,-78,-22,60,64,-112
104,-70,-16,68,-57,-59,46,-120,-128
116,54,64,-110,-120,108,10,124,-100
-112,106,110,-123,-111,78,-36,118,-122
-42,78,10,-99,-120,61,-48,124,82
-16,8,40,-120,-123,48,-30,-104,-106
66,-48,-104,56,26,-56,-68,102,106
-2,54,-76,64,64,-66,46,106,112
62,54,38,1,72,-119,28,4,0
84,112,114,25,93,-122,100,-20,126
62,-38,32,42,49,-36,-116,84,22
-44,30,50,20,22,-67,-68,-122,-44
-60,-112,46,8,-110,-25,-34,-56,-92
54,120,-16,0,-112,-38,34,112,-38
4,34,44,-77,59,-83,50,8,116
-80,-76,96,-76,62,-83,36,-56,60
68,-108,-106,-82,-126,37,46,86,6
-102,-62,-114,-67,-117,22,-22,-44,80
-42,-46,82,30,75,86,-112,-42,94
0,64,118,48,85,65,-56,114,48
-128,32,98,-78,-98,108,10,-38,-60
92,-110,-78,-77,-90,85,0,122,0
24,0,-12,109,80,-104,2,82,-54
16,-34,-78,-121,106,-127,56,70,-76
20,46,2,-93,109,23,2,-78,86
22,90,-52,-85,125,16,-6,-48,68
-108,-120,-66,-57,-11,49,16,4,14
64,-38,-66,-69,-19,27,84,116,60
64,50,-112,-8,81,35,-58,28,124
-20,84,26,-40,72,27,-70,42,-124
86,-32,-118,-35,-68,-115,-46,112,80
38,8,-84,-55,-85,112,-18,-44,28
12,-114,44,29,0,-36,-16,-78,-56
82,16,-78,53,-9,-46,26,6,6
110,2,-80,99,22,71,-24,-60,-76
-48,-20,-70,-125,21,54,-10,20,-58
-6,6,30,117,33,-40,120,116,-46
-80,-12,104,111,35,-46,-106,108,-122
-60,-44,122,-98,85,81,-2,-82,58
-36,-112,90,-93,72,59,-76,122,78
106,-58,38,-76,-68,-21,30,-44,-18
-102,72,6,-86,-85,-21,-90,64,-86
-26,-42,-86,-27,23,-51,84,-52,78
-122,12,-58,-9,17,-57,64,-8,80
110,-92,-90,-27,-115,-65,-12,-64,100
120,-82,82,-52,122,-73,-10,30,-34
-70,-104,-100,-64,98,-73,60,-46,18
-26,-78,-12,-50,87,-77,36,-14,42
56,-24,-54,-109,-102,-85,8,62,56
-74,-66,70,-91,-107,-70,-64,-92,-122
66,-96,92,-101,85,-106,-124,-62,118
-42,-86,16,-124,36,-96,-28,10,-44
8,122,96,-51,7,70,72,52,120
-124,-122,-8,-78,0,90,62,36,76
-18,16,-88,-48,33,-84,110,-94,74
90,-56,18,1,23,-46,48,-102,104
-106,72,6,9,97,-49,-24,36,94
100,-110,-58,24,65,-35,-24,94,-78
96,-84,-62,6,66,33,-56,18,-60
124,-96,-120,30,13,34,-118,50,86
0,36,0,-25,6,50,58,80,0
14,-88,0,30,-32,99,42,88,0
-44,-64,-56,114,81,27,78,86,-26
64,90,26,3,-128,-32,122,-92,-92
14,-38,-58,11,-22,118,54,44,-82
-84,86,-46,-109,60,83,122,18,106
92,-96,90,18,-61,41,116,124,-116
-106,118,-82,-25,-40,17,-54,106,96
78,-42,68,105,90,69,16,98,80
104,126,80,-82,79,49,38,-2,116
-16,18,-124,-72,-36,74,-24,-124,112
24,126,28,16,-59,42,-16,90,2
-74,-30,-50,4,85,-123,-114,34,-86
44,-82,64,80,77,105,34,-74,-90
114,-68,-90,120,-53,-23,-72,0,-128
-12,-84,108,-99,-65,-27,30,-114,-36
-102,10,-120,16,123,-52,-106,18,-52
-60,-114,80,38,105,-43,86,-36,-78
-120,22,-46,-71,-17,56,90,-118,-90
120,92,20,-56,-21,57,-94,116,118
78,26,-110,113,95,-94,90,126,78
-54,72,-18,124,105,-88,-36,78,-58
-34,-20,44,19,61,-45,4,-108,86
-26,-48,-108,37,80,-41,44,-96,20
44,-68,0,6,-109,-55,0,-42,16
-62,-30,-12,41,-121,-53,-28,88,90
72,82,-86,56,95,122,-114,42,-68
42,118,-36,117,78,112,-92,42,24
108,-82,-114,-2,64,-73,-120,78,-114
58,-110,-84,69,64,-89,-128,0,124
76,-44,-6,7,84,54,-48,-118,118
96,44,-122,66,110,50,-2,-44,110
64,-68,-96,-97,34,-23,106,40,-110
70,-104,-34,-66,51,-42,24,-34,-4
66,-76,-100,29,6,-114,56,54,44
56,-94,126,59,39,121,62,-18,58
-58,-108,-116,-85,-108,119,-52,-54,-4
-24,-96,36,-41,-114,126,-116,124,78
80,72,26,-71,-75,124,78,-126,108
48,54,116,-45,-77,-128,112,106,-106
10,-14,-56,28,-92,44,62,-80,82
62,-60,-100,56,-94,22,82,-118,-18
-102,-6,102,125,28,-109,-76,106,-62
102,-74,124,118,-10,-123,-116,60,-38
8,58,100,-82,-6,-71,-8,50,74
-38,-32,102,-51,-10,-85,94,-30,-82
-48,44,10,-58,9,2,-28,-58,44
-6,-114,72,-63,0,4,-20,-44,18
74,-44,-126,-86,-49,-111,-118,-18,72
-98,116,112,-80,-60,-127,-34,4,60
-112,-84,-114,1,45,39,-34,-124,-16
92,102,-62,11,25,22,-94,76,72
-86,104,-58,80,-75,-104,78,76,68
94,32,-96,85,-79,-107,58,44,56
106,-118,-32,-25,-49,46,-46,-14,124
2,112,-122,-5,-60,31,-76,-72,126
40,-18,92,93,-56,-64,76,20,-2
0,-72,-122,91,-70,-69,50,54,42
-34,24,120,-115,-103,61,-42,50,50
-50,60,-106,-118,-104,50,-112,2,88
-10,-78,48,26,75,-71,-62,58,120
-42,16,46,17,72,-80,-46,42,100
-92,-128,42,53,72,20,-80,-4,-50
-120,118,-28,43,89,-1,122,32,112
64,126,102,52,-115,99,42,-96,106
4,-104,40,62,-100,90,90,-82,14
-54,-98,-92,-13,42,-22,-86,110,-26
-70,52,-78,-16,9,-36,126,-126,-74
-118,-36,-124,63,-58,100,90,-118,-104
104,-128,-28,107,-88,85,64,-56,14
-94,116,-36,-56,-10,-100,-50,14,-40
-32,52,-90,-59,-56,127,-52,24,84
2,-68,102,-78,83,-23,76,90,22
76,116,-60,-40,85,-36,118,126,2
-74,104,48,-2,17,94,-22,-16,110
-114,-96,72,38,67,101,-58,-74,-108
-58,-90,-122,-122,-95,64,104,104,48
38,-88,120,-45,97,48,56,-44,-114
-124,-42,-60,70,59,118,-80,-94,-28
52,112,4,56,3,92,-80,-84,118
52,24,-52,-110,-87,-121,24,-128,108
102,96,-94,102,116,120,8,122,82
92,48,28,67,-21,-98,-70,-70,-40
2,106,116,95,26,-109,-102,8,-104
-60,-68,-68,-116,15,41,56,4,-80
-110,108,-92,124,38,31,54,-84,-102
8,-100,12,-38,66,115,-54,-8,124
-6,-56,-96,-12,97,-123,8,24,-78
120,-62,76,-73,-108,86,-86,-12,-128
46,58,114,-80,-127,96,-62,-42,-92
42,92,-24,108,-117,-84,-44,-12,80
-66,-2,-6,-15,80,-119,2,-72,26
-86,-68,-74,-93,-90,119,72,-66,-56
-28,16,-48,-104,-80,110,62,-36,6
10,120,14,25,94,67,-12,-68,18
112,96,-126,114,-97,65,-56,114,84
-4,122,26,15,-84,12,98,-114,-86
-14,-4,-98,4,50,-33,-108,-76,110
10,80,90,-20,-27,103,48,98,36
-36,-98,-116,-21,-50,13,30,-54,-110
124,-38,-110,-111,44,46,-120,38,54
88,-80,-68,67,57,-8,-118,-98,22
-46,-22,14,-88,-7,29,60,-40,-48
116,-126,-70,-121,86,37,16,-84,116
38,-32,114,-70,68,126,108,-90,-94
-14,-34,108,-84,-33,109,52,-48,104
-58,-108,-102,-26,-93,-93,-122,46,-58
64,36,122,-22,-20,-84,-72,18,104
106,-92,-6,10,-68,-12,-30,-26,-60
-14,10,-72,-55,110,47,0,-110,-106
-66,38,124,72,-114,-41,56,120,-78
-38,-122,84,22,126,-15,100,78,46
-72,-116,-32,-104,62,127,-18,-2,-94
2,-62,-114,-125,-112,123,-12,-62,-78
38,12,-10,-41,-15,-127,92,94,20
12,92,-22,-27,94,-114,104,-90,-92
-126,-42,-116,115,104,-25,-112,-94,76
124,92,-76,-100,7,-15,102,-66,100
48,-70,8,-120,-74,30,-24,92,108
116,56,100,-109,67,18,-24,-34,62
-52,10,-46,104,-33,79,84,64,-84
10,-116,82,109,-43,51,42,4,-104
70,-42,-30,15,-5,37,28,-32,64
-18,40,116,17,-16,57,60,-54,8
36,-54,40,115,6,-11,-62,-102,6
-32,4,124,102,8,-17,-30,118,12
28,-28,30,-124,103,-46,88,86,-122
66,-8,38,-126,84,-29,66,48,-84
32,-80,114,28,83,23,-6,34,-14
-96,112,108,12,45,26,2,118,14
14,-46,26,-97,-116,-122,-90,98,-106
-92,-46,-80,-102,-107,126,-118,78,98
2,-24,24,-91,-31,-107,-44,16,18
-8,-20,-96,-65,3,-94,-74,-62,20
-88,-86,36,-63,32,122,-28,-96,70
92,100,120,-66,26,96,-20,-106,-116
-110,86,-114,-72,-78,88,58,36,-128
88,78,-30,-66,-104,54,58,-6,-86
-80,58,8,45,118,80,-14,-126,76
88,122,108,60,88,118,40,-108,90
-98,-8,78,-16,21,-42,-10,-82,82
-10,40,-126,-11,2,-53,4,-16,24
-30,-58,-44,91,1,-69,-10,-24,-36
12,-74,-68,93,-7,-66,24,-8,124
40,-36,18,13,114,80,-74,22,34
100,-32,-22,-4,97,78,-98,24,36
4,-94,30,112,42,14,124,82,92
70,-122,18,89,24,-44,88,46,64
40,-112,-92,35,-72,35,-14,-8,88
50,-128,92,48,-76,57,-68,-48,-104
-22,56,24,61,-57,108,32,50,-126
48,98,26,52,-83,93,44,-2,94
-66,4,40,75,73,-82,-124,-106,116
12,62,102,77,42,-61,-82,-116,54
-50,80,-60,-102,42,-112,62,100,-20
-72,90,126,-123,36,112,60,52,-4
22,-122,36,-113,104,95,-54,66,-100
-112,-110,50,116,105,48,-58,102,-30
-50,-110,86,104,-48,-43,18,68,-36
-70,122,-102,74,-38,-62,4,78,-32
-14,-76,40,121,95,103,-122,-30,-70
-38,-76,72,117,75,125,84,-58,-116
-70,10,76,-61,3,95,-118,90,-80
-72,16,50,-54,-42,112,-72,118,-72
108,-62,-116,102,21,17,-124,0,110
32,-34,0,105,-5,15,80,82,124
-76,92,96,-61,-113,114,46,114,72
-90,-102,44,-66,-99,127,30,-86,68
54,-20,68,-117,-12,-6,-72,-98,-74
2,-30,20,-126,-13,-1,-96,-82,-80
-88,58,74,-114,16,65,-78,24,-118
-102,114,-108,-108,-12,90,6,-80,-110
54,80,96,-92,-115,49,-4,-72,74
90,116,-82,-88,76,67,-48,-40,26
102,38,116,-19,97,93,36,16,124
38,18,-72,-68,97,86,-14,102,112
-68,76,-112,-69,38,-114,28,-54,-44
70,52,-126,122,43,-96,22,-42,-38
104,114,116,114,79,32,16,-22,54
68,-10,-16,82,85,37,-16,98,-86
-18,-88,90,-28,72,-124,-12,118,22
34,122,20,-22,24,-102,-34,62,90
2,-30,36,67,-63,100,30,28,14
102,-64,10,77,102,125,76,-116,-92
68,42,-58,-9,-4,-105,96,-124,-120
66,0,-22,18,-4,-113,82,-70,-2
74,-48,46,102,-68,29,36,-82,32
114,-74,-2,99,-39,11,8,-76,30
-86,96,-40,49,1,85,16,-122,-6
-128,64,-16,74,38,36,76,48,36
18,-116,66,37,107,15,-78,-122,-106
-76,-124,58,60,75,-52,122,114,-92
118,58,72,-80,-88,-70,-6,-6,124
28,-76,-18,-29,124,-59,-84,-94,-88
92,34,98,118,14,39,-78,124,12
-12,112,88,-50,11,23,-80,-54,32
102,4,-56,108,93,118,84,-36,42
84,-108,26,47,-92,71,64,-52,12
38,-20,-112,-7,-67,-30,94,76,46
-36,-118,-56,-23,-20,-108,44,-66,-54
122,54,-100,-60,-105,33,100,104,62
62,78,28,-91,-70,11,70,100,-24
44,-106,28,107,-98,71,34,-114,66
108,-76,-110,127,-79,52,24,-112,70
126,-18,-4,-63,-83,28,2,-18,20
-68,-112,16,-81,-43,21,-122,-4,64
58,-32,-64,95,114,79,74,108,18
-60,-50,-32,102,-111,44,118,120,68
-4,106,-110,92,-27,125,40,-6,-12
14,-86,-40,86,14,95,36,60,24
-34,-84,60,64,23,-71,42,-58,-74
-106,-28,-90,86,68,-96,-98,6,48
2,14,-24,69,33,110,26,-36,-18
-58,-38,116,-101,61,74,20,-40,70
-100,126,-4,25,-14,-65,110,-6,-12
-116,-16,-2,61,-2,-101,-104,-32,-36
112,0,-58,-71,87,40,-102,-38,-18
-42,20,74,-40,81,6,-80,54,-8
-42,126,-68,90,-98,96,-102,28,92
-2,-106,124,71,-90,92,-98,0,-126
-10,16,-84,66,106,109,-14,96,46
-54,-42,-38,39,120,123,32,48,120
114,-8,28,-10,-95,22,14,120,18
-126,-14,50,-54,-68,41,-42,-126,12
-40,20,44,24,80,-49,-50,-58,118
-102,8,50,-68,-115,-41,-70,104,-98
94,-86,-56,-49,114,113,4,126,0
-126,-102,-40,-93,-63,-98,-48,116,-40
40,26,88,-120,86,-18,52,-120,-58
-18,84,86,123,-117,42,108,122,-56
106,38,22,-13,-110,20,82,102,-36
-110,-98,-10,-20,-119,38,-76,-84,-70
-54,34,90,-119,92,-122,-68,-8,-2
-30,52,124,118,89,112,-92,70,74
78,24,6,-48,-33,-118,-30,-54,72
-118,16,58,-52,-42,125,-108,-68,122
-18,80,46,112,9,-94,60,-82,34
110,64,-120,-112,16,-101,58,-126,48
-54,100,52,70,-116,54,0,2,-112
-28,44,64,113,-108,59,52,-82,72
84,-2,-26,-7,-126,-43,-110,-12,56
-126,-4,-8,7,-125,-63,-112,-54,78
-92,-124,0,-55,91,49,106,42,-66
54,112,122,-13,76,20,86,120,-58
94,-74,-50,71,94,-10,-110,120,90
-32,-110,-32,106,95,-37,100,-64,84
-110,-118,-116,6,62,104,82,-24,92
-48,86,-44,23,87,89,-122,12,-28
100,-120,114,5,59,24,38,-22,-82
-24,84,78,-13,54,24,-4,56,52
108,-34,-44,124,77,-116,102,-126,34
84,-4,-94,116,67,-100,104,88,-76
-102,-120,-116,2,13,105,78,104,-30
98,-62,-80,-4,-5,106,-122,50,-6
40,-66,74,-87,49,99,-34,-90,118
-16,-90,104,-80,46,104,-26,-78,96
-120,28,14,-16,-28,50,-76,-124,-96
108,-32,64,-12,-33,46,-86,-124,-82
64,28,66,-69,52,53,124,-104,-82
-26,52,54,-49,46,56,-112,64,-16
-60,110,-120,-90,122,-119,18,106,-2
-34,-34,110,-84,92,-118,-8,62,-66
12,-72,118,93,92,60,-74,82,16
44,-14,-86,114,68,80,118,14,-24
-28,18,118,-96,125,-9,-62,-62,26
-2,102,100,-95,114,-19,4,-34,20
66,-4,-8,44,-46,49,2,-96,76
40,-116,-64,62,-50,52,110,-84,-14
-52,-78,-24,-51,-90,43,-24,-112,68
-58,-76,40,-15,-86,34,-68,-64,-36
110,12,58,74,-49,109,60,-96,124
-94,-44,108,104,-67,-127,-6,-110,-28
100,116,26,22,-95,85,-16,-96,80
-118,-108,-70,48,-123,111,-124,-60,52
-98,-40,-2,61,-113,-110,70,102,-96
58,-56,18,66,97,-74,32,108,104
-90,124,96,-10,11,6,106,-54,72
-106,88,-102,-45,23,36,116,-68,72
46,80,84,-88,-32,20,-18,-66,-10
-124,118,114,91,-10,36,40,-44,-18
-90,26,-112,-113,125,88,-86,-12,110
126,-50,-32,97,-75,105,34,-14,78
44,86,88,91,-36,-77,-38,-98,104
-40,50,-102,44,17,-49,-62,-108,-86
-16,72,-44,100,-96,-117,24,-34,84
-72,28,-68,104,-70,-98,0,-6,-100
-48,92,54,88,-93,-7,36,-30,-82
-120,110,8,123,-88,14,48,-110,-2
106,34,126,-45,-86,-91,-76,120,-102
94,62,-28,5,-72,-104,-102,116,2
-96,90,-50,-67,-61,-47,-24,18,94
-4,14,116,-43,-77,-62,26,124,-92
-28,116,64,-99,6,101,32,0,8
6,126,-6,-78,-7,110,66,2,-74
-40,18,118,57,14,-109,-76,88,-62
-120,-90,-48,62,8,-84,-6,20,-124
2,-46,-42,-44,21,-6,-120,-18,114
110,-84,-8,-57,35,8,-108,-14,-36
-100,-44,-98,6,5,-22,110,52,-94
-38,-124,-118,-43,23,4,-84,72,-106
126,110,-58,108,72,23,34,-92,70
118,-92,-100,48,83,44,38,-14,48
-8,-12,112,-47,-24,87,-96,102,-24
20,-20,-82,-115,-34,120,-116,118,10
-74,-20,20,86,76,-44,-92,-118,-116
-114,-34,16,-20,49,-6,-128,-126,-82
86,18,-88,-123,-40,-59,-78,0,-60
-100,-52,-126,46,-42,-13,-50,-54,2
100,18,-28,-61,73,126,28,80,90
72,32,-60,-89,108,-102,-76,24,-120
-52,-18,32,16,-104,101,100,-80,-102
-68,-128,56,13,-90,106,42,72,-28
82,100,-60,16,111,-68,-36,-86,112
-10,94,-4,40,-115,-64,-12,126,50
106,-128,102,-76,24,4,-36,-80,-38
-104,-86,72,-66,38,-18,-36,-60,-12
82,-72,94,60,-36,14,108,-36,-36
72,86,38,64,-34,7,126,-54,-70
-10,34,88,14,-94,-35,-106,58,126
36,76,84,-14,-66,-32,-98,-4,-64
124,76,-120,-15,23,-3,118,82,80
-64,26,44,-24,-1,1,-104,24,34
102,92,64,-71,-106,30,108,-92,46
54,-54,-118,-83,-127,26,0,-58,-34
-32,-28,-114,-70,-99,56,-128,-118,14
32,-106,-70,-90,116,68,-86,-22,48
-72,-32,-72,40,-10,-52,56,110,80
-122,78,-82,46,-11,-29,90,100,-100
14,88,-12,-12,120,-119,-108,-12,24
48,0,52,-31,115,-106,-36,24,84
-72,120,-120,100,-103,70,-16,56,-72
-24,116,-94,-124,-75,101,4,-22,-72
-126,-66,-2,114,7,111,110,4,108
-62,66,38,79,-33,124,-88,106,20
-78,-12,-30,-105,-84,-109,-2,-114,-16
34,54,-14,-105,-71,-99,14,68,-40
4,12,-6,-27,-17,-85,-76,2,2
98,68,-100,-50,-36,-70,-16,-64,-116
-42,-96,120,-87,106,-94,-108,-34,-76
-112,-12,108,-101,82,-80,-84,-26,32
-28,-20,-120,-54,95,26,98,-60,94
-114,46,-16,-31,91,33,66,-94,-50
60,-98,-92,89,-82,82,-106,124,102
84,-108,76,103,-77,105,-106,72,84
8,118,-106,-26,-1,-93,64,68,56
98,28,-94,-64,6,-60,50,70,-86
70,34,-56,15,-20,-33,52,-98,-124
-2,-88,-112,21,-22,15,52,124,58
-50,-12,-88,-43,-42,59,30,98,-24
-120,96,-44,-72,-61,85,-12,-98,68
98,-38,110,-107,102,89,30,0,62
-32,126,-16,-35,83,89,120,-128,-10
0,-116,-1,-56,-18,-34,30,-1,0
0,74,-1,-97,98,-9,0,-1,80
98,-112,-38,72,23,-118,-114,-118,-106
-90,60,98,63,-48,3,110,-128,-14
-1,-20,84,-61,-125,-75,-82,-4,-70
-1,118,4,-69,-94,-116,-92,-46,2
-100,-4,58,-15,-71,83,126,-8,-96
-96,-78,-72,13,24,107,-10,-126,14
-126,70,-68,-30,88,41,34,-112,110
-44,64,26,-43,123,76,102,-126,-86
24,-24,-48,36,-4,28,-120,-22,90
2,-112,-50,82,-35,67,-80,40,-2
0,-26,-124,-9,-76,-17,-28,-94,-26
-38,24,-12,-43,124,4,-104,-38,10
-22,48,-46,-119,63,-90,64,-18,-56
-102,56,-4,86,19,-79,-64,120,50
-30,102,-90,-84,-26,-89,66,116,-116
-28,98,-2,-103,-24,-91,48,-12,-106
-6,-110,72,-33,-7,-83,-38,-80,70
-84,-110,58,-64,-9,-79,-126,18,-58
-62,60,-34,-89,-61,-8,-78,-108,24
-126,126,52,-112,-58,-12,118,122,-26
58,-64,26,108,-74,106,122,38,-108
2,-108,106,92,-79,124,-56,118,20
-22,-124,8,-5,124,-47,84,-4,60
122,52,46,-23,110,-54,-94,-98,-44
20,-2,0,43,-27,-69,-114,-48,96
16,4,60,13,-24,-76,-32,60,110
-72,108,-102,11,86,-96,68,-30,100
32,96,-26,-2,80,-82,-4,-120,-104
6,62,-78,114,-42,-55,-60,100,-58
-4,-110,-70,100,-58,-46,-126,-70,28
60,12,36,-76,42,12,56,-8,-48
38,56,-8,-78,22,29,44,-70,-72
36,60,34,-38,127,38,-70,-12,16
72,-44,-94,-57,95,36,-106,-10,32
54,-76,118,-52,124,46,-98,-102,-68
-94,-44,-106,-78,111,48,-44,-116,-26
24,-56,90,17,-83,-75,106,122,42
-10,-76,100,36,-67,-75,70,60,38
-22,-76,-22,50,37,62,106,126,116
-28,114,-20,50,45,74,-60,18,98
56,-60,-90,3,-107,54,-32,124,-120
32,-6,124,-34,-119,53,-112,-92,-122
10,-14,20,-9,4,48,-80,126,-40
-72,60,-18,-59,-9,47,-54,-8,-16
6,38,-34,60,-123,-83,88,-82,-102
104,-98,-54,30,122,-56,28,-30,-28
40,-26,0,29,-63,-108,64,-76,10
-80,-48,-88,11,-86,-94,-2,-16,40
96,-128,-48,-9,-36,110,-116,-112,82
-24,-96,-106,-40,-43,-123,-110,-40,-20
100,102,-10,122,118,60,54,-90,-42
-42,-14,-28,73,116,76,-42,88,-6
38,-44,46,-111,26,-47,104,-60,-64
-86,-46,78,91,13,-27,40,-78,6
74,88,-108,-77,102,92,2,110,32
-66,28,90,-103,76,97,-30,30,-70
-96,-58,-50,38,72,-9,-90,38,-4
-48,-106,8,3,54,3,-80,114,82
82,-4,-72,7,-59,-32,124,8,16
-122,-128,66,-14,-66,-10,-4,-104,44
